  0
SECTION
  2
HEADER
  9
$ANGBASE
  50
0.0
  9
$ANGDIR
  70
1
  9
$MEASUREMENT
  70
1
  0
ENDSEC
  0
SECTION
  2
TABLES
  0
TABLE
  2
LTYPE
  70
4
  0
LTYPE
  5
40F
  2
CONTINUOUS
  70
0
  3
Solid line
  72
65
  73
0
  40
0.0
  0
LTYPE
  5
410
  2
DASHDOT
 70
0
  3
Dash Dot ____ _ ____ _
 72
65
 73
4
 40
2.0
 49
1.25
 49
-0.25
 49
0.25
 49
-0.25
  0
LTYPE
  5
411
  2
DASHED
 70
0
  3
Dashed __ __ __ __ __
 72
65
 73
2
 40
0.75
 49
0.5
 49
-0.25
  0
LTYPE
  5
43B
  2
DOTTED
 70
0
  3
Dotted .  .  .  .
 72
65
 73
2
 40
0.2
 49
0.0
 49
-0.2
  0
ENDTAB
  0
TABLE
  2
STYLE
  70
4
  0
STYLE
  2
KICAD
  70
0
  40
0
  41
1
  42
1
  50
0
  71
0
  3
isocp.shx
  0
STYLE
  2
KICADB
  70
0
  40
0
  41
1
  42
1
  50
0
  71
0
  3
isocp.shx
  0
STYLE
  2
KICADI
  70
0
  40
0
  41
1
  42
1
  50
15
  71
0
  3
isocp.shx
  0
STYLE
  2
KICADBI
  70
0
  40
0
  41
1
  42
1
  50
15
  71
0
  3
isocp.shx
  0
ENDTAB
  0
TABLE
  2
LAYER
  70
1
  0
LAYER
  2
BLACK
  70
0
  62
7
  6
CONTINUOUS
  0
ENDTAB
  0
ENDSEC
  0
SECTION
  2
ENTITIES
0
LINE
8
BLACK
6
CONTINUOUS
10
150.421
20
-142.394
11
150.502
21
-142.448
0
LINE
8
BLACK
6
CONTINUOUS
10
150.502
20
-142.448
11
150.556
21
-142.529
0
LINE
8
BLACK
6
CONTINUOUS
10
150.556
20
-142.529
11
150.575
21
-142.625
0
LINE
8
BLACK
6
CONTINUOUS
10
150.575
20
-142.625
11
150.575
21
-143.375
0
LINE
8
BLACK
6
CONTINUOUS
10
150.575
20
-143.375
11
150.556
21
-143.471
0
LINE
8
BLACK
6
CONTINUOUS
10
150.556
20
-143.471
11
150.502
21
-143.552
0
LINE
8
BLACK
6
CONTINUOUS
10
150.502
20
-143.552
11
150.421
21
-143.606
0
LINE
8
BLACK
6
CONTINUOUS
10
150.421
20
-143.606
11
150.325
21
-143.625
0
LINE
8
BLACK
6
CONTINUOUS
10
150.325
20
-143.625
11
149.075
21
-143.625
0
LINE
8
BLACK
6
CONTINUOUS
10
149.075
20
-143.625
11
148.979
21
-143.606
0
LINE
8
BLACK
6
CONTINUOUS
10
148.979
20
-143.606
11
148.898
21
-143.552
0
LINE
8
BLACK
6
CONTINUOUS
10
148.898
20
-143.552
11
148.844
21
-143.471
0
LINE
8
BLACK
6
CONTINUOUS
10
148.844
20
-143.471
11
148.825
21
-143.375
0
LINE
8
BLACK
6
CONTINUOUS
10
148.825
20
-143.375
11
148.825
21
-142.625
0
LINE
8
BLACK
6
CONTINUOUS
10
148.825
20
-142.625
11
148.844
21
-142.529
0
LINE
8
BLACK
6
CONTINUOUS
10
148.844
20
-142.529
11
148.898
21
-142.448
0
LINE
8
BLACK
6
CONTINUOUS
10
148.898
20
-142.448
11
148.979
21
-142.394
0
LINE
8
BLACK
6
CONTINUOUS
10
148.979
20
-142.394
11
149.075
21
-142.375
0
LINE
8
BLACK
6
CONTINUOUS
10
149.075
20
-142.375
11
150.325
21
-142.375
0
LINE
8
BLACK
6
CONTINUOUS
10
150.325
20
-142.375
11
150.421
21
-142.394
0
LINE
8
BLACK
6
CONTINUOUS
10
110.746
20
-142.119
11
110.827
21
-142.173
0
LINE
8
BLACK
6
CONTINUOUS
10
110.827
20
-142.173
11
110.881
21
-142.254
0
LINE
8
BLACK
6
CONTINUOUS
10
110.881
20
-142.254
11
110.9
21
-142.35
0
LINE
8
BLACK
6
CONTINUOUS
10
110.9
20
-142.35
11
110.9
21
-143
0
LINE
8
BLACK
6
CONTINUOUS
10
110.9
20
-143
11
110.881
21
-143.096
0
LINE
8
BLACK
6
CONTINUOUS
10
110.881
20
-143.096
11
110.827
21
-143.177
0
LINE
8
BLACK
6
CONTINUOUS
10
110.827
20
-143.177
11
110.746
21
-143.231
0
LINE
8
BLACK
6
CONTINUOUS
10
110.746
20
-143.231
11
110.65
21
-143.25
0
LINE
8
BLACK
6
CONTINUOUS
10
110.65
20
-143.25
11
109.35
21
-143.25
0
LINE
8
BLACK
6
CONTINUOUS
10
109.35
20
-143.25
11
109.254
21
-143.231
0
LINE
8
BLACK
6
CONTINUOUS
10
109.254
20
-143.231
11
109.173
21
-143.177
0
LINE
8
BLACK
6
CONTINUOUS
10
109.173
20
-143.177
11
109.119
21
-143.096
0
LINE
8
BLACK
6
CONTINUOUS
10
109.119
20
-143.096
11
109.1
21
-143
0
LINE
8
BLACK
6
CONTINUOUS
10
109.1
20
-143
11
109.1
21
-142.35
0
LINE
8
BLACK
6
CONTINUOUS
10
109.1
20
-142.35
11
109.119
21
-142.254
0
LINE
8
BLACK
6
CONTINUOUS
10
109.119
20
-142.254
11
109.173
21
-142.173
0
LINE
8
BLACK
6
CONTINUOUS
10
109.173
20
-142.173
11
109.254
21
-142.119
0
LINE
8
BLACK
6
CONTINUOUS
10
109.254
20
-142.119
11
109.35
21
-142.1
0
LINE
8
BLACK
6
CONTINUOUS
10
109.35
20
-142.1
11
110.65
21
-142.1
0
LINE
8
BLACK
6
CONTINUOUS
10
110.65
20
-142.1
11
110.746
21
-142.119
0
LINE
8
BLACK
6
CONTINUOUS
10
105.486
20
-137.243
11
105.803
21
-137.318
0
LINE
8
BLACK
6
CONTINUOUS
10
105.803
20
-137.318
11
106.109
21
-137.429
0
LINE
8
BLACK
6
CONTINUOUS
10
106.109
20
-137.429
11
106.4
21
-137.575
0
LINE
8
BLACK
6
CONTINUOUS
10
106.4
20
-137.575
11
106.672
21
-137.754
0
LINE
8
BLACK
6
CONTINUOUS
10
106.672
20
-137.754
11
106.921
21
-137.963
0
LINE
8
BLACK
6
CONTINUOUS
10
106.921
20
-137.963
11
107.145
21
-138.2
0
LINE
8
BLACK
6
CONTINUOUS
10
107.145
20
-138.2
11
107.339
21
-138.461
0
LINE
8
BLACK
6
CONTINUOUS
10
107.339
20
-138.461
11
107.502
21
-138.743
0
LINE
8
BLACK
6
CONTINUOUS
10
107.502
20
-138.743
11
107.631
21
-139.042
0
LINE
8
BLACK
6
CONTINUOUS
10
107.631
20
-139.042
11
107.725
21
-139.354
0
LINE
8
BLACK
6
CONTINUOUS
10
107.725
20
-139.354
11
107.781
21
-139.675
0
LINE
8
BLACK
6
CONTINUOUS
10
107.781
20
-139.675
11
107.8
21
-140
0
LINE
8
BLACK
6
CONTINUOUS
10
107.8
20
-140
11
107.781
21
-140.325
0
LINE
8
BLACK
6
CONTINUOUS
10
107.781
20
-140.325
11
107.725
21
-140.646
0
LINE
8
BLACK
6
CONTINUOUS
10
107.725
20
-140.646
11
107.631
21
-140.958
0
LINE
8
BLACK
6
CONTINUOUS
10
107.631
20
-140.958
11
107.502
21
-141.257
0
LINE
8
BLACK
6
CONTINUOUS
10
107.502
20
-141.257
11
107.339
21
-141.539
0
LINE
8
BLACK
6
CONTINUOUS
10
107.339
20
-141.539
11
107.145
21
-141.8
0
LINE
8
BLACK
6
CONTINUOUS
10
107.145
20
-141.8
11
106.921
21
-142.037
0
LINE
8
BLACK
6
CONTINUOUS
10
106.921
20
-142.037
11
106.672
21
-142.246
0
LINE
8
BLACK
6
CONTINUOUS
10
106.672
20
-142.246
11
106.4
21
-142.425
0
LINE
8
BLACK
6
CONTINUOUS
10
106.4
20
-142.425
11
106.109
21
-142.571
0
LINE
8
BLACK
6
CONTINUOUS
10
106.109
20
-142.571
11
105.803
21
-142.682
0
LINE
8
BLACK
6
CONTINUOUS
10
105.803
20
-142.682
11
105.486
21
-142.757
0
LINE
8
BLACK
6
CONTINUOUS
10
105.486
20
-142.757
11
105.163
21
-142.795
0
LINE
8
BLACK
6
CONTINUOUS
10
105.163
20
-142.795
11
104.837
21
-142.795
0
LINE
8
BLACK
6
CONTINUOUS
10
104.837
20
-142.795
11
104.514
21
-142.757
0
LINE
8
BLACK
6
CONTINUOUS
10
104.514
20
-142.757
11
104.197
21
-142.682
0
LINE
8
BLACK
6
CONTINUOUS
10
104.197
20
-142.682
11
103.891
21
-142.571
0
LINE
8
BLACK
6
CONTINUOUS
10
103.891
20
-142.571
11
103.6
21
-142.425
0
LINE
8
BLACK
6
CONTINUOUS
10
103.6
20
-142.425
11
103.328
21
-142.246
0
LINE
8
BLACK
6
CONTINUOUS
10
103.328
20
-142.246
11
103.079
21
-142.037
0
LINE
8
BLACK
6
CONTINUOUS
10
103.079
20
-142.037
11
102.855
21
-141.8
0
LINE
8
BLACK
6
CONTINUOUS
10
102.855
20
-141.8
11
102.661
21
-141.539
0
LINE
8
BLACK
6
CONTINUOUS
10
102.661
20
-141.539
11
102.498
21
-141.257
0
LINE
8
BLACK
6
CONTINUOUS
10
102.498
20
-141.257
11
102.369
21
-140.958
0
LINE
8
BLACK
6
CONTINUOUS
10
102.369
20
-140.958
11
102.275
21
-140.646
0
LINE
8
BLACK
6
CONTINUOUS
10
102.275
20
-140.646
11
102.219
21
-140.325
0
LINE
8
BLACK
6
CONTINUOUS
10
102.219
20
-140.325
11
102.2
21
-140
0
LINE
8
BLACK
6
CONTINUOUS
10
102.2
20
-140
11
102.219
21
-139.675
0
LINE
8
BLACK
6
CONTINUOUS
10
102.219
20
-139.675
11
102.275
21
-139.354
0
LINE
8
BLACK
6
CONTINUOUS
10
102.275
20
-139.354
11
102.369
21
-139.042
0
LINE
8
BLACK
6
CONTINUOUS
10
102.369
20
-139.042
11
102.498
21
-138.743
0
LINE
8
BLACK
6
CONTINUOUS
10
102.498
20
-138.743
11
102.661
21
-138.461
0
LINE
8
BLACK
6
CONTINUOUS
10
102.661
20
-138.461
11
102.855
21
-138.2
0
LINE
8
BLACK
6
CONTINUOUS
10
102.855
20
-138.2
11
103.079
21
-137.963
0
LINE
8
BLACK
6
CONTINUOUS
10
103.079
20
-137.963
11
103.328
21
-137.754
0
LINE
8
BLACK
6
CONTINUOUS
10
103.328
20
-137.754
11
103.6
21
-137.575
0
LINE
8
BLACK
6
CONTINUOUS
10
103.6
20
-137.575
11
103.891
21
-137.429
0
LINE
8
BLACK
6
CONTINUOUS
10
103.891
20
-137.429
11
104.197
21
-137.318
0
LINE
8
BLACK
6
CONTINUOUS
10
104.197
20
-137.318
11
104.514
21
-137.243
0
LINE
8
BLACK
6
CONTINUOUS
10
104.514
20
-137.243
11
104.837
21
-137.205
0
LINE
8
BLACK
6
CONTINUOUS
10
104.837
20
-137.205
11
105.163
21
-137.205
0
LINE
8
BLACK
6
CONTINUOUS
10
105.163
20
-137.205
11
105.486
21
-137.243
0
LINE
8
BLACK
6
CONTINUOUS
10
181.486
20
-137.243
11
181.803
21
-137.318
0
LINE
8
BLACK
6
CONTINUOUS
10
181.803
20
-137.318
11
182.109
21
-137.429
0
LINE
8
BLACK
6
CONTINUOUS
10
182.109
20
-137.429
11
182.4
21
-137.575
0
LINE
8
BLACK
6
CONTINUOUS
10
182.4
20
-137.575
11
182.672
21
-137.754
0
LINE
8
BLACK
6
CONTINUOUS
10
182.672
20
-137.754
11
182.921
21
-137.963
0
LINE
8
BLACK
6
CONTINUOUS
10
182.921
20
-137.963
11
183.145
21
-138.2
0
LINE
8
BLACK
6
CONTINUOUS
10
183.145
20
-138.2
11
183.339
21
-138.461
0
LINE
8
BLACK
6
CONTINUOUS
10
183.339
20
-138.461
11
183.502
21
-138.743
0
LINE
8
BLACK
6
CONTINUOUS
10
183.502
20
-138.743
11
183.631
21
-139.042
0
LINE
8
BLACK
6
CONTINUOUS
10
183.631
20
-139.042
11
183.725
21
-139.354
0
LINE
8
BLACK
6
CONTINUOUS
10
183.725
20
-139.354
11
183.781
21
-139.675
0
LINE
8
BLACK
6
CONTINUOUS
10
183.781
20
-139.675
11
183.8
21
-140
0
LINE
8
BLACK
6
CONTINUOUS
10
183.8
20
-140
11
183.781
21
-140.325
0
LINE
8
BLACK
6
CONTINUOUS
10
183.781
20
-140.325
11
183.725
21
-140.646
0
LINE
8
BLACK
6
CONTINUOUS
10
183.725
20
-140.646
11
183.631
21
-140.958
0
LINE
8
BLACK
6
CONTINUOUS
10
183.631
20
-140.958
11
183.502
21
-141.257
0
LINE
8
BLACK
6
CONTINUOUS
10
183.502
20
-141.257
11
183.339
21
-141.539
0
LINE
8
BLACK
6
CONTINUOUS
10
183.339
20
-141.539
11
183.145
21
-141.8
0
LINE
8
BLACK
6
CONTINUOUS
10
183.145
20
-141.8
11
182.921
21
-142.037
0
LINE
8
BLACK
6
CONTINUOUS
10
182.921
20
-142.037
11
182.672
21
-142.246
0
LINE
8
BLACK
6
CONTINUOUS
10
182.672
20
-142.246
11
182.4
21
-142.425
0
LINE
8
BLACK
6
CONTINUOUS
10
182.4
20
-142.425
11
182.109
21
-142.571
0
LINE
8
BLACK
6
CONTINUOUS
10
182.109
20
-142.571
11
181.803
21
-142.682
0
LINE
8
BLACK
6
CONTINUOUS
10
181.803
20
-142.682
11
181.486
21
-142.757
0
LINE
8
BLACK
6
CONTINUOUS
10
181.486
20
-142.757
11
181.163
21
-142.795
0
LINE
8
BLACK
6
CONTINUOUS
10
181.163
20
-142.795
11
180.837
21
-142.795
0
LINE
8
BLACK
6
CONTINUOUS
10
180.837
20
-142.795
11
180.514
21
-142.757
0
LINE
8
BLACK
6
CONTINUOUS
10
180.514
20
-142.757
11
180.197
21
-142.682
0
LINE
8
BLACK
6
CONTINUOUS
10
180.197
20
-142.682
11
179.891
21
-142.571
0
LINE
8
BLACK
6
CONTINUOUS
10
179.891
20
-142.571
11
179.6
21
-142.425
0
LINE
8
BLACK
6
CONTINUOUS
10
179.6
20
-142.425
11
179.328
21
-142.246
0
LINE
8
BLACK
6
CONTINUOUS
10
179.328
20
-142.246
11
179.079
21
-142.037
0
LINE
8
BLACK
6
CONTINUOUS
10
179.079
20
-142.037
11
178.855
21
-141.8
0
LINE
8
BLACK
6
CONTINUOUS
10
178.855
20
-141.8
11
178.661
21
-141.539
0
LINE
8
BLACK
6
CONTINUOUS
10
178.661
20
-141.539
11
178.498
21
-141.257
0
LINE
8
BLACK
6
CONTINUOUS
10
178.498
20
-141.257
11
178.369
21
-140.958
0
LINE
8
BLACK
6
CONTINUOUS
10
178.369
20
-140.958
11
178.275
21
-140.646
0
LINE
8
BLACK
6
CONTINUOUS
10
178.275
20
-140.646
11
178.219
21
-140.325
0
LINE
8
BLACK
6
CONTINUOUS
10
178.219
20
-140.325
11
178.2
21
-140
0
LINE
8
BLACK
6
CONTINUOUS
10
178.2
20
-140
11
178.219
21
-139.675
0
LINE
8
BLACK
6
CONTINUOUS
10
178.219
20
-139.675
11
178.275
21
-139.354
0
LINE
8
BLACK
6
CONTINUOUS
10
178.275
20
-139.354
11
178.369
21
-139.042
0
LINE
8
BLACK
6
CONTINUOUS
10
178.369
20
-139.042
11
178.498
21
-138.743
0
LINE
8
BLACK
6
CONTINUOUS
10
178.498
20
-138.743
11
178.661
21
-138.461
0
LINE
8
BLACK
6
CONTINUOUS
10
178.661
20
-138.461
11
178.855
21
-138.2
0
LINE
8
BLACK
6
CONTINUOUS
10
178.855
20
-138.2
11
179.079
21
-137.963
0
LINE
8
BLACK
6
CONTINUOUS
10
179.079
20
-137.963
11
179.328
21
-137.754
0
LINE
8
BLACK
6
CONTINUOUS
10
179.328
20
-137.754
11
179.6
21
-137.575
0
LINE
8
BLACK
6
CONTINUOUS
10
179.6
20
-137.575
11
179.891
21
-137.429
0
LINE
8
BLACK
6
CONTINUOUS
10
179.891
20
-137.429
11
180.197
21
-137.318
0
LINE
8
BLACK
6
CONTINUOUS
10
180.197
20
-137.318
11
180.514
21
-137.243
0
LINE
8
BLACK
6
CONTINUOUS
10
180.514
20
-137.243
11
180.837
21
-137.205
0
LINE
8
BLACK
6
CONTINUOUS
10
180.837
20
-137.205
11
181.163
21
-137.205
0
LINE
8
BLACK
6
CONTINUOUS
10
181.163
20
-137.205
11
181.486
21
-137.243
0
LINE
8
BLACK
6
CONTINUOUS
10
128.112
20
-142.24
11
128.155
21
-142.27
0
LINE
8
BLACK
6
CONTINUOUS
10
128.155
20
-142.27
11
128.185
21
-142.313
0
LINE
8
BLACK
6
CONTINUOUS
10
128.185
20
-142.313
11
128.195
21
-142.365
0
LINE
8
BLACK
6
CONTINUOUS
10
128.195
20
-142.365
11
128.195
21
-142.635
0
LINE
8
BLACK
6
CONTINUOUS
10
128.195
20
-142.635
11
128.185
21
-142.687
0
LINE
8
BLACK
6
CONTINUOUS
10
128.185
20
-142.687
11
128.155
21
-142.73
0
LINE
8
BLACK
6
CONTINUOUS
10
128.155
20
-142.73
11
128.112
21
-142.76
0
LINE
8
BLACK
6
CONTINUOUS
10
128.112
20
-142.76
11
128.06
21
-142.77
0
LINE
8
BLACK
6
CONTINUOUS
10
128.06
20
-142.77
11
127.69
21
-142.77
0
LINE
8
BLACK
6
CONTINUOUS
10
127.69
20
-142.77
11
127.638
21
-142.76
0
LINE
8
BLACK
6
CONTINUOUS
10
127.638
20
-142.76
11
127.595
21
-142.73
0
LINE
8
BLACK
6
CONTINUOUS
10
127.595
20
-142.73
11
127.565
21
-142.687
0
LINE
8
BLACK
6
CONTINUOUS
10
127.565
20
-142.687
11
127.555
21
-142.635
0
LINE
8
BLACK
6
CONTINUOUS
10
127.555
20
-142.635
11
127.555
21
-142.365
0
LINE
8
BLACK
6
CONTINUOUS
10
127.555
20
-142.365
11
127.565
21
-142.313
0
LINE
8
BLACK
6
CONTINUOUS
10
127.565
20
-142.313
11
127.595
21
-142.27
0
LINE
8
BLACK
6
CONTINUOUS
10
127.595
20
-142.27
11
127.638
21
-142.24
0
LINE
8
BLACK
6
CONTINUOUS
10
127.638
20
-142.24
11
127.69
21
-142.23
0
LINE
8
BLACK
6
CONTINUOUS
10
127.69
20
-142.23
11
128.06
21
-142.23
0
LINE
8
BLACK
6
CONTINUOUS
10
128.06
20
-142.23
11
128.112
21
-142.24
0
LINE
8
BLACK
6
CONTINUOUS
10
129.249
20
-142.181
11
129.294
21
-142.211
0
LINE
8
BLACK
6
CONTINUOUS
10
129.294
20
-142.211
11
129.324
21
-142.256
0
LINE
8
BLACK
6
CONTINUOUS
10
129.324
20
-142.256
11
129.335
21
-142.31
0
LINE
8
BLACK
6
CONTINUOUS
10
129.335
20
-142.31
11
129.335
21
-142.59
0
LINE
8
BLACK
6
CONTINUOUS
10
129.335
20
-142.59
11
129.324
21
-142.644
0
LINE
8
BLACK
6
CONTINUOUS
10
129.324
20
-142.644
11
129.294
21
-142.689
0
LINE
8
BLACK
6
CONTINUOUS
10
129.294
20
-142.689
11
129.249
21
-142.719
0
LINE
8
BLACK
6
CONTINUOUS
10
129.249
20
-142.719
11
129.195
21
-142.73
0
LINE
8
BLACK
6
CONTINUOUS
10
129.195
20
-142.73
11
128.855
21
-142.73
0
LINE
8
BLACK
6
CONTINUOUS
10
128.855
20
-142.73
11
128.801
21
-142.719
0
LINE
8
BLACK
6
CONTINUOUS
10
128.801
20
-142.719
11
128.756
21
-142.689
0
LINE
8
BLACK
6
CONTINUOUS
10
128.756
20
-142.689
11
128.726
21
-142.644
0
LINE
8
BLACK
6
CONTINUOUS
10
128.726
20
-142.644
11
128.715
21
-142.59
0
LINE
8
BLACK
6
CONTINUOUS
10
128.715
20
-142.59
11
128.715
21
-142.31
0
LINE
8
BLACK
6
CONTINUOUS
10
128.715
20
-142.31
11
128.726
21
-142.256
0
LINE
8
BLACK
6
CONTINUOUS
10
128.726
20
-142.256
11
128.756
21
-142.211
0
LINE
8
BLACK
6
CONTINUOUS
10
128.756
20
-142.211
11
128.801
21
-142.181
0
LINE
8
BLACK
6
CONTINUOUS
10
128.801
20
-142.181
11
128.855
21
-142.17
0
LINE
8
BLACK
6
CONTINUOUS
10
128.855
20
-142.17
11
129.195
21
-142.17
0
LINE
8
BLACK
6
CONTINUOUS
10
129.195
20
-142.17
11
129.249
21
-142.181
0
LINE
8
BLACK
6
CONTINUOUS
10
125.096
20
-141.569
11
125.177
21
-141.623
0
LINE
8
BLACK
6
CONTINUOUS
10
125.177
20
-141.623
11
125.231
21
-141.704
0
LINE
8
BLACK
6
CONTINUOUS
10
125.231
20
-141.704
11
125.25
21
-141.8
0
LINE
8
BLACK
6
CONTINUOUS
10
125.25
20
-141.8
11
125.25
21
-142.45
0
LINE
8
BLACK
6
CONTINUOUS
10
125.25
20
-142.45
11
125.231
21
-142.546
0
LINE
8
BLACK
6
CONTINUOUS
10
125.231
20
-142.546
11
125.177
21
-142.627
0
LINE
8
BLACK
6
CONTINUOUS
10
125.177
20
-142.627
11
125.096
21
-142.681
0
LINE
8
BLACK
6
CONTINUOUS
10
125.096
20
-142.681
11
125
21
-142.7
0
LINE
8
BLACK
6
CONTINUOUS
10
125
20
-142.7
11
123.7
21
-142.7
0
LINE
8
BLACK
6
CONTINUOUS
10
123.7
20
-142.7
11
123.604
21
-142.681
0
LINE
8
BLACK
6
CONTINUOUS
10
123.604
20
-142.681
11
123.523
21
-142.627
0
LINE
8
BLACK
6
CONTINUOUS
10
123.523
20
-142.627
11
123.469
21
-142.546
0
LINE
8
BLACK
6
CONTINUOUS
10
123.469
20
-142.546
11
123.45
21
-142.45
0
LINE
8
BLACK
6
CONTINUOUS
10
123.45
20
-142.45
11
123.45
21
-141.8
0
LINE
8
BLACK
6
CONTINUOUS
10
123.45
20
-141.8
11
123.469
21
-141.704
0
LINE
8
BLACK
6
CONTINUOUS
10
123.469
20
-141.704
11
123.523
21
-141.623
0
LINE
8
BLACK
6
CONTINUOUS
10
123.523
20
-141.623
11
123.604
21
-141.569
0
LINE
8
BLACK
6
CONTINUOUS
10
123.604
20
-141.569
11
123.7
21
-141.55
0
LINE
8
BLACK
6
CONTINUOUS
10
123.7
20
-141.55
11
125
21
-141.55
0
LINE
8
BLACK
6
CONTINUOUS
10
125
20
-141.55
11
125.096
21
-141.569
0
LINE
8
BLACK
6
CONTINUOUS
10
126.802
20
-141.89
11
126.866
21
-141.934
0
LINE
8
BLACK
6
CONTINUOUS
10
126.866
20
-141.934
11
126.91
21
-141.998
0
LINE
8
BLACK
6
CONTINUOUS
10
126.91
20
-141.998
11
126.925
21
-142.075
0
LINE
8
BLACK
6
CONTINUOUS
10
126.925
20
-142.075
11
126.925
21
-142.475
0
LINE
8
BLACK
6
CONTINUOUS
10
126.925
20
-142.475
11
126.91
21
-142.552
0
LINE
8
BLACK
6
CONTINUOUS
10
126.91
20
-142.552
11
126.866
21
-142.616
0
LINE
8
BLACK
6
CONTINUOUS
10
126.866
20
-142.616
11
126.802
21
-142.66
0
LINE
8
BLACK
6
CONTINUOUS
10
126.802
20
-142.66
11
126.725
21
-142.675
0
LINE
8
BLACK
6
CONTINUOUS
10
126.725
20
-142.675
11
126.175
21
-142.675
0
LINE
8
BLACK
6
CONTINUOUS
10
126.175
20
-142.675
11
126.098
21
-142.66
0
LINE
8
BLACK
6
CONTINUOUS
10
126.098
20
-142.66
11
126.034
21
-142.616
0
LINE
8
BLACK
6
CONTINUOUS
10
126.034
20
-142.616
11
125.99
21
-142.552
0
LINE
8
BLACK
6
CONTINUOUS
10
125.99
20
-142.552
11
125.975
21
-142.475
0
LINE
8
BLACK
6
CONTINUOUS
10
125.975
20
-142.475
11
125.975
21
-142.075
0
LINE
8
BLACK
6
CONTINUOUS
10
125.975
20
-142.075
11
125.99
21
-141.998
0
LINE
8
BLACK
6
CONTINUOUS
10
125.99
20
-141.998
11
126.034
21
-141.934
0
LINE
8
BLACK
6
CONTINUOUS
10
126.034
20
-141.934
11
126.098
21
-141.89
0
LINE
8
BLACK
6
CONTINUOUS
10
126.098
20
-141.89
11
126.175
21
-141.875
0
LINE
8
BLACK
6
CONTINUOUS
10
126.175
20
-141.875
11
126.725
21
-141.875
0
LINE
8
BLACK
6
CONTINUOUS
10
126.725
20
-141.875
11
126.802
21
-141.89
0
LINE
8
BLACK
6
CONTINUOUS
10
160.986
20
-141.692
11
161.059
21
-141.741
0
LINE
8
BLACK
6
CONTINUOUS
10
161.059
20
-141.741
11
161.108
21
-141.814
0
LINE
8
BLACK
6
CONTINUOUS
10
161.108
20
-141.814
11
161.125
21
-141.9
0
LINE
8
BLACK
6
CONTINUOUS
10
161.125
20
-141.9
11
161.125
21
-142.4
0
LINE
8
BLACK
6
CONTINUOUS
10
161.125
20
-142.4
11
161.108
21
-142.486
0
LINE
8
BLACK
6
CONTINUOUS
10
161.108
20
-142.486
11
161.059
21
-142.559
0
LINE
8
BLACK
6
CONTINUOUS
10
161.059
20
-142.559
11
160.986
21
-142.608
0
LINE
8
BLACK
6
CONTINUOUS
10
160.986
20
-142.608
11
160.9
21
-142.625
0
LINE
8
BLACK
6
CONTINUOUS
10
160.9
20
-142.625
11
160.45
21
-142.625
0
LINE
8
BLACK
6
CONTINUOUS
10
160.45
20
-142.625
11
160.364
21
-142.608
0
LINE
8
BLACK
6
CONTINUOUS
10
160.364
20
-142.608
11
160.291
21
-142.559
0
LINE
8
BLACK
6
CONTINUOUS
10
160.291
20
-142.559
11
160.242
21
-142.486
0
LINE
8
BLACK
6
CONTINUOUS
10
160.242
20
-142.486
11
160.225
21
-142.4
0
LINE
8
BLACK
6
CONTINUOUS
10
160.225
20
-142.4
11
160.225
21
-141.9
0
LINE
8
BLACK
6
CONTINUOUS
10
160.225
20
-141.9
11
160.242
21
-141.814
0
LINE
8
BLACK
6
CONTINUOUS
10
160.242
20
-141.814
11
160.291
21
-141.741
0
LINE
8
BLACK
6
CONTINUOUS
10
160.291
20
-141.741
11
160.364
21
-141.692
0
LINE
8
BLACK
6
CONTINUOUS
10
160.364
20
-141.692
11
160.45
21
-141.675
0
LINE
8
BLACK
6
CONTINUOUS
10
160.45
20
-141.675
11
160.9
21
-141.675
0
LINE
8
BLACK
6
CONTINUOUS
10
160.9
20
-141.675
11
160.986
21
-141.692
0
LINE
8
BLACK
6
CONTINUOUS
10
162.536
20
-141.692
11
162.609
21
-141.741
0
LINE
8
BLACK
6
CONTINUOUS
10
162.609
20
-141.741
11
162.658
21
-141.814
0
LINE
8
BLACK
6
CONTINUOUS
10
162.658
20
-141.814
11
162.675
21
-141.9
0
LINE
8
BLACK
6
CONTINUOUS
10
162.675
20
-141.9
11
162.675
21
-142.4
0
LINE
8
BLACK
6
CONTINUOUS
10
162.675
20
-142.4
11
162.658
21
-142.486
0
LINE
8
BLACK
6
CONTINUOUS
10
162.658
20
-142.486
11
162.609
21
-142.559
0
LINE
8
BLACK
6
CONTINUOUS
10
162.609
20
-142.559
11
162.536
21
-142.608
0
LINE
8
BLACK
6
CONTINUOUS
10
162.536
20
-142.608
11
162.45
21
-142.625
0
LINE
8
BLACK
6
CONTINUOUS
10
162.45
20
-142.625
11
162
21
-142.625
0
LINE
8
BLACK
6
CONTINUOUS
10
162
20
-142.625
11
161.914
21
-142.608
0
LINE
8
BLACK
6
CONTINUOUS
10
161.914
20
-142.608
11
161.841
21
-142.559
0
LINE
8
BLACK
6
CONTINUOUS
10
161.841
20
-142.559
11
161.792
21
-142.486
0
LINE
8
BLACK
6
CONTINUOUS
10
161.792
20
-142.486
11
161.775
21
-142.4
0
LINE
8
BLACK
6
CONTINUOUS
10
161.775
20
-142.4
11
161.775
21
-141.9
0
LINE
8
BLACK
6
CONTINUOUS
10
161.775
20
-141.9
11
161.792
21
-141.814
0
LINE
8
BLACK
6
CONTINUOUS
10
161.792
20
-141.814
11
161.841
21
-141.741
0
LINE
8
BLACK
6
CONTINUOUS
10
161.841
20
-141.741
11
161.914
21
-141.692
0
LINE
8
BLACK
6
CONTINUOUS
10
161.914
20
-141.692
11
162
21
-141.675
0
LINE
8
BLACK
6
CONTINUOUS
10
162
20
-141.675
11
162.45
21
-141.675
0
LINE
8
BLACK
6
CONTINUOUS
10
162.45
20
-141.675
11
162.536
21
-141.692
0
LINE
8
BLACK
6
CONTINUOUS
10
164.161
20
-141.692
11
164.234
21
-141.741
0
LINE
8
BLACK
6
CONTINUOUS
10
164.234
20
-141.741
11
164.283
21
-141.814
0
LINE
8
BLACK
6
CONTINUOUS
10
164.283
20
-141.814
11
164.3
21
-141.9
0
LINE
8
BLACK
6
CONTINUOUS
10
164.3
20
-141.9
11
164.3
21
-142.4
0
LINE
8
BLACK
6
CONTINUOUS
10
164.3
20
-142.4
11
164.283
21
-142.486
0
LINE
8
BLACK
6
CONTINUOUS
10
164.283
20
-142.486
11
164.234
21
-142.559
0
LINE
8
BLACK
6
CONTINUOUS
10
164.234
20
-142.559
11
164.161
21
-142.608
0
LINE
8
BLACK
6
CONTINUOUS
10
164.161
20
-142.608
11
164.075
21
-142.625
0
LINE
8
BLACK
6
CONTINUOUS
10
164.075
20
-142.625
11
163.625
21
-142.625
0
LINE
8
BLACK
6
CONTINUOUS
10
163.625
20
-142.625
11
163.539
21
-142.608
0
LINE
8
BLACK
6
CONTINUOUS
10
163.539
20
-142.608
11
163.466
21
-142.559
0
LINE
8
BLACK
6
CONTINUOUS
10
163.466
20
-142.559
11
163.417
21
-142.486
0
LINE
8
BLACK
6
CONTINUOUS
10
163.417
20
-142.486
11
163.4
21
-142.4
0
LINE
8
BLACK
6
CONTINUOUS
10
163.4
20
-142.4
11
163.4
21
-141.9
0
LINE
8
BLACK
6
CONTINUOUS
10
163.4
20
-141.9
11
163.417
21
-141.814
0
LINE
8
BLACK
6
CONTINUOUS
10
163.417
20
-141.814
11
163.466
21
-141.741
0
LINE
8
BLACK
6
CONTINUOUS
10
163.466
20
-141.741
11
163.539
21
-141.692
0
LINE
8
BLACK
6
CONTINUOUS
10
163.539
20
-141.692
11
163.625
21
-141.675
0
LINE
8
BLACK
6
CONTINUOUS
10
163.625
20
-141.675
11
164.075
21
-141.675
0
LINE
8
BLACK
6
CONTINUOUS
10
164.075
20
-141.675
11
164.161
21
-141.692
0
LINE
8
BLACK
6
CONTINUOUS
10
165.711
20
-141.692
11
165.784
21
-141.741
0
LINE
8
BLACK
6
CONTINUOUS
10
165.784
20
-141.741
11
165.833
21
-141.814
0
LINE
8
BLACK
6
CONTINUOUS
10
165.833
20
-141.814
11
165.85
21
-141.9
0
LINE
8
BLACK
6
CONTINUOUS
10
165.85
20
-141.9
11
165.85
21
-142.4
0
LINE
8
BLACK
6
CONTINUOUS
10
165.85
20
-142.4
11
165.833
21
-142.486
0
LINE
8
BLACK
6
CONTINUOUS
10
165.833
20
-142.486
11
165.784
21
-142.559
0
LINE
8
BLACK
6
CONTINUOUS
10
165.784
20
-142.559
11
165.711
21
-142.608
0
LINE
8
BLACK
6
CONTINUOUS
10
165.711
20
-142.608
11
165.625
21
-142.625
0
LINE
8
BLACK
6
CONTINUOUS
10
165.625
20
-142.625
11
165.175
21
-142.625
0
LINE
8
BLACK
6
CONTINUOUS
10
165.175
20
-142.625
11
165.089
21
-142.608
0
LINE
8
BLACK
6
CONTINUOUS
10
165.089
20
-142.608
11
165.016
21
-142.559
0
LINE
8
BLACK
6
CONTINUOUS
10
165.016
20
-142.559
11
164.967
21
-142.486
0
LINE
8
BLACK
6
CONTINUOUS
10
164.967
20
-142.486
11
164.95
21
-142.4
0
LINE
8
BLACK
6
CONTINUOUS
10
164.95
20
-142.4
11
164.95
21
-141.9
0
LINE
8
BLACK
6
CONTINUOUS
10
164.95
20
-141.9
11
164.967
21
-141.814
0
LINE
8
BLACK
6
CONTINUOUS
10
164.967
20
-141.814
11
165.016
21
-141.741
0
LINE
8
BLACK
6
CONTINUOUS
10
165.016
20
-141.741
11
165.089
21
-141.692
0
LINE
8
BLACK
6
CONTINUOUS
10
165.089
20
-141.692
11
165.175
21
-141.675
0
LINE
8
BLACK
6
CONTINUOUS
10
165.175
20
-141.675
11
165.625
21
-141.675
0
LINE
8
BLACK
6
CONTINUOUS
10
165.625
20
-141.675
11
165.711
21
-141.692
0
LINE
8
BLACK
6
CONTINUOUS
10
141.596
20
-140.994
11
141.677
21
-141.048
0
LINE
8
BLACK
6
CONTINUOUS
10
141.677
20
-141.048
11
141.731
21
-141.129
0
LINE
8
BLACK
6
CONTINUOUS
10
141.731
20
-141.129
11
141.75
21
-141.225
0
LINE
8
BLACK
6
CONTINUOUS
10
141.75
20
-141.225
11
141.75
21
-142.175
0
LINE
8
BLACK
6
CONTINUOUS
10
141.75
20
-142.175
11
141.731
21
-142.271
0
LINE
8
BLACK
6
CONTINUOUS
10
141.731
20
-142.271
11
141.677
21
-142.352
0
LINE
8
BLACK
6
CONTINUOUS
10
141.677
20
-142.352
11
141.596
21
-142.406
0
LINE
8
BLACK
6
CONTINUOUS
10
141.596
20
-142.406
11
141.5
21
-142.425
0
LINE
8
BLACK
6
CONTINUOUS
10
141.5
20
-142.425
11
141
21
-142.425
0
LINE
8
BLACK
6
CONTINUOUS
10
141
20
-142.425
11
140.904
21
-142.406
0
LINE
8
BLACK
6
CONTINUOUS
10
140.904
20
-142.406
11
140.823
21
-142.352
0
LINE
8
BLACK
6
CONTINUOUS
10
140.823
20
-142.352
11
140.769
21
-142.271
0
LINE
8
BLACK
6
CONTINUOUS
10
140.769
20
-142.271
11
140.75
21
-142.175
0
LINE
8
BLACK
6
CONTINUOUS
10
140.75
20
-142.175
11
140.75
21
-141.225
0
LINE
8
BLACK
6
CONTINUOUS
10
140.75
20
-141.225
11
140.769
21
-141.129
0
LINE
8
BLACK
6
CONTINUOUS
10
140.769
20
-141.129
11
140.823
21
-141.048
0
LINE
8
BLACK
6
CONTINUOUS
10
140.823
20
-141.048
11
140.904
21
-140.994
0
LINE
8
BLACK
6
CONTINUOUS
10
140.904
20
-140.994
11
141
21
-140.975
0
LINE
8
BLACK
6
CONTINUOUS
10
141
20
-140.975
11
141.5
21
-140.975
0
LINE
8
BLACK
6
CONTINUOUS
10
141.5
20
-140.975
11
141.596
21
-140.994
0
LINE
8
BLACK
6
CONTINUOUS
10
143.496
20
-140.994
11
143.577
21
-141.048
0
LINE
8
BLACK
6
CONTINUOUS
10
143.577
20
-141.048
11
143.631
21
-141.129
0
LINE
8
BLACK
6
CONTINUOUS
10
143.631
20
-141.129
11
143.65
21
-141.225
0
LINE
8
BLACK
6
CONTINUOUS
10
143.65
20
-141.225
11
143.65
21
-142.175
0
LINE
8
BLACK
6
CONTINUOUS
10
143.65
20
-142.175
11
143.631
21
-142.271
0
LINE
8
BLACK
6
CONTINUOUS
10
143.631
20
-142.271
11
143.577
21
-142.352
0
LINE
8
BLACK
6
CONTINUOUS
10
143.577
20
-142.352
11
143.496
21
-142.406
0
LINE
8
BLACK
6
CONTINUOUS
10
143.496
20
-142.406
11
143.4
21
-142.425
0
LINE
8
BLACK
6
CONTINUOUS
10
143.4
20
-142.425
11
142.9
21
-142.425
0
LINE
8
BLACK
6
CONTINUOUS
10
142.9
20
-142.425
11
142.804
21
-142.406
0
LINE
8
BLACK
6
CONTINUOUS
10
142.804
20
-142.406
11
142.723
21
-142.352
0
LINE
8
BLACK
6
CONTINUOUS
10
142.723
20
-142.352
11
142.669
21
-142.271
0
LINE
8
BLACK
6
CONTINUOUS
10
142.669
20
-142.271
11
142.65
21
-142.175
0
LINE
8
BLACK
6
CONTINUOUS
10
142.65
20
-142.175
11
142.65
21
-141.225
0
LINE
8
BLACK
6
CONTINUOUS
10
142.65
20
-141.225
11
142.669
21
-141.129
0
LINE
8
BLACK
6
CONTINUOUS
10
142.669
20
-141.129
11
142.723
21
-141.048
0
LINE
8
BLACK
6
CONTINUOUS
10
142.723
20
-141.048
11
142.804
21
-140.994
0
LINE
8
BLACK
6
CONTINUOUS
10
142.804
20
-140.994
11
142.9
21
-140.975
0
LINE
8
BLACK
6
CONTINUOUS
10
142.9
20
-140.975
11
143.4
21
-140.975
0
LINE
8
BLACK
6
CONTINUOUS
10
143.4
20
-140.975
11
143.496
21
-140.994
0
LINE
8
BLACK
6
CONTINUOUS
10
146.602
20
-141.64
11
146.666
21
-141.684
0
LINE
8
BLACK
6
CONTINUOUS
10
146.666
20
-141.684
11
146.71
21
-141.748
0
LINE
8
BLACK
6
CONTINUOUS
10
146.71
20
-141.748
11
146.725
21
-141.825
0
LINE
8
BLACK
6
CONTINUOUS
10
146.725
20
-141.825
11
146.725
21
-142.225
0
LINE
8
BLACK
6
CONTINUOUS
10
146.725
20
-142.225
11
146.71
21
-142.302
0
LINE
8
BLACK
6
CONTINUOUS
10
146.71
20
-142.302
11
146.666
21
-142.366
0
LINE
8
BLACK
6
CONTINUOUS
10
146.666
20
-142.366
11
146.602
21
-142.41
0
LINE
8
BLACK
6
CONTINUOUS
10
146.602
20
-142.41
11
146.525
21
-142.425
0
LINE
8
BLACK
6
CONTINUOUS
10
146.525
20
-142.425
11
145.975
21
-142.425
0
LINE
8
BLACK
6
CONTINUOUS
10
145.975
20
-142.425
11
145.898
21
-142.41
0
LINE
8
BLACK
6
CONTINUOUS
10
145.898
20
-142.41
11
145.834
21
-142.366
0
LINE
8
BLACK
6
CONTINUOUS
10
145.834
20
-142.366
11
145.79
21
-142.302
0
LINE
8
BLACK
6
CONTINUOUS
10
145.79
20
-142.302
11
145.775
21
-142.225
0
LINE
8
BLACK
6
CONTINUOUS
10
145.775
20
-142.225
11
145.775
21
-141.825
0
LINE
8
BLACK
6
CONTINUOUS
10
145.775
20
-141.825
11
145.79
21
-141.748
0
LINE
8
BLACK
6
CONTINUOUS
10
145.79
20
-141.748
11
145.834
21
-141.684
0
LINE
8
BLACK
6
CONTINUOUS
10
145.834
20
-141.684
11
145.898
21
-141.64
0
LINE
8
BLACK
6
CONTINUOUS
10
145.898
20
-141.64
11
145.975
21
-141.625
0
LINE
8
BLACK
6
CONTINUOUS
10
145.975
20
-141.625
11
146.525
21
-141.625
0
LINE
8
BLACK
6
CONTINUOUS
10
146.525
20
-141.625
11
146.602
21
-141.64
0
LINE
8
BLACK
6
CONTINUOUS
10
138.45
20
-142.375
11
134.85
21
-142.375
0
LINE
8
BLACK
6
CONTINUOUS
10
134.85
20
-142.375
11
134.85
21
-140.875
0
LINE
8
BLACK
6
CONTINUOUS
10
134.85
20
-140.875
11
138.45
21
-140.875
0
LINE
8
BLACK
6
CONTINUOUS
10
138.45
20
-140.875
11
138.45
21
-142.375
0
LINE
8
BLACK
6
CONTINUOUS
10
129.249
20
-141.221
11
129.294
21
-141.251
0
LINE
8
BLACK
6
CONTINUOUS
10
129.294
20
-141.251
11
129.324
21
-141.296
0
LINE
8
BLACK
6
CONTINUOUS
10
129.324
20
-141.296
11
129.335
21
-141.35
0
LINE
8
BLACK
6
CONTINUOUS
10
129.335
20
-141.35
11
129.335
21
-141.63
0
LINE
8
BLACK
6
CONTINUOUS
10
129.335
20
-141.63
11
129.324
21
-141.684
0
LINE
8
BLACK
6
CONTINUOUS
10
129.324
20
-141.684
11
129.294
21
-141.729
0
LINE
8
BLACK
6
CONTINUOUS
10
129.294
20
-141.729
11
129.249
21
-141.759
0
LINE
8
BLACK
6
CONTINUOUS
10
129.249
20
-141.759
11
129.195
21
-141.77
0
LINE
8
BLACK
6
CONTINUOUS
10
129.195
20
-141.77
11
128.855
21
-141.77
0
LINE
8
BLACK
6
CONTINUOUS
10
128.855
20
-141.77
11
128.801
21
-141.759
0
LINE
8
BLACK
6
CONTINUOUS
10
128.801
20
-141.759
11
128.756
21
-141.729
0
LINE
8
BLACK
6
CONTINUOUS
10
128.756
20
-141.729
11
128.726
21
-141.684
0
LINE
8
BLACK
6
CONTINUOUS
10
128.726
20
-141.684
11
128.715
21
-141.63
0
LINE
8
BLACK
6
CONTINUOUS
10
128.715
20
-141.63
11
128.715
21
-141.35
0
LINE
8
BLACK
6
CONTINUOUS
10
128.715
20
-141.35
11
128.726
21
-141.296
0
LINE
8
BLACK
6
CONTINUOUS
10
128.726
20
-141.296
11
128.756
21
-141.251
0
LINE
8
BLACK
6
CONTINUOUS
10
128.756
20
-141.251
11
128.801
21
-141.221
0
LINE
8
BLACK
6
CONTINUOUS
10
128.801
20
-141.221
11
128.855
21
-141.21
0
LINE
8
BLACK
6
CONTINUOUS
10
128.855
20
-141.21
11
129.195
21
-141.21
0
LINE
8
BLACK
6
CONTINUOUS
10
129.195
20
-141.21
11
129.249
21
-141.221
0
LINE
8
BLACK
6
CONTINUOUS
10
128.112
20
-141.22
11
128.155
21
-141.25
0
LINE
8
BLACK
6
CONTINUOUS
10
128.155
20
-141.25
11
128.185
21
-141.293
0
LINE
8
BLACK
6
CONTINUOUS
10
128.185
20
-141.293
11
128.195
21
-141.345
0
LINE
8
BLACK
6
CONTINUOUS
10
128.195
20
-141.345
11
128.195
21
-141.615
0
LINE
8
BLACK
6
CONTINUOUS
10
128.195
20
-141.615
11
128.185
21
-141.667
0
LINE
8
BLACK
6
CONTINUOUS
10
128.185
20
-141.667
11
128.155
21
-141.71
0
LINE
8
BLACK
6
CONTINUOUS
10
128.155
20
-141.71
11
128.112
21
-141.74
0
LINE
8
BLACK
6
CONTINUOUS
10
128.112
20
-141.74
11
128.06
21
-141.75
0
LINE
8
BLACK
6
CONTINUOUS
10
128.06
20
-141.75
11
127.69
21
-141.75
0
LINE
8
BLACK
6
CONTINUOUS
10
127.69
20
-141.75
11
127.638
21
-141.74
0
LINE
8
BLACK
6
CONTINUOUS
10
127.638
20
-141.74
11
127.595
21
-141.71
0
LINE
8
BLACK
6
CONTINUOUS
10
127.595
20
-141.71
11
127.565
21
-141.667
0
LINE
8
BLACK
6
CONTINUOUS
10
127.565
20
-141.667
11
127.555
21
-141.615
0
LINE
8
BLACK
6
CONTINUOUS
10
127.555
20
-141.615
11
127.555
21
-141.345
0
LINE
8
BLACK
6
CONTINUOUS
10
127.555
20
-141.345
11
127.565
21
-141.293
0
LINE
8
BLACK
6
CONTINUOUS
10
127.565
20
-141.293
11
127.595
21
-141.25
0
LINE
8
BLACK
6
CONTINUOUS
10
127.595
20
-141.25
11
127.638
21
-141.22
0
LINE
8
BLACK
6
CONTINUOUS
10
127.638
20
-141.22
11
127.69
21
-141.21
0
LINE
8
BLACK
6
CONTINUOUS
10
127.69
20
-141.21
11
128.06
21
-141.21
0
LINE
8
BLACK
6
CONTINUOUS
10
128.06
20
-141.21
11
128.112
21
-141.22
0
LINE
8
BLACK
6
CONTINUOUS
10
157.514
20
-141.076
11
157.559
21
-141.106
0
LINE
8
BLACK
6
CONTINUOUS
10
157.559
20
-141.106
11
157.589
21
-141.151
0
LINE
8
BLACK
6
CONTINUOUS
10
157.589
20
-141.151
11
157.6
21
-141.205
0
LINE
8
BLACK
6
CONTINUOUS
10
157.6
20
-141.205
11
157.6
21
-141.545
0
LINE
8
BLACK
6
CONTINUOUS
10
157.6
20
-141.545
11
157.589
21
-141.599
0
LINE
8
BLACK
6
CONTINUOUS
10
157.589
20
-141.599
11
157.559
21
-141.644
0
LINE
8
BLACK
6
CONTINUOUS
10
157.559
20
-141.644
11
157.514
21
-141.674
0
LINE
8
BLACK
6
CONTINUOUS
10
157.514
20
-141.674
11
157.46
21
-141.685
0
LINE
8
BLACK
6
CONTINUOUS
10
157.46
20
-141.685
11
157.18
21
-141.685
0
LINE
8
BLACK
6
CONTINUOUS
10
157.18
20
-141.685
11
157.126
21
-141.674
0
LINE
8
BLACK
6
CONTINUOUS
10
157.126
20
-141.674
11
157.081
21
-141.644
0
LINE
8
BLACK
6
CONTINUOUS
10
157.081
20
-141.644
11
157.051
21
-141.599
0
LINE
8
BLACK
6
CONTINUOUS
10
157.051
20
-141.599
11
157.04
21
-141.545
0
LINE
8
BLACK
6
CONTINUOUS
10
157.04
20
-141.545
11
157.04
21
-141.205
0
LINE
8
BLACK
6
CONTINUOUS
10
157.04
20
-141.205
11
157.051
21
-141.151
0
LINE
8
BLACK
6
CONTINUOUS
10
157.051
20
-141.151
11
157.081
21
-141.106
0
LINE
8
BLACK
6
CONTINUOUS
10
157.081
20
-141.106
11
157.126
21
-141.076
0
LINE
8
BLACK
6
CONTINUOUS
10
157.126
20
-141.076
11
157.18
21
-141.065
0
LINE
8
BLACK
6
CONTINUOUS
10
157.18
20
-141.065
11
157.46
21
-141.065
0
LINE
8
BLACK
6
CONTINUOUS
10
157.46
20
-141.065
11
157.514
21
-141.076
0
LINE
8
BLACK
6
CONTINUOUS
10
158.474
20
-141.076
11
158.519
21
-141.106
0
LINE
8
BLACK
6
CONTINUOUS
10
158.519
20
-141.106
11
158.549
21
-141.151
0
LINE
8
BLACK
6
CONTINUOUS
10
158.549
20
-141.151
11
158.56
21
-141.205
0
LINE
8
BLACK
6
CONTINUOUS
10
158.56
20
-141.205
11
158.56
21
-141.545
0
LINE
8
BLACK
6
CONTINUOUS
10
158.56
20
-141.545
11
158.549
21
-141.599
0
LINE
8
BLACK
6
CONTINUOUS
10
158.549
20
-141.599
11
158.519
21
-141.644
0
LINE
8
BLACK
6
CONTINUOUS
10
158.519
20
-141.644
11
158.474
21
-141.674
0
LINE
8
BLACK
6
CONTINUOUS
10
158.474
20
-141.674
11
158.42
21
-141.685
0
LINE
8
BLACK
6
CONTINUOUS
10
158.42
20
-141.685
11
158.14
21
-141.685
0
LINE
8
BLACK
6
CONTINUOUS
10
158.14
20
-141.685
11
158.086
21
-141.674
0
LINE
8
BLACK
6
CONTINUOUS
10
158.086
20
-141.674
11
158.041
21
-141.644
0
LINE
8
BLACK
6
CONTINUOUS
10
158.041
20
-141.644
11
158.011
21
-141.599
0
LINE
8
BLACK
6
CONTINUOUS
10
158.011
20
-141.599
11
158
21
-141.545
0
LINE
8
BLACK
6
CONTINUOUS
10
158
20
-141.545
11
158
21
-141.205
0
LINE
8
BLACK
6
CONTINUOUS
10
158
20
-141.205
11
158.011
21
-141.151
0
LINE
8
BLACK
6
CONTINUOUS
10
158.011
20
-141.151
11
158.041
21
-141.106
0
LINE
8
BLACK
6
CONTINUOUS
10
158.041
20
-141.106
11
158.086
21
-141.076
0
LINE
8
BLACK
6
CONTINUOUS
10
158.086
20
-141.076
11
158.14
21
-141.065
0
LINE
8
BLACK
6
CONTINUOUS
10
158.14
20
-141.065
11
158.42
21
-141.065
0
LINE
8
BLACK
6
CONTINUOUS
10
158.42
20
-141.065
11
158.474
21
-141.076
0
LINE
8
BLACK
6
CONTINUOUS
10
126.802
20
-140.24
11
126.866
21
-140.284
0
LINE
8
BLACK
6
CONTINUOUS
10
126.866
20
-140.284
11
126.91
21
-140.348
0
LINE
8
BLACK
6
CONTINUOUS
10
126.91
20
-140.348
11
126.925
21
-140.425
0
LINE
8
BLACK
6
CONTINUOUS
10
126.925
20
-140.425
11
126.925
21
-140.825
0
LINE
8
BLACK
6
CONTINUOUS
10
126.925
20
-140.825
11
126.91
21
-140.902
0
LINE
8
BLACK
6
CONTINUOUS
10
126.91
20
-140.902
11
126.866
21
-140.966
0
LINE
8
BLACK
6
CONTINUOUS
10
126.866
20
-140.966
11
126.802
21
-141.01
0
LINE
8
BLACK
6
CONTINUOUS
10
126.802
20
-141.01
11
126.725
21
-141.025
0
LINE
8
BLACK
6
CONTINUOUS
10
126.725
20
-141.025
11
126.175
21
-141.025
0
LINE
8
BLACK
6
CONTINUOUS
10
126.175
20
-141.025
11
126.098
21
-141.01
0
LINE
8
BLACK
6
CONTINUOUS
10
126.098
20
-141.01
11
126.034
21
-140.966
0
LINE
8
BLACK
6
CONTINUOUS
10
126.034
20
-140.966
11
125.99
21
-140.902
0
LINE
8
BLACK
6
CONTINUOUS
10
125.99
20
-140.902
11
125.975
21
-140.825
0
LINE
8
BLACK
6
CONTINUOUS
10
125.975
20
-140.825
11
125.975
21
-140.425
0
LINE
8
BLACK
6
CONTINUOUS
10
125.975
20
-140.425
11
125.99
21
-140.348
0
LINE
8
BLACK
6
CONTINUOUS
10
125.99
20
-140.348
11
126.034
21
-140.284
0
LINE
8
BLACK
6
CONTINUOUS
10
126.034
20
-140.284
11
126.098
21
-140.24
0
LINE
8
BLACK
6
CONTINUOUS
10
126.098
20
-140.24
11
126.175
21
-140.225
0
LINE
8
BLACK
6
CONTINUOUS
10
126.175
20
-140.225
11
126.725
21
-140.225
0
LINE
8
BLACK
6
CONTINUOUS
10
126.725
20
-140.225
11
126.802
21
-140.24
0
LINE
8
BLACK
6
CONTINUOUS
10
150.421
20
-139.594
11
150.502
21
-139.648
0
LINE
8
BLACK
6
CONTINUOUS
10
150.502
20
-139.648
11
150.556
21
-139.729
0
LINE
8
BLACK
6
CONTINUOUS
10
150.556
20
-139.729
11
150.575
21
-139.825
0
LINE
8
BLACK
6
CONTINUOUS
10
150.575
20
-139.825
11
150.575
21
-140.575
0
LINE
8
BLACK
6
CONTINUOUS
10
150.575
20
-140.575
11
150.556
21
-140.671
0
LINE
8
BLACK
6
CONTINUOUS
10
150.556
20
-140.671
11
150.502
21
-140.752
0
LINE
8
BLACK
6
CONTINUOUS
10
150.502
20
-140.752
11
150.421
21
-140.806
0
LINE
8
BLACK
6
CONTINUOUS
10
150.421
20
-140.806
11
150.325
21
-140.825
0
LINE
8
BLACK
6
CONTINUOUS
10
150.325
20
-140.825
11
149.075
21
-140.825
0
LINE
8
BLACK
6
CONTINUOUS
10
149.075
20
-140.825
11
148.979
21
-140.806
0
LINE
8
BLACK
6
CONTINUOUS
10
148.979
20
-140.806
11
148.898
21
-140.752
0
LINE
8
BLACK
6
CONTINUOUS
10
148.898
20
-140.752
11
148.844
21
-140.671
0
LINE
8
BLACK
6
CONTINUOUS
10
148.844
20
-140.671
11
148.825
21
-140.575
0
LINE
8
BLACK
6
CONTINUOUS
10
148.825
20
-140.575
11
148.825
21
-139.825
0
LINE
8
BLACK
6
CONTINUOUS
10
148.825
20
-139.825
11
148.844
21
-139.729
0
LINE
8
BLACK
6
CONTINUOUS
10
148.844
20
-139.729
11
148.898
21
-139.648
0
LINE
8
BLACK
6
CONTINUOUS
10
148.898
20
-139.648
11
148.979
21
-139.594
0
LINE
8
BLACK
6
CONTINUOUS
10
148.979
20
-139.594
11
149.075
21
-139.575
0
LINE
8
BLACK
6
CONTINUOUS
10
149.075
20
-139.575
11
150.325
21
-139.575
0
LINE
8
BLACK
6
CONTINUOUS
10
150.325
20
-139.575
11
150.421
21
-139.594
0
LINE
8
BLACK
6
CONTINUOUS
10
146.602
20
-139.99
11
146.666
21
-140.034
0
LINE
8
BLACK
6
CONTINUOUS
10
146.666
20
-140.034
11
146.71
21
-140.098
0
LINE
8
BLACK
6
CONTINUOUS
10
146.71
20
-140.098
11
146.725
21
-140.175
0
LINE
8
BLACK
6
CONTINUOUS
10
146.725
20
-140.175
11
146.725
21
-140.575
0
LINE
8
BLACK
6
CONTINUOUS
10
146.725
20
-140.575
11
146.71
21
-140.652
0
LINE
8
BLACK
6
CONTINUOUS
10
146.71
20
-140.652
11
146.666
21
-140.716
0
LINE
8
BLACK
6
CONTINUOUS
10
146.666
20
-140.716
11
146.602
21
-140.76
0
LINE
8
BLACK
6
CONTINUOUS
10
146.602
20
-140.76
11
146.525
21
-140.775
0
LINE
8
BLACK
6
CONTINUOUS
10
146.525
20
-140.775
11
145.975
21
-140.775
0
LINE
8
BLACK
6
CONTINUOUS
10
145.975
20
-140.775
11
145.898
21
-140.76
0
LINE
8
BLACK
6
CONTINUOUS
10
145.898
20
-140.76
11
145.834
21
-140.716
0
LINE
8
BLACK
6
CONTINUOUS
10
145.834
20
-140.716
11
145.79
21
-140.652
0
LINE
8
BLACK
6
CONTINUOUS
10
145.79
20
-140.652
11
145.775
21
-140.575
0
LINE
8
BLACK
6
CONTINUOUS
10
145.775
20
-140.575
11
145.775
21
-140.175
0
LINE
8
BLACK
6
CONTINUOUS
10
145.775
20
-140.175
11
145.79
21
-140.098
0
LINE
8
BLACK
6
CONTINUOUS
10
145.79
20
-140.098
11
145.834
21
-140.034
0
LINE
8
BLACK
6
CONTINUOUS
10
145.834
20
-140.034
11
145.898
21
-139.99
0
LINE
8
BLACK
6
CONTINUOUS
10
145.898
20
-139.99
11
145.975
21
-139.975
0
LINE
8
BLACK
6
CONTINUOUS
10
145.975
20
-139.975
11
146.525
21
-139.975
0
LINE
8
BLACK
6
CONTINUOUS
10
146.525
20
-139.975
11
146.602
21
-139.99
0
LINE
8
BLACK
6
CONTINUOUS
10
163.774
20
-140.737
11
162.024
21
-140.737
0
LINE
8
BLACK
6
CONTINUOUS
10
162.024
20
-140.737
11
162.024
21
-138.286
0
LINE
8
BLACK
6
CONTINUOUS
10
162.024
20
-138.286
11
163.774
21
-138.286
0
LINE
8
BLACK
6
CONTINUOUS
10
163.774
20
-138.286
11
163.774
21
-140.737
0
LINE
8
BLACK
6
CONTINUOUS
10
161.799
20
-140.661
11
160.999
21
-140.661
0
LINE
8
BLACK
6
CONTINUOUS
10
160.999
20
-140.661
11
160.999
21
-140.362
0
LINE
8
BLACK
6
CONTINUOUS
10
160.999
20
-140.362
11
161.799
21
-140.362
0
LINE
8
BLACK
6
CONTINUOUS
10
161.799
20
-140.362
11
161.799
21
-140.661
0
LINE
8
BLACK
6
CONTINUOUS
10
164.799
20
-140.661
11
163.999
21
-140.661
0
LINE
8
BLACK
6
CONTINUOUS
10
163.999
20
-140.661
11
163.999
21
-140.362
0
LINE
8
BLACK
6
CONTINUOUS
10
163.999
20
-140.362
11
164.799
21
-140.362
0
LINE
8
BLACK
6
CONTINUOUS
10
164.799
20
-140.362
11
164.799
21
-140.661
0
LINE
8
BLACK
6
CONTINUOUS
10
154.627
20
-139.49
11
154.691
21
-139.534
0
LINE
8
BLACK
6
CONTINUOUS
10
154.691
20
-139.534
11
154.735
21
-139.598
0
LINE
8
BLACK
6
CONTINUOUS
10
154.735
20
-139.598
11
154.75
21
-139.675
0
LINE
8
BLACK
6
CONTINUOUS
10
154.75
20
-139.675
11
154.75
21
-140.225
0
LINE
8
BLACK
6
CONTINUOUS
10
154.75
20
-140.225
11
154.735
21
-140.302
0
LINE
8
BLACK
6
CONTINUOUS
10
154.735
20
-140.302
11
154.691
21
-140.366
0
LINE
8
BLACK
6
CONTINUOUS
10
154.691
20
-140.366
11
154.627
21
-140.41
0
LINE
8
BLACK
6
CONTINUOUS
10
154.627
20
-140.41
11
154.55
21
-140.425
0
LINE
8
BLACK
6
CONTINUOUS
10
154.55
20
-140.425
11
154.15
21
-140.425
0
LINE
8
BLACK
6
CONTINUOUS
10
154.15
20
-140.425
11
154.073
21
-140.41
0
LINE
8
BLACK
6
CONTINUOUS
10
154.073
20
-140.41
11
154.009
21
-140.366
0
LINE
8
BLACK
6
CONTINUOUS
10
154.009
20
-140.366
11
153.965
21
-140.302
0
LINE
8
BLACK
6
CONTINUOUS
10
153.965
20
-140.302
11
153.95
21
-140.225
0
LINE
8
BLACK
6
CONTINUOUS
10
153.95
20
-140.225
11
153.95
21
-139.675
0
LINE
8
BLACK
6
CONTINUOUS
10
153.95
20
-139.675
11
153.965
21
-139.598
0
LINE
8
BLACK
6
CONTINUOUS
10
153.965
20
-139.598
11
154.009
21
-139.534
0
LINE
8
BLACK
6
CONTINUOUS
10
154.009
20
-139.534
11
154.073
21
-139.49
0
LINE
8
BLACK
6
CONTINUOUS
10
154.073
20
-139.49
11
154.15
21
-139.475
0
LINE
8
BLACK
6
CONTINUOUS
10
154.15
20
-139.475
11
154.55
21
-139.475
0
LINE
8
BLACK
6
CONTINUOUS
10
154.55
20
-139.475
11
154.627
21
-139.49
0
LINE
8
BLACK
6
CONTINUOUS
10
156.277
20
-139.49
11
156.341
21
-139.534
0
LINE
8
BLACK
6
CONTINUOUS
10
156.341
20
-139.534
11
156.385
21
-139.598
0
LINE
8
BLACK
6
CONTINUOUS
10
156.385
20
-139.598
11
156.4
21
-139.675
0
LINE
8
BLACK
6
CONTINUOUS
10
156.4
20
-139.675
11
156.4
21
-140.225
0
LINE
8
BLACK
6
CONTINUOUS
10
156.4
20
-140.225
11
156.385
21
-140.302
0
LINE
8
BLACK
6
CONTINUOUS
10
156.385
20
-140.302
11
156.341
21
-140.366
0
LINE
8
BLACK
6
CONTINUOUS
10
156.341
20
-140.366
11
156.277
21
-140.41
0
LINE
8
BLACK
6
CONTINUOUS
10
156.277
20
-140.41
11
156.2
21
-140.425
0
LINE
8
BLACK
6
CONTINUOUS
10
156.2
20
-140.425
11
155.8
21
-140.425
0
LINE
8
BLACK
6
CONTINUOUS
10
155.8
20
-140.425
11
155.723
21
-140.41
0
LINE
8
BLACK
6
CONTINUOUS
10
155.723
20
-140.41
11
155.659
21
-140.366
0
LINE
8
BLACK
6
CONTINUOUS
10
155.659
20
-140.366
11
155.615
21
-140.302
0
LINE
8
BLACK
6
CONTINUOUS
10
155.615
20
-140.302
11
155.6
21
-140.225
0
LINE
8
BLACK
6
CONTINUOUS
10
155.6
20
-140.225
11
155.6
21
-139.675
0
LINE
8
BLACK
6
CONTINUOUS
10
155.6
20
-139.675
11
155.615
21
-139.598
0
LINE
8
BLACK
6
CONTINUOUS
10
155.615
20
-139.598
11
155.659
21
-139.534
0
LINE
8
BLACK
6
CONTINUOUS
10
155.659
20
-139.534
11
155.723
21
-139.49
0
LINE
8
BLACK
6
CONTINUOUS
10
155.723
20
-139.49
11
155.8
21
-139.475
0
LINE
8
BLACK
6
CONTINUOUS
10
155.8
20
-139.475
11
156.2
21
-139.475
0
LINE
8
BLACK
6
CONTINUOUS
10
156.2
20
-139.475
11
156.277
21
-139.49
0
LINE
8
BLACK
6
CONTINUOUS
10
157.827
20
-139.49
11
157.891
21
-139.534
0
LINE
8
BLACK
6
CONTINUOUS
10
157.891
20
-139.534
11
157.935
21
-139.598
0
LINE
8
BLACK
6
CONTINUOUS
10
157.935
20
-139.598
11
157.95
21
-139.675
0
LINE
8
BLACK
6
CONTINUOUS
10
157.95
20
-139.675
11
157.95
21
-140.225
0
LINE
8
BLACK
6
CONTINUOUS
10
157.95
20
-140.225
11
157.935
21
-140.302
0
LINE
8
BLACK
6
CONTINUOUS
10
157.935
20
-140.302
11
157.891
21
-140.366
0
LINE
8
BLACK
6
CONTINUOUS
10
157.891
20
-140.366
11
157.827
21
-140.41
0
LINE
8
BLACK
6
CONTINUOUS
10
157.827
20
-140.41
11
157.75
21
-140.425
0
LINE
8
BLACK
6
CONTINUOUS
10
157.75
20
-140.425
11
157.35
21
-140.425
0
LINE
8
BLACK
6
CONTINUOUS
10
157.35
20
-140.425
11
157.273
21
-140.41
0
LINE
8
BLACK
6
CONTINUOUS
10
157.273
20
-140.41
11
157.209
21
-140.366
0
LINE
8
BLACK
6
CONTINUOUS
10
157.209
20
-140.366
11
157.165
21
-140.302
0
LINE
8
BLACK
6
CONTINUOUS
10
157.165
20
-140.302
11
157.15
21
-140.225
0
LINE
8
BLACK
6
CONTINUOUS
10
157.15
20
-140.225
11
157.15
21
-139.675
0
LINE
8
BLACK
6
CONTINUOUS
10
157.15
20
-139.675
11
157.165
21
-139.598
0
LINE
8
BLACK
6
CONTINUOUS
10
157.165
20
-139.598
11
157.209
21
-139.534
0
LINE
8
BLACK
6
CONTINUOUS
10
157.209
20
-139.534
11
157.273
21
-139.49
0
LINE
8
BLACK
6
CONTINUOUS
10
157.273
20
-139.49
11
157.35
21
-139.475
0
LINE
8
BLACK
6
CONTINUOUS
10
157.35
20
-139.475
11
157.75
21
-139.475
0
LINE
8
BLACK
6
CONTINUOUS
10
157.75
20
-139.475
11
157.827
21
-139.49
0
LINE
8
BLACK
6
CONTINUOUS
10
159.477
20
-139.49
11
159.541
21
-139.534
0
LINE
8
BLACK
6
CONTINUOUS
10
159.541
20
-139.534
11
159.585
21
-139.598
0
LINE
8
BLACK
6
CONTINUOUS
10
159.585
20
-139.598
11
159.6
21
-139.675
0
LINE
8
BLACK
6
CONTINUOUS
10
159.6
20
-139.675
11
159.6
21
-140.225
0
LINE
8
BLACK
6
CONTINUOUS
10
159.6
20
-140.225
11
159.585
21
-140.302
0
LINE
8
BLACK
6
CONTINUOUS
10
159.585
20
-140.302
11
159.541
21
-140.366
0
LINE
8
BLACK
6
CONTINUOUS
10
159.541
20
-140.366
11
159.477
21
-140.41
0
LINE
8
BLACK
6
CONTINUOUS
10
159.477
20
-140.41
11
159.4
21
-140.425
0
LINE
8
BLACK
6
CONTINUOUS
10
159.4
20
-140.425
11
159
21
-140.425
0
LINE
8
BLACK
6
CONTINUOUS
10
159
20
-140.425
11
158.923
21
-140.41
0
LINE
8
BLACK
6
CONTINUOUS
10
158.923
20
-140.41
11
158.859
21
-140.366
0
LINE
8
BLACK
6
CONTINUOUS
10
158.859
20
-140.366
11
158.815
21
-140.302
0
LINE
8
BLACK
6
CONTINUOUS
10
158.815
20
-140.302
11
158.8
21
-140.225
0
LINE
8
BLACK
6
CONTINUOUS
10
158.8
20
-140.225
11
158.8
21
-139.675
0
LINE
8
BLACK
6
CONTINUOUS
10
158.8
20
-139.675
11
158.815
21
-139.598
0
LINE
8
BLACK
6
CONTINUOUS
10
158.815
20
-139.598
11
158.859
21
-139.534
0
LINE
8
BLACK
6
CONTINUOUS
10
158.859
20
-139.534
11
158.923
21
-139.49
0
LINE
8
BLACK
6
CONTINUOUS
10
158.923
20
-139.49
11
159
21
-139.475
0
LINE
8
BLACK
6
CONTINUOUS
10
159
20
-139.475
11
159.4
21
-139.475
0
LINE
8
BLACK
6
CONTINUOUS
10
159.4
20
-139.475
11
159.477
21
-139.49
0
LINE
8
BLACK
6
CONTINUOUS
10
113.6
20
-140.4
11
111.8
21
-140.4
0
LINE
8
BLACK
6
CONTINUOUS
10
111.8
20
-140.4
11
111.8
21
-136.8
0
LINE
8
BLACK
6
CONTINUOUS
10
111.8
20
-136.8
11
113.6
21
-136.8
0
LINE
8
BLACK
6
CONTINUOUS
10
113.6
20
-136.8
11
113.6
21
-140.4
0
LINE
8
BLACK
6
CONTINUOUS
10
122.6
20
-140.4
11
120.8
21
-140.4
0
LINE
8
BLACK
6
CONTINUOUS
10
120.8
20
-140.4
11
120.8
21
-136.8
0
LINE
8
BLACK
6
CONTINUOUS
10
120.8
20
-136.8
11
122.6
21
-136.8
0
LINE
8
BLACK
6
CONTINUOUS
10
122.6
20
-136.8
11
122.6
21
-140.4
0
LINE
8
BLACK
6
CONTINUOUS
10
167.652
20
-139.44
11
167.716
21
-139.484
0
LINE
8
BLACK
6
CONTINUOUS
10
167.716
20
-139.484
11
167.76
21
-139.548
0
LINE
8
BLACK
6
CONTINUOUS
10
167.76
20
-139.548
11
167.775
21
-139.625
0
LINE
8
BLACK
6
CONTINUOUS
10
167.775
20
-139.625
11
167.775
21
-140.175
0
LINE
8
BLACK
6
CONTINUOUS
10
167.775
20
-140.175
11
167.76
21
-140.252
0
LINE
8
BLACK
6
CONTINUOUS
10
167.76
20
-140.252
11
167.716
21
-140.316
0
LINE
8
BLACK
6
CONTINUOUS
10
167.716
20
-140.316
11
167.652
21
-140.36
0
LINE
8
BLACK
6
CONTINUOUS
10
167.652
20
-140.36
11
167.575
21
-140.375
0
LINE
8
BLACK
6
CONTINUOUS
10
167.575
20
-140.375
11
167.175
21
-140.375
0
LINE
8
BLACK
6
CONTINUOUS
10
167.175
20
-140.375
11
167.098
21
-140.36
0
LINE
8
BLACK
6
CONTINUOUS
10
167.098
20
-140.36
11
167.034
21
-140.316
0
LINE
8
BLACK
6
CONTINUOUS
10
167.034
20
-140.316
11
166.99
21
-140.252
0
LINE
8
BLACK
6
CONTINUOUS
10
166.99
20
-140.252
11
166.975
21
-140.175
0
LINE
8
BLACK
6
CONTINUOUS
10
166.975
20
-140.175
11
166.975
21
-139.625
0
LINE
8
BLACK
6
CONTINUOUS
10
166.975
20
-139.625
11
166.99
21
-139.548
0
LINE
8
BLACK
6
CONTINUOUS
10
166.99
20
-139.548
11
167.034
21
-139.484
0
LINE
8
BLACK
6
CONTINUOUS
10
167.034
20
-139.484
11
167.098
21
-139.44
0
LINE
8
BLACK
6
CONTINUOUS
10
167.098
20
-139.44
11
167.175
21
-139.425
0
LINE
8
BLACK
6
CONTINUOUS
10
167.175
20
-139.425
11
167.575
21
-139.425
0
LINE
8
BLACK
6
CONTINUOUS
10
167.575
20
-139.425
11
167.652
21
-139.44
0
LINE
8
BLACK
6
CONTINUOUS
10
169.302
20
-139.44
11
169.366
21
-139.484
0
LINE
8
BLACK
6
CONTINUOUS
10
169.366
20
-139.484
11
169.41
21
-139.548
0
LINE
8
BLACK
6
CONTINUOUS
10
169.41
20
-139.548
11
169.425
21
-139.625
0
LINE
8
BLACK
6
CONTINUOUS
10
169.425
20
-139.625
11
169.425
21
-140.175
0
LINE
8
BLACK
6
CONTINUOUS
10
169.425
20
-140.175
11
169.41
21
-140.252
0
LINE
8
BLACK
6
CONTINUOUS
10
169.41
20
-140.252
11
169.366
21
-140.316
0
LINE
8
BLACK
6
CONTINUOUS
10
169.366
20
-140.316
11
169.302
21
-140.36
0
LINE
8
BLACK
6
CONTINUOUS
10
169.302
20
-140.36
11
169.225
21
-140.375
0
LINE
8
BLACK
6
CONTINUOUS
10
169.225
20
-140.375
11
168.825
21
-140.375
0
LINE
8
BLACK
6
CONTINUOUS
10
168.825
20
-140.375
11
168.748
21
-140.36
0
LINE
8
BLACK
6
CONTINUOUS
10
168.748
20
-140.36
11
168.684
21
-140.316
0
LINE
8
BLACK
6
CONTINUOUS
10
168.684
20
-140.316
11
168.64
21
-140.252
0
LINE
8
BLACK
6
CONTINUOUS
10
168.64
20
-140.252
11
168.625
21
-140.175
0
LINE
8
BLACK
6
CONTINUOUS
10
168.625
20
-140.175
11
168.625
21
-139.625
0
LINE
8
BLACK
6
CONTINUOUS
10
168.625
20
-139.625
11
168.64
21
-139.548
0
LINE
8
BLACK
6
CONTINUOUS
10
168.64
20
-139.548
11
168.684
21
-139.484
0
LINE
8
BLACK
6
CONTINUOUS
10
168.684
20
-139.484
11
168.748
21
-139.44
0
LINE
8
BLACK
6
CONTINUOUS
10
168.748
20
-139.44
11
168.825
21
-139.425
0
LINE
8
BLACK
6
CONTINUOUS
10
168.825
20
-139.425
11
169.225
21
-139.425
0
LINE
8
BLACK
6
CONTINUOUS
10
169.225
20
-139.425
11
169.302
21
-139.44
0
LINE
8
BLACK
6
CONTINUOUS
10
170.915
20
-139.442
11
170.986
21
-139.489
0
LINE
8
BLACK
6
CONTINUOUS
10
170.986
20
-139.489
11
171.033
21
-139.56
0
LINE
8
BLACK
6
CONTINUOUS
10
171.033
20
-139.56
11
171.05
21
-139.644
0
LINE
8
BLACK
6
CONTINUOUS
10
171.05
20
-139.644
11
171.05
21
-140.156
0
LINE
8
BLACK
6
CONTINUOUS
10
171.05
20
-140.156
11
171.033
21
-140.24
0
LINE
8
BLACK
6
CONTINUOUS
10
171.033
20
-140.24
11
170.986
21
-140.311
0
LINE
8
BLACK
6
CONTINUOUS
10
170.986
20
-140.311
11
170.915
21
-140.358
0
LINE
8
BLACK
6
CONTINUOUS
10
170.915
20
-140.358
11
170.831
21
-140.375
0
LINE
8
BLACK
6
CONTINUOUS
10
170.831
20
-140.375
11
170.394
21
-140.375
0
LINE
8
BLACK
6
CONTINUOUS
10
170.394
20
-140.375
11
170.31
21
-140.358
0
LINE
8
BLACK
6
CONTINUOUS
10
170.31
20
-140.358
11
170.239
21
-140.311
0
LINE
8
BLACK
6
CONTINUOUS
10
170.239
20
-140.311
11
170.192
21
-140.24
0
LINE
8
BLACK
6
CONTINUOUS
10
170.192
20
-140.24
11
170.175
21
-140.156
0
LINE
8
BLACK
6
CONTINUOUS
10
170.175
20
-140.156
11
170.175
21
-139.644
0
LINE
8
BLACK
6
CONTINUOUS
10
170.175
20
-139.644
11
170.192
21
-139.56
0
LINE
8
BLACK
6
CONTINUOUS
10
170.192
20
-139.56
11
170.239
21
-139.489
0
LINE
8
BLACK
6
CONTINUOUS
10
170.239
20
-139.489
11
170.31
21
-139.442
0
LINE
8
BLACK
6
CONTINUOUS
10
170.31
20
-139.442
11
170.394
21
-139.425
0
LINE
8
BLACK
6
CONTINUOUS
10
170.394
20
-139.425
11
170.831
21
-139.425
0
LINE
8
BLACK
6
CONTINUOUS
10
170.831
20
-139.425
11
170.915
21
-139.442
0
LINE
8
BLACK
6
CONTINUOUS
10
172.49
20
-139.442
11
172.561
21
-139.489
0
LINE
8
BLACK
6
CONTINUOUS
10
172.561
20
-139.489
11
172.608
21
-139.56
0
LINE
8
BLACK
6
CONTINUOUS
10
172.608
20
-139.56
11
172.625
21
-139.644
0
LINE
8
BLACK
6
CONTINUOUS
10
172.625
20
-139.644
11
172.625
21
-140.156
0
LINE
8
BLACK
6
CONTINUOUS
10
172.625
20
-140.156
11
172.608
21
-140.24
0
LINE
8
BLACK
6
CONTINUOUS
10
172.608
20
-140.24
11
172.561
21
-140.311
0
LINE
8
BLACK
6
CONTINUOUS
10
172.561
20
-140.311
11
172.49
21
-140.358
0
LINE
8
BLACK
6
CONTINUOUS
10
172.49
20
-140.358
11
172.406
21
-140.375
0
LINE
8
BLACK
6
CONTINUOUS
10
172.406
20
-140.375
11
171.969
21
-140.375
0
LINE
8
BLACK
6
CONTINUOUS
10
171.969
20
-140.375
11
171.885
21
-140.358
0
LINE
8
BLACK
6
CONTINUOUS
10
171.885
20
-140.358
11
171.814
21
-140.311
0
LINE
8
BLACK
6
CONTINUOUS
10
171.814
20
-140.311
11
171.767
21
-140.24
0
LINE
8
BLACK
6
CONTINUOUS
10
171.767
20
-140.24
11
171.75
21
-140.156
0
LINE
8
BLACK
6
CONTINUOUS
10
171.75
20
-140.156
11
171.75
21
-139.644
0
LINE
8
BLACK
6
CONTINUOUS
10
171.75
20
-139.644
11
171.767
21
-139.56
0
LINE
8
BLACK
6
CONTINUOUS
10
171.767
20
-139.56
11
171.814
21
-139.489
0
LINE
8
BLACK
6
CONTINUOUS
10
171.814
20
-139.489
11
171.885
21
-139.442
0
LINE
8
BLACK
6
CONTINUOUS
10
171.885
20
-139.442
11
171.969
21
-139.425
0
LINE
8
BLACK
6
CONTINUOUS
10
171.969
20
-139.425
11
172.406
21
-139.425
0
LINE
8
BLACK
6
CONTINUOUS
10
172.406
20
-139.425
11
172.49
21
-139.442
0
LINE
8
BLACK
6
CONTINUOUS
10
141.596
20
-138.894
11
141.677
21
-138.948
0
LINE
8
BLACK
6
CONTINUOUS
10
141.677
20
-138.948
11
141.731
21
-139.029
0
LINE
8
BLACK
6
CONTINUOUS
10
141.731
20
-139.029
11
141.75
21
-139.125
0
LINE
8
BLACK
6
CONTINUOUS
10
141.75
20
-139.125
11
141.75
21
-140.075
0
LINE
8
BLACK
6
CONTINUOUS
10
141.75
20
-140.075
11
141.731
21
-140.171
0
LINE
8
BLACK
6
CONTINUOUS
10
141.731
20
-140.171
11
141.677
21
-140.252
0
LINE
8
BLACK
6
CONTINUOUS
10
141.677
20
-140.252
11
141.596
21
-140.306
0
LINE
8
BLACK
6
CONTINUOUS
10
141.596
20
-140.306
11
141.5
21
-140.325
0
LINE
8
BLACK
6
CONTINUOUS
10
141.5
20
-140.325
11
141
21
-140.325
0
LINE
8
BLACK
6
CONTINUOUS
10
141
20
-140.325
11
140.904
21
-140.306
0
LINE
8
BLACK
6
CONTINUOUS
10
140.904
20
-140.306
11
140.823
21
-140.252
0
LINE
8
BLACK
6
CONTINUOUS
10
140.823
20
-140.252
11
140.769
21
-140.171
0
LINE
8
BLACK
6
CONTINUOUS
10
140.769
20
-140.171
11
140.75
21
-140.075
0
LINE
8
BLACK
6
CONTINUOUS
10
140.75
20
-140.075
11
140.75
21
-139.125
0
LINE
8
BLACK
6
CONTINUOUS
10
140.75
20
-139.125
11
140.769
21
-139.029
0
LINE
8
BLACK
6
CONTINUOUS
10
140.769
20
-139.029
11
140.823
21
-138.948
0
LINE
8
BLACK
6
CONTINUOUS
10
140.823
20
-138.948
11
140.904
21
-138.894
0
LINE
8
BLACK
6
CONTINUOUS
10
140.904
20
-138.894
11
141
21
-138.875
0
LINE
8
BLACK
6
CONTINUOUS
10
141
20
-138.875
11
141.5
21
-138.875
0
LINE
8
BLACK
6
CONTINUOUS
10
141.5
20
-138.875
11
141.596
21
-138.894
0
LINE
8
BLACK
6
CONTINUOUS
10
143.496
20
-138.894
11
143.577
21
-138.948
0
LINE
8
BLACK
6
CONTINUOUS
10
143.577
20
-138.948
11
143.631
21
-139.029
0
LINE
8
BLACK
6
CONTINUOUS
10
143.631
20
-139.029
11
143.65
21
-139.125
0
LINE
8
BLACK
6
CONTINUOUS
10
143.65
20
-139.125
11
143.65
21
-140.075
0
LINE
8
BLACK
6
CONTINUOUS
10
143.65
20
-140.075
11
143.631
21
-140.171
0
LINE
8
BLACK
6
CONTINUOUS
10
143.631
20
-140.171
11
143.577
21
-140.252
0
LINE
8
BLACK
6
CONTINUOUS
10
143.577
20
-140.252
11
143.496
21
-140.306
0
LINE
8
BLACK
6
CONTINUOUS
10
143.496
20
-140.306
11
143.4
21
-140.325
0
LINE
8
BLACK
6
CONTINUOUS
10
143.4
20
-140.325
11
142.9
21
-140.325
0
LINE
8
BLACK
6
CONTINUOUS
10
142.9
20
-140.325
11
142.804
21
-140.306
0
LINE
8
BLACK
6
CONTINUOUS
10
142.804
20
-140.306
11
142.723
21
-140.252
0
LINE
8
BLACK
6
CONTINUOUS
10
142.723
20
-140.252
11
142.669
21
-140.171
0
LINE
8
BLACK
6
CONTINUOUS
10
142.669
20
-140.171
11
142.65
21
-140.075
0
LINE
8
BLACK
6
CONTINUOUS
10
142.65
20
-140.075
11
142.65
21
-139.125
0
LINE
8
BLACK
6
CONTINUOUS
10
142.65
20
-139.125
11
142.669
21
-139.029
0
LINE
8
BLACK
6
CONTINUOUS
10
142.669
20
-139.029
11
142.723
21
-138.948
0
LINE
8
BLACK
6
CONTINUOUS
10
142.723
20
-138.948
11
142.804
21
-138.894
0
LINE
8
BLACK
6
CONTINUOUS
10
142.804
20
-138.894
11
142.9
21
-138.875
0
LINE
8
BLACK
6
CONTINUOUS
10
142.9
20
-138.875
11
143.4
21
-138.875
0
LINE
8
BLACK
6
CONTINUOUS
10
143.4
20
-138.875
11
143.496
21
-138.894
0
LINE
8
BLACK
6
CONTINUOUS
10
110.746
20
-139.169
11
110.827
21
-139.223
0
LINE
8
BLACK
6
CONTINUOUS
10
110.827
20
-139.223
11
110.881
21
-139.304
0
LINE
8
BLACK
6
CONTINUOUS
10
110.881
20
-139.304
11
110.9
21
-139.4
0
LINE
8
BLACK
6
CONTINUOUS
10
110.9
20
-139.4
11
110.9
21
-140.05
0
LINE
8
BLACK
6
CONTINUOUS
10
110.9
20
-140.05
11
110.881
21
-140.146
0
LINE
8
BLACK
6
CONTINUOUS
10
110.881
20
-140.146
11
110.827
21
-140.227
0
LINE
8
BLACK
6
CONTINUOUS
10
110.827
20
-140.227
11
110.746
21
-140.281
0
LINE
8
BLACK
6
CONTINUOUS
10
110.746
20
-140.281
11
110.65
21
-140.3
0
LINE
8
BLACK
6
CONTINUOUS
10
110.65
20
-140.3
11
109.35
21
-140.3
0
LINE
8
BLACK
6
CONTINUOUS
10
109.35
20
-140.3
11
109.254
21
-140.281
0
LINE
8
BLACK
6
CONTINUOUS
10
109.254
20
-140.281
11
109.173
21
-140.227
0
LINE
8
BLACK
6
CONTINUOUS
10
109.173
20
-140.227
11
109.119
21
-140.146
0
LINE
8
BLACK
6
CONTINUOUS
10
109.119
20
-140.146
11
109.1
21
-140.05
0
LINE
8
BLACK
6
CONTINUOUS
10
109.1
20
-140.05
11
109.1
21
-139.4
0
LINE
8
BLACK
6
CONTINUOUS
10
109.1
20
-139.4
11
109.119
21
-139.304
0
LINE
8
BLACK
6
CONTINUOUS
10
109.119
20
-139.304
11
109.173
21
-139.223
0
LINE
8
BLACK
6
CONTINUOUS
10
109.173
20
-139.223
11
109.254
21
-139.169
0
LINE
8
BLACK
6
CONTINUOUS
10
109.254
20
-139.169
11
109.35
21
-139.15
0
LINE
8
BLACK
6
CONTINUOUS
10
109.35
20
-139.15
11
110.65
21
-139.15
0
LINE
8
BLACK
6
CONTINUOUS
10
110.65
20
-139.15
11
110.746
21
-139.169
0
LINE
8
BLACK
6
CONTINUOUS
10
130.886
20
-139.292
11
130.959
21
-139.341
0
LINE
8
BLACK
6
CONTINUOUS
10
130.959
20
-139.341
11
131.008
21
-139.414
0
LINE
8
BLACK
6
CONTINUOUS
10
131.008
20
-139.414
11
131.025
21
-139.5
0
LINE
8
BLACK
6
CONTINUOUS
10
131.025
20
-139.5
11
131.025
21
-139.95
0
LINE
8
BLACK
6
CONTINUOUS
10
131.025
20
-139.95
11
131.008
21
-140.036
0
LINE
8
BLACK
6
CONTINUOUS
10
131.008
20
-140.036
11
130.959
21
-140.109
0
LINE
8
BLACK
6
CONTINUOUS
10
130.959
20
-140.109
11
130.886
21
-140.158
0
LINE
8
BLACK
6
CONTINUOUS
10
130.886
20
-140.158
11
130.8
21
-140.175
0
LINE
8
BLACK
6
CONTINUOUS
10
130.8
20
-140.175
11
130.3
21
-140.175
0
LINE
8
BLACK
6
CONTINUOUS
10
130.3
20
-140.175
11
130.214
21
-140.158
0
LINE
8
BLACK
6
CONTINUOUS
10
130.214
20
-140.158
11
130.141
21
-140.109
0
LINE
8
BLACK
6
CONTINUOUS
10
130.141
20
-140.109
11
130.092
21
-140.036
0
LINE
8
BLACK
6
CONTINUOUS
10
130.092
20
-140.036
11
130.075
21
-139.95
0
LINE
8
BLACK
6
CONTINUOUS
10
130.075
20
-139.95
11
130.075
21
-139.5
0
LINE
8
BLACK
6
CONTINUOUS
10
130.075
20
-139.5
11
130.092
21
-139.414
0
LINE
8
BLACK
6
CONTINUOUS
10
130.092
20
-139.414
11
130.141
21
-139.341
0
LINE
8
BLACK
6
CONTINUOUS
10
130.141
20
-139.341
11
130.214
21
-139.292
0
LINE
8
BLACK
6
CONTINUOUS
10
130.214
20
-139.292
11
130.3
21
-139.275
0
LINE
8
BLACK
6
CONTINUOUS
10
130.3
20
-139.275
11
130.8
21
-139.275
0
LINE
8
BLACK
6
CONTINUOUS
10
130.8
20
-139.275
11
130.886
21
-139.292
0
LINE
8
BLACK
6
CONTINUOUS
10
161.799
20
-140.161
11
160.999
21
-140.161
0
LINE
8
BLACK
6
CONTINUOUS
10
160.999
20
-140.161
11
160.999
21
-139.862
0
LINE
8
BLACK
6
CONTINUOUS
10
160.999
20
-139.862
11
161.799
21
-139.862
0
LINE
8
BLACK
6
CONTINUOUS
10
161.799
20
-139.862
11
161.799
21
-140.161
0
LINE
8
BLACK
6
CONTINUOUS
10
164.799
20
-140.161
11
163.999
21
-140.161
0
LINE
8
BLACK
6
CONTINUOUS
10
163.999
20
-140.161
11
163.999
21
-139.862
0
LINE
8
BLACK
6
CONTINUOUS
10
163.999
20
-139.862
11
164.799
21
-139.862
0
LINE
8
BLACK
6
CONTINUOUS
10
164.799
20
-139.862
11
164.799
21
-140.161
0
LINE
8
BLACK
6
CONTINUOUS
10
125.096
20
-138.619
11
125.177
21
-138.673
0
LINE
8
BLACK
6
CONTINUOUS
10
125.177
20
-138.673
11
125.231
21
-138.754
0
LINE
8
BLACK
6
CONTINUOUS
10
125.231
20
-138.754
11
125.25
21
-138.85
0
LINE
8
BLACK
6
CONTINUOUS
10
125.25
20
-138.85
11
125.25
21
-139.5
0
LINE
8
BLACK
6
CONTINUOUS
10
125.25
20
-139.5
11
125.231
21
-139.596
0
LINE
8
BLACK
6
CONTINUOUS
10
125.231
20
-139.596
11
125.177
21
-139.677
0
LINE
8
BLACK
6
CONTINUOUS
10
125.177
20
-139.677
11
125.096
21
-139.731
0
LINE
8
BLACK
6
CONTINUOUS
10
125.096
20
-139.731
11
125
21
-139.75
0
LINE
8
BLACK
6
CONTINUOUS
10
125
20
-139.75
11
123.7
21
-139.75
0
LINE
8
BLACK
6
CONTINUOUS
10
123.7
20
-139.75
11
123.604
21
-139.731
0
LINE
8
BLACK
6
CONTINUOUS
10
123.604
20
-139.731
11
123.523
21
-139.677
0
LINE
8
BLACK
6
CONTINUOUS
10
123.523
20
-139.677
11
123.469
21
-139.596
0
LINE
8
BLACK
6
CONTINUOUS
10
123.469
20
-139.596
11
123.45
21
-139.5
0
LINE
8
BLACK
6
CONTINUOUS
10
123.45
20
-139.5
11
123.45
21
-138.85
0
LINE
8
BLACK
6
CONTINUOUS
10
123.45
20
-138.85
11
123.469
21
-138.754
0
LINE
8
BLACK
6
CONTINUOUS
10
123.469
20
-138.754
11
123.523
21
-138.673
0
LINE
8
BLACK
6
CONTINUOUS
10
123.523
20
-138.673
11
123.604
21
-138.619
0
LINE
8
BLACK
6
CONTINUOUS
10
123.604
20
-138.619
11
123.7
21
-138.6
0
LINE
8
BLACK
6
CONTINUOUS
10
123.7
20
-138.6
11
125
21
-138.6
0
LINE
8
BLACK
6
CONTINUOUS
10
125
20
-138.6
11
125.096
21
-138.619
0
LINE
8
BLACK
6
CONTINUOUS
10
161.799
20
-139.661
11
160.999
21
-139.661
0
LINE
8
BLACK
6
CONTINUOUS
10
160.999
20
-139.661
11
160.999
21
-139.362
0
LINE
8
BLACK
6
CONTINUOUS
10
160.999
20
-139.362
11
161.799
21
-139.362
0
LINE
8
BLACK
6
CONTINUOUS
10
161.799
20
-139.362
11
161.799
21
-139.661
0
LINE
8
BLACK
6
CONTINUOUS
10
164.799
20
-139.661
11
163.999
21
-139.661
0
LINE
8
BLACK
6
CONTINUOUS
10
163.999
20
-139.661
11
163.999
21
-139.362
0
LINE
8
BLACK
6
CONTINUOUS
10
163.999
20
-139.362
11
164.799
21
-139.362
0
LINE
8
BLACK
6
CONTINUOUS
10
164.799
20
-139.362
11
164.799
21
-139.661
0
LINE
8
BLACK
6
CONTINUOUS
10
129.387
20
-138.9
11
129.43
21
-138.93
0
LINE
8
BLACK
6
CONTINUOUS
10
129.43
20
-138.93
11
129.46
21
-138.973
0
LINE
8
BLACK
6
CONTINUOUS
10
129.46
20
-138.973
11
129.47
21
-139.025
0
LINE
8
BLACK
6
CONTINUOUS
10
129.47
20
-139.025
11
129.47
21
-139.295
0
LINE
8
BLACK
6
CONTINUOUS
10
129.47
20
-139.295
11
129.46
21
-139.347
0
LINE
8
BLACK
6
CONTINUOUS
10
129.46
20
-139.347
11
129.43
21
-139.39
0
LINE
8
BLACK
6
CONTINUOUS
10
129.43
20
-139.39
11
129.387
21
-139.42
0
LINE
8
BLACK
6
CONTINUOUS
10
129.387
20
-139.42
11
129.335
21
-139.43
0
LINE
8
BLACK
6
CONTINUOUS
10
129.335
20
-139.43
11
128.965
21
-139.43
0
LINE
8
BLACK
6
CONTINUOUS
10
128.965
20
-139.43
11
128.913
21
-139.42
0
LINE
8
BLACK
6
CONTINUOUS
10
128.913
20
-139.42
11
128.87
21
-139.39
0
LINE
8
BLACK
6
CONTINUOUS
10
128.87
20
-139.39
11
128.84
21
-139.347
0
LINE
8
BLACK
6
CONTINUOUS
10
128.84
20
-139.347
11
128.83
21
-139.295
0
LINE
8
BLACK
6
CONTINUOUS
10
128.83
20
-139.295
11
128.83
21
-139.025
0
LINE
8
BLACK
6
CONTINUOUS
10
128.83
20
-139.025
11
128.84
21
-138.973
0
LINE
8
BLACK
6
CONTINUOUS
10
128.84
20
-138.973
11
128.87
21
-138.93
0
LINE
8
BLACK
6
CONTINUOUS
10
128.87
20
-138.93
11
128.913
21
-138.9
0
LINE
8
BLACK
6
CONTINUOUS
10
128.913
20
-138.9
11
128.965
21
-138.89
0
LINE
8
BLACK
6
CONTINUOUS
10
128.965
20
-138.89
11
129.335
21
-138.89
0
LINE
8
BLACK
6
CONTINUOUS
10
129.335
20
-138.89
11
129.387
21
-138.9
0
LINE
8
BLACK
6
CONTINUOUS
10
128.324
20
-138.861
11
128.369
21
-138.891
0
LINE
8
BLACK
6
CONTINUOUS
10
128.369
20
-138.891
11
128.399
21
-138.936
0
LINE
8
BLACK
6
CONTINUOUS
10
128.399
20
-138.936
11
128.41
21
-138.99
0
LINE
8
BLACK
6
CONTINUOUS
10
128.41
20
-138.99
11
128.41
21
-139.27
0
LINE
8
BLACK
6
CONTINUOUS
10
128.41
20
-139.27
11
128.399
21
-139.324
0
LINE
8
BLACK
6
CONTINUOUS
10
128.399
20
-139.324
11
128.369
21
-139.369
0
LINE
8
BLACK
6
CONTINUOUS
10
128.369
20
-139.369
11
128.324
21
-139.399
0
LINE
8
BLACK
6
CONTINUOUS
10
128.324
20
-139.399
11
128.27
21
-139.41
0
LINE
8
BLACK
6
CONTINUOUS
10
128.27
20
-139.41
11
127.93
21
-139.41
0
LINE
8
BLACK
6
CONTINUOUS
10
127.93
20
-139.41
11
127.876
21
-139.399
0
LINE
8
BLACK
6
CONTINUOUS
10
127.876
20
-139.399
11
127.831
21
-139.369
0
LINE
8
BLACK
6
CONTINUOUS
10
127.831
20
-139.369
11
127.801
21
-139.324
0
LINE
8
BLACK
6
CONTINUOUS
10
127.801
20
-139.324
11
127.79
21
-139.27
0
LINE
8
BLACK
6
CONTINUOUS
10
127.79
20
-139.27
11
127.79
21
-138.99
0
LINE
8
BLACK
6
CONTINUOUS
10
127.79
20
-138.99
11
127.801
21
-138.936
0
LINE
8
BLACK
6
CONTINUOUS
10
127.801
20
-138.936
11
127.831
21
-138.891
0
LINE
8
BLACK
6
CONTINUOUS
10
127.831
20
-138.891
11
127.876
21
-138.861
0
LINE
8
BLACK
6
CONTINUOUS
10
127.876
20
-138.861
11
127.93
21
-138.85
0
LINE
8
BLACK
6
CONTINUOUS
10
127.93
20
-138.85
11
128.27
21
-138.85
0
LINE
8
BLACK
6
CONTINUOUS
10
128.27
20
-138.85
11
128.324
21
-138.861
0
LINE
8
BLACK
6
CONTINUOUS
10
132.137
20
-138.85
11
132.18
21
-138.88
0
LINE
8
BLACK
6
CONTINUOUS
10
132.18
20
-138.88
11
132.21
21
-138.923
0
LINE
8
BLACK
6
CONTINUOUS
10
132.21
20
-138.923
11
132.22
21
-138.975
0
LINE
8
BLACK
6
CONTINUOUS
10
132.22
20
-138.975
11
132.22
21
-139.245
0
LINE
8
BLACK
6
CONTINUOUS
10
132.22
20
-139.245
11
132.21
21
-139.297
0
LINE
8
BLACK
6
CONTINUOUS
10
132.21
20
-139.297
11
132.18
21
-139.34
0
LINE
8
BLACK
6
CONTINUOUS
10
132.18
20
-139.34
11
132.137
21
-139.37
0
LINE
8
BLACK
6
CONTINUOUS
10
132.137
20
-139.37
11
132.085
21
-139.38
0
LINE
8
BLACK
6
CONTINUOUS
10
132.085
20
-139.38
11
131.715
21
-139.38
0
LINE
8
BLACK
6
CONTINUOUS
10
131.715
20
-139.38
11
131.663
21
-139.37
0
LINE
8
BLACK
6
CONTINUOUS
10
131.663
20
-139.37
11
131.62
21
-139.34
0
LINE
8
BLACK
6
CONTINUOUS
10
131.62
20
-139.34
11
131.59
21
-139.297
0
LINE
8
BLACK
6
CONTINUOUS
10
131.59
20
-139.297
11
131.58
21
-139.245
0
LINE
8
BLACK
6
CONTINUOUS
10
131.58
20
-139.245
11
131.58
21
-138.975
0
LINE
8
BLACK
6
CONTINUOUS
10
131.58
20
-138.975
11
131.59
21
-138.923
0
LINE
8
BLACK
6
CONTINUOUS
10
131.59
20
-138.923
11
131.62
21
-138.88
0
LINE
8
BLACK
6
CONTINUOUS
10
131.62
20
-138.88
11
131.663
21
-138.85
0
LINE
8
BLACK
6
CONTINUOUS
10
131.663
20
-138.85
11
131.715
21
-138.84
0
LINE
8
BLACK
6
CONTINUOUS
10
131.715
20
-138.84
11
132.085
21
-138.84
0
LINE
8
BLACK
6
CONTINUOUS
10
132.085
20
-138.84
11
132.137
21
-138.85
0
LINE
8
BLACK
6
CONTINUOUS
10
138.45
20
-139.325
11
134.85
21
-139.325
0
LINE
8
BLACK
6
CONTINUOUS
10
134.85
20
-139.325
11
134.85
21
-137.825
0
LINE
8
BLACK
6
CONTINUOUS
10
134.85
20
-137.825
11
138.45
21
-137.825
0
LINE
8
BLACK
6
CONTINUOUS
10
138.45
20
-137.825
11
138.45
21
-139.325
0
LINE
8
BLACK
6
CONTINUOUS
10
146.586
20
-138.342
11
146.659
21
-138.391
0
LINE
8
BLACK
6
CONTINUOUS
10
146.659
20
-138.391
11
146.708
21
-138.464
0
LINE
8
BLACK
6
CONTINUOUS
10
146.708
20
-138.464
11
146.725
21
-138.55
0
LINE
8
BLACK
6
CONTINUOUS
10
146.725
20
-138.55
11
146.725
21
-139
0
LINE
8
BLACK
6
CONTINUOUS
10
146.725
20
-139
11
146.708
21
-139.086
0
LINE
8
BLACK
6
CONTINUOUS
10
146.708
20
-139.086
11
146.659
21
-139.159
0
LINE
8
BLACK
6
CONTINUOUS
10
146.659
20
-139.159
11
146.586
21
-139.208
0
LINE
8
BLACK
6
CONTINUOUS
10
146.586
20
-139.208
11
146.5
21
-139.225
0
LINE
8
BLACK
6
CONTINUOUS
10
146.5
20
-139.225
11
146
21
-139.225
0
LINE
8
BLACK
6
CONTINUOUS
10
146
20
-139.225
11
145.914
21
-139.208
0
LINE
8
BLACK
6
CONTINUOUS
10
145.914
20
-139.208
11
145.841
21
-139.159
0
LINE
8
BLACK
6
CONTINUOUS
10
145.841
20
-139.159
11
145.792
21
-139.086
0
LINE
8
BLACK
6
CONTINUOUS
10
145.792
20
-139.086
11
145.775
21
-139
0
LINE
8
BLACK
6
CONTINUOUS
10
145.775
20
-139
11
145.775
21
-138.55
0
LINE
8
BLACK
6
CONTINUOUS
10
145.775
20
-138.55
11
145.792
21
-138.464
0
LINE
8
BLACK
6
CONTINUOUS
10
145.792
20
-138.464
11
145.841
21
-138.391
0
LINE
8
BLACK
6
CONTINUOUS
10
145.841
20
-138.391
11
145.914
21
-138.342
0
LINE
8
BLACK
6
CONTINUOUS
10
145.914
20
-138.342
11
146
21
-138.325
0
LINE
8
BLACK
6
CONTINUOUS
10
146
20
-138.325
11
146.5
21
-138.325
0
LINE
8
BLACK
6
CONTINUOUS
10
146.5
20
-138.325
11
146.586
21
-138.342
0
LINE
8
BLACK
6
CONTINUOUS
10
161.799
20
-139.161
11
160.999
21
-139.161
0
LINE
8
BLACK
6
CONTINUOUS
10
160.999
20
-139.161
11
160.999
21
-138.862
0
LINE
8
BLACK
6
CONTINUOUS
10
160.999
20
-138.862
11
161.799
21
-138.862
0
LINE
8
BLACK
6
CONTINUOUS
10
161.799
20
-138.862
11
161.799
21
-139.161
0
LINE
8
BLACK
6
CONTINUOUS
10
164.799
20
-139.161
11
163.999
21
-139.161
0
LINE
8
BLACK
6
CONTINUOUS
10
163.999
20
-139.161
11
163.999
21
-138.862
0
LINE
8
BLACK
6
CONTINUOUS
10
163.999
20
-138.862
11
164.799
21
-138.862
0
LINE
8
BLACK
6
CONTINUOUS
10
164.799
20
-138.862
11
164.799
21
-139.161
0
LINE
8
BLACK
6
CONTINUOUS
10
154.627
20
-137.74
11
154.691
21
-137.784
0
LINE
8
BLACK
6
CONTINUOUS
10
154.691
20
-137.784
11
154.735
21
-137.848
0
LINE
8
BLACK
6
CONTINUOUS
10
154.735
20
-137.848
11
154.75
21
-137.925
0
LINE
8
BLACK
6
CONTINUOUS
10
154.75
20
-137.925
11
154.75
21
-138.475
0
LINE
8
BLACK
6
CONTINUOUS
10
154.75
20
-138.475
11
154.735
21
-138.552
0
LINE
8
BLACK
6
CONTINUOUS
10
154.735
20
-138.552
11
154.691
21
-138.616
0
LINE
8
BLACK
6
CONTINUOUS
10
154.691
20
-138.616
11
154.627
21
-138.66
0
LINE
8
BLACK
6
CONTINUOUS
10
154.627
20
-138.66
11
154.55
21
-138.675
0
LINE
8
BLACK
6
CONTINUOUS
10
154.55
20
-138.675
11
154.15
21
-138.675
0
LINE
8
BLACK
6
CONTINUOUS
10
154.15
20
-138.675
11
154.073
21
-138.66
0
LINE
8
BLACK
6
CONTINUOUS
10
154.073
20
-138.66
11
154.009
21
-138.616
0
LINE
8
BLACK
6
CONTINUOUS
10
154.009
20
-138.616
11
153.965
21
-138.552
0
LINE
8
BLACK
6
CONTINUOUS
10
153.965
20
-138.552
11
153.95
21
-138.475
0
LINE
8
BLACK
6
CONTINUOUS
10
153.95
20
-138.475
11
153.95
21
-137.925
0
LINE
8
BLACK
6
CONTINUOUS
10
153.95
20
-137.925
11
153.965
21
-137.848
0
LINE
8
BLACK
6
CONTINUOUS
10
153.965
20
-137.848
11
154.009
21
-137.784
0
LINE
8
BLACK
6
CONTINUOUS
10
154.009
20
-137.784
11
154.073
21
-137.74
0
LINE
8
BLACK
6
CONTINUOUS
10
154.073
20
-137.74
11
154.15
21
-137.725
0
LINE
8
BLACK
6
CONTINUOUS
10
154.15
20
-137.725
11
154.55
21
-137.725
0
LINE
8
BLACK
6
CONTINUOUS
10
154.55
20
-137.725
11
154.627
21
-137.74
0
LINE
8
BLACK
6
CONTINUOUS
10
156.277
20
-137.74
11
156.341
21
-137.784
0
LINE
8
BLACK
6
CONTINUOUS
10
156.341
20
-137.784
11
156.385
21
-137.848
0
LINE
8
BLACK
6
CONTINUOUS
10
156.385
20
-137.848
11
156.4
21
-137.925
0
LINE
8
BLACK
6
CONTINUOUS
10
156.4
20
-137.925
11
156.4
21
-138.475
0
LINE
8
BLACK
6
CONTINUOUS
10
156.4
20
-138.475
11
156.385
21
-138.552
0
LINE
8
BLACK
6
CONTINUOUS
10
156.385
20
-138.552
11
156.341
21
-138.616
0
LINE
8
BLACK
6
CONTINUOUS
10
156.341
20
-138.616
11
156.277
21
-138.66
0
LINE
8
BLACK
6
CONTINUOUS
10
156.277
20
-138.66
11
156.2
21
-138.675
0
LINE
8
BLACK
6
CONTINUOUS
10
156.2
20
-138.675
11
155.8
21
-138.675
0
LINE
8
BLACK
6
CONTINUOUS
10
155.8
20
-138.675
11
155.723
21
-138.66
0
LINE
8
BLACK
6
CONTINUOUS
10
155.723
20
-138.66
11
155.659
21
-138.616
0
LINE
8
BLACK
6
CONTINUOUS
10
155.659
20
-138.616
11
155.615
21
-138.552
0
LINE
8
BLACK
6
CONTINUOUS
10
155.615
20
-138.552
11
155.6
21
-138.475
0
LINE
8
BLACK
6
CONTINUOUS
10
155.6
20
-138.475
11
155.6
21
-137.925
0
LINE
8
BLACK
6
CONTINUOUS
10
155.6
20
-137.925
11
155.615
21
-137.848
0
LINE
8
BLACK
6
CONTINUOUS
10
155.615
20
-137.848
11
155.659
21
-137.784
0
LINE
8
BLACK
6
CONTINUOUS
10
155.659
20
-137.784
11
155.723
21
-137.74
0
LINE
8
BLACK
6
CONTINUOUS
10
155.723
20
-137.74
11
155.8
21
-137.725
0
LINE
8
BLACK
6
CONTINUOUS
10
155.8
20
-137.725
11
156.2
21
-137.725
0
LINE
8
BLACK
6
CONTINUOUS
10
156.2
20
-137.725
11
156.277
21
-137.74
0
LINE
8
BLACK
6
CONTINUOUS
10
157.827
20
-137.74
11
157.891
21
-137.784
0
LINE
8
BLACK
6
CONTINUOUS
10
157.891
20
-137.784
11
157.935
21
-137.848
0
LINE
8
BLACK
6
CONTINUOUS
10
157.935
20
-137.848
11
157.95
21
-137.925
0
LINE
8
BLACK
6
CONTINUOUS
10
157.95
20
-137.925
11
157.95
21
-138.475
0
LINE
8
BLACK
6
CONTINUOUS
10
157.95
20
-138.475
11
157.935
21
-138.552
0
LINE
8
BLACK
6
CONTINUOUS
10
157.935
20
-138.552
11
157.891
21
-138.616
0
LINE
8
BLACK
6
CONTINUOUS
10
157.891
20
-138.616
11
157.827
21
-138.66
0
LINE
8
BLACK
6
CONTINUOUS
10
157.827
20
-138.66
11
157.75
21
-138.675
0
LINE
8
BLACK
6
CONTINUOUS
10
157.75
20
-138.675
11
157.35
21
-138.675
0
LINE
8
BLACK
6
CONTINUOUS
10
157.35
20
-138.675
11
157.273
21
-138.66
0
LINE
8
BLACK
6
CONTINUOUS
10
157.273
20
-138.66
11
157.209
21
-138.616
0
LINE
8
BLACK
6
CONTINUOUS
10
157.209
20
-138.616
11
157.165
21
-138.552
0
LINE
8
BLACK
6
CONTINUOUS
10
157.165
20
-138.552
11
157.15
21
-138.475
0
LINE
8
BLACK
6
CONTINUOUS
10
157.15
20
-138.475
11
157.15
21
-137.925
0
LINE
8
BLACK
6
CONTINUOUS
10
157.15
20
-137.925
11
157.165
21
-137.848
0
LINE
8
BLACK
6
CONTINUOUS
10
157.165
20
-137.848
11
157.209
21
-137.784
0
LINE
8
BLACK
6
CONTINUOUS
10
157.209
20
-137.784
11
157.273
21
-137.74
0
LINE
8
BLACK
6
CONTINUOUS
10
157.273
20
-137.74
11
157.35
21
-137.725
0
LINE
8
BLACK
6
CONTINUOUS
10
157.35
20
-137.725
11
157.75
21
-137.725
0
LINE
8
BLACK
6
CONTINUOUS
10
157.75
20
-137.725
11
157.827
21
-137.74
0
LINE
8
BLACK
6
CONTINUOUS
10
159.477
20
-137.74
11
159.541
21
-137.784
0
LINE
8
BLACK
6
CONTINUOUS
10
159.541
20
-137.784
11
159.585
21
-137.848
0
LINE
8
BLACK
6
CONTINUOUS
10
159.585
20
-137.848
11
159.6
21
-137.925
0
LINE
8
BLACK
6
CONTINUOUS
10
159.6
20
-137.925
11
159.6
21
-138.475
0
LINE
8
BLACK
6
CONTINUOUS
10
159.6
20
-138.475
11
159.585
21
-138.552
0
LINE
8
BLACK
6
CONTINUOUS
10
159.585
20
-138.552
11
159.541
21
-138.616
0
LINE
8
BLACK
6
CONTINUOUS
10
159.541
20
-138.616
11
159.477
21
-138.66
0
LINE
8
BLACK
6
CONTINUOUS
10
159.477
20
-138.66
11
159.4
21
-138.675
0
LINE
8
BLACK
6
CONTINUOUS
10
159.4
20
-138.675
11
159
21
-138.675
0
LINE
8
BLACK
6
CONTINUOUS
10
159
20
-138.675
11
158.923
21
-138.66
0
LINE
8
BLACK
6
CONTINUOUS
10
158.923
20
-138.66
11
158.859
21
-138.616
0
LINE
8
BLACK
6
CONTINUOUS
10
158.859
20
-138.616
11
158.815
21
-138.552
0
LINE
8
BLACK
6
CONTINUOUS
10
158.815
20
-138.552
11
158.8
21
-138.475
0
LINE
8
BLACK
6
CONTINUOUS
10
158.8
20
-138.475
11
158.8
21
-137.925
0
LINE
8
BLACK
6
CONTINUOUS
10
158.8
20
-137.925
11
158.815
21
-137.848
0
LINE
8
BLACK
6
CONTINUOUS
10
158.815
20
-137.848
11
158.859
21
-137.784
0
LINE
8
BLACK
6
CONTINUOUS
10
158.859
20
-137.784
11
158.923
21
-137.74
0
LINE
8
BLACK
6
CONTINUOUS
10
158.923
20
-137.74
11
159
21
-137.725
0
LINE
8
BLACK
6
CONTINUOUS
10
159
20
-137.725
11
159.4
21
-137.725
0
LINE
8
BLACK
6
CONTINUOUS
10
159.4
20
-137.725
11
159.477
21
-137.74
0
LINE
8
BLACK
6
CONTINUOUS
10
167.652
20
-137.74
11
167.716
21
-137.784
0
LINE
8
BLACK
6
CONTINUOUS
10
167.716
20
-137.784
11
167.76
21
-137.848
0
LINE
8
BLACK
6
CONTINUOUS
10
167.76
20
-137.848
11
167.775
21
-137.925
0
LINE
8
BLACK
6
CONTINUOUS
10
167.775
20
-137.925
11
167.775
21
-138.475
0
LINE
8
BLACK
6
CONTINUOUS
10
167.775
20
-138.475
11
167.76
21
-138.552
0
LINE
8
BLACK
6
CONTINUOUS
10
167.76
20
-138.552
11
167.716
21
-138.616
0
LINE
8
BLACK
6
CONTINUOUS
10
167.716
20
-138.616
11
167.652
21
-138.66
0
LINE
8
BLACK
6
CONTINUOUS
10
167.652
20
-138.66
11
167.575
21
-138.675
0
LINE
8
BLACK
6
CONTINUOUS
10
167.575
20
-138.675
11
167.175
21
-138.675
0
LINE
8
BLACK
6
CONTINUOUS
10
167.175
20
-138.675
11
167.098
21
-138.66
0
LINE
8
BLACK
6
CONTINUOUS
10
167.098
20
-138.66
11
167.034
21
-138.616
0
LINE
8
BLACK
6
CONTINUOUS
10
167.034
20
-138.616
11
166.99
21
-138.552
0
LINE
8
BLACK
6
CONTINUOUS
10
166.99
20
-138.552
11
166.975
21
-138.475
0
LINE
8
BLACK
6
CONTINUOUS
10
166.975
20
-138.475
11
166.975
21
-137.925
0
LINE
8
BLACK
6
CONTINUOUS
10
166.975
20
-137.925
11
166.99
21
-137.848
0
LINE
8
BLACK
6
CONTINUOUS
10
166.99
20
-137.848
11
167.034
21
-137.784
0
LINE
8
BLACK
6
CONTINUOUS
10
167.034
20
-137.784
11
167.098
21
-137.74
0
LINE
8
BLACK
6
CONTINUOUS
10
167.098
20
-137.74
11
167.175
21
-137.725
0
LINE
8
BLACK
6
CONTINUOUS
10
167.175
20
-137.725
11
167.575
21
-137.725
0
LINE
8
BLACK
6
CONTINUOUS
10
167.575
20
-137.725
11
167.652
21
-137.74
0
LINE
8
BLACK
6
CONTINUOUS
10
169.302
20
-137.74
11
169.366
21
-137.784
0
LINE
8
BLACK
6
CONTINUOUS
10
169.366
20
-137.784
11
169.41
21
-137.848
0
LINE
8
BLACK
6
CONTINUOUS
10
169.41
20
-137.848
11
169.425
21
-137.925
0
LINE
8
BLACK
6
CONTINUOUS
10
169.425
20
-137.925
11
169.425
21
-138.475
0
LINE
8
BLACK
6
CONTINUOUS
10
169.425
20
-138.475
11
169.41
21
-138.552
0
LINE
8
BLACK
6
CONTINUOUS
10
169.41
20
-138.552
11
169.366
21
-138.616
0
LINE
8
BLACK
6
CONTINUOUS
10
169.366
20
-138.616
11
169.302
21
-138.66
0
LINE
8
BLACK
6
CONTINUOUS
10
169.302
20
-138.66
11
169.225
21
-138.675
0
LINE
8
BLACK
6
CONTINUOUS
10
169.225
20
-138.675
11
168.825
21
-138.675
0
LINE
8
BLACK
6
CONTINUOUS
10
168.825
20
-138.675
11
168.748
21
-138.66
0
LINE
8
BLACK
6
CONTINUOUS
10
168.748
20
-138.66
11
168.684
21
-138.616
0
LINE
8
BLACK
6
CONTINUOUS
10
168.684
20
-138.616
11
168.64
21
-138.552
0
LINE
8
BLACK
6
CONTINUOUS
10
168.64
20
-138.552
11
168.625
21
-138.475
0
LINE
8
BLACK
6
CONTINUOUS
10
168.625
20
-138.475
11
168.625
21
-137.925
0
LINE
8
BLACK
6
CONTINUOUS
10
168.625
20
-137.925
11
168.64
21
-137.848
0
LINE
8
BLACK
6
CONTINUOUS
10
168.64
20
-137.848
11
168.684
21
-137.784
0
LINE
8
BLACK
6
CONTINUOUS
10
168.684
20
-137.784
11
168.748
21
-137.74
0
LINE
8
BLACK
6
CONTINUOUS
10
168.748
20
-137.74
11
168.825
21
-137.725
0
LINE
8
BLACK
6
CONTINUOUS
10
168.825
20
-137.725
11
169.225
21
-137.725
0
LINE
8
BLACK
6
CONTINUOUS
10
169.225
20
-137.725
11
169.302
21
-137.74
0
LINE
8
BLACK
6
CONTINUOUS
10
170.915
20
-137.742
11
170.986
21
-137.789
0
LINE
8
BLACK
6
CONTINUOUS
10
170.986
20
-137.789
11
171.033
21
-137.86
0
LINE
8
BLACK
6
CONTINUOUS
10
171.033
20
-137.86
11
171.05
21
-137.944
0
LINE
8
BLACK
6
CONTINUOUS
10
171.05
20
-137.944
11
171.05
21
-138.456
0
LINE
8
BLACK
6
CONTINUOUS
10
171.05
20
-138.456
11
171.033
21
-138.54
0
LINE
8
BLACK
6
CONTINUOUS
10
171.033
20
-138.54
11
170.986
21
-138.611
0
LINE
8
BLACK
6
CONTINUOUS
10
170.986
20
-138.611
11
170.915
21
-138.658
0
LINE
8
BLACK
6
CONTINUOUS
10
170.915
20
-138.658
11
170.831
21
-138.675
0
LINE
8
BLACK
6
CONTINUOUS
10
170.831
20
-138.675
11
170.394
21
-138.675
0
LINE
8
BLACK
6
CONTINUOUS
10
170.394
20
-138.675
11
170.31
21
-138.658
0
LINE
8
BLACK
6
CONTINUOUS
10
170.31
20
-138.658
11
170.239
21
-138.611
0
LINE
8
BLACK
6
CONTINUOUS
10
170.239
20
-138.611
11
170.192
21
-138.54
0
LINE
8
BLACK
6
CONTINUOUS
10
170.192
20
-138.54
11
170.175
21
-138.456
0
LINE
8
BLACK
6
CONTINUOUS
10
170.175
20
-138.456
11
170.175
21
-137.944
0
LINE
8
BLACK
6
CONTINUOUS
10
170.175
20
-137.944
11
170.192
21
-137.86
0
LINE
8
BLACK
6
CONTINUOUS
10
170.192
20
-137.86
11
170.239
21
-137.789
0
LINE
8
BLACK
6
CONTINUOUS
10
170.239
20
-137.789
11
170.31
21
-137.742
0
LINE
8
BLACK
6
CONTINUOUS
10
170.31
20
-137.742
11
170.394
21
-137.725
0
LINE
8
BLACK
6
CONTINUOUS
10
170.394
20
-137.725
11
170.831
21
-137.725
0
LINE
8
BLACK
6
CONTINUOUS
10
170.831
20
-137.725
11
170.915
21
-137.742
0
LINE
8
BLACK
6
CONTINUOUS
10
172.49
20
-137.742
11
172.561
21
-137.789
0
LINE
8
BLACK
6
CONTINUOUS
10
172.561
20
-137.789
11
172.608
21
-137.86
0
LINE
8
BLACK
6
CONTINUOUS
10
172.608
20
-137.86
11
172.625
21
-137.944
0
LINE
8
BLACK
6
CONTINUOUS
10
172.625
20
-137.944
11
172.625
21
-138.456
0
LINE
8
BLACK
6
CONTINUOUS
10
172.625
20
-138.456
11
172.608
21
-138.54
0
LINE
8
BLACK
6
CONTINUOUS
10
172.608
20
-138.54
11
172.561
21
-138.611
0
LINE
8
BLACK
6
CONTINUOUS
10
172.561
20
-138.611
11
172.49
21
-138.658
0
LINE
8
BLACK
6
CONTINUOUS
10
172.49
20
-138.658
11
172.406
21
-138.675
0
LINE
8
BLACK
6
CONTINUOUS
10
172.406
20
-138.675
11
171.969
21
-138.675
0
LINE
8
BLACK
6
CONTINUOUS
10
171.969
20
-138.675
11
171.885
21
-138.658
0
LINE
8
BLACK
6
CONTINUOUS
10
171.885
20
-138.658
11
171.814
21
-138.611
0
LINE
8
BLACK
6
CONTINUOUS
10
171.814
20
-138.611
11
171.767
21
-138.54
0
LINE
8
BLACK
6
CONTINUOUS
10
171.767
20
-138.54
11
171.75
21
-138.456
0
LINE
8
BLACK
6
CONTINUOUS
10
171.75
20
-138.456
11
171.75
21
-137.944
0
LINE
8
BLACK
6
CONTINUOUS
10
171.75
20
-137.944
11
171.767
21
-137.86
0
LINE
8
BLACK
6
CONTINUOUS
10
171.767
20
-137.86
11
171.814
21
-137.789
0
LINE
8
BLACK
6
CONTINUOUS
10
171.814
20
-137.789
11
171.885
21
-137.742
0
LINE
8
BLACK
6
CONTINUOUS
10
171.885
20
-137.742
11
171.969
21
-137.725
0
LINE
8
BLACK
6
CONTINUOUS
10
171.969
20
-137.725
11
172.406
21
-137.725
0
LINE
8
BLACK
6
CONTINUOUS
10
172.406
20
-137.725
11
172.49
21
-137.742
0
LINE
8
BLACK
6
CONTINUOUS
10
161.799
20
-138.661
11
160.999
21
-138.661
0
LINE
8
BLACK
6
CONTINUOUS
10
160.999
20
-138.661
11
160.999
21
-138.362
0
LINE
8
BLACK
6
CONTINUOUS
10
160.999
20
-138.362
11
161.799
21
-138.362
0
LINE
8
BLACK
6
CONTINUOUS
10
161.799
20
-138.362
11
161.799
21
-138.661
0
LINE
8
BLACK
6
CONTINUOUS
10
164.799
20
-138.661
11
163.999
21
-138.661
0
LINE
8
BLACK
6
CONTINUOUS
10
163.999
20
-138.661
11
163.999
21
-138.362
0
LINE
8
BLACK
6
CONTINUOUS
10
163.999
20
-138.362
11
164.799
21
-138.362
0
LINE
8
BLACK
6
CONTINUOUS
10
164.799
20
-138.362
11
164.799
21
-138.661
0
LINE
8
BLACK
6
CONTINUOUS
10
130.886
20
-137.742
11
130.959
21
-137.791
0
LINE
8
BLACK
6
CONTINUOUS
10
130.959
20
-137.791
11
131.008
21
-137.864
0
LINE
8
BLACK
6
CONTINUOUS
10
131.008
20
-137.864
11
131.025
21
-137.95
0
LINE
8
BLACK
6
CONTINUOUS
10
131.025
20
-137.95
11
131.025
21
-138.4
0
LINE
8
BLACK
6
CONTINUOUS
10
131.025
20
-138.4
11
131.008
21
-138.486
0
LINE
8
BLACK
6
CONTINUOUS
10
131.008
20
-138.486
11
130.959
21
-138.559
0
LINE
8
BLACK
6
CONTINUOUS
10
130.959
20
-138.559
11
130.886
21
-138.608
0
LINE
8
BLACK
6
CONTINUOUS
10
130.886
20
-138.608
11
130.8
21
-138.625
0
LINE
8
BLACK
6
CONTINUOUS
10
130.8
20
-138.625
11
130.3
21
-138.625
0
LINE
8
BLACK
6
CONTINUOUS
10
130.3
20
-138.625
11
130.214
21
-138.608
0
LINE
8
BLACK
6
CONTINUOUS
10
130.214
20
-138.608
11
130.141
21
-138.559
0
LINE
8
BLACK
6
CONTINUOUS
10
130.141
20
-138.559
11
130.092
21
-138.486
0
LINE
8
BLACK
6
CONTINUOUS
10
130.092
20
-138.486
11
130.075
21
-138.4
0
LINE
8
BLACK
6
CONTINUOUS
10
130.075
20
-138.4
11
130.075
21
-137.95
0
LINE
8
BLACK
6
CONTINUOUS
10
130.075
20
-137.95
11
130.092
21
-137.864
0
LINE
8
BLACK
6
CONTINUOUS
10
130.092
20
-137.864
11
130.141
21
-137.791
0
LINE
8
BLACK
6
CONTINUOUS
10
130.141
20
-137.791
11
130.214
21
-137.742
0
LINE
8
BLACK
6
CONTINUOUS
10
130.214
20
-137.742
11
130.3
21
-137.725
0
LINE
8
BLACK
6
CONTINUOUS
10
130.3
20
-137.725
11
130.8
21
-137.725
0
LINE
8
BLACK
6
CONTINUOUS
10
130.8
20
-137.725
11
130.886
21
-137.742
0
LINE
8
BLACK
6
CONTINUOUS
10
128.324
20
-137.901
11
128.369
21
-137.931
0
LINE
8
BLACK
6
CONTINUOUS
10
128.369
20
-137.931
11
128.399
21
-137.976
0
LINE
8
BLACK
6
CONTINUOUS
10
128.399
20
-137.976
11
128.41
21
-138.03
0
LINE
8
BLACK
6
CONTINUOUS
10
128.41
20
-138.03
11
128.41
21
-138.31
0
LINE
8
BLACK
6
CONTINUOUS
10
128.41
20
-138.31
11
128.399
21
-138.364
0
LINE
8
BLACK
6
CONTINUOUS
10
128.399
20
-138.364
11
128.369
21
-138.409
0
LINE
8
BLACK
6
CONTINUOUS
10
128.369
20
-138.409
11
128.324
21
-138.439
0
LINE
8
BLACK
6
CONTINUOUS
10
128.324
20
-138.439
11
128.27
21
-138.45
0
LINE
8
BLACK
6
CONTINUOUS
10
128.27
20
-138.45
11
127.93
21
-138.45
0
LINE
8
BLACK
6
CONTINUOUS
10
127.93
20
-138.45
11
127.876
21
-138.439
0
LINE
8
BLACK
6
CONTINUOUS
10
127.876
20
-138.439
11
127.831
21
-138.409
0
LINE
8
BLACK
6
CONTINUOUS
10
127.831
20
-138.409
11
127.801
21
-138.364
0
LINE
8
BLACK
6
CONTINUOUS
10
127.801
20
-138.364
11
127.79
21
-138.31
0
LINE
8
BLACK
6
CONTINUOUS
10
127.79
20
-138.31
11
127.79
21
-138.03
0
LINE
8
BLACK
6
CONTINUOUS
10
127.79
20
-138.03
11
127.801
21
-137.976
0
LINE
8
BLACK
6
CONTINUOUS
10
127.801
20
-137.976
11
127.831
21
-137.931
0
LINE
8
BLACK
6
CONTINUOUS
10
127.831
20
-137.931
11
127.876
21
-137.901
0
LINE
8
BLACK
6
CONTINUOUS
10
127.876
20
-137.901
11
127.93
21
-137.89
0
LINE
8
BLACK
6
CONTINUOUS
10
127.93
20
-137.89
11
128.27
21
-137.89
0
LINE
8
BLACK
6
CONTINUOUS
10
128.27
20
-137.89
11
128.324
21
-137.901
0
LINE
8
BLACK
6
CONTINUOUS
10
129.387
20
-137.88
11
129.43
21
-137.91
0
LINE
8
BLACK
6
CONTINUOUS
10
129.43
20
-137.91
11
129.46
21
-137.953
0
LINE
8
BLACK
6
CONTINUOUS
10
129.46
20
-137.953
11
129.47
21
-138.005
0
LINE
8
BLACK
6
CONTINUOUS
10
129.47
20
-138.005
11
129.47
21
-138.275
0
LINE
8
BLACK
6
CONTINUOUS
10
129.47
20
-138.275
11
129.46
21
-138.327
0
LINE
8
BLACK
6
CONTINUOUS
10
129.46
20
-138.327
11
129.43
21
-138.37
0
LINE
8
BLACK
6
CONTINUOUS
10
129.43
20
-138.37
11
129.387
21
-138.4
0
LINE
8
BLACK
6
CONTINUOUS
10
129.387
20
-138.4
11
129.335
21
-138.41
0
LINE
8
BLACK
6
CONTINUOUS
10
129.335
20
-138.41
11
128.965
21
-138.41
0
LINE
8
BLACK
6
CONTINUOUS
10
128.965
20
-138.41
11
128.913
21
-138.4
0
LINE
8
BLACK
6
CONTINUOUS
10
128.913
20
-138.4
11
128.87
21
-138.37
0
LINE
8
BLACK
6
CONTINUOUS
10
128.87
20
-138.37
11
128.84
21
-138.327
0
LINE
8
BLACK
6
CONTINUOUS
10
128.84
20
-138.327
11
128.83
21
-138.275
0
LINE
8
BLACK
6
CONTINUOUS
10
128.83
20
-138.275
11
128.83
21
-138.005
0
LINE
8
BLACK
6
CONTINUOUS
10
128.83
20
-138.005
11
128.84
21
-137.953
0
LINE
8
BLACK
6
CONTINUOUS
10
128.84
20
-137.953
11
128.87
21
-137.91
0
LINE
8
BLACK
6
CONTINUOUS
10
128.87
20
-137.91
11
128.913
21
-137.88
0
LINE
8
BLACK
6
CONTINUOUS
10
128.913
20
-137.88
11
128.965
21
-137.87
0
LINE
8
BLACK
6
CONTINUOUS
10
128.965
20
-137.87
11
129.335
21
-137.87
0
LINE
8
BLACK
6
CONTINUOUS
10
129.335
20
-137.87
11
129.387
21
-137.88
0
LINE
8
BLACK
6
CONTINUOUS
10
132.137
20
-137.83
11
132.18
21
-137.86
0
LINE
8
BLACK
6
CONTINUOUS
10
132.18
20
-137.86
11
132.21
21
-137.903
0
LINE
8
BLACK
6
CONTINUOUS
10
132.21
20
-137.903
11
132.22
21
-137.955
0
LINE
8
BLACK
6
CONTINUOUS
10
132.22
20
-137.955
11
132.22
21
-138.225
0
LINE
8
BLACK
6
CONTINUOUS
10
132.22
20
-138.225
11
132.21
21
-138.277
0
LINE
8
BLACK
6
CONTINUOUS
10
132.21
20
-138.277
11
132.18
21
-138.32
0
LINE
8
BLACK
6
CONTINUOUS
10
132.18
20
-138.32
11
132.137
21
-138.35
0
LINE
8
BLACK
6
CONTINUOUS
10
132.137
20
-138.35
11
132.085
21
-138.36
0
LINE
8
BLACK
6
CONTINUOUS
10
132.085
20
-138.36
11
131.715
21
-138.36
0
LINE
8
BLACK
6
CONTINUOUS
10
131.715
20
-138.36
11
131.663
21
-138.35
0
LINE
8
BLACK
6
CONTINUOUS
10
131.663
20
-138.35
11
131.62
21
-138.32
0
LINE
8
BLACK
6
CONTINUOUS
10
131.62
20
-138.32
11
131.59
21
-138.277
0
LINE
8
BLACK
6
CONTINUOUS
10
131.59
20
-138.277
11
131.58
21
-138.225
0
LINE
8
BLACK
6
CONTINUOUS
10
131.58
20
-138.225
11
131.58
21
-137.955
0
LINE
8
BLACK
6
CONTINUOUS
10
131.58
20
-137.955
11
131.59
21
-137.903
0
LINE
8
BLACK
6
CONTINUOUS
10
131.59
20
-137.903
11
131.62
21
-137.86
0
LINE
8
BLACK
6
CONTINUOUS
10
131.62
20
-137.86
11
131.663
21
-137.83
0
LINE
8
BLACK
6
CONTINUOUS
10
131.663
20
-137.83
11
131.715
21
-137.82
0
LINE
8
BLACK
6
CONTINUOUS
10
131.715
20
-137.82
11
132.085
21
-137.82
0
LINE
8
BLACK
6
CONTINUOUS
10
132.085
20
-137.82
11
132.137
21
-137.83
0
LINE
8
BLACK
6
CONTINUOUS
10
140.767
20
-137.051
11
140.771
21
-137.054
0
LINE
8
BLACK
6
CONTINUOUS
10
140.771
20
-137.054
11
140.774
21
-137.058
0
LINE
8
BLACK
6
CONTINUOUS
10
140.774
20
-137.058
11
140.775
21
-137.062
0
LINE
8
BLACK
6
CONTINUOUS
10
140.775
20
-137.062
11
140.775
21
-137.737
0
LINE
8
BLACK
6
CONTINUOUS
10
140.775
20
-137.737
11
140.774
21
-137.742
0
LINE
8
BLACK
6
CONTINUOUS
10
140.774
20
-137.742
11
140.771
21
-137.746
0
LINE
8
BLACK
6
CONTINUOUS
10
140.771
20
-137.746
11
140.767
21
-137.749
0
LINE
8
BLACK
6
CONTINUOUS
10
140.767
20
-137.749
11
140.762
21
-137.75
0
LINE
8
BLACK
6
CONTINUOUS
10
140.762
20
-137.75
11
140.537
21
-137.75
0
LINE
8
BLACK
6
CONTINUOUS
10
140.537
20
-137.75
11
140.533
21
-137.749
0
LINE
8
BLACK
6
CONTINUOUS
10
140.533
20
-137.749
11
140.529
21
-137.746
0
LINE
8
BLACK
6
CONTINUOUS
10
140.529
20
-137.746
11
140.526
21
-137.742
0
LINE
8
BLACK
6
CONTINUOUS
10
140.526
20
-137.742
11
140.525
21
-137.737
0
LINE
8
BLACK
6
CONTINUOUS
10
140.525
20
-137.737
11
140.525
21
-137.062
0
LINE
8
BLACK
6
CONTINUOUS
10
140.525
20
-137.062
11
140.526
21
-137.058
0
LINE
8
BLACK
6
CONTINUOUS
10
140.526
20
-137.058
11
140.529
21
-137.054
0
LINE
8
BLACK
6
CONTINUOUS
10
140.529
20
-137.054
11
140.533
21
-137.051
0
LINE
8
BLACK
6
CONTINUOUS
10
140.533
20
-137.051
11
140.537
21
-137.05
0
LINE
8
BLACK
6
CONTINUOUS
10
140.537
20
-137.05
11
140.762
21
-137.05
0
LINE
8
BLACK
6
CONTINUOUS
10
140.762
20
-137.05
11
140.767
21
-137.051
0
LINE
8
BLACK
6
CONTINUOUS
10
141.267
20
-137.051
11
141.271
21
-137.054
0
LINE
8
BLACK
6
CONTINUOUS
10
141.271
20
-137.054
11
141.274
21
-137.058
0
LINE
8
BLACK
6
CONTINUOUS
10
141.274
20
-137.058
11
141.275
21
-137.062
0
LINE
8
BLACK
6
CONTINUOUS
10
141.275
20
-137.062
11
141.275
21
-137.737
0
LINE
8
BLACK
6
CONTINUOUS
10
141.275
20
-137.737
11
141.274
21
-137.742
0
LINE
8
BLACK
6
CONTINUOUS
10
141.274
20
-137.742
11
141.271
21
-137.746
0
LINE
8
BLACK
6
CONTINUOUS
10
141.271
20
-137.746
11
141.267
21
-137.749
0
LINE
8
BLACK
6
CONTINUOUS
10
141.267
20
-137.749
11
141.262
21
-137.75
0
LINE
8
BLACK
6
CONTINUOUS
10
141.262
20
-137.75
11
141.037
21
-137.75
0
LINE
8
BLACK
6
CONTINUOUS
10
141.037
20
-137.75
11
141.033
21
-137.749
0
LINE
8
BLACK
6
CONTINUOUS
10
141.033
20
-137.749
11
141.029
21
-137.746
0
LINE
8
BLACK
6
CONTINUOUS
10
141.029
20
-137.746
11
141.026
21
-137.742
0
LINE
8
BLACK
6
CONTINUOUS
10
141.026
20
-137.742
11
141.025
21
-137.737
0
LINE
8
BLACK
6
CONTINUOUS
10
141.025
20
-137.737
11
141.025
21
-137.062
0
LINE
8
BLACK
6
CONTINUOUS
10
141.025
20
-137.062
11
141.026
21
-137.058
0
LINE
8
BLACK
6
CONTINUOUS
10
141.026
20
-137.058
11
141.029
21
-137.054
0
LINE
8
BLACK
6
CONTINUOUS
10
141.029
20
-137.054
11
141.033
21
-137.051
0
LINE
8
BLACK
6
CONTINUOUS
10
141.033
20
-137.051
11
141.037
21
-137.05
0
LINE
8
BLACK
6
CONTINUOUS
10
141.037
20
-137.05
11
141.262
21
-137.05
0
LINE
8
BLACK
6
CONTINUOUS
10
141.262
20
-137.05
11
141.267
21
-137.051
0
LINE
8
BLACK
6
CONTINUOUS
10
141.767
20
-137.051
11
141.771
21
-137.054
0
LINE
8
BLACK
6
CONTINUOUS
10
141.771
20
-137.054
11
141.774
21
-137.058
0
LINE
8
BLACK
6
CONTINUOUS
10
141.774
20
-137.058
11
141.775
21
-137.062
0
LINE
8
BLACK
6
CONTINUOUS
10
141.775
20
-137.062
11
141.775
21
-137.737
0
LINE
8
BLACK
6
CONTINUOUS
10
141.775
20
-137.737
11
141.774
21
-137.742
0
LINE
8
BLACK
6
CONTINUOUS
10
141.774
20
-137.742
11
141.771
21
-137.746
0
LINE
8
BLACK
6
CONTINUOUS
10
141.771
20
-137.746
11
141.767
21
-137.749
0
LINE
8
BLACK
6
CONTINUOUS
10
141.767
20
-137.749
11
141.762
21
-137.75
0
LINE
8
BLACK
6
CONTINUOUS
10
141.762
20
-137.75
11
141.537
21
-137.75
0
LINE
8
BLACK
6
CONTINUOUS
10
141.537
20
-137.75
11
141.533
21
-137.749
0
LINE
8
BLACK
6
CONTINUOUS
10
141.533
20
-137.749
11
141.529
21
-137.746
0
LINE
8
BLACK
6
CONTINUOUS
10
141.529
20
-137.746
11
141.526
21
-137.742
0
LINE
8
BLACK
6
CONTINUOUS
10
141.526
20
-137.742
11
141.525
21
-137.737
0
LINE
8
BLACK
6
CONTINUOUS
10
141.525
20
-137.737
11
141.525
21
-137.062
0
LINE
8
BLACK
6
CONTINUOUS
10
141.525
20
-137.062
11
141.526
21
-137.058
0
LINE
8
BLACK
6
CONTINUOUS
10
141.526
20
-137.058
11
141.529
21
-137.054
0
LINE
8
BLACK
6
CONTINUOUS
10
141.529
20
-137.054
11
141.533
21
-137.051
0
LINE
8
BLACK
6
CONTINUOUS
10
141.533
20
-137.051
11
141.537
21
-137.05
0
LINE
8
BLACK
6
CONTINUOUS
10
141.537
20
-137.05
11
141.762
21
-137.05
0
LINE
8
BLACK
6
CONTINUOUS
10
141.762
20
-137.05
11
141.767
21
-137.051
0
LINE
8
BLACK
6
CONTINUOUS
10
142.267
20
-137.051
11
142.271
21
-137.054
0
LINE
8
BLACK
6
CONTINUOUS
10
142.271
20
-137.054
11
142.274
21
-137.058
0
LINE
8
BLACK
6
CONTINUOUS
10
142.274
20
-137.058
11
142.275
21
-137.062
0
LINE
8
BLACK
6
CONTINUOUS
10
142.275
20
-137.062
11
142.275
21
-137.737
0
LINE
8
BLACK
6
CONTINUOUS
10
142.275
20
-137.737
11
142.274
21
-137.742
0
LINE
8
BLACK
6
CONTINUOUS
10
142.274
20
-137.742
11
142.271
21
-137.746
0
LINE
8
BLACK
6
CONTINUOUS
10
142.271
20
-137.746
11
142.267
21
-137.749
0
LINE
8
BLACK
6
CONTINUOUS
10
142.267
20
-137.749
11
142.262
21
-137.75
0
LINE
8
BLACK
6
CONTINUOUS
10
142.262
20
-137.75
11
142.037
21
-137.75
0
LINE
8
BLACK
6
CONTINUOUS
10
142.037
20
-137.75
11
142.033
21
-137.749
0
LINE
8
BLACK
6
CONTINUOUS
10
142.033
20
-137.749
11
142.029
21
-137.746
0
LINE
8
BLACK
6
CONTINUOUS
10
142.029
20
-137.746
11
142.026
21
-137.742
0
LINE
8
BLACK
6
CONTINUOUS
10
142.026
20
-137.742
11
142.025
21
-137.737
0
LINE
8
BLACK
6
CONTINUOUS
10
142.025
20
-137.737
11
142.025
21
-137.062
0
LINE
8
BLACK
6
CONTINUOUS
10
142.025
20
-137.062
11
142.026
21
-137.058
0
LINE
8
BLACK
6
CONTINUOUS
10
142.026
20
-137.058
11
142.029
21
-137.054
0
LINE
8
BLACK
6
CONTINUOUS
10
142.029
20
-137.054
11
142.033
21
-137.051
0
LINE
8
BLACK
6
CONTINUOUS
10
142.033
20
-137.051
11
142.037
21
-137.05
0
LINE
8
BLACK
6
CONTINUOUS
10
142.037
20
-137.05
11
142.262
21
-137.05
0
LINE
8
BLACK
6
CONTINUOUS
10
142.262
20
-137.05
11
142.267
21
-137.051
0
LINE
8
BLACK
6
CONTINUOUS
10
146.586
20
-136.792
11
146.659
21
-136.841
0
LINE
8
BLACK
6
CONTINUOUS
10
146.659
20
-136.841
11
146.708
21
-136.914
0
LINE
8
BLACK
6
CONTINUOUS
10
146.708
20
-136.914
11
146.725
21
-137
0
LINE
8
BLACK
6
CONTINUOUS
10
146.725
20
-137
11
146.725
21
-137.45
0
LINE
8
BLACK
6
CONTINUOUS
10
146.725
20
-137.45
11
146.708
21
-137.536
0
LINE
8
BLACK
6
CONTINUOUS
10
146.708
20
-137.536
11
146.659
21
-137.609
0
LINE
8
BLACK
6
CONTINUOUS
10
146.659
20
-137.609
11
146.586
21
-137.658
0
LINE
8
BLACK
6
CONTINUOUS
10
146.586
20
-137.658
11
146.5
21
-137.675
0
LINE
8
BLACK
6
CONTINUOUS
10
146.5
20
-137.675
11
146
21
-137.675
0
LINE
8
BLACK
6
CONTINUOUS
10
146
20
-137.675
11
145.914
21
-137.658
0
LINE
8
BLACK
6
CONTINUOUS
10
145.914
20
-137.658
11
145.841
21
-137.609
0
LINE
8
BLACK
6
CONTINUOUS
10
145.841
20
-137.609
11
145.792
21
-137.536
0
LINE
8
BLACK
6
CONTINUOUS
10
145.792
20
-137.536
11
145.775
21
-137.45
0
LINE
8
BLACK
6
CONTINUOUS
10
145.775
20
-137.45
11
145.775
21
-137
0
LINE
8
BLACK
6
CONTINUOUS
10
145.775
20
-137
11
145.792
21
-136.914
0
LINE
8
BLACK
6
CONTINUOUS
10
145.792
20
-136.914
11
145.841
21
-136.841
0
LINE
8
BLACK
6
CONTINUOUS
10
145.841
20
-136.841
11
145.914
21
-136.792
0
LINE
8
BLACK
6
CONTINUOUS
10
145.914
20
-136.792
11
146
21
-136.775
0
LINE
8
BLACK
6
CONTINUOUS
10
146
20
-136.775
11
146.5
21
-136.775
0
LINE
8
BLACK
6
CONTINUOUS
10
146.5
20
-136.775
11
146.586
21
-136.792
0
LINE
8
BLACK
6
CONTINUOUS
10
144.062
20
-136.9
11
144.105
21
-136.93
0
LINE
8
BLACK
6
CONTINUOUS
10
144.105
20
-136.93
11
144.135
21
-136.973
0
LINE
8
BLACK
6
CONTINUOUS
10
144.135
20
-136.973
11
144.145
21
-137.025
0
LINE
8
BLACK
6
CONTINUOUS
10
144.145
20
-137.025
11
144.145
21
-137.295
0
LINE
8
BLACK
6
CONTINUOUS
10
144.145
20
-137.295
11
144.135
21
-137.347
0
LINE
8
BLACK
6
CONTINUOUS
10
144.135
20
-137.347
11
144.105
21
-137.39
0
LINE
8
BLACK
6
CONTINUOUS
10
144.105
20
-137.39
11
144.062
21
-137.42
0
LINE
8
BLACK
6
CONTINUOUS
10
144.062
20
-137.42
11
144.01
21
-137.43
0
LINE
8
BLACK
6
CONTINUOUS
10
144.01
20
-137.43
11
143.64
21
-137.43
0
LINE
8
BLACK
6
CONTINUOUS
10
143.64
20
-137.43
11
143.588
21
-137.42
0
LINE
8
BLACK
6
CONTINUOUS
10
143.588
20
-137.42
11
143.545
21
-137.39
0
LINE
8
BLACK
6
CONTINUOUS
10
143.545
20
-137.39
11
143.515
21
-137.347
0
LINE
8
BLACK
6
CONTINUOUS
10
143.515
20
-137.347
11
143.505
21
-137.295
0
LINE
8
BLACK
6
CONTINUOUS
10
143.505
20
-137.295
11
143.505
21
-137.025
0
LINE
8
BLACK
6
CONTINUOUS
10
143.505
20
-137.025
11
143.515
21
-136.973
0
LINE
8
BLACK
6
CONTINUOUS
10
143.515
20
-136.973
11
143.545
21
-136.93
0
LINE
8
BLACK
6
CONTINUOUS
10
143.545
20
-136.93
11
143.588
21
-136.9
0
LINE
8
BLACK
6
CONTINUOUS
10
143.588
20
-136.9
11
143.64
21
-136.89
0
LINE
8
BLACK
6
CONTINUOUS
10
143.64
20
-136.89
11
144.01
21
-136.89
0
LINE
8
BLACK
6
CONTINUOUS
10
144.01
20
-136.89
11
144.062
21
-136.9
0
LINE
8
BLACK
6
CONTINUOUS
10
145.137
20
-136.9
11
145.18
21
-136.93
0
LINE
8
BLACK
6
CONTINUOUS
10
145.18
20
-136.93
11
145.21
21
-136.973
0
LINE
8
BLACK
6
CONTINUOUS
10
145.21
20
-136.973
11
145.22
21
-137.025
0
LINE
8
BLACK
6
CONTINUOUS
10
145.22
20
-137.025
11
145.22
21
-137.295
0
LINE
8
BLACK
6
CONTINUOUS
10
145.22
20
-137.295
11
145.21
21
-137.347
0
LINE
8
BLACK
6
CONTINUOUS
10
145.21
20
-137.347
11
145.18
21
-137.39
0
LINE
8
BLACK
6
CONTINUOUS
10
145.18
20
-137.39
11
145.137
21
-137.42
0
LINE
8
BLACK
6
CONTINUOUS
10
145.137
20
-137.42
11
145.085
21
-137.43
0
LINE
8
BLACK
6
CONTINUOUS
10
145.085
20
-137.43
11
144.715
21
-137.43
0
LINE
8
BLACK
6
CONTINUOUS
10
144.715
20
-137.43
11
144.663
21
-137.42
0
LINE
8
BLACK
6
CONTINUOUS
10
144.663
20
-137.42
11
144.62
21
-137.39
0
LINE
8
BLACK
6
CONTINUOUS
10
144.62
20
-137.39
11
144.59
21
-137.347
0
LINE
8
BLACK
6
CONTINUOUS
10
144.59
20
-137.347
11
144.58
21
-137.295
0
LINE
8
BLACK
6
CONTINUOUS
10
144.58
20
-137.295
11
144.58
21
-137.025
0
LINE
8
BLACK
6
CONTINUOUS
10
144.58
20
-137.025
11
144.59
21
-136.973
0
LINE
8
BLACK
6
CONTINUOUS
10
144.59
20
-136.973
11
144.62
21
-136.93
0
LINE
8
BLACK
6
CONTINUOUS
10
144.62
20
-136.93
11
144.663
21
-136.9
0
LINE
8
BLACK
6
CONTINUOUS
10
144.663
20
-136.9
11
144.715
21
-136.89
0
LINE
8
BLACK
6
CONTINUOUS
10
144.715
20
-136.89
11
145.085
21
-136.89
0
LINE
8
BLACK
6
CONTINUOUS
10
145.085
20
-136.89
11
145.137
21
-136.9
0
LINE
8
BLACK
6
CONTINUOUS
10
149.274
20
-135.97
11
149.385
21
-136.026
0
LINE
8
BLACK
6
CONTINUOUS
10
149.385
20
-136.026
11
149.474
21
-136.115
0
LINE
8
BLACK
6
CONTINUOUS
10
149.474
20
-136.115
11
149.53
21
-136.226
0
LINE
8
BLACK
6
CONTINUOUS
10
149.53
20
-136.226
11
149.55
21
-136.35
0
LINE
8
BLACK
6
CONTINUOUS
10
149.55
20
-136.35
11
149.55
21
-136.85
0
LINE
8
BLACK
6
CONTINUOUS
10
149.55
20
-136.85
11
149.53
21
-136.974
0
LINE
8
BLACK
6
CONTINUOUS
10
149.53
20
-136.974
11
149.474
21
-137.085
0
LINE
8
BLACK
6
CONTINUOUS
10
149.474
20
-137.085
11
149.385
21
-137.174
0
LINE
8
BLACK
6
CONTINUOUS
10
149.385
20
-137.174
11
149.274
21
-137.23
0
LINE
8
BLACK
6
CONTINUOUS
10
149.274
20
-137.23
11
149.15
21
-137.25
0
LINE
8
BLACK
6
CONTINUOUS
10
149.15
20
-137.25
11
149.026
21
-137.23
0
LINE
8
BLACK
6
CONTINUOUS
10
149.026
20
-137.23
11
148.915
21
-137.174
0
LINE
8
BLACK
6
CONTINUOUS
10
148.915
20
-137.174
11
148.826
21
-137.085
0
LINE
8
BLACK
6
CONTINUOUS
10
148.826
20
-137.085
11
148.77
21
-136.974
0
LINE
8
BLACK
6
CONTINUOUS
10
148.77
20
-136.974
11
148.75
21
-136.85
0
LINE
8
BLACK
6
CONTINUOUS
10
148.75
20
-136.85
11
148.75
21
-136.35
0
LINE
8
BLACK
6
CONTINUOUS
10
148.75
20
-136.35
11
148.77
21
-136.226
0
LINE
8
BLACK
6
CONTINUOUS
10
148.77
20
-136.226
11
148.826
21
-136.115
0
LINE
8
BLACK
6
CONTINUOUS
10
148.826
20
-136.115
11
148.915
21
-136.026
0
LINE
8
BLACK
6
CONTINUOUS
10
148.915
20
-136.026
11
149.026
21
-135.97
0
LINE
8
BLACK
6
CONTINUOUS
10
149.026
20
-135.97
11
149.15
21
-135.95
0
LINE
8
BLACK
6
CONTINUOUS
10
149.15
20
-135.95
11
149.274
21
-135.97
0
LINE
8
BLACK
6
CONTINUOUS
10
150.524
20
-135.97
11
150.635
21
-136.026
0
LINE
8
BLACK
6
CONTINUOUS
10
150.635
20
-136.026
11
150.724
21
-136.115
0
LINE
8
BLACK
6
CONTINUOUS
10
150.724
20
-136.115
11
150.78
21
-136.226
0
LINE
8
BLACK
6
CONTINUOUS
10
150.78
20
-136.226
11
150.8
21
-136.35
0
LINE
8
BLACK
6
CONTINUOUS
10
150.8
20
-136.35
11
150.8
21
-136.85
0
LINE
8
BLACK
6
CONTINUOUS
10
150.8
20
-136.85
11
150.78
21
-136.974
0
LINE
8
BLACK
6
CONTINUOUS
10
150.78
20
-136.974
11
150.724
21
-137.085
0
LINE
8
BLACK
6
CONTINUOUS
10
150.724
20
-137.085
11
150.635
21
-137.174
0
LINE
8
BLACK
6
CONTINUOUS
10
150.635
20
-137.174
11
150.524
21
-137.23
0
LINE
8
BLACK
6
CONTINUOUS
10
150.524
20
-137.23
11
150.4
21
-137.25
0
LINE
8
BLACK
6
CONTINUOUS
10
150.4
20
-137.25
11
150.276
21
-137.23
0
LINE
8
BLACK
6
CONTINUOUS
10
150.276
20
-137.23
11
150.165
21
-137.174
0
LINE
8
BLACK
6
CONTINUOUS
10
150.165
20
-137.174
11
150.076
21
-137.085
0
LINE
8
BLACK
6
CONTINUOUS
10
150.076
20
-137.085
11
150.02
21
-136.974
0
LINE
8
BLACK
6
CONTINUOUS
10
150.02
20
-136.974
11
150
21
-136.85
0
LINE
8
BLACK
6
CONTINUOUS
10
150
20
-136.85
11
150
21
-136.35
0
LINE
8
BLACK
6
CONTINUOUS
10
150
20
-136.35
11
150.02
21
-136.226
0
LINE
8
BLACK
6
CONTINUOUS
10
150.02
20
-136.226
11
150.076
21
-136.115
0
LINE
8
BLACK
6
CONTINUOUS
10
150.076
20
-136.115
11
150.165
21
-136.026
0
LINE
8
BLACK
6
CONTINUOUS
10
150.165
20
-136.026
11
150.276
21
-135.97
0
LINE
8
BLACK
6
CONTINUOUS
10
150.276
20
-135.97
11
150.4
21
-135.95
0
LINE
8
BLACK
6
CONTINUOUS
10
150.4
20
-135.95
11
150.524
21
-135.97
0
LINE
8
BLACK
6
CONTINUOUS
10
151.927
20
-135.965
11
151.991
21
-136.009
0
LINE
8
BLACK
6
CONTINUOUS
10
151.991
20
-136.009
11
152.035
21
-136.073
0
LINE
8
BLACK
6
CONTINUOUS
10
152.035
20
-136.073
11
152.05
21
-136.15
0
LINE
8
BLACK
6
CONTINUOUS
10
152.05
20
-136.15
11
152.05
21
-137.05
0
LINE
8
BLACK
6
CONTINUOUS
10
152.05
20
-137.05
11
152.035
21
-137.127
0
LINE
8
BLACK
6
CONTINUOUS
10
152.035
20
-137.127
11
151.991
21
-137.191
0
LINE
8
BLACK
6
CONTINUOUS
10
151.991
20
-137.191
11
151.927
21
-137.235
0
LINE
8
BLACK
6
CONTINUOUS
10
151.927
20
-137.235
11
151.85
21
-137.25
0
LINE
8
BLACK
6
CONTINUOUS
10
151.85
20
-137.25
11
151.45
21
-137.25
0
LINE
8
BLACK
6
CONTINUOUS
10
151.45
20
-137.25
11
151.373
21
-137.235
0
LINE
8
BLACK
6
CONTINUOUS
10
151.373
20
-137.235
11
151.309
21
-137.191
0
LINE
8
BLACK
6
CONTINUOUS
10
151.309
20
-137.191
11
151.265
21
-137.127
0
LINE
8
BLACK
6
CONTINUOUS
10
151.265
20
-137.127
11
151.25
21
-137.05
0
LINE
8
BLACK
6
CONTINUOUS
10
151.25
20
-137.05
11
151.25
21
-136.15
0
LINE
8
BLACK
6
CONTINUOUS
10
151.25
20
-136.15
11
151.265
21
-136.073
0
LINE
8
BLACK
6
CONTINUOUS
10
151.265
20
-136.073
11
151.309
21
-136.009
0
LINE
8
BLACK
6
CONTINUOUS
10
151.309
20
-136.009
11
151.373
21
-135.965
0
LINE
8
BLACK
6
CONTINUOUS
10
151.373
20
-135.965
11
151.45
21
-135.95
0
LINE
8
BLACK
6
CONTINUOUS
10
151.45
20
-135.95
11
151.85
21
-135.95
0
LINE
8
BLACK
6
CONTINUOUS
10
151.85
20
-135.95
11
151.927
21
-135.965
0
LINE
8
BLACK
6
CONTINUOUS
10
124.936
20
-136.242
11
125.009
21
-136.291
0
LINE
8
BLACK
6
CONTINUOUS
10
125.009
20
-136.291
11
125.058
21
-136.364
0
LINE
8
BLACK
6
CONTINUOUS
10
125.058
20
-136.364
11
125.075
21
-136.45
0
LINE
8
BLACK
6
CONTINUOUS
10
125.075
20
-136.45
11
125.075
21
-136.9
0
LINE
8
BLACK
6
CONTINUOUS
10
125.075
20
-136.9
11
125.058
21
-136.986
0
LINE
8
BLACK
6
CONTINUOUS
10
125.058
20
-136.986
11
125.009
21
-137.059
0
LINE
8
BLACK
6
CONTINUOUS
10
125.009
20
-137.059
11
124.936
21
-137.108
0
LINE
8
BLACK
6
CONTINUOUS
10
124.936
20
-137.108
11
124.85
21
-137.125
0
LINE
8
BLACK
6
CONTINUOUS
10
124.85
20
-137.125
11
124.35
21
-137.125
0
LINE
8
BLACK
6
CONTINUOUS
10
124.35
20
-137.125
11
124.264
21
-137.108
0
LINE
8
BLACK
6
CONTINUOUS
10
124.264
20
-137.108
11
124.191
21
-137.059
0
LINE
8
BLACK
6
CONTINUOUS
10
124.191
20
-137.059
11
124.142
21
-136.986
0
LINE
8
BLACK
6
CONTINUOUS
10
124.142
20
-136.986
11
124.125
21
-136.9
0
LINE
8
BLACK
6
CONTINUOUS
10
124.125
20
-136.9
11
124.125
21
-136.45
0
LINE
8
BLACK
6
CONTINUOUS
10
124.125
20
-136.45
11
124.142
21
-136.364
0
LINE
8
BLACK
6
CONTINUOUS
10
124.142
20
-136.364
11
124.191
21
-136.291
0
LINE
8
BLACK
6
CONTINUOUS
10
124.191
20
-136.291
11
124.264
21
-136.242
0
LINE
8
BLACK
6
CONTINUOUS
10
124.264
20
-136.242
11
124.35
21
-136.225
0
LINE
8
BLACK
6
CONTINUOUS
10
124.35
20
-136.225
11
124.85
21
-136.225
0
LINE
8
BLACK
6
CONTINUOUS
10
124.85
20
-136.225
11
124.936
21
-136.242
0
LINE
8
BLACK
6
CONTINUOUS
10
126.536
20
-136.242
11
126.609
21
-136.291
0
LINE
8
BLACK
6
CONTINUOUS
10
126.609
20
-136.291
11
126.658
21
-136.364
0
LINE
8
BLACK
6
CONTINUOUS
10
126.658
20
-136.364
11
126.675
21
-136.45
0
LINE
8
BLACK
6
CONTINUOUS
10
126.675
20
-136.45
11
126.675
21
-136.9
0
LINE
8
BLACK
6
CONTINUOUS
10
126.675
20
-136.9
11
126.658
21
-136.986
0
LINE
8
BLACK
6
CONTINUOUS
10
126.658
20
-136.986
11
126.609
21
-137.059
0
LINE
8
BLACK
6
CONTINUOUS
10
126.609
20
-137.059
11
126.536
21
-137.108
0
LINE
8
BLACK
6
CONTINUOUS
10
126.536
20
-137.108
11
126.45
21
-137.125
0
LINE
8
BLACK
6
CONTINUOUS
10
126.45
20
-137.125
11
125.95
21
-137.125
0
LINE
8
BLACK
6
CONTINUOUS
10
125.95
20
-137.125
11
125.864
21
-137.108
0
LINE
8
BLACK
6
CONTINUOUS
10
125.864
20
-137.108
11
125.791
21
-137.059
0
LINE
8
BLACK
6
CONTINUOUS
10
125.791
20
-137.059
11
125.742
21
-136.986
0
LINE
8
BLACK
6
CONTINUOUS
10
125.742
20
-136.986
11
125.725
21
-136.9
0
LINE
8
BLACK
6
CONTINUOUS
10
125.725
20
-136.9
11
125.725
21
-136.45
0
LINE
8
BLACK
6
CONTINUOUS
10
125.725
20
-136.45
11
125.742
21
-136.364
0
LINE
8
BLACK
6
CONTINUOUS
10
125.742
20
-136.364
11
125.791
21
-136.291
0
LINE
8
BLACK
6
CONTINUOUS
10
125.791
20
-136.291
11
125.864
21
-136.242
0
LINE
8
BLACK
6
CONTINUOUS
10
125.864
20
-136.242
11
125.95
21
-136.225
0
LINE
8
BLACK
6
CONTINUOUS
10
125.95
20
-136.225
11
126.45
21
-136.225
0
LINE
8
BLACK
6
CONTINUOUS
10
126.45
20
-136.225
11
126.536
21
-136.242
0
LINE
8
BLACK
6
CONTINUOUS
10
140.742
20
-136.526
11
140.746
21
-136.529
0
LINE
8
BLACK
6
CONTINUOUS
10
140.746
20
-136.529
11
140.749
21
-136.533
0
LINE
8
BLACK
6
CONTINUOUS
10
140.749
20
-136.533
11
140.75
21
-136.537
0
LINE
8
BLACK
6
CONTINUOUS
10
140.75
20
-136.537
11
140.75
21
-136.762
0
LINE
8
BLACK
6
CONTINUOUS
10
140.75
20
-136.762
11
140.749
21
-136.767
0
LINE
8
BLACK
6
CONTINUOUS
10
140.749
20
-136.767
11
140.746
21
-136.771
0
LINE
8
BLACK
6
CONTINUOUS
10
140.746
20
-136.771
11
140.742
21
-136.774
0
LINE
8
BLACK
6
CONTINUOUS
10
140.742
20
-136.774
11
140.737
21
-136.775
0
LINE
8
BLACK
6
CONTINUOUS
10
140.737
20
-136.775
11
140.062
21
-136.775
0
LINE
8
BLACK
6
CONTINUOUS
10
140.062
20
-136.775
11
140.058
21
-136.774
0
LINE
8
BLACK
6
CONTINUOUS
10
140.058
20
-136.774
11
140.054
21
-136.771
0
LINE
8
BLACK
6
CONTINUOUS
10
140.054
20
-136.771
11
140.051
21
-136.767
0
LINE
8
BLACK
6
CONTINUOUS
10
140.051
20
-136.767
11
140.05
21
-136.762
0
LINE
8
BLACK
6
CONTINUOUS
10
140.05
20
-136.762
11
140.05
21
-136.537
0
LINE
8
BLACK
6
CONTINUOUS
10
140.05
20
-136.537
11
140.051
21
-136.533
0
LINE
8
BLACK
6
CONTINUOUS
10
140.051
20
-136.533
11
140.054
21
-136.529
0
LINE
8
BLACK
6
CONTINUOUS
10
140.054
20
-136.529
11
140.058
21
-136.526
0
LINE
8
BLACK
6
CONTINUOUS
10
140.058
20
-136.526
11
140.062
21
-136.525
0
LINE
8
BLACK
6
CONTINUOUS
10
140.062
20
-136.525
11
140.737
21
-136.525
0
LINE
8
BLACK
6
CONTINUOUS
10
140.737
20
-136.525
11
140.742
21
-136.526
0
LINE
8
BLACK
6
CONTINUOUS
10
142.742
20
-136.526
11
142.746
21
-136.529
0
LINE
8
BLACK
6
CONTINUOUS
10
142.746
20
-136.529
11
142.749
21
-136.533
0
LINE
8
BLACK
6
CONTINUOUS
10
142.749
20
-136.533
11
142.75
21
-136.537
0
LINE
8
BLACK
6
CONTINUOUS
10
142.75
20
-136.537
11
142.75
21
-136.762
0
LINE
8
BLACK
6
CONTINUOUS
10
142.75
20
-136.762
11
142.749
21
-136.767
0
LINE
8
BLACK
6
CONTINUOUS
10
142.749
20
-136.767
11
142.746
21
-136.771
0
LINE
8
BLACK
6
CONTINUOUS
10
142.746
20
-136.771
11
142.742
21
-136.774
0
LINE
8
BLACK
6
CONTINUOUS
10
142.742
20
-136.774
11
142.737
21
-136.775
0
LINE
8
BLACK
6
CONTINUOUS
10
142.737
20
-136.775
11
142.062
21
-136.775
0
LINE
8
BLACK
6
CONTINUOUS
10
142.062
20
-136.775
11
142.058
21
-136.774
0
LINE
8
BLACK
6
CONTINUOUS
10
142.058
20
-136.774
11
142.054
21
-136.771
0
LINE
8
BLACK
6
CONTINUOUS
10
142.054
20
-136.771
11
142.051
21
-136.767
0
LINE
8
BLACK
6
CONTINUOUS
10
142.051
20
-136.767
11
142.05
21
-136.762
0
LINE
8
BLACK
6
CONTINUOUS
10
142.05
20
-136.762
11
142.05
21
-136.537
0
LINE
8
BLACK
6
CONTINUOUS
10
142.05
20
-136.537
11
142.051
21
-136.533
0
LINE
8
BLACK
6
CONTINUOUS
10
142.051
20
-136.533
11
142.054
21
-136.529
0
LINE
8
BLACK
6
CONTINUOUS
10
142.054
20
-136.529
11
142.058
21
-136.526
0
LINE
8
BLACK
6
CONTINUOUS
10
142.058
20
-136.526
11
142.062
21
-136.525
0
LINE
8
BLACK
6
CONTINUOUS
10
142.062
20
-136.525
11
142.737
21
-136.525
0
LINE
8
BLACK
6
CONTINUOUS
10
142.737
20
-136.525
11
142.742
21
-136.526
0
LINE
8
BLACK
6
CONTINUOUS
10
141.267
20
-136.051
11
141.271
21
-136.054
0
LINE
8
BLACK
6
CONTINUOUS
10
141.271
20
-136.054
11
141.274
21
-136.058
0
LINE
8
BLACK
6
CONTINUOUS
10
141.274
20
-136.058
11
141.275
21
-136.062
0
LINE
8
BLACK
6
CONTINUOUS
10
141.275
20
-136.062
11
141.275
21
-136.737
0
LINE
8
BLACK
6
CONTINUOUS
10
141.275
20
-136.737
11
141.274
21
-136.742
0
LINE
8
BLACK
6
CONTINUOUS
10
141.274
20
-136.742
11
141.271
21
-136.746
0
LINE
8
BLACK
6
CONTINUOUS
10
141.271
20
-136.746
11
141.267
21
-136.749
0
LINE
8
BLACK
6
CONTINUOUS
10
141.267
20
-136.749
11
141.262
21
-136.75
0
LINE
8
BLACK
6
CONTINUOUS
10
141.262
20
-136.75
11
141.037
21
-136.75
0
LINE
8
BLACK
6
CONTINUOUS
10
141.037
20
-136.75
11
141.033
21
-136.749
0
LINE
8
BLACK
6
CONTINUOUS
10
141.033
20
-136.749
11
141.029
21
-136.746
0
LINE
8
BLACK
6
CONTINUOUS
10
141.029
20
-136.746
11
141.026
21
-136.742
0
LINE
8
BLACK
6
CONTINUOUS
10
141.026
20
-136.742
11
141.025
21
-136.737
0
LINE
8
BLACK
6
CONTINUOUS
10
141.025
20
-136.737
11
141.025
21
-136.062
0
LINE
8
BLACK
6
CONTINUOUS
10
141.025
20
-136.062
11
141.026
21
-136.058
0
LINE
8
BLACK
6
CONTINUOUS
10
141.026
20
-136.058
11
141.029
21
-136.054
0
LINE
8
BLACK
6
CONTINUOUS
10
141.029
20
-136.054
11
141.033
21
-136.051
0
LINE
8
BLACK
6
CONTINUOUS
10
141.033
20
-136.051
11
141.037
21
-136.05
0
LINE
8
BLACK
6
CONTINUOUS
10
141.037
20
-136.05
11
141.262
21
-136.05
0
LINE
8
BLACK
6
CONTINUOUS
10
141.262
20
-136.05
11
141.267
21
-136.051
0
LINE
8
BLACK
6
CONTINUOUS
10
141.775
20
-136.175
11
141.775
21
-136.737
0
LINE
8
BLACK
6
CONTINUOUS
10
141.775
20
-136.737
11
141.774
21
-136.742
0
LINE
8
BLACK
6
CONTINUOUS
10
141.774
20
-136.742
11
141.771
21
-136.746
0
LINE
8
BLACK
6
CONTINUOUS
10
141.771
20
-136.746
11
141.767
21
-136.749
0
LINE
8
BLACK
6
CONTINUOUS
10
141.767
20
-136.749
11
141.762
21
-136.75
0
LINE
8
BLACK
6
CONTINUOUS
10
141.762
20
-136.75
11
141.537
21
-136.75
0
LINE
8
BLACK
6
CONTINUOUS
10
141.537
20
-136.75
11
141.533
21
-136.749
0
LINE
8
BLACK
6
CONTINUOUS
10
141.533
20
-136.749
11
141.529
21
-136.746
0
LINE
8
BLACK
6
CONTINUOUS
10
141.529
20
-136.746
11
141.526
21
-136.742
0
LINE
8
BLACK
6
CONTINUOUS
10
141.526
20
-136.742
11
141.525
21
-136.737
0
LINE
8
BLACK
6
CONTINUOUS
10
141.525
20
-136.737
11
141.525
21
-136.062
0
LINE
8
BLACK
6
CONTINUOUS
10
141.525
20
-136.062
11
141.526
21
-136.058
0
LINE
8
BLACK
6
CONTINUOUS
10
141.526
20
-136.058
11
141.529
21
-136.054
0
LINE
8
BLACK
6
CONTINUOUS
10
141.529
20
-136.054
11
141.533
21
-136.051
0
LINE
8
BLACK
6
CONTINUOUS
10
141.533
20
-136.051
11
141.537
21
-136.05
0
LINE
8
BLACK
6
CONTINUOUS
10
141.537
20
-136.05
11
141.65
21
-136.05
0
LINE
8
BLACK
6
CONTINUOUS
10
141.65
20
-136.05
11
141.775
21
-136.175
0
LINE
8
BLACK
6
CONTINUOUS
10
128.277
20
-136.652
11
128.023
21
-136.652
0
LINE
8
BLACK
6
CONTINUOUS
10
128.023
20
-136.652
11
128.023
21
-135.89
0
LINE
8
BLACK
6
CONTINUOUS
10
128.023
20
-135.89
11
128.277
21
-135.89
0
LINE
8
BLACK
6
CONTINUOUS
10
128.277
20
-135.89
11
128.277
21
-136.652
0
LINE
8
BLACK
6
CONTINUOUS
10
128.777
20
-136.652
11
128.523
21
-136.652
0
LINE
8
BLACK
6
CONTINUOUS
10
128.523
20
-136.652
11
128.523
21
-135.89
0
LINE
8
BLACK
6
CONTINUOUS
10
128.523
20
-135.89
11
128.777
21
-135.89
0
LINE
8
BLACK
6
CONTINUOUS
10
128.777
20
-135.89
11
128.777
21
-136.652
0
LINE
8
BLACK
6
CONTINUOUS
10
129.277
20
-136.652
11
129.023
21
-136.652
0
LINE
8
BLACK
6
CONTINUOUS
10
129.023
20
-136.652
11
129.023
21
-135.89
0
LINE
8
BLACK
6
CONTINUOUS
10
129.023
20
-135.89
11
129.277
21
-135.89
0
LINE
8
BLACK
6
CONTINUOUS
10
129.277
20
-135.89
11
129.277
21
-136.652
0
LINE
8
BLACK
6
CONTINUOUS
10
129.777
20
-136.652
11
129.523
21
-136.652
0
LINE
8
BLACK
6
CONTINUOUS
10
129.523
20
-136.652
11
129.523
21
-135.89
0
LINE
8
BLACK
6
CONTINUOUS
10
129.523
20
-135.89
11
129.777
21
-135.89
0
LINE
8
BLACK
6
CONTINUOUS
10
129.777
20
-135.89
11
129.777
21
-136.652
0
LINE
8
BLACK
6
CONTINUOUS
10
130.277
20
-136.652
11
130.023
21
-136.652
0
LINE
8
BLACK
6
CONTINUOUS
10
130.023
20
-136.652
11
130.023
21
-135.89
0
LINE
8
BLACK
6
CONTINUOUS
10
130.023
20
-135.89
11
130.277
21
-135.89
0
LINE
8
BLACK
6
CONTINUOUS
10
130.277
20
-135.89
11
130.277
21
-136.652
0
LINE
8
BLACK
6
CONTINUOUS
10
130.777
20
-136.652
11
130.523
21
-136.652
0
LINE
8
BLACK
6
CONTINUOUS
10
130.523
20
-136.652
11
130.523
21
-135.89
0
LINE
8
BLACK
6
CONTINUOUS
10
130.523
20
-135.89
11
130.777
21
-135.89
0
LINE
8
BLACK
6
CONTINUOUS
10
130.777
20
-135.89
11
130.777
21
-136.652
0
LINE
8
BLACK
6
CONTINUOUS
10
104.07
20
-134.669
11
104.258
21
-134.726
0
LINE
8
BLACK
6
CONTINUOUS
10
104.258
20
-134.726
11
104.431
21
-134.819
0
LINE
8
BLACK
6
CONTINUOUS
10
104.431
20
-134.819
11
104.582
21
-134.943
0
LINE
8
BLACK
6
CONTINUOUS
10
104.582
20
-134.943
11
104.706
21
-135.094
0
LINE
8
BLACK
6
CONTINUOUS
10
104.706
20
-135.094
11
104.799
21
-135.267
0
LINE
8
BLACK
6
CONTINUOUS
10
104.799
20
-135.267
11
104.856
21
-135.455
0
LINE
8
BLACK
6
CONTINUOUS
10
104.856
20
-135.455
11
104.875
21
-135.65
0
LINE
8
BLACK
6
CONTINUOUS
10
104.875
20
-135.65
11
104.856
21
-135.845
0
LINE
8
BLACK
6
CONTINUOUS
10
104.856
20
-135.845
11
104.799
21
-136.033
0
LINE
8
BLACK
6
CONTINUOUS
10
104.799
20
-136.033
11
104.706
21
-136.206
0
LINE
8
BLACK
6
CONTINUOUS
10
104.706
20
-136.206
11
104.582
21
-136.357
0
LINE
8
BLACK
6
CONTINUOUS
10
104.582
20
-136.357
11
104.431
21
-136.481
0
LINE
8
BLACK
6
CONTINUOUS
10
104.431
20
-136.481
11
104.258
21
-136.574
0
LINE
8
BLACK
6
CONTINUOUS
10
104.258
20
-136.574
11
104.07
21
-136.631
0
LINE
8
BLACK
6
CONTINUOUS
10
104.07
20
-136.631
11
103.875
21
-136.65
0
LINE
8
BLACK
6
CONTINUOUS
10
103.875
20
-136.65
11
103.68
21
-136.631
0
LINE
8
BLACK
6
CONTINUOUS
10
103.68
20
-136.631
11
103.492
21
-136.574
0
LINE
8
BLACK
6
CONTINUOUS
10
103.492
20
-136.574
11
103.319
21
-136.481
0
LINE
8
BLACK
6
CONTINUOUS
10
103.319
20
-136.481
11
103.168
21
-136.357
0
LINE
8
BLACK
6
CONTINUOUS
10
103.168
20
-136.357
11
103.044
21
-136.206
0
LINE
8
BLACK
6
CONTINUOUS
10
103.044
20
-136.206
11
102.951
21
-136.033
0
LINE
8
BLACK
6
CONTINUOUS
10
102.951
20
-136.033
11
102.894
21
-135.845
0
LINE
8
BLACK
6
CONTINUOUS
10
102.894
20
-135.845
11
102.875
21
-135.65
0
LINE
8
BLACK
6
CONTINUOUS
10
102.875
20
-135.65
11
102.894
21
-135.455
0
LINE
8
BLACK
6
CONTINUOUS
10
102.894
20
-135.455
11
102.951
21
-135.267
0
LINE
8
BLACK
6
CONTINUOUS
10
102.951
20
-135.267
11
103.044
21
-135.094
0
LINE
8
BLACK
6
CONTINUOUS
10
103.044
20
-135.094
11
103.168
21
-134.943
0
LINE
8
BLACK
6
CONTINUOUS
10
103.168
20
-134.943
11
103.319
21
-134.819
0
LINE
8
BLACK
6
CONTINUOUS
10
103.319
20
-134.819
11
103.492
21
-134.726
0
LINE
8
BLACK
6
CONTINUOUS
10
103.492
20
-134.726
11
103.68
21
-134.669
0
LINE
8
BLACK
6
CONTINUOUS
10
103.68
20
-134.669
11
103.875
21
-134.65
0
LINE
8
BLACK
6
CONTINUOUS
10
103.875
20
-134.65
11
104.07
21
-134.669
0
LINE
8
BLACK
6
CONTINUOUS
10
144.062
20
-135.88
11
144.105
21
-135.91
0
LINE
8
BLACK
6
CONTINUOUS
10
144.105
20
-135.91
11
144.135
21
-135.953
0
LINE
8
BLACK
6
CONTINUOUS
10
144.135
20
-135.953
11
144.145
21
-136.005
0
LINE
8
BLACK
6
CONTINUOUS
10
144.145
20
-136.005
11
144.145
21
-136.275
0
LINE
8
BLACK
6
CONTINUOUS
10
144.145
20
-136.275
11
144.135
21
-136.327
0
LINE
8
BLACK
6
CONTINUOUS
10
144.135
20
-136.327
11
144.105
21
-136.37
0
LINE
8
BLACK
6
CONTINUOUS
10
144.105
20
-136.37
11
144.062
21
-136.4
0
LINE
8
BLACK
6
CONTINUOUS
10
144.062
20
-136.4
11
144.01
21
-136.41
0
LINE
8
BLACK
6
CONTINUOUS
10
144.01
20
-136.41
11
143.64
21
-136.41
0
LINE
8
BLACK
6
CONTINUOUS
10
143.64
20
-136.41
11
143.588
21
-136.4
0
LINE
8
BLACK
6
CONTINUOUS
10
143.588
20
-136.4
11
143.545
21
-136.37
0
LINE
8
BLACK
6
CONTINUOUS
10
143.545
20
-136.37
11
143.515
21
-136.327
0
LINE
8
BLACK
6
CONTINUOUS
10
143.515
20
-136.327
11
143.505
21
-136.275
0
LINE
8
BLACK
6
CONTINUOUS
10
143.505
20
-136.275
11
143.505
21
-136.005
0
LINE
8
BLACK
6
CONTINUOUS
10
143.505
20
-136.005
11
143.515
21
-135.953
0
LINE
8
BLACK
6
CONTINUOUS
10
143.515
20
-135.953
11
143.545
21
-135.91
0
LINE
8
BLACK
6
CONTINUOUS
10
143.545
20
-135.91
11
143.588
21
-135.88
0
LINE
8
BLACK
6
CONTINUOUS
10
143.588
20
-135.88
11
143.64
21
-135.87
0
LINE
8
BLACK
6
CONTINUOUS
10
143.64
20
-135.87
11
144.01
21
-135.87
0
LINE
8
BLACK
6
CONTINUOUS
10
144.01
20
-135.87
11
144.062
21
-135.88
0
LINE
8
BLACK
6
CONTINUOUS
10
145.137
20
-135.88
11
145.18
21
-135.91
0
LINE
8
BLACK
6
CONTINUOUS
10
145.18
20
-135.91
11
145.21
21
-135.953
0
LINE
8
BLACK
6
CONTINUOUS
10
145.21
20
-135.953
11
145.22
21
-136.005
0
LINE
8
BLACK
6
CONTINUOUS
10
145.22
20
-136.005
11
145.22
21
-136.275
0
LINE
8
BLACK
6
CONTINUOUS
10
145.22
20
-136.275
11
145.21
21
-136.327
0
LINE
8
BLACK
6
CONTINUOUS
10
145.21
20
-136.327
11
145.18
21
-136.37
0
LINE
8
BLACK
6
CONTINUOUS
10
145.18
20
-136.37
11
145.137
21
-136.4
0
LINE
8
BLACK
6
CONTINUOUS
10
145.137
20
-136.4
11
145.085
21
-136.41
0
LINE
8
BLACK
6
CONTINUOUS
10
145.085
20
-136.41
11
144.715
21
-136.41
0
LINE
8
BLACK
6
CONTINUOUS
10
144.715
20
-136.41
11
144.663
21
-136.4
0
LINE
8
BLACK
6
CONTINUOUS
10
144.663
20
-136.4
11
144.62
21
-136.37
0
LINE
8
BLACK
6
CONTINUOUS
10
144.62
20
-136.37
11
144.59
21
-136.327
0
LINE
8
BLACK
6
CONTINUOUS
10
144.59
20
-136.327
11
144.58
21
-136.275
0
LINE
8
BLACK
6
CONTINUOUS
10
144.58
20
-136.275
11
144.58
21
-136.005
0
LINE
8
BLACK
6
CONTINUOUS
10
144.58
20
-136.005
11
144.59
21
-135.953
0
LINE
8
BLACK
6
CONTINUOUS
10
144.59
20
-135.953
11
144.62
21
-135.91
0
LINE
8
BLACK
6
CONTINUOUS
10
144.62
20
-135.91
11
144.663
21
-135.88
0
LINE
8
BLACK
6
CONTINUOUS
10
144.663
20
-135.88
11
144.715
21
-135.87
0
LINE
8
BLACK
6
CONTINUOUS
10
144.715
20
-135.87
11
145.085
21
-135.87
0
LINE
8
BLACK
6
CONTINUOUS
10
145.085
20
-135.87
11
145.137
21
-135.88
0
LINE
8
BLACK
6
CONTINUOUS
10
140.742
20
-136.026
11
140.746
21
-136.029
0
LINE
8
BLACK
6
CONTINUOUS
10
140.746
20
-136.029
11
140.749
21
-136.033
0
LINE
8
BLACK
6
CONTINUOUS
10
140.749
20
-136.033
11
140.75
21
-136.037
0
LINE
8
BLACK
6
CONTINUOUS
10
140.75
20
-136.037
11
140.75
21
-136.262
0
LINE
8
BLACK
6
CONTINUOUS
10
140.75
20
-136.262
11
140.749
21
-136.267
0
LINE
8
BLACK
6
CONTINUOUS
10
140.749
20
-136.267
11
140.746
21
-136.271
0
LINE
8
BLACK
6
CONTINUOUS
10
140.746
20
-136.271
11
140.742
21
-136.274
0
LINE
8
BLACK
6
CONTINUOUS
10
140.742
20
-136.274
11
140.737
21
-136.275
0
LINE
8
BLACK
6
CONTINUOUS
10
140.737
20
-136.275
11
140.062
21
-136.275
0
LINE
8
BLACK
6
CONTINUOUS
10
140.062
20
-136.275
11
140.058
21
-136.274
0
LINE
8
BLACK
6
CONTINUOUS
10
140.058
20
-136.274
11
140.054
21
-136.271
0
LINE
8
BLACK
6
CONTINUOUS
10
140.054
20
-136.271
11
140.051
21
-136.267
0
LINE
8
BLACK
6
CONTINUOUS
10
140.051
20
-136.267
11
140.05
21
-136.262
0
LINE
8
BLACK
6
CONTINUOUS
10
140.05
20
-136.262
11
140.05
21
-136.037
0
LINE
8
BLACK
6
CONTINUOUS
10
140.05
20
-136.037
11
140.051
21
-136.033
0
LINE
8
BLACK
6
CONTINUOUS
10
140.051
20
-136.033
11
140.054
21
-136.029
0
LINE
8
BLACK
6
CONTINUOUS
10
140.054
20
-136.029
11
140.058
21
-136.026
0
LINE
8
BLACK
6
CONTINUOUS
10
140.058
20
-136.026
11
140.062
21
-136.025
0
LINE
8
BLACK
6
CONTINUOUS
10
140.062
20
-136.025
11
140.737
21
-136.025
0
LINE
8
BLACK
6
CONTINUOUS
10
140.737
20
-136.025
11
140.742
21
-136.026
0
LINE
8
BLACK
6
CONTINUOUS
10
142.742
20
-136.026
11
142.746
21
-136.029
0
LINE
8
BLACK
6
CONTINUOUS
10
142.746
20
-136.029
11
142.749
21
-136.033
0
LINE
8
BLACK
6
CONTINUOUS
10
142.749
20
-136.033
11
142.75
21
-136.037
0
LINE
8
BLACK
6
CONTINUOUS
10
142.75
20
-136.037
11
142.75
21
-136.262
0
LINE
8
BLACK
6
CONTINUOUS
10
142.75
20
-136.262
11
142.749
21
-136.267
0
LINE
8
BLACK
6
CONTINUOUS
10
142.749
20
-136.267
11
142.746
21
-136.271
0
LINE
8
BLACK
6
CONTINUOUS
10
142.746
20
-136.271
11
142.742
21
-136.274
0
LINE
8
BLACK
6
CONTINUOUS
10
142.742
20
-136.274
11
142.737
21
-136.275
0
LINE
8
BLACK
6
CONTINUOUS
10
142.737
20
-136.275
11
142.062
21
-136.275
0
LINE
8
BLACK
6
CONTINUOUS
10
142.062
20
-136.275
11
142.058
21
-136.274
0
LINE
8
BLACK
6
CONTINUOUS
10
142.058
20
-136.274
11
142.054
21
-136.271
0
LINE
8
BLACK
6
CONTINUOUS
10
142.054
20
-136.271
11
142.051
21
-136.267
0
LINE
8
BLACK
6
CONTINUOUS
10
142.051
20
-136.267
11
142.05
21
-136.262
0
LINE
8
BLACK
6
CONTINUOUS
10
142.05
20
-136.262
11
142.05
21
-136.037
0
LINE
8
BLACK
6
CONTINUOUS
10
142.05
20
-136.037
11
142.051
21
-136.033
0
LINE
8
BLACK
6
CONTINUOUS
10
142.051
20
-136.033
11
142.054
21
-136.029
0
LINE
8
BLACK
6
CONTINUOUS
10
142.054
20
-136.029
11
142.058
21
-136.026
0
LINE
8
BLACK
6
CONTINUOUS
10
142.058
20
-136.026
11
142.062
21
-136.025
0
LINE
8
BLACK
6
CONTINUOUS
10
142.062
20
-136.025
11
142.737
21
-136.025
0
LINE
8
BLACK
6
CONTINUOUS
10
142.737
20
-136.025
11
142.742
21
-136.026
0
LINE
8
BLACK
6
CONTINUOUS
10
107.936
20
-135.067
11
108.009
21
-135.116
0
LINE
8
BLACK
6
CONTINUOUS
10
108.009
20
-135.116
11
108.058
21
-135.189
0
LINE
8
BLACK
6
CONTINUOUS
10
108.058
20
-135.189
11
108.075
21
-135.275
0
LINE
8
BLACK
6
CONTINUOUS
10
108.075
20
-135.275
11
108.075
21
-135.775
0
LINE
8
BLACK
6
CONTINUOUS
10
108.075
20
-135.775
11
108.058
21
-135.861
0
LINE
8
BLACK
6
CONTINUOUS
10
108.058
20
-135.861
11
108.009
21
-135.934
0
LINE
8
BLACK
6
CONTINUOUS
10
108.009
20
-135.934
11
107.936
21
-135.983
0
LINE
8
BLACK
6
CONTINUOUS
10
107.936
20
-135.983
11
107.85
21
-136
0
LINE
8
BLACK
6
CONTINUOUS
10
107.85
20
-136
11
107.4
21
-136
0
LINE
8
BLACK
6
CONTINUOUS
10
107.4
20
-136
11
107.314
21
-135.983
0
LINE
8
BLACK
6
CONTINUOUS
10
107.314
20
-135.983
11
107.241
21
-135.934
0
LINE
8
BLACK
6
CONTINUOUS
10
107.241
20
-135.934
11
107.192
21
-135.861
0
LINE
8
BLACK
6
CONTINUOUS
10
107.192
20
-135.861
11
107.175
21
-135.775
0
LINE
8
BLACK
6
CONTINUOUS
10
107.175
20
-135.775
11
107.175
21
-135.275
0
LINE
8
BLACK
6
CONTINUOUS
10
107.175
20
-135.275
11
107.192
21
-135.189
0
LINE
8
BLACK
6
CONTINUOUS
10
107.192
20
-135.189
11
107.241
21
-135.116
0
LINE
8
BLACK
6
CONTINUOUS
10
107.241
20
-135.116
11
107.314
21
-135.067
0
LINE
8
BLACK
6
CONTINUOUS
10
107.314
20
-135.067
11
107.4
21
-135.05
0
LINE
8
BLACK
6
CONTINUOUS
10
107.4
20
-135.05
11
107.85
21
-135.05
0
LINE
8
BLACK
6
CONTINUOUS
10
107.85
20
-135.05
11
107.936
21
-135.067
0
LINE
8
BLACK
6
CONTINUOUS
10
109.486
20
-135.067
11
109.559
21
-135.116
0
LINE
8
BLACK
6
CONTINUOUS
10
109.559
20
-135.116
11
109.608
21
-135.189
0
LINE
8
BLACK
6
CONTINUOUS
10
109.608
20
-135.189
11
109.625
21
-135.275
0
LINE
8
BLACK
6
CONTINUOUS
10
109.625
20
-135.275
11
109.625
21
-135.775
0
LINE
8
BLACK
6
CONTINUOUS
10
109.625
20
-135.775
11
109.608
21
-135.861
0
LINE
8
BLACK
6
CONTINUOUS
10
109.608
20
-135.861
11
109.559
21
-135.934
0
LINE
8
BLACK
6
CONTINUOUS
10
109.559
20
-135.934
11
109.486
21
-135.983
0
LINE
8
BLACK
6
CONTINUOUS
10
109.486
20
-135.983
11
109.4
21
-136
0
LINE
8
BLACK
6
CONTINUOUS
10
109.4
20
-136
11
108.95
21
-136
0
LINE
8
BLACK
6
CONTINUOUS
10
108.95
20
-136
11
108.864
21
-135.983
0
LINE
8
BLACK
6
CONTINUOUS
10
108.864
20
-135.983
11
108.791
21
-135.934
0
LINE
8
BLACK
6
CONTINUOUS
10
108.791
20
-135.934
11
108.742
21
-135.861
0
LINE
8
BLACK
6
CONTINUOUS
10
108.742
20
-135.861
11
108.725
21
-135.775
0
LINE
8
BLACK
6
CONTINUOUS
10
108.725
20
-135.775
11
108.725
21
-135.275
0
LINE
8
BLACK
6
CONTINUOUS
10
108.725
20
-135.275
11
108.742
21
-135.189
0
LINE
8
BLACK
6
CONTINUOUS
10
108.742
20
-135.189
11
108.791
21
-135.116
0
LINE
8
BLACK
6
CONTINUOUS
10
108.791
20
-135.116
11
108.864
21
-135.067
0
LINE
8
BLACK
6
CONTINUOUS
10
108.864
20
-135.067
11
108.95
21
-135.05
0
LINE
8
BLACK
6
CONTINUOUS
10
108.95
20
-135.05
11
109.4
21
-135.05
0
LINE
8
BLACK
6
CONTINUOUS
10
109.4
20
-135.05
11
109.486
21
-135.067
0
LINE
8
BLACK
6
CONTINUOUS
10
140.767
20
-135.051
11
140.771
21
-135.054
0
LINE
8
BLACK
6
CONTINUOUS
10
140.771
20
-135.054
11
140.774
21
-135.058
0
LINE
8
BLACK
6
CONTINUOUS
10
140.774
20
-135.058
11
140.775
21
-135.062
0
LINE
8
BLACK
6
CONTINUOUS
10
140.775
20
-135.062
11
140.775
21
-135.737
0
LINE
8
BLACK
6
CONTINUOUS
10
140.775
20
-135.737
11
140.774
21
-135.742
0
LINE
8
BLACK
6
CONTINUOUS
10
140.774
20
-135.742
11
140.771
21
-135.746
0
LINE
8
BLACK
6
CONTINUOUS
10
140.771
20
-135.746
11
140.767
21
-135.749
0
LINE
8
BLACK
6
CONTINUOUS
10
140.767
20
-135.749
11
140.762
21
-135.75
0
LINE
8
BLACK
6
CONTINUOUS
10
140.762
20
-135.75
11
140.537
21
-135.75
0
LINE
8
BLACK
6
CONTINUOUS
10
140.537
20
-135.75
11
140.533
21
-135.749
0
LINE
8
BLACK
6
CONTINUOUS
10
140.533
20
-135.749
11
140.529
21
-135.746
0
LINE
8
BLACK
6
CONTINUOUS
10
140.529
20
-135.746
11
140.526
21
-135.742
0
LINE
8
BLACK
6
CONTINUOUS
10
140.526
20
-135.742
11
140.525
21
-135.737
0
LINE
8
BLACK
6
CONTINUOUS
10
140.525
20
-135.737
11
140.525
21
-135.062
0
LINE
8
BLACK
6
CONTINUOUS
10
140.525
20
-135.062
11
140.526
21
-135.058
0
LINE
8
BLACK
6
CONTINUOUS
10
140.526
20
-135.058
11
140.529
21
-135.054
0
LINE
8
BLACK
6
CONTINUOUS
10
140.529
20
-135.054
11
140.533
21
-135.051
0
LINE
8
BLACK
6
CONTINUOUS
10
140.533
20
-135.051
11
140.537
21
-135.05
0
LINE
8
BLACK
6
CONTINUOUS
10
140.537
20
-135.05
11
140.762
21
-135.05
0
LINE
8
BLACK
6
CONTINUOUS
10
140.762
20
-135.05
11
140.767
21
-135.051
0
LINE
8
BLACK
6
CONTINUOUS
10
141.267
20
-135.051
11
141.271
21
-135.054
0
LINE
8
BLACK
6
CONTINUOUS
10
141.271
20
-135.054
11
141.274
21
-135.058
0
LINE
8
BLACK
6
CONTINUOUS
10
141.274
20
-135.058
11
141.275
21
-135.062
0
LINE
8
BLACK
6
CONTINUOUS
10
141.275
20
-135.062
11
141.275
21
-135.737
0
LINE
8
BLACK
6
CONTINUOUS
10
141.275
20
-135.737
11
141.274
21
-135.742
0
LINE
8
BLACK
6
CONTINUOUS
10
141.274
20
-135.742
11
141.271
21
-135.746
0
LINE
8
BLACK
6
CONTINUOUS
10
141.271
20
-135.746
11
141.267
21
-135.749
0
LINE
8
BLACK
6
CONTINUOUS
10
141.267
20
-135.749
11
141.262
21
-135.75
0
LINE
8
BLACK
6
CONTINUOUS
10
141.262
20
-135.75
11
141.037
21
-135.75
0
LINE
8
BLACK
6
CONTINUOUS
10
141.037
20
-135.75
11
141.033
21
-135.749
0
LINE
8
BLACK
6
CONTINUOUS
10
141.033
20
-135.749
11
141.029
21
-135.746
0
LINE
8
BLACK
6
CONTINUOUS
10
141.029
20
-135.746
11
141.026
21
-135.742
0
LINE
8
BLACK
6
CONTINUOUS
10
141.026
20
-135.742
11
141.025
21
-135.737
0
LINE
8
BLACK
6
CONTINUOUS
10
141.025
20
-135.737
11
141.025
21
-135.062
0
LINE
8
BLACK
6
CONTINUOUS
10
141.025
20
-135.062
11
141.026
21
-135.058
0
LINE
8
BLACK
6
CONTINUOUS
10
141.026
20
-135.058
11
141.029
21
-135.054
0
LINE
8
BLACK
6
CONTINUOUS
10
141.029
20
-135.054
11
141.033
21
-135.051
0
LINE
8
BLACK
6
CONTINUOUS
10
141.033
20
-135.051
11
141.037
21
-135.05
0
LINE
8
BLACK
6
CONTINUOUS
10
141.037
20
-135.05
11
141.262
21
-135.05
0
LINE
8
BLACK
6
CONTINUOUS
10
141.262
20
-135.05
11
141.267
21
-135.051
0
LINE
8
BLACK
6
CONTINUOUS
10
141.767
20
-135.051
11
141.771
21
-135.054
0
LINE
8
BLACK
6
CONTINUOUS
10
141.771
20
-135.054
11
141.774
21
-135.058
0
LINE
8
BLACK
6
CONTINUOUS
10
141.774
20
-135.058
11
141.775
21
-135.062
0
LINE
8
BLACK
6
CONTINUOUS
10
141.775
20
-135.062
11
141.775
21
-135.737
0
LINE
8
BLACK
6
CONTINUOUS
10
141.775
20
-135.737
11
141.774
21
-135.742
0
LINE
8
BLACK
6
CONTINUOUS
10
141.774
20
-135.742
11
141.771
21
-135.746
0
LINE
8
BLACK
6
CONTINUOUS
10
141.771
20
-135.746
11
141.767
21
-135.749
0
LINE
8
BLACK
6
CONTINUOUS
10
141.767
20
-135.749
11
141.762
21
-135.75
0
LINE
8
BLACK
6
CONTINUOUS
10
141.762
20
-135.75
11
141.537
21
-135.75
0
LINE
8
BLACK
6
CONTINUOUS
10
141.537
20
-135.75
11
141.533
21
-135.749
0
LINE
8
BLACK
6
CONTINUOUS
10
141.533
20
-135.749
11
141.529
21
-135.746
0
LINE
8
BLACK
6
CONTINUOUS
10
141.529
20
-135.746
11
141.526
21
-135.742
0
LINE
8
BLACK
6
CONTINUOUS
10
141.526
20
-135.742
11
141.525
21
-135.737
0
LINE
8
BLACK
6
CONTINUOUS
10
141.525
20
-135.737
11
141.525
21
-135.062
0
LINE
8
BLACK
6
CONTINUOUS
10
141.525
20
-135.062
11
141.526
21
-135.058
0
LINE
8
BLACK
6
CONTINUOUS
10
141.526
20
-135.058
11
141.529
21
-135.054
0
LINE
8
BLACK
6
CONTINUOUS
10
141.529
20
-135.054
11
141.533
21
-135.051
0
LINE
8
BLACK
6
CONTINUOUS
10
141.533
20
-135.051
11
141.537
21
-135.05
0
LINE
8
BLACK
6
CONTINUOUS
10
141.537
20
-135.05
11
141.762
21
-135.05
0
LINE
8
BLACK
6
CONTINUOUS
10
141.762
20
-135.05
11
141.767
21
-135.051
0
LINE
8
BLACK
6
CONTINUOUS
10
142.267
20
-135.051
11
142.271
21
-135.054
0
LINE
8
BLACK
6
CONTINUOUS
10
142.271
20
-135.054
11
142.274
21
-135.058
0
LINE
8
BLACK
6
CONTINUOUS
10
142.274
20
-135.058
11
142.275
21
-135.062
0
LINE
8
BLACK
6
CONTINUOUS
10
142.275
20
-135.062
11
142.275
21
-135.737
0
LINE
8
BLACK
6
CONTINUOUS
10
142.275
20
-135.737
11
142.274
21
-135.742
0
LINE
8
BLACK
6
CONTINUOUS
10
142.274
20
-135.742
11
142.271
21
-135.746
0
LINE
8
BLACK
6
CONTINUOUS
10
142.271
20
-135.746
11
142.267
21
-135.749
0
LINE
8
BLACK
6
CONTINUOUS
10
142.267
20
-135.749
11
142.262
21
-135.75
0
LINE
8
BLACK
6
CONTINUOUS
10
142.262
20
-135.75
11
142.037
21
-135.75
0
LINE
8
BLACK
6
CONTINUOUS
10
142.037
20
-135.75
11
142.033
21
-135.749
0
LINE
8
BLACK
6
CONTINUOUS
10
142.033
20
-135.749
11
142.029
21
-135.746
0
LINE
8
BLACK
6
CONTINUOUS
10
142.029
20
-135.746
11
142.026
21
-135.742
0
LINE
8
BLACK
6
CONTINUOUS
10
142.026
20
-135.742
11
142.025
21
-135.737
0
LINE
8
BLACK
6
CONTINUOUS
10
142.025
20
-135.737
11
142.025
21
-135.062
0
LINE
8
BLACK
6
CONTINUOUS
10
142.025
20
-135.062
11
142.026
21
-135.058
0
LINE
8
BLACK
6
CONTINUOUS
10
142.026
20
-135.058
11
142.029
21
-135.054
0
LINE
8
BLACK
6
CONTINUOUS
10
142.029
20
-135.054
11
142.033
21
-135.051
0
LINE
8
BLACK
6
CONTINUOUS
10
142.033
20
-135.051
11
142.037
21
-135.05
0
LINE
8
BLACK
6
CONTINUOUS
10
142.037
20
-135.05
11
142.262
21
-135.05
0
LINE
8
BLACK
6
CONTINUOUS
10
142.262
20
-135.05
11
142.267
21
-135.051
0
LINE
8
BLACK
6
CONTINUOUS
10
130.695
20
-135.7
11
128.105
21
-135.7
0
LINE
8
BLACK
6
CONTINUOUS
10
128.105
20
-135.7
11
128.105
21
-133.897
0
LINE
8
BLACK
6
CONTINUOUS
10
128.105
20
-133.897
11
130.695
21
-133.897
0
LINE
8
BLACK
6
CONTINUOUS
10
130.695
20
-133.897
11
130.695
21
-135.7
0
LINE
8
BLACK
6
CONTINUOUS
10
124.936
20
-134.692
11
125.009
21
-134.741
0
LINE
8
BLACK
6
CONTINUOUS
10
125.009
20
-134.741
11
125.058
21
-134.814
0
LINE
8
BLACK
6
CONTINUOUS
10
125.058
20
-134.814
11
125.075
21
-134.9
0
LINE
8
BLACK
6
CONTINUOUS
10
125.075
20
-134.9
11
125.075
21
-135.35
0
LINE
8
BLACK
6
CONTINUOUS
10
125.075
20
-135.35
11
125.058
21
-135.436
0
LINE
8
BLACK
6
CONTINUOUS
10
125.058
20
-135.436
11
125.009
21
-135.509
0
LINE
8
BLACK
6
CONTINUOUS
10
125.009
20
-135.509
11
124.936
21
-135.558
0
LINE
8
BLACK
6
CONTINUOUS
10
124.936
20
-135.558
11
124.85
21
-135.575
0
LINE
8
BLACK
6
CONTINUOUS
10
124.85
20
-135.575
11
124.35
21
-135.575
0
LINE
8
BLACK
6
CONTINUOUS
10
124.35
20
-135.575
11
124.264
21
-135.558
0
LINE
8
BLACK
6
CONTINUOUS
10
124.264
20
-135.558
11
124.191
21
-135.509
0
LINE
8
BLACK
6
CONTINUOUS
10
124.191
20
-135.509
11
124.142
21
-135.436
0
LINE
8
BLACK
6
CONTINUOUS
10
124.142
20
-135.436
11
124.125
21
-135.35
0
LINE
8
BLACK
6
CONTINUOUS
10
124.125
20
-135.35
11
124.125
21
-134.9
0
LINE
8
BLACK
6
CONTINUOUS
10
124.125
20
-134.9
11
124.142
21
-134.814
0
LINE
8
BLACK
6
CONTINUOUS
10
124.142
20
-134.814
11
124.191
21
-134.741
0
LINE
8
BLACK
6
CONTINUOUS
10
124.191
20
-134.741
11
124.264
21
-134.692
0
LINE
8
BLACK
6
CONTINUOUS
10
124.264
20
-134.692
11
124.35
21
-134.675
0
LINE
8
BLACK
6
CONTINUOUS
10
124.35
20
-134.675
11
124.85
21
-134.675
0
LINE
8
BLACK
6
CONTINUOUS
10
124.85
20
-134.675
11
124.936
21
-134.692
0
LINE
8
BLACK
6
CONTINUOUS
10
126.536
20
-134.692
11
126.609
21
-134.741
0
LINE
8
BLACK
6
CONTINUOUS
10
126.609
20
-134.741
11
126.658
21
-134.814
0
LINE
8
BLACK
6
CONTINUOUS
10
126.658
20
-134.814
11
126.675
21
-134.9
0
LINE
8
BLACK
6
CONTINUOUS
10
126.675
20
-134.9
11
126.675
21
-135.35
0
LINE
8
BLACK
6
CONTINUOUS
10
126.675
20
-135.35
11
126.658
21
-135.436
0
LINE
8
BLACK
6
CONTINUOUS
10
126.658
20
-135.436
11
126.609
21
-135.509
0
LINE
8
BLACK
6
CONTINUOUS
10
126.609
20
-135.509
11
126.536
21
-135.558
0
LINE
8
BLACK
6
CONTINUOUS
10
126.536
20
-135.558
11
126.45
21
-135.575
0
LINE
8
BLACK
6
CONTINUOUS
10
126.45
20
-135.575
11
125.95
21
-135.575
0
LINE
8
BLACK
6
CONTINUOUS
10
125.95
20
-135.575
11
125.864
21
-135.558
0
LINE
8
BLACK
6
CONTINUOUS
10
125.864
20
-135.558
11
125.791
21
-135.509
0
LINE
8
BLACK
6
CONTINUOUS
10
125.791
20
-135.509
11
125.742
21
-135.436
0
LINE
8
BLACK
6
CONTINUOUS
10
125.742
20
-135.436
11
125.725
21
-135.35
0
LINE
8
BLACK
6
CONTINUOUS
10
125.725
20
-135.35
11
125.725
21
-134.9
0
LINE
8
BLACK
6
CONTINUOUS
10
125.725
20
-134.9
11
125.742
21
-134.814
0
LINE
8
BLACK
6
CONTINUOUS
10
125.742
20
-134.814
11
125.791
21
-134.741
0
LINE
8
BLACK
6
CONTINUOUS
10
125.791
20
-134.741
11
125.864
21
-134.692
0
LINE
8
BLACK
6
CONTINUOUS
10
125.864
20
-134.692
11
125.95
21
-134.675
0
LINE
8
BLACK
6
CONTINUOUS
10
125.95
20
-134.675
11
126.45
21
-134.675
0
LINE
8
BLACK
6
CONTINUOUS
10
126.45
20
-134.675
11
126.536
21
-134.692
0
LINE
8
BLACK
6
CONTINUOUS
10
133.437
20
-134.55
11
133.48
21
-134.58
0
LINE
8
BLACK
6
CONTINUOUS
10
133.48
20
-134.58
11
133.51
21
-134.623
0
LINE
8
BLACK
6
CONTINUOUS
10
133.51
20
-134.623
11
133.52
21
-134.675
0
LINE
8
BLACK
6
CONTINUOUS
10
133.52
20
-134.675
11
133.52
21
-134.945
0
LINE
8
BLACK
6
CONTINUOUS
10
133.52
20
-134.945
11
133.51
21
-134.997
0
LINE
8
BLACK
6
CONTINUOUS
10
133.51
20
-134.997
11
133.48
21
-135.04
0
LINE
8
BLACK
6
CONTINUOUS
10
133.48
20
-135.04
11
133.437
21
-135.07
0
LINE
8
BLACK
6
CONTINUOUS
10
133.437
20
-135.07
11
133.385
21
-135.08
0
LINE
8
BLACK
6
CONTINUOUS
10
133.385
20
-135.08
11
133.015
21
-135.08
0
LINE
8
BLACK
6
CONTINUOUS
10
133.015
20
-135.08
11
132.963
21
-135.07
0
LINE
8
BLACK
6
CONTINUOUS
10
132.963
20
-135.07
11
132.92
21
-135.04
0
LINE
8
BLACK
6
CONTINUOUS
10
132.92
20
-135.04
11
132.89
21
-134.997
0
LINE
8
BLACK
6
CONTINUOUS
10
132.89
20
-134.997
11
132.88
21
-134.945
0
LINE
8
BLACK
6
CONTINUOUS
10
132.88
20
-134.945
11
132.88
21
-134.675
0
LINE
8
BLACK
6
CONTINUOUS
10
132.88
20
-134.675
11
132.89
21
-134.623
0
LINE
8
BLACK
6
CONTINUOUS
10
132.89
20
-134.623
11
132.92
21
-134.58
0
LINE
8
BLACK
6
CONTINUOUS
10
132.92
20
-134.58
11
132.963
21
-134.55
0
LINE
8
BLACK
6
CONTINUOUS
10
132.963
20
-134.55
11
133.015
21
-134.54
0
LINE
8
BLACK
6
CONTINUOUS
10
133.015
20
-134.54
11
133.385
21
-134.54
0
LINE
8
BLACK
6
CONTINUOUS
10
133.385
20
-134.54
11
133.437
21
-134.55
0
LINE
8
BLACK
6
CONTINUOUS
10
132.337
20
-134.54
11
132.38
21
-134.57
0
LINE
8
BLACK
6
CONTINUOUS
10
132.38
20
-134.57
11
132.41
21
-134.613
0
LINE
8
BLACK
6
CONTINUOUS
10
132.41
20
-134.613
11
132.42
21
-134.665
0
LINE
8
BLACK
6
CONTINUOUS
10
132.42
20
-134.665
11
132.42
21
-134.935
0
LINE
8
BLACK
6
CONTINUOUS
10
132.42
20
-134.935
11
132.41
21
-134.987
0
LINE
8
BLACK
6
CONTINUOUS
10
132.41
20
-134.987
11
132.38
21
-135.03
0
LINE
8
BLACK
6
CONTINUOUS
10
132.38
20
-135.03
11
132.337
21
-135.06
0
LINE
8
BLACK
6
CONTINUOUS
10
132.337
20
-135.06
11
132.285
21
-135.07
0
LINE
8
BLACK
6
CONTINUOUS
10
132.285
20
-135.07
11
131.915
21
-135.07
0
LINE
8
BLACK
6
CONTINUOUS
10
131.915
20
-135.07
11
131.863
21
-135.06
0
LINE
8
BLACK
6
CONTINUOUS
10
131.863
20
-135.06
11
131.82
21
-135.03
0
LINE
8
BLACK
6
CONTINUOUS
10
131.82
20
-135.03
11
131.79
21
-134.987
0
LINE
8
BLACK
6
CONTINUOUS
10
131.79
20
-134.987
11
131.78
21
-134.935
0
LINE
8
BLACK
6
CONTINUOUS
10
131.78
20
-134.935
11
131.78
21
-134.665
0
LINE
8
BLACK
6
CONTINUOUS
10
131.78
20
-134.665
11
131.79
21
-134.613
0
LINE
8
BLACK
6
CONTINUOUS
10
131.79
20
-134.613
11
131.82
21
-134.57
0
LINE
8
BLACK
6
CONTINUOUS
10
131.82
20
-134.57
11
131.863
21
-134.54
0
LINE
8
BLACK
6
CONTINUOUS
10
131.863
20
-134.54
11
131.915
21
-134.53
0
LINE
8
BLACK
6
CONTINUOUS
10
131.915
20
-134.53
11
132.285
21
-134.53
0
LINE
8
BLACK
6
CONTINUOUS
10
132.285
20
-134.53
11
132.337
21
-134.54
0
LINE
8
BLACK
6
CONTINUOUS
10
168.907
20
-133.336
11
168.956
21
-133.369
0
LINE
8
BLACK
6
CONTINUOUS
10
168.956
20
-133.369
11
168.989
21
-133.418
0
LINE
8
BLACK
6
CONTINUOUS
10
168.989
20
-133.418
11
169
21
-133.475
0
LINE
8
BLACK
6
CONTINUOUS
10
169
20
-133.475
11
169
21
-134.5
0
LINE
8
BLACK
6
CONTINUOUS
10
169
20
-134.5
11
168.989
21
-134.557
0
LINE
8
BLACK
6
CONTINUOUS
10
168.989
20
-134.557
11
168.956
21
-134.606
0
LINE
8
BLACK
6
CONTINUOUS
10
168.956
20
-134.606
11
168.907
21
-134.639
0
LINE
8
BLACK
6
CONTINUOUS
10
168.907
20
-134.639
11
168.85
21
-134.65
0
LINE
8
BLACK
6
CONTINUOUS
10
168.85
20
-134.65
11
168.55
21
-134.65
0
LINE
8
BLACK
6
CONTINUOUS
10
168.55
20
-134.65
11
168.493
21
-134.639
0
LINE
8
BLACK
6
CONTINUOUS
10
168.493
20
-134.639
11
168.444
21
-134.606
0
LINE
8
BLACK
6
CONTINUOUS
10
168.444
20
-134.606
11
168.411
21
-134.557
0
LINE
8
BLACK
6
CONTINUOUS
10
168.411
20
-134.557
11
168.4
21
-134.5
0
LINE
8
BLACK
6
CONTINUOUS
10
168.4
20
-134.5
11
168.4
21
-133.475
0
LINE
8
BLACK
6
CONTINUOUS
10
168.4
20
-133.475
11
168.411
21
-133.418
0
LINE
8
BLACK
6
CONTINUOUS
10
168.411
20
-133.418
11
168.444
21
-133.369
0
LINE
8
BLACK
6
CONTINUOUS
10
168.444
20
-133.369
11
168.493
21
-133.336
0
LINE
8
BLACK
6
CONTINUOUS
10
168.493
20
-133.336
11
168.55
21
-133.325
0
LINE
8
BLACK
6
CONTINUOUS
10
168.55
20
-133.325
11
168.85
21
-133.325
0
LINE
8
BLACK
6
CONTINUOUS
10
168.85
20
-133.325
11
168.907
21
-133.336
0
LINE
8
BLACK
6
CONTINUOUS
10
169.857
20
-133.336
11
169.906
21
-133.369
0
LINE
8
BLACK
6
CONTINUOUS
10
169.906
20
-133.369
11
169.939
21
-133.418
0
LINE
8
BLACK
6
CONTINUOUS
10
169.939
20
-133.418
11
169.95
21
-133.475
0
LINE
8
BLACK
6
CONTINUOUS
10
169.95
20
-133.475
11
169.95
21
-134.5
0
LINE
8
BLACK
6
CONTINUOUS
10
169.95
20
-134.5
11
169.939
21
-134.557
0
LINE
8
BLACK
6
CONTINUOUS
10
169.939
20
-134.557
11
169.906
21
-134.606
0
LINE
8
BLACK
6
CONTINUOUS
10
169.906
20
-134.606
11
169.857
21
-134.639
0
LINE
8
BLACK
6
CONTINUOUS
10
169.857
20
-134.639
11
169.8
21
-134.65
0
LINE
8
BLACK
6
CONTINUOUS
10
169.8
20
-134.65
11
169.5
21
-134.65
0
LINE
8
BLACK
6
CONTINUOUS
10
169.5
20
-134.65
11
169.443
21
-134.639
0
LINE
8
BLACK
6
CONTINUOUS
10
169.443
20
-134.639
11
169.394
21
-134.606
0
LINE
8
BLACK
6
CONTINUOUS
10
169.394
20
-134.606
11
169.361
21
-134.557
0
LINE
8
BLACK
6
CONTINUOUS
10
169.361
20
-134.557
11
169.35
21
-134.5
0
LINE
8
BLACK
6
CONTINUOUS
10
169.35
20
-134.5
11
169.35
21
-133.475
0
LINE
8
BLACK
6
CONTINUOUS
10
169.35
20
-133.475
11
169.361
21
-133.418
0
LINE
8
BLACK
6
CONTINUOUS
10
169.361
20
-133.418
11
169.394
21
-133.369
0
LINE
8
BLACK
6
CONTINUOUS
10
169.394
20
-133.369
11
169.443
21
-133.336
0
LINE
8
BLACK
6
CONTINUOUS
10
169.443
20
-133.336
11
169.5
21
-133.325
0
LINE
8
BLACK
6
CONTINUOUS
10
169.5
20
-133.325
11
169.8
21
-133.325
0
LINE
8
BLACK
6
CONTINUOUS
10
169.8
20
-133.325
11
169.857
21
-133.336
0
LINE
8
BLACK
6
CONTINUOUS
10
170.807
20
-133.336
11
170.856
21
-133.369
0
LINE
8
BLACK
6
CONTINUOUS
10
170.856
20
-133.369
11
170.889
21
-133.418
0
LINE
8
BLACK
6
CONTINUOUS
10
170.889
20
-133.418
11
170.9
21
-133.475
0
LINE
8
BLACK
6
CONTINUOUS
10
170.9
20
-133.475
11
170.9
21
-134.5
0
LINE
8
BLACK
6
CONTINUOUS
10
170.9
20
-134.5
11
170.889
21
-134.557
0
LINE
8
BLACK
6
CONTINUOUS
10
170.889
20
-134.557
11
170.856
21
-134.606
0
LINE
8
BLACK
6
CONTINUOUS
10
170.856
20
-134.606
11
170.807
21
-134.639
0
LINE
8
BLACK
6
CONTINUOUS
10
170.807
20
-134.639
11
170.75
21
-134.65
0
LINE
8
BLACK
6
CONTINUOUS
10
170.75
20
-134.65
11
170.45
21
-134.65
0
LINE
8
BLACK
6
CONTINUOUS
10
170.45
20
-134.65
11
170.393
21
-134.639
0
LINE
8
BLACK
6
CONTINUOUS
10
170.393
20
-134.639
11
170.344
21
-134.606
0
LINE
8
BLACK
6
CONTINUOUS
10
170.344
20
-134.606
11
170.311
21
-134.557
0
LINE
8
BLACK
6
CONTINUOUS
10
170.311
20
-134.557
11
170.3
21
-134.5
0
LINE
8
BLACK
6
CONTINUOUS
10
170.3
20
-134.5
11
170.3
21
-133.475
0
LINE
8
BLACK
6
CONTINUOUS
10
170.3
20
-133.475
11
170.311
21
-133.418
0
LINE
8
BLACK
6
CONTINUOUS
10
170.311
20
-133.418
11
170.344
21
-133.369
0
LINE
8
BLACK
6
CONTINUOUS
10
170.344
20
-133.369
11
170.393
21
-133.336
0
LINE
8
BLACK
6
CONTINUOUS
10
170.393
20
-133.336
11
170.45
21
-133.325
0
LINE
8
BLACK
6
CONTINUOUS
10
170.45
20
-133.325
11
170.75
21
-133.325
0
LINE
8
BLACK
6
CONTINUOUS
10
170.75
20
-133.325
11
170.807
21
-133.336
0
LINE
8
BLACK
6
CONTINUOUS
10
138.286
20
-133.292
11
138.359
21
-133.341
0
LINE
8
BLACK
6
CONTINUOUS
10
138.359
20
-133.341
11
138.408
21
-133.414
0
LINE
8
BLACK
6
CONTINUOUS
10
138.408
20
-133.414
11
138.425
21
-133.5
0
LINE
8
BLACK
6
CONTINUOUS
10
138.425
20
-133.5
11
138.425
21
-134
0
LINE
8
BLACK
6
CONTINUOUS
10
138.425
20
-134
11
138.408
21
-134.086
0
LINE
8
BLACK
6
CONTINUOUS
10
138.408
20
-134.086
11
138.359
21
-134.159
0
LINE
8
BLACK
6
CONTINUOUS
10
138.359
20
-134.159
11
138.286
21
-134.208
0
LINE
8
BLACK
6
CONTINUOUS
10
138.286
20
-134.208
11
138.2
21
-134.225
0
LINE
8
BLACK
6
CONTINUOUS
10
138.2
20
-134.225
11
137.75
21
-134.225
0
LINE
8
BLACK
6
CONTINUOUS
10
137.75
20
-134.225
11
137.664
21
-134.208
0
LINE
8
BLACK
6
CONTINUOUS
10
137.664
20
-134.208
11
137.591
21
-134.159
0
LINE
8
BLACK
6
CONTINUOUS
10
137.591
20
-134.159
11
137.542
21
-134.086
0
LINE
8
BLACK
6
CONTINUOUS
10
137.542
20
-134.086
11
137.525
21
-134
0
LINE
8
BLACK
6
CONTINUOUS
10
137.525
20
-134
11
137.525
21
-133.5
0
LINE
8
BLACK
6
CONTINUOUS
10
137.525
20
-133.5
11
137.542
21
-133.414
0
LINE
8
BLACK
6
CONTINUOUS
10
137.542
20
-133.414
11
137.591
21
-133.341
0
LINE
8
BLACK
6
CONTINUOUS
10
137.591
20
-133.341
11
137.664
21
-133.292
0
LINE
8
BLACK
6
CONTINUOUS
10
137.664
20
-133.292
11
137.75
21
-133.275
0
LINE
8
BLACK
6
CONTINUOUS
10
137.75
20
-133.275
11
138.2
21
-133.275
0
LINE
8
BLACK
6
CONTINUOUS
10
138.2
20
-133.275
11
138.286
21
-133.292
0
LINE
8
BLACK
6
CONTINUOUS
10
139.836
20
-133.292
11
139.909
21
-133.341
0
LINE
8
BLACK
6
CONTINUOUS
10
139.909
20
-133.341
11
139.958
21
-133.414
0
LINE
8
BLACK
6
CONTINUOUS
10
139.958
20
-133.414
11
139.975
21
-133.5
0
LINE
8
BLACK
6
CONTINUOUS
10
139.975
20
-133.5
11
139.975
21
-134
0
LINE
8
BLACK
6
CONTINUOUS
10
139.975
20
-134
11
139.958
21
-134.086
0
LINE
8
BLACK
6
CONTINUOUS
10
139.958
20
-134.086
11
139.909
21
-134.159
0
LINE
8
BLACK
6
CONTINUOUS
10
139.909
20
-134.159
11
139.836
21
-134.208
0
LINE
8
BLACK
6
CONTINUOUS
10
139.836
20
-134.208
11
139.75
21
-134.225
0
LINE
8
BLACK
6
CONTINUOUS
10
139.75
20
-134.225
11
139.3
21
-134.225
0
LINE
8
BLACK
6
CONTINUOUS
10
139.3
20
-134.225
11
139.214
21
-134.208
0
LINE
8
BLACK
6
CONTINUOUS
10
139.214
20
-134.208
11
139.141
21
-134.159
0
LINE
8
BLACK
6
CONTINUOUS
10
139.141
20
-134.159
11
139.092
21
-134.086
0
LINE
8
BLACK
6
CONTINUOUS
10
139.092
20
-134.086
11
139.075
21
-134
0
LINE
8
BLACK
6
CONTINUOUS
10
139.075
20
-134
11
139.075
21
-133.5
0
LINE
8
BLACK
6
CONTINUOUS
10
139.075
20
-133.5
11
139.092
21
-133.414
0
LINE
8
BLACK
6
CONTINUOUS
10
139.092
20
-133.414
11
139.141
21
-133.341
0
LINE
8
BLACK
6
CONTINUOUS
10
139.141
20
-133.341
11
139.214
21
-133.292
0
LINE
8
BLACK
6
CONTINUOUS
10
139.214
20
-133.292
11
139.3
21
-133.275
0
LINE
8
BLACK
6
CONTINUOUS
10
139.3
20
-133.275
11
139.75
21
-133.275
0
LINE
8
BLACK
6
CONTINUOUS
10
139.75
20
-133.275
11
139.836
21
-133.292
0
LINE
8
BLACK
6
CONTINUOUS
10
133.437
20
-133.53
11
133.48
21
-133.56
0
LINE
8
BLACK
6
CONTINUOUS
10
133.48
20
-133.56
11
133.51
21
-133.603
0
LINE
8
BLACK
6
CONTINUOUS
10
133.51
20
-133.603
11
133.52
21
-133.655
0
LINE
8
BLACK
6
CONTINUOUS
10
133.52
20
-133.655
11
133.52
21
-133.925
0
LINE
8
BLACK
6
CONTINUOUS
10
133.52
20
-133.925
11
133.51
21
-133.977
0
LINE
8
BLACK
6
CONTINUOUS
10
133.51
20
-133.977
11
133.48
21
-134.02
0
LINE
8
BLACK
6
CONTINUOUS
10
133.48
20
-134.02
11
133.437
21
-134.05
0
LINE
8
BLACK
6
CONTINUOUS
10
133.437
20
-134.05
11
133.385
21
-134.06
0
LINE
8
BLACK
6
CONTINUOUS
10
133.385
20
-134.06
11
133.015
21
-134.06
0
LINE
8
BLACK
6
CONTINUOUS
10
133.015
20
-134.06
11
132.963
21
-134.05
0
LINE
8
BLACK
6
CONTINUOUS
10
132.963
20
-134.05
11
132.92
21
-134.02
0
LINE
8
BLACK
6
CONTINUOUS
10
132.92
20
-134.02
11
132.89
21
-133.977
0
LINE
8
BLACK
6
CONTINUOUS
10
132.89
20
-133.977
11
132.88
21
-133.925
0
LINE
8
BLACK
6
CONTINUOUS
10
132.88
20
-133.925
11
132.88
21
-133.655
0
LINE
8
BLACK
6
CONTINUOUS
10
132.88
20
-133.655
11
132.89
21
-133.603
0
LINE
8
BLACK
6
CONTINUOUS
10
132.89
20
-133.603
11
132.92
21
-133.56
0
LINE
8
BLACK
6
CONTINUOUS
10
132.92
20
-133.56
11
132.963
21
-133.53
0
LINE
8
BLACK
6
CONTINUOUS
10
132.963
20
-133.53
11
133.015
21
-133.52
0
LINE
8
BLACK
6
CONTINUOUS
10
133.015
20
-133.52
11
133.385
21
-133.52
0
LINE
8
BLACK
6
CONTINUOUS
10
133.385
20
-133.52
11
133.437
21
-133.53
0
LINE
8
BLACK
6
CONTINUOUS
10
132.337
20
-133.52
11
132.38
21
-133.55
0
LINE
8
BLACK
6
CONTINUOUS
10
132.38
20
-133.55
11
132.41
21
-133.593
0
LINE
8
BLACK
6
CONTINUOUS
10
132.41
20
-133.593
11
132.42
21
-133.645
0
LINE
8
BLACK
6
CONTINUOUS
10
132.42
20
-133.645
11
132.42
21
-133.915
0
LINE
8
BLACK
6
CONTINUOUS
10
132.42
20
-133.915
11
132.41
21
-133.967
0
LINE
8
BLACK
6
CONTINUOUS
10
132.41
20
-133.967
11
132.38
21
-134.01
0
LINE
8
BLACK
6
CONTINUOUS
10
132.38
20
-134.01
11
132.337
21
-134.04
0
LINE
8
BLACK
6
CONTINUOUS
10
132.337
20
-134.04
11
132.285
21
-134.05
0
LINE
8
BLACK
6
CONTINUOUS
10
132.285
20
-134.05
11
131.915
21
-134.05
0
LINE
8
BLACK
6
CONTINUOUS
10
131.915
20
-134.05
11
131.863
21
-134.04
0
LINE
8
BLACK
6
CONTINUOUS
10
131.863
20
-134.04
11
131.82
21
-134.01
0
LINE
8
BLACK
6
CONTINUOUS
10
131.82
20
-134.01
11
131.79
21
-133.967
0
LINE
8
BLACK
6
CONTINUOUS
10
131.79
20
-133.967
11
131.78
21
-133.915
0
LINE
8
BLACK
6
CONTINUOUS
10
131.78
20
-133.915
11
131.78
21
-133.645
0
LINE
8
BLACK
6
CONTINUOUS
10
131.78
20
-133.645
11
131.79
21
-133.593
0
LINE
8
BLACK
6
CONTINUOUS
10
131.79
20
-133.593
11
131.82
21
-133.55
0
LINE
8
BLACK
6
CONTINUOUS
10
131.82
20
-133.55
11
131.863
21
-133.52
0
LINE
8
BLACK
6
CONTINUOUS
10
131.863
20
-133.52
11
131.915
21
-133.51
0
LINE
8
BLACK
6
CONTINUOUS
10
131.915
20
-133.51
11
132.285
21
-133.51
0
LINE
8
BLACK
6
CONTINUOUS
10
132.285
20
-133.51
11
132.337
21
-133.52
0
LINE
8
BLACK
6
CONTINUOUS
10
164.752
20
-132.915
11
164.816
21
-132.959
0
LINE
8
BLACK
6
CONTINUOUS
10
164.816
20
-132.959
11
164.86
21
-133.023
0
LINE
8
BLACK
6
CONTINUOUS
10
164.86
20
-133.023
11
164.875
21
-133.1
0
LINE
8
BLACK
6
CONTINUOUS
10
164.875
20
-133.1
11
164.875
21
-133.65
0
LINE
8
BLACK
6
CONTINUOUS
10
164.875
20
-133.65
11
164.86
21
-133.727
0
LINE
8
BLACK
6
CONTINUOUS
10
164.86
20
-133.727
11
164.816
21
-133.791
0
LINE
8
BLACK
6
CONTINUOUS
10
164.816
20
-133.791
11
164.752
21
-133.835
0
LINE
8
BLACK
6
CONTINUOUS
10
164.752
20
-133.835
11
164.675
21
-133.85
0
LINE
8
BLACK
6
CONTINUOUS
10
164.675
20
-133.85
11
164.275
21
-133.85
0
LINE
8
BLACK
6
CONTINUOUS
10
164.275
20
-133.85
11
164.198
21
-133.835
0
LINE
8
BLACK
6
CONTINUOUS
10
164.198
20
-133.835
11
164.134
21
-133.791
0
LINE
8
BLACK
6
CONTINUOUS
10
164.134
20
-133.791
11
164.09
21
-133.727
0
LINE
8
BLACK
6
CONTINUOUS
10
164.09
20
-133.727
11
164.075
21
-133.65
0
LINE
8
BLACK
6
CONTINUOUS
10
164.075
20
-133.65
11
164.075
21
-133.1
0
LINE
8
BLACK
6
CONTINUOUS
10
164.075
20
-133.1
11
164.09
21
-133.023
0
LINE
8
BLACK
6
CONTINUOUS
10
164.09
20
-133.023
11
164.134
21
-132.959
0
LINE
8
BLACK
6
CONTINUOUS
10
164.134
20
-132.959
11
164.198
21
-132.915
0
LINE
8
BLACK
6
CONTINUOUS
10
164.198
20
-132.915
11
164.275
21
-132.9
0
LINE
8
BLACK
6
CONTINUOUS
10
164.275
20
-132.9
11
164.675
21
-132.9
0
LINE
8
BLACK
6
CONTINUOUS
10
164.675
20
-132.9
11
164.752
21
-132.915
0
LINE
8
BLACK
6
CONTINUOUS
10
166.402
20
-132.915
11
166.466
21
-132.959
0
LINE
8
BLACK
6
CONTINUOUS
10
166.466
20
-132.959
11
166.51
21
-133.023
0
LINE
8
BLACK
6
CONTINUOUS
10
166.51
20
-133.023
11
166.525
21
-133.1
0
LINE
8
BLACK
6
CONTINUOUS
10
166.525
20
-133.1
11
166.525
21
-133.65
0
LINE
8
BLACK
6
CONTINUOUS
10
166.525
20
-133.65
11
166.51
21
-133.727
0
LINE
8
BLACK
6
CONTINUOUS
10
166.51
20
-133.727
11
166.466
21
-133.791
0
LINE
8
BLACK
6
CONTINUOUS
10
166.466
20
-133.791
11
166.402
21
-133.835
0
LINE
8
BLACK
6
CONTINUOUS
10
166.402
20
-133.835
11
166.325
21
-133.85
0
LINE
8
BLACK
6
CONTINUOUS
10
166.325
20
-133.85
11
165.925
21
-133.85
0
LINE
8
BLACK
6
CONTINUOUS
10
165.925
20
-133.85
11
165.848
21
-133.835
0
LINE
8
BLACK
6
CONTINUOUS
10
165.848
20
-133.835
11
165.784
21
-133.791
0
LINE
8
BLACK
6
CONTINUOUS
10
165.784
20
-133.791
11
165.74
21
-133.727
0
LINE
8
BLACK
6
CONTINUOUS
10
165.74
20
-133.727
11
165.725
21
-133.65
0
LINE
8
BLACK
6
CONTINUOUS
10
165.725
20
-133.65
11
165.725
21
-133.1
0
LINE
8
BLACK
6
CONTINUOUS
10
165.725
20
-133.1
11
165.74
21
-133.023
0
LINE
8
BLACK
6
CONTINUOUS
10
165.74
20
-133.023
11
165.784
21
-132.959
0
LINE
8
BLACK
6
CONTINUOUS
10
165.784
20
-132.959
11
165.848
21
-132.915
0
LINE
8
BLACK
6
CONTINUOUS
10
165.848
20
-132.915
11
165.925
21
-132.9
0
LINE
8
BLACK
6
CONTINUOUS
10
165.925
20
-132.9
11
166.325
21
-132.9
0
LINE
8
BLACK
6
CONTINUOUS
10
166.325
20
-132.9
11
166.402
21
-132.915
0
LINE
8
BLACK
6
CONTINUOUS
10
123.546
20
-132.019
11
123.627
21
-132.073
0
LINE
8
BLACK
6
CONTINUOUS
10
123.627
20
-132.073
11
123.681
21
-132.154
0
LINE
8
BLACK
6
CONTINUOUS
10
123.681
20
-132.154
11
123.7
21
-132.25
0
LINE
8
BLACK
6
CONTINUOUS
10
123.7
20
-132.25
11
123.7
21
-133.55
0
LINE
8
BLACK
6
CONTINUOUS
10
123.7
20
-133.55
11
123.681
21
-133.646
0
LINE
8
BLACK
6
CONTINUOUS
10
123.681
20
-133.646
11
123.627
21
-133.727
0
LINE
8
BLACK
6
CONTINUOUS
10
123.627
20
-133.727
11
123.546
21
-133.781
0
LINE
8
BLACK
6
CONTINUOUS
10
123.546
20
-133.781
11
123.45
21
-133.8
0
LINE
8
BLACK
6
CONTINUOUS
10
123.45
20
-133.8
11
122.8
21
-133.8
0
LINE
8
BLACK
6
CONTINUOUS
10
122.8
20
-133.8
11
122.704
21
-133.781
0
LINE
8
BLACK
6
CONTINUOUS
10
122.704
20
-133.781
11
122.623
21
-133.727
0
LINE
8
BLACK
6
CONTINUOUS
10
122.623
20
-133.727
11
122.569
21
-133.646
0
LINE
8
BLACK
6
CONTINUOUS
10
122.569
20
-133.646
11
122.55
21
-133.55
0
LINE
8
BLACK
6
CONTINUOUS
10
122.55
20
-133.55
11
122.55
21
-132.25
0
LINE
8
BLACK
6
CONTINUOUS
10
122.55
20
-132.25
11
122.569
21
-132.154
0
LINE
8
BLACK
6
CONTINUOUS
10
122.569
20
-132.154
11
122.623
21
-132.073
0
LINE
8
BLACK
6
CONTINUOUS
10
122.623
20
-132.073
11
122.704
21
-132.019
0
LINE
8
BLACK
6
CONTINUOUS
10
122.704
20
-132.019
11
122.8
21
-132
0
LINE
8
BLACK
6
CONTINUOUS
10
122.8
20
-132
11
123.45
21
-132
0
LINE
8
BLACK
6
CONTINUOUS
10
123.45
20
-132
11
123.546
21
-132.019
0
LINE
8
BLACK
6
CONTINUOUS
10
126.496
20
-132.019
11
126.577
21
-132.073
0
LINE
8
BLACK
6
CONTINUOUS
10
126.577
20
-132.073
11
126.631
21
-132.154
0
LINE
8
BLACK
6
CONTINUOUS
10
126.631
20
-132.154
11
126.65
21
-132.25
0
LINE
8
BLACK
6
CONTINUOUS
10
126.65
20
-132.25
11
126.65
21
-133.55
0
LINE
8
BLACK
6
CONTINUOUS
10
126.65
20
-133.55
11
126.631
21
-133.646
0
LINE
8
BLACK
6
CONTINUOUS
10
126.631
20
-133.646
11
126.577
21
-133.727
0
LINE
8
BLACK
6
CONTINUOUS
10
126.577
20
-133.727
11
126.496
21
-133.781
0
LINE
8
BLACK
6
CONTINUOUS
10
126.496
20
-133.781
11
126.4
21
-133.8
0
LINE
8
BLACK
6
CONTINUOUS
10
126.4
20
-133.8
11
125.75
21
-133.8
0
LINE
8
BLACK
6
CONTINUOUS
10
125.75
20
-133.8
11
125.654
21
-133.781
0
LINE
8
BLACK
6
CONTINUOUS
10
125.654
20
-133.781
11
125.573
21
-133.727
0
LINE
8
BLACK
6
CONTINUOUS
10
125.573
20
-133.727
11
125.519
21
-133.646
0
LINE
8
BLACK
6
CONTINUOUS
10
125.519
20
-133.646
11
125.5
21
-133.55
0
LINE
8
BLACK
6
CONTINUOUS
10
125.5
20
-133.55
11
125.5
21
-132.25
0
LINE
8
BLACK
6
CONTINUOUS
10
125.5
20
-132.25
11
125.519
21
-132.154
0
LINE
8
BLACK
6
CONTINUOUS
10
125.519
20
-132.154
11
125.573
21
-132.073
0
LINE
8
BLACK
6
CONTINUOUS
10
125.573
20
-132.073
11
125.654
21
-132.019
0
LINE
8
BLACK
6
CONTINUOUS
10
125.654
20
-132.019
11
125.75
21
-132
0
LINE
8
BLACK
6
CONTINUOUS
10
125.75
20
-132
11
126.4
21
-132
0
LINE
8
BLACK
6
CONTINUOUS
10
126.4
20
-132
11
126.496
21
-132.019
0
LINE
8
BLACK
6
CONTINUOUS
10
128.277
20
-133.706
11
128.023
21
-133.706
0
LINE
8
BLACK
6
CONTINUOUS
10
128.023
20
-133.706
11
128.023
21
-132.944
0
LINE
8
BLACK
6
CONTINUOUS
10
128.023
20
-132.944
11
128.277
21
-132.944
0
LINE
8
BLACK
6
CONTINUOUS
10
128.277
20
-132.944
11
128.277
21
-133.706
0
LINE
8
BLACK
6
CONTINUOUS
10
128.777
20
-133.706
11
128.523
21
-133.706
0
LINE
8
BLACK
6
CONTINUOUS
10
128.523
20
-133.706
11
128.523
21
-132.944
0
LINE
8
BLACK
6
CONTINUOUS
10
128.523
20
-132.944
11
128.777
21
-132.944
0
LINE
8
BLACK
6
CONTINUOUS
10
128.777
20
-132.944
11
128.777
21
-133.706
0
LINE
8
BLACK
6
CONTINUOUS
10
129.277
20
-133.706
11
129.023
21
-133.706
0
LINE
8
BLACK
6
CONTINUOUS
10
129.023
20
-133.706
11
129.023
21
-132.944
0
LINE
8
BLACK
6
CONTINUOUS
10
129.023
20
-132.944
11
129.277
21
-132.944
0
LINE
8
BLACK
6
CONTINUOUS
10
129.277
20
-132.944
11
129.277
21
-133.706
0
LINE
8
BLACK
6
CONTINUOUS
10
129.777
20
-133.706
11
129.523
21
-133.706
0
LINE
8
BLACK
6
CONTINUOUS
10
129.523
20
-133.706
11
129.523
21
-132.944
0
LINE
8
BLACK
6
CONTINUOUS
10
129.523
20
-132.944
11
129.777
21
-132.944
0
LINE
8
BLACK
6
CONTINUOUS
10
129.777
20
-132.944
11
129.777
21
-133.706
0
LINE
8
BLACK
6
CONTINUOUS
10
130.277
20
-133.706
11
130.023
21
-133.706
0
LINE
8
BLACK
6
CONTINUOUS
10
130.023
20
-133.706
11
130.023
21
-132.944
0
LINE
8
BLACK
6
CONTINUOUS
10
130.023
20
-132.944
11
130.277
21
-132.944
0
LINE
8
BLACK
6
CONTINUOUS
10
130.277
20
-132.944
11
130.277
21
-133.706
0
LINE
8
BLACK
6
CONTINUOUS
10
130.777
20
-133.706
11
130.523
21
-133.706
0
LINE
8
BLACK
6
CONTINUOUS
10
130.523
20
-133.706
11
130.523
21
-132.944
0
LINE
8
BLACK
6
CONTINUOUS
10
130.523
20
-132.944
11
130.777
21
-132.944
0
LINE
8
BLACK
6
CONTINUOUS
10
130.777
20
-132.944
11
130.777
21
-133.706
0
LINE
8
BLACK
6
CONTINUOUS
10
130.134
20
-131.791
11
130.179
21
-131.821
0
LINE
8
BLACK
6
CONTINUOUS
10
130.179
20
-131.821
11
130.209
21
-131.866
0
LINE
8
BLACK
6
CONTINUOUS
10
130.209
20
-131.866
11
130.22
21
-131.92
0
LINE
8
BLACK
6
CONTINUOUS
10
130.22
20
-131.92
11
130.22
21
-132.26
0
LINE
8
BLACK
6
CONTINUOUS
10
130.22
20
-132.26
11
130.209
21
-132.314
0
LINE
8
BLACK
6
CONTINUOUS
10
130.209
20
-132.314
11
130.179
21
-132.359
0
LINE
8
BLACK
6
CONTINUOUS
10
130.179
20
-132.359
11
130.134
21
-132.389
0
LINE
8
BLACK
6
CONTINUOUS
10
130.134
20
-132.389
11
130.08
21
-132.4
0
LINE
8
BLACK
6
CONTINUOUS
10
130.08
20
-132.4
11
129.8
21
-132.4
0
LINE
8
BLACK
6
CONTINUOUS
10
129.8
20
-132.4
11
129.746
21
-132.389
0
LINE
8
BLACK
6
CONTINUOUS
10
129.746
20
-132.389
11
129.701
21
-132.359
0
LINE
8
BLACK
6
CONTINUOUS
10
129.701
20
-132.359
11
129.671
21
-132.314
0
LINE
8
BLACK
6
CONTINUOUS
10
129.671
20
-132.314
11
129.66
21
-132.26
0
LINE
8
BLACK
6
CONTINUOUS
10
129.66
20
-132.26
11
129.66
21
-131.92
0
LINE
8
BLACK
6
CONTINUOUS
10
129.66
20
-131.92
11
129.671
21
-131.866
0
LINE
8
BLACK
6
CONTINUOUS
10
129.671
20
-131.866
11
129.701
21
-131.821
0
LINE
8
BLACK
6
CONTINUOUS
10
129.701
20
-131.821
11
129.746
21
-131.791
0
LINE
8
BLACK
6
CONTINUOUS
10
129.746
20
-131.791
11
129.8
21
-131.78
0
LINE
8
BLACK
6
CONTINUOUS
10
129.8
20
-131.78
11
130.08
21
-131.78
0
LINE
8
BLACK
6
CONTINUOUS
10
130.08
20
-131.78
11
130.134
21
-131.791
0
LINE
8
BLACK
6
CONTINUOUS
10
131.094
20
-131.791
11
131.139
21
-131.821
0
LINE
8
BLACK
6
CONTINUOUS
10
131.139
20
-131.821
11
131.169
21
-131.866
0
LINE
8
BLACK
6
CONTINUOUS
10
131.169
20
-131.866
11
131.18
21
-131.92
0
LINE
8
BLACK
6
CONTINUOUS
10
131.18
20
-131.92
11
131.18
21
-132.26
0
LINE
8
BLACK
6
CONTINUOUS
10
131.18
20
-132.26
11
131.169
21
-132.314
0
LINE
8
BLACK
6
CONTINUOUS
10
131.169
20
-132.314
11
131.139
21
-132.359
0
LINE
8
BLACK
6
CONTINUOUS
10
131.139
20
-132.359
11
131.094
21
-132.389
0
LINE
8
BLACK
6
CONTINUOUS
10
131.094
20
-132.389
11
131.04
21
-132.4
0
LINE
8
BLACK
6
CONTINUOUS
10
131.04
20
-132.4
11
130.76
21
-132.4
0
LINE
8
BLACK
6
CONTINUOUS
10
130.76
20
-132.4
11
130.706
21
-132.389
0
LINE
8
BLACK
6
CONTINUOUS
10
130.706
20
-132.389
11
130.661
21
-132.359
0
LINE
8
BLACK
6
CONTINUOUS
10
130.661
20
-132.359
11
130.631
21
-132.314
0
LINE
8
BLACK
6
CONTINUOUS
10
130.631
20
-132.314
11
130.62
21
-132.26
0
LINE
8
BLACK
6
CONTINUOUS
10
130.62
20
-132.26
11
130.62
21
-131.92
0
LINE
8
BLACK
6
CONTINUOUS
10
130.62
20
-131.92
11
130.631
21
-131.866
0
LINE
8
BLACK
6
CONTINUOUS
10
130.631
20
-131.866
11
130.661
21
-131.821
0
LINE
8
BLACK
6
CONTINUOUS
10
130.661
20
-131.821
11
130.706
21
-131.791
0
LINE
8
BLACK
6
CONTINUOUS
10
130.706
20
-131.791
11
130.76
21
-131.78
0
LINE
8
BLACK
6
CONTINUOUS
10
130.76
20
-131.78
11
131.04
21
-131.78
0
LINE
8
BLACK
6
CONTINUOUS
10
131.04
20
-131.78
11
131.094
21
-131.791
0
LINE
8
BLACK
6
CONTINUOUS
10
168.907
20
-131.061
11
168.956
21
-131.094
0
LINE
8
BLACK
6
CONTINUOUS
10
168.956
20
-131.094
11
168.989
21
-131.143
0
LINE
8
BLACK
6
CONTINUOUS
10
168.989
20
-131.143
11
169
21
-131.2
0
LINE
8
BLACK
6
CONTINUOUS
10
169
20
-131.2
11
169
21
-132.225
0
LINE
8
BLACK
6
CONTINUOUS
10
169
20
-132.225
11
168.989
21
-132.282
0
LINE
8
BLACK
6
CONTINUOUS
10
168.989
20
-132.282
11
168.956
21
-132.331
0
LINE
8
BLACK
6
CONTINUOUS
10
168.956
20
-132.331
11
168.907
21
-132.364
0
LINE
8
BLACK
6
CONTINUOUS
10
168.907
20
-132.364
11
168.85
21
-132.375
0
LINE
8
BLACK
6
CONTINUOUS
10
168.85
20
-132.375
11
168.55
21
-132.375
0
LINE
8
BLACK
6
CONTINUOUS
10
168.55
20
-132.375
11
168.493
21
-132.364
0
LINE
8
BLACK
6
CONTINUOUS
10
168.493
20
-132.364
11
168.444
21
-132.331
0
LINE
8
BLACK
6
CONTINUOUS
10
168.444
20
-132.331
11
168.411
21
-132.282
0
LINE
8
BLACK
6
CONTINUOUS
10
168.411
20
-132.282
11
168.4
21
-132.225
0
LINE
8
BLACK
6
CONTINUOUS
10
168.4
20
-132.225
11
168.4
21
-131.2
0
LINE
8
BLACK
6
CONTINUOUS
10
168.4
20
-131.2
11
168.411
21
-131.143
0
LINE
8
BLACK
6
CONTINUOUS
10
168.411
20
-131.143
11
168.444
21
-131.094
0
LINE
8
BLACK
6
CONTINUOUS
10
168.444
20
-131.094
11
168.493
21
-131.061
0
LINE
8
BLACK
6
CONTINUOUS
10
168.493
20
-131.061
11
168.55
21
-131.05
0
LINE
8
BLACK
6
CONTINUOUS
10
168.55
20
-131.05
11
168.85
21
-131.05
0
LINE
8
BLACK
6
CONTINUOUS
10
168.85
20
-131.05
11
168.907
21
-131.061
0
LINE
8
BLACK
6
CONTINUOUS
10
169.857
20
-131.061
11
169.906
21
-131.094
0
LINE
8
BLACK
6
CONTINUOUS
10
169.906
20
-131.094
11
169.939
21
-131.143
0
LINE
8
BLACK
6
CONTINUOUS
10
169.939
20
-131.143
11
169.95
21
-131.2
0
LINE
8
BLACK
6
CONTINUOUS
10
169.95
20
-131.2
11
169.95
21
-132.225
0
LINE
8
BLACK
6
CONTINUOUS
10
169.95
20
-132.225
11
169.939
21
-132.282
0
LINE
8
BLACK
6
CONTINUOUS
10
169.939
20
-132.282
11
169.906
21
-132.331
0
LINE
8
BLACK
6
CONTINUOUS
10
169.906
20
-132.331
11
169.857
21
-132.364
0
LINE
8
BLACK
6
CONTINUOUS
10
169.857
20
-132.364
11
169.8
21
-132.375
0
LINE
8
BLACK
6
CONTINUOUS
10
169.8
20
-132.375
11
169.5
21
-132.375
0
LINE
8
BLACK
6
CONTINUOUS
10
169.5
20
-132.375
11
169.443
21
-132.364
0
LINE
8
BLACK
6
CONTINUOUS
10
169.443
20
-132.364
11
169.394
21
-132.331
0
LINE
8
BLACK
6
CONTINUOUS
10
169.394
20
-132.331
11
169.361
21
-132.282
0
LINE
8
BLACK
6
CONTINUOUS
10
169.361
20
-132.282
11
169.35
21
-132.225
0
LINE
8
BLACK
6
CONTINUOUS
10
169.35
20
-132.225
11
169.35
21
-131.2
0
LINE
8
BLACK
6
CONTINUOUS
10
169.35
20
-131.2
11
169.361
21
-131.143
0
LINE
8
BLACK
6
CONTINUOUS
10
169.361
20
-131.143
11
169.394
21
-131.094
0
LINE
8
BLACK
6
CONTINUOUS
10
169.394
20
-131.094
11
169.443
21
-131.061
0
LINE
8
BLACK
6
CONTINUOUS
10
169.443
20
-131.061
11
169.5
21
-131.05
0
LINE
8
BLACK
6
CONTINUOUS
10
169.5
20
-131.05
11
169.8
21
-131.05
0
LINE
8
BLACK
6
CONTINUOUS
10
169.8
20
-131.05
11
169.857
21
-131.061
0
LINE
8
BLACK
6
CONTINUOUS
10
170.807
20
-131.061
11
170.856
21
-131.094
0
LINE
8
BLACK
6
CONTINUOUS
10
170.856
20
-131.094
11
170.889
21
-131.143
0
LINE
8
BLACK
6
CONTINUOUS
10
170.889
20
-131.143
11
170.9
21
-131.2
0
LINE
8
BLACK
6
CONTINUOUS
10
170.9
20
-131.2
11
170.9
21
-132.225
0
LINE
8
BLACK
6
CONTINUOUS
10
170.9
20
-132.225
11
170.889
21
-132.282
0
LINE
8
BLACK
6
CONTINUOUS
10
170.889
20
-132.282
11
170.856
21
-132.331
0
LINE
8
BLACK
6
CONTINUOUS
10
170.856
20
-132.331
11
170.807
21
-132.364
0
LINE
8
BLACK
6
CONTINUOUS
10
170.807
20
-132.364
11
170.75
21
-132.375
0
LINE
8
BLACK
6
CONTINUOUS
10
170.75
20
-132.375
11
170.45
21
-132.375
0
LINE
8
BLACK
6
CONTINUOUS
10
170.45
20
-132.375
11
170.393
21
-132.364
0
LINE
8
BLACK
6
CONTINUOUS
10
170.393
20
-132.364
11
170.344
21
-132.331
0
LINE
8
BLACK
6
CONTINUOUS
10
170.344
20
-132.331
11
170.311
21
-132.282
0
LINE
8
BLACK
6
CONTINUOUS
10
170.311
20
-132.282
11
170.3
21
-132.225
0
LINE
8
BLACK
6
CONTINUOUS
10
170.3
20
-132.225
11
170.3
21
-131.2
0
LINE
8
BLACK
6
CONTINUOUS
10
170.3
20
-131.2
11
170.311
21
-131.143
0
LINE
8
BLACK
6
CONTINUOUS
10
170.311
20
-131.143
11
170.344
21
-131.094
0
LINE
8
BLACK
6
CONTINUOUS
10
170.344
20
-131.094
11
170.393
21
-131.061
0
LINE
8
BLACK
6
CONTINUOUS
10
170.393
20
-131.061
11
170.45
21
-131.05
0
LINE
8
BLACK
6
CONTINUOUS
10
170.45
20
-131.05
11
170.75
21
-131.05
0
LINE
8
BLACK
6
CONTINUOUS
10
170.75
20
-131.05
11
170.807
21
-131.061
0
LINE
8
BLACK
6
CONTINUOUS
10
164.752
20
-131.215
11
164.816
21
-131.259
0
LINE
8
BLACK
6
CONTINUOUS
10
164.816
20
-131.259
11
164.86
21
-131.323
0
LINE
8
BLACK
6
CONTINUOUS
10
164.86
20
-131.323
11
164.875
21
-131.4
0
LINE
8
BLACK
6
CONTINUOUS
10
164.875
20
-131.4
11
164.875
21
-131.95
0
LINE
8
BLACK
6
CONTINUOUS
10
164.875
20
-131.95
11
164.86
21
-132.027
0
LINE
8
BLACK
6
CONTINUOUS
10
164.86
20
-132.027
11
164.816
21
-132.091
0
LINE
8
BLACK
6
CONTINUOUS
10
164.816
20
-132.091
11
164.752
21
-132.135
0
LINE
8
BLACK
6
CONTINUOUS
10
164.752
20
-132.135
11
164.675
21
-132.15
0
LINE
8
BLACK
6
CONTINUOUS
10
164.675
20
-132.15
11
164.275
21
-132.15
0
LINE
8
BLACK
6
CONTINUOUS
10
164.275
20
-132.15
11
164.198
21
-132.135
0
LINE
8
BLACK
6
CONTINUOUS
10
164.198
20
-132.135
11
164.134
21
-132.091
0
LINE
8
BLACK
6
CONTINUOUS
10
164.134
20
-132.091
11
164.09
21
-132.027
0
LINE
8
BLACK
6
CONTINUOUS
10
164.09
20
-132.027
11
164.075
21
-131.95
0
LINE
8
BLACK
6
CONTINUOUS
10
164.075
20
-131.95
11
164.075
21
-131.4
0
LINE
8
BLACK
6
CONTINUOUS
10
164.075
20
-131.4
11
164.09
21
-131.323
0
LINE
8
BLACK
6
CONTINUOUS
10
164.09
20
-131.323
11
164.134
21
-131.259
0
LINE
8
BLACK
6
CONTINUOUS
10
164.134
20
-131.259
11
164.198
21
-131.215
0
LINE
8
BLACK
6
CONTINUOUS
10
164.198
20
-131.215
11
164.275
21
-131.2
0
LINE
8
BLACK
6
CONTINUOUS
10
164.275
20
-131.2
11
164.675
21
-131.2
0
LINE
8
BLACK
6
CONTINUOUS
10
164.675
20
-131.2
11
164.752
21
-131.215
0
LINE
8
BLACK
6
CONTINUOUS
10
166.402
20
-131.215
11
166.466
21
-131.259
0
LINE
8
BLACK
6
CONTINUOUS
10
166.466
20
-131.259
11
166.51
21
-131.323
0
LINE
8
BLACK
6
CONTINUOUS
10
166.51
20
-131.323
11
166.525
21
-131.4
0
LINE
8
BLACK
6
CONTINUOUS
10
166.525
20
-131.4
11
166.525
21
-131.95
0
LINE
8
BLACK
6
CONTINUOUS
10
166.525
20
-131.95
11
166.51
21
-132.027
0
LINE
8
BLACK
6
CONTINUOUS
10
166.51
20
-132.027
11
166.466
21
-132.091
0
LINE
8
BLACK
6
CONTINUOUS
10
166.466
20
-132.091
11
166.402
21
-132.135
0
LINE
8
BLACK
6
CONTINUOUS
10
166.402
20
-132.135
11
166.325
21
-132.15
0
LINE
8
BLACK
6
CONTINUOUS
10
166.325
20
-132.15
11
165.925
21
-132.15
0
LINE
8
BLACK
6
CONTINUOUS
10
165.925
20
-132.15
11
165.848
21
-132.135
0
LINE
8
BLACK
6
CONTINUOUS
10
165.848
20
-132.135
11
165.784
21
-132.091
0
LINE
8
BLACK
6
CONTINUOUS
10
165.784
20
-132.091
11
165.74
21
-132.027
0
LINE
8
BLACK
6
CONTINUOUS
10
165.74
20
-132.027
11
165.725
21
-131.95
0
LINE
8
BLACK
6
CONTINUOUS
10
165.725
20
-131.95
11
165.725
21
-131.4
0
LINE
8
BLACK
6
CONTINUOUS
10
165.725
20
-131.4
11
165.74
21
-131.323
0
LINE
8
BLACK
6
CONTINUOUS
10
165.74
20
-131.323
11
165.784
21
-131.259
0
LINE
8
BLACK
6
CONTINUOUS
10
165.784
20
-131.259
11
165.848
21
-131.215
0
LINE
8
BLACK
6
CONTINUOUS
10
165.848
20
-131.215
11
165.925
21
-131.2
0
LINE
8
BLACK
6
CONTINUOUS
10
165.925
20
-131.2
11
166.325
21
-131.2
0
LINE
8
BLACK
6
CONTINUOUS
10
166.325
20
-131.2
11
166.402
21
-131.215
0
LINE
8
BLACK
6
CONTINUOUS
10
105.846
20
-128.919
11
106.09
21
-128.978
0
LINE
8
BLACK
6
CONTINUOUS
10
106.09
20
-128.978
11
106.322
21
-129.074
0
LINE
8
BLACK
6
CONTINUOUS
10
106.322
20
-129.074
11
106.536
21
-129.205
0
LINE
8
BLACK
6
CONTINUOUS
10
106.536
20
-129.205
11
106.727
21
-129.368
0
LINE
8
BLACK
6
CONTINUOUS
10
106.727
20
-129.368
11
106.89
21
-129.559
0
LINE
8
BLACK
6
CONTINUOUS
10
106.89
20
-129.559
11
107.021
21
-129.774
0
LINE
8
BLACK
6
CONTINUOUS
10
107.021
20
-129.774
11
107.117
21
-130.006
0
LINE
8
BLACK
6
CONTINUOUS
10
107.117
20
-130.006
11
107.176
21
-130.25
0
LINE
8
BLACK
6
CONTINUOUS
10
107.176
20
-130.25
11
107.196
21
-130.5
0
LINE
8
BLACK
6
CONTINUOUS
10
107.196
20
-130.5
11
107.176
21
-130.75
0
LINE
8
BLACK
6
CONTINUOUS
10
107.176
20
-130.75
11
107.117
21
-130.994
0
LINE
8
BLACK
6
CONTINUOUS
10
107.117
20
-130.994
11
107.021
21
-131.226
0
LINE
8
BLACK
6
CONTINUOUS
10
107.021
20
-131.226
11
106.89
21
-131.441
0
LINE
8
BLACK
6
CONTINUOUS
10
106.89
20
-131.441
11
106.727
21
-131.632
0
LINE
8
BLACK
6
CONTINUOUS
10
106.727
20
-131.632
11
106.536
21
-131.795
0
LINE
8
BLACK
6
CONTINUOUS
10
106.536
20
-131.795
11
106.322
21
-131.926
0
LINE
8
BLACK
6
CONTINUOUS
10
106.322
20
-131.926
11
106.09
21
-132.022
0
LINE
8
BLACK
6
CONTINUOUS
10
106.09
20
-132.022
11
105.846
21
-132.08
0
LINE
8
BLACK
6
CONTINUOUS
10
105.846
20
-132.08
11
105.596
21
-132.1
0
LINE
8
BLACK
6
CONTINUOUS
10
105.596
20
-132.1
11
105.345
21
-132.08
0
LINE
8
BLACK
6
CONTINUOUS
10
105.345
20
-132.08
11
105.101
21
-132.022
0
LINE
8
BLACK
6
CONTINUOUS
10
105.101
20
-132.022
11
104.869
21
-131.926
0
LINE
8
BLACK
6
CONTINUOUS
10
104.869
20
-131.926
11
104.655
21
-131.795
0
LINE
8
BLACK
6
CONTINUOUS
10
104.655
20
-131.795
11
104.464
21
-131.632
0
LINE
8
BLACK
6
CONTINUOUS
10
104.464
20
-131.632
11
104.301
21
-131.441
0
LINE
8
BLACK
6
CONTINUOUS
10
104.301
20
-131.441
11
104.17
21
-131.226
0
LINE
8
BLACK
6
CONTINUOUS
10
104.17
20
-131.226
11
104.074
21
-130.994
0
LINE
8
BLACK
6
CONTINUOUS
10
104.074
20
-130.994
11
104.015
21
-130.75
0
LINE
8
BLACK
6
CONTINUOUS
10
104.015
20
-130.75
11
103.995
21
-130.5
0
LINE
8
BLACK
6
CONTINUOUS
10
103.995
20
-130.5
11
104.015
21
-130.25
0
LINE
8
BLACK
6
CONTINUOUS
10
104.015
20
-130.25
11
104.074
21
-130.006
0
LINE
8
BLACK
6
CONTINUOUS
10
104.074
20
-130.006
11
104.17
21
-129.774
0
LINE
8
BLACK
6
CONTINUOUS
10
104.17
20
-129.774
11
104.301
21
-129.559
0
LINE
8
BLACK
6
CONTINUOUS
10
104.301
20
-129.559
11
104.464
21
-129.368
0
LINE
8
BLACK
6
CONTINUOUS
10
104.464
20
-129.368
11
104.655
21
-129.205
0
LINE
8
BLACK
6
CONTINUOUS
10
104.655
20
-129.205
11
104.869
21
-129.074
0
LINE
8
BLACK
6
CONTINUOUS
10
104.869
20
-129.074
11
105.101
21
-128.978
0
LINE
8
BLACK
6
CONTINUOUS
10
105.101
20
-128.978
11
105.345
21
-128.919
0
LINE
8
BLACK
6
CONTINUOUS
10
105.345
20
-128.919
11
105.596
21
-128.9
0
LINE
8
BLACK
6
CONTINUOUS
10
105.596
20
-128.9
11
105.846
21
-128.919
0
LINE
8
BLACK
6
CONTINUOUS
10
137.346
20
-130.594
11
137.427
21
-130.648
0
LINE
8
BLACK
6
CONTINUOUS
10
137.427
20
-130.648
11
137.481
21
-130.729
0
LINE
8
BLACK
6
CONTINUOUS
10
137.481
20
-130.729
11
137.5
21
-130.825
0
LINE
8
BLACK
6
CONTINUOUS
10
137.5
20
-130.825
11
137.5
21
-131.775
0
LINE
8
BLACK
6
CONTINUOUS
10
137.5
20
-131.775
11
137.481
21
-131.871
0
LINE
8
BLACK
6
CONTINUOUS
10
137.481
20
-131.871
11
137.427
21
-131.952
0
LINE
8
BLACK
6
CONTINUOUS
10
137.427
20
-131.952
11
137.346
21
-132.006
0
LINE
8
BLACK
6
CONTINUOUS
10
137.346
20
-132.006
11
137.25
21
-132.025
0
LINE
8
BLACK
6
CONTINUOUS
10
137.25
20
-132.025
11
136.75
21
-132.025
0
LINE
8
BLACK
6
CONTINUOUS
10
136.75
20
-132.025
11
136.654
21
-132.006
0
LINE
8
BLACK
6
CONTINUOUS
10
136.654
20
-132.006
11
136.573
21
-131.952
0
LINE
8
BLACK
6
CONTINUOUS
10
136.573
20
-131.952
11
136.519
21
-131.871
0
LINE
8
BLACK
6
CONTINUOUS
10
136.519
20
-131.871
11
136.5
21
-131.775
0
LINE
8
BLACK
6
CONTINUOUS
10
136.5
20
-131.775
11
136.5
21
-130.825
0
LINE
8
BLACK
6
CONTINUOUS
10
136.5
20
-130.825
11
136.519
21
-130.729
0
LINE
8
BLACK
6
CONTINUOUS
10
136.519
20
-130.729
11
136.573
21
-130.648
0
LINE
8
BLACK
6
CONTINUOUS
10
136.573
20
-130.648
11
136.654
21
-130.594
0
LINE
8
BLACK
6
CONTINUOUS
10
136.654
20
-130.594
11
136.75
21
-130.575
0
LINE
8
BLACK
6
CONTINUOUS
10
136.75
20
-130.575
11
137.25
21
-130.575
0
LINE
8
BLACK
6
CONTINUOUS
10
137.25
20
-130.575
11
137.346
21
-130.594
0
LINE
8
BLACK
6
CONTINUOUS
10
139.246
20
-130.594
11
139.327
21
-130.648
0
LINE
8
BLACK
6
CONTINUOUS
10
139.327
20
-130.648
11
139.381
21
-130.729
0
LINE
8
BLACK
6
CONTINUOUS
10
139.381
20
-130.729
11
139.4
21
-130.825
0
LINE
8
BLACK
6
CONTINUOUS
10
139.4
20
-130.825
11
139.4
21
-131.775
0
LINE
8
BLACK
6
CONTINUOUS
10
139.4
20
-131.775
11
139.381
21
-131.871
0
LINE
8
BLACK
6
CONTINUOUS
10
139.381
20
-131.871
11
139.327
21
-131.952
0
LINE
8
BLACK
6
CONTINUOUS
10
139.327
20
-131.952
11
139.246
21
-132.006
0
LINE
8
BLACK
6
CONTINUOUS
10
139.246
20
-132.006
11
139.15
21
-132.025
0
LINE
8
BLACK
6
CONTINUOUS
10
139.15
20
-132.025
11
138.65
21
-132.025
0
LINE
8
BLACK
6
CONTINUOUS
10
138.65
20
-132.025
11
138.554
21
-132.006
0
LINE
8
BLACK
6
CONTINUOUS
10
138.554
20
-132.006
11
138.473
21
-131.952
0
LINE
8
BLACK
6
CONTINUOUS
10
138.473
20
-131.952
11
138.419
21
-131.871
0
LINE
8
BLACK
6
CONTINUOUS
10
138.419
20
-131.871
11
138.4
21
-131.775
0
LINE
8
BLACK
6
CONTINUOUS
10
138.4
20
-131.775
11
138.4
21
-130.825
0
LINE
8
BLACK
6
CONTINUOUS
10
138.4
20
-130.825
11
138.419
21
-130.729
0
LINE
8
BLACK
6
CONTINUOUS
10
138.419
20
-130.729
11
138.473
21
-130.648
0
LINE
8
BLACK
6
CONTINUOUS
10
138.473
20
-130.648
11
138.554
21
-130.594
0
LINE
8
BLACK
6
CONTINUOUS
10
138.554
20
-130.594
11
138.65
21
-130.575
0
LINE
8
BLACK
6
CONTINUOUS
10
138.65
20
-130.575
11
139.15
21
-130.575
0
LINE
8
BLACK
6
CONTINUOUS
10
139.15
20
-130.575
11
139.246
21
-130.594
0
LINE
8
BLACK
6
CONTINUOUS
10
140.946
20
-130.594
11
141.027
21
-130.648
0
LINE
8
BLACK
6
CONTINUOUS
10
141.027
20
-130.648
11
141.081
21
-130.729
0
LINE
8
BLACK
6
CONTINUOUS
10
141.081
20
-130.729
11
141.1
21
-130.825
0
LINE
8
BLACK
6
CONTINUOUS
10
141.1
20
-130.825
11
141.1
21
-131.775
0
LINE
8
BLACK
6
CONTINUOUS
10
141.1
20
-131.775
11
141.081
21
-131.871
0
LINE
8
BLACK
6
CONTINUOUS
10
141.081
20
-131.871
11
141.027
21
-131.952
0
LINE
8
BLACK
6
CONTINUOUS
10
141.027
20
-131.952
11
140.946
21
-132.006
0
LINE
8
BLACK
6
CONTINUOUS
10
140.946
20
-132.006
11
140.85
21
-132.025
0
LINE
8
BLACK
6
CONTINUOUS
10
140.85
20
-132.025
11
140.35
21
-132.025
0
LINE
8
BLACK
6
CONTINUOUS
10
140.35
20
-132.025
11
140.254
21
-132.006
0
LINE
8
BLACK
6
CONTINUOUS
10
140.254
20
-132.006
11
140.173
21
-131.952
0
LINE
8
BLACK
6
CONTINUOUS
10
140.173
20
-131.952
11
140.119
21
-131.871
0
LINE
8
BLACK
6
CONTINUOUS
10
140.119
20
-131.871
11
140.1
21
-131.775
0
LINE
8
BLACK
6
CONTINUOUS
10
140.1
20
-131.775
11
140.1
21
-130.825
0
LINE
8
BLACK
6
CONTINUOUS
10
140.1
20
-130.825
11
140.119
21
-130.729
0
LINE
8
BLACK
6
CONTINUOUS
10
140.119
20
-130.729
11
140.173
21
-130.648
0
LINE
8
BLACK
6
CONTINUOUS
10
140.173
20
-130.648
11
140.254
21
-130.594
0
LINE
8
BLACK
6
CONTINUOUS
10
140.254
20
-130.594
11
140.35
21
-130.575
0
LINE
8
BLACK
6
CONTINUOUS
10
140.35
20
-130.575
11
140.85
21
-130.575
0
LINE
8
BLACK
6
CONTINUOUS
10
140.85
20
-130.575
11
140.946
21
-130.594
0
LINE
8
BLACK
6
CONTINUOUS
10
142.846
20
-130.594
11
142.927
21
-130.648
0
LINE
8
BLACK
6
CONTINUOUS
10
142.927
20
-130.648
11
142.981
21
-130.729
0
LINE
8
BLACK
6
CONTINUOUS
10
142.981
20
-130.729
11
143
21
-130.825
0
LINE
8
BLACK
6
CONTINUOUS
10
143
20
-130.825
11
143
21
-131.775
0
LINE
8
BLACK
6
CONTINUOUS
10
143
20
-131.775
11
142.981
21
-131.871
0
LINE
8
BLACK
6
CONTINUOUS
10
142.981
20
-131.871
11
142.927
21
-131.952
0
LINE
8
BLACK
6
CONTINUOUS
10
142.927
20
-131.952
11
142.846
21
-132.006
0
LINE
8
BLACK
6
CONTINUOUS
10
142.846
20
-132.006
11
142.75
21
-132.025
0
LINE
8
BLACK
6
CONTINUOUS
10
142.75
20
-132.025
11
142.25
21
-132.025
0
LINE
8
BLACK
6
CONTINUOUS
10
142.25
20
-132.025
11
142.154
21
-132.006
0
LINE
8
BLACK
6
CONTINUOUS
10
142.154
20
-132.006
11
142.073
21
-131.952
0
LINE
8
BLACK
6
CONTINUOUS
10
142.073
20
-131.952
11
142.019
21
-131.871
0
LINE
8
BLACK
6
CONTINUOUS
10
142.019
20
-131.871
11
142
21
-131.775
0
LINE
8
BLACK
6
CONTINUOUS
10
142
20
-131.775
11
142
21
-130.825
0
LINE
8
BLACK
6
CONTINUOUS
10
142
20
-130.825
11
142.019
21
-130.729
0
LINE
8
BLACK
6
CONTINUOUS
10
142.019
20
-130.729
11
142.073
21
-130.648
0
LINE
8
BLACK
6
CONTINUOUS
10
142.073
20
-130.648
11
142.154
21
-130.594
0
LINE
8
BLACK
6
CONTINUOUS
10
142.154
20
-130.594
11
142.25
21
-130.575
0
LINE
8
BLACK
6
CONTINUOUS
10
142.25
20
-130.575
11
142.75
21
-130.575
0
LINE
8
BLACK
6
CONTINUOUS
10
142.75
20
-130.575
11
142.846
21
-130.594
0
LINE
8
BLACK
6
CONTINUOUS
10
134.446
20
-130.879
11
134.527
21
-130.933
0
LINE
8
BLACK
6
CONTINUOUS
10
134.527
20
-130.933
11
134.581
21
-131.014
0
LINE
8
BLACK
6
CONTINUOUS
10
134.581
20
-131.014
11
134.6
21
-131.11
0
LINE
8
BLACK
6
CONTINUOUS
10
134.6
20
-131.11
11
134.6
21
-131.76
0
LINE
8
BLACK
6
CONTINUOUS
10
134.6
20
-131.76
11
134.581
21
-131.856
0
LINE
8
BLACK
6
CONTINUOUS
10
134.581
20
-131.856
11
134.527
21
-131.937
0
LINE
8
BLACK
6
CONTINUOUS
10
134.527
20
-131.937
11
134.446
21
-131.991
0
LINE
8
BLACK
6
CONTINUOUS
10
134.446
20
-131.991
11
134.35
21
-132.01
0
LINE
8
BLACK
6
CONTINUOUS
10
134.35
20
-132.01
11
132.15
21
-132.01
0
LINE
8
BLACK
6
CONTINUOUS
10
132.15
20
-132.01
11
132.054
21
-131.991
0
LINE
8
BLACK
6
CONTINUOUS
10
132.054
20
-131.991
11
131.973
21
-131.937
0
LINE
8
BLACK
6
CONTINUOUS
10
131.973
20
-131.937
11
131.919
21
-131.856
0
LINE
8
BLACK
6
CONTINUOUS
10
131.919
20
-131.856
11
131.9
21
-131.76
0
LINE
8
BLACK
6
CONTINUOUS
10
131.9
20
-131.76
11
131.9
21
-131.11
0
LINE
8
BLACK
6
CONTINUOUS
10
131.9
20
-131.11
11
131.919
21
-131.014
0
LINE
8
BLACK
6
CONTINUOUS
10
131.919
20
-131.014
11
131.973
21
-130.933
0
LINE
8
BLACK
6
CONTINUOUS
10
131.973
20
-130.933
11
132.054
21
-130.879
0
LINE
8
BLACK
6
CONTINUOUS
10
132.054
20
-130.879
11
132.15
21
-130.86
0
LINE
8
BLACK
6
CONTINUOUS
10
132.15
20
-130.86
11
134.35
21
-130.86
0
LINE
8
BLACK
6
CONTINUOUS
10
134.35
20
-130.86
11
134.446
21
-130.879
0
LINE
8
BLACK
6
CONTINUOUS
10
128.194
20
-131.261
11
128.239
21
-131.291
0
LINE
8
BLACK
6
CONTINUOUS
10
128.239
20
-131.291
11
128.269
21
-131.336
0
LINE
8
BLACK
6
CONTINUOUS
10
128.269
20
-131.336
11
128.28
21
-131.39
0
LINE
8
BLACK
6
CONTINUOUS
10
128.28
20
-131.39
11
128.28
21
-131.73
0
LINE
8
BLACK
6
CONTINUOUS
10
128.28
20
-131.73
11
128.269
21
-131.784
0
LINE
8
BLACK
6
CONTINUOUS
10
128.269
20
-131.784
11
128.239
21
-131.829
0
LINE
8
BLACK
6
CONTINUOUS
10
128.239
20
-131.829
11
128.194
21
-131.859
0
LINE
8
BLACK
6
CONTINUOUS
10
128.194
20
-131.859
11
128.14
21
-131.87
0
LINE
8
BLACK
6
CONTINUOUS
10
128.14
20
-131.87
11
127.86
21
-131.87
0
LINE
8
BLACK
6
CONTINUOUS
10
127.86
20
-131.87
11
127.806
21
-131.859
0
LINE
8
BLACK
6
CONTINUOUS
10
127.806
20
-131.859
11
127.761
21
-131.829
0
LINE
8
BLACK
6
CONTINUOUS
10
127.761
20
-131.829
11
127.731
21
-131.784
0
LINE
8
BLACK
6
CONTINUOUS
10
127.731
20
-131.784
11
127.72
21
-131.73
0
LINE
8
BLACK
6
CONTINUOUS
10
127.72
20
-131.73
11
127.72
21
-131.39
0
LINE
8
BLACK
6
CONTINUOUS
10
127.72
20
-131.39
11
127.731
21
-131.336
0
LINE
8
BLACK
6
CONTINUOUS
10
127.731
20
-131.336
11
127.761
21
-131.291
0
LINE
8
BLACK
6
CONTINUOUS
10
127.761
20
-131.291
11
127.806
21
-131.261
0
LINE
8
BLACK
6
CONTINUOUS
10
127.806
20
-131.261
11
127.86
21
-131.25
0
LINE
8
BLACK
6
CONTINUOUS
10
127.86
20
-131.25
11
128.14
21
-131.25
0
LINE
8
BLACK
6
CONTINUOUS
10
128.14
20
-131.25
11
128.194
21
-131.261
0
LINE
8
BLACK
6
CONTINUOUS
10
129.154
20
-131.261
11
129.199
21
-131.291
0
LINE
8
BLACK
6
CONTINUOUS
10
129.199
20
-131.291
11
129.229
21
-131.336
0
LINE
8
BLACK
6
CONTINUOUS
10
129.229
20
-131.336
11
129.24
21
-131.39
0
LINE
8
BLACK
6
CONTINUOUS
10
129.24
20
-131.39
11
129.24
21
-131.73
0
LINE
8
BLACK
6
CONTINUOUS
10
129.24
20
-131.73
11
129.229
21
-131.784
0
LINE
8
BLACK
6
CONTINUOUS
10
129.229
20
-131.784
11
129.199
21
-131.829
0
LINE
8
BLACK
6
CONTINUOUS
10
129.199
20
-131.829
11
129.154
21
-131.859
0
LINE
8
BLACK
6
CONTINUOUS
10
129.154
20
-131.859
11
129.1
21
-131.87
0
LINE
8
BLACK
6
CONTINUOUS
10
129.1
20
-131.87
11
128.82
21
-131.87
0
LINE
8
BLACK
6
CONTINUOUS
10
128.82
20
-131.87
11
128.766
21
-131.859
0
LINE
8
BLACK
6
CONTINUOUS
10
128.766
20
-131.859
11
128.721
21
-131.829
0
LINE
8
BLACK
6
CONTINUOUS
10
128.721
20
-131.829
11
128.691
21
-131.784
0
LINE
8
BLACK
6
CONTINUOUS
10
128.691
20
-131.784
11
128.68
21
-131.73
0
LINE
8
BLACK
6
CONTINUOUS
10
128.68
20
-131.73
11
128.68
21
-131.39
0
LINE
8
BLACK
6
CONTINUOUS
10
128.68
20
-131.39
11
128.691
21
-131.336
0
LINE
8
BLACK
6
CONTINUOUS
10
128.691
20
-131.336
11
128.721
21
-131.291
0
LINE
8
BLACK
6
CONTINUOUS
10
128.721
20
-131.291
11
128.766
21
-131.261
0
LINE
8
BLACK
6
CONTINUOUS
10
128.766
20
-131.261
11
128.82
21
-131.25
0
LINE
8
BLACK
6
CONTINUOUS
10
128.82
20
-131.25
11
129.1
21
-131.25
0
LINE
8
BLACK
6
CONTINUOUS
10
129.1
20
-131.25
11
129.154
21
-131.261
0
LINE
8
BLACK
6
CONTINUOUS
10
130.097
20
-130.73
11
130.14
21
-130.76
0
LINE
8
BLACK
6
CONTINUOUS
10
130.14
20
-130.76
11
130.17
21
-130.803
0
LINE
8
BLACK
6
CONTINUOUS
10
130.17
20
-130.803
11
130.18
21
-130.855
0
LINE
8
BLACK
6
CONTINUOUS
10
130.18
20
-130.855
11
130.18
21
-131.225
0
LINE
8
BLACK
6
CONTINUOUS
10
130.18
20
-131.225
11
130.17
21
-131.277
0
LINE
8
BLACK
6
CONTINUOUS
10
130.17
20
-131.277
11
130.14
21
-131.32
0
LINE
8
BLACK
6
CONTINUOUS
10
130.14
20
-131.32
11
130.097
21
-131.35
0
LINE
8
BLACK
6
CONTINUOUS
10
130.097
20
-131.35
11
130.045
21
-131.36
0
LINE
8
BLACK
6
CONTINUOUS
10
130.045
20
-131.36
11
129.775
21
-131.36
0
LINE
8
BLACK
6
CONTINUOUS
10
129.775
20
-131.36
11
129.723
21
-131.35
0
LINE
8
BLACK
6
CONTINUOUS
10
129.723
20
-131.35
11
129.68
21
-131.32
0
LINE
8
BLACK
6
CONTINUOUS
10
129.68
20
-131.32
11
129.65
21
-131.277
0
LINE
8
BLACK
6
CONTINUOUS
10
129.65
20
-131.277
11
129.64
21
-131.225
0
LINE
8
BLACK
6
CONTINUOUS
10
129.64
20
-131.225
11
129.64
21
-130.855
0
LINE
8
BLACK
6
CONTINUOUS
10
129.64
20
-130.855
11
129.65
21
-130.803
0
LINE
8
BLACK
6
CONTINUOUS
10
129.65
20
-130.803
11
129.68
21
-130.76
0
LINE
8
BLACK
6
CONTINUOUS
10
129.68
20
-130.76
11
129.723
21
-130.73
0
LINE
8
BLACK
6
CONTINUOUS
10
129.723
20
-130.73
11
129.775
21
-130.72
0
LINE
8
BLACK
6
CONTINUOUS
10
129.775
20
-130.72
11
130.045
21
-130.72
0
LINE
8
BLACK
6
CONTINUOUS
10
130.045
20
-130.72
11
130.097
21
-130.73
0
LINE
8
BLACK
6
CONTINUOUS
10
131.117
20
-130.73
11
131.16
21
-130.76
0
LINE
8
BLACK
6
CONTINUOUS
10
131.16
20
-130.76
11
131.19
21
-130.803
0
LINE
8
BLACK
6
CONTINUOUS
10
131.19
20
-130.803
11
131.2
21
-130.855
0
LINE
8
BLACK
6
CONTINUOUS
10
131.2
20
-130.855
11
131.2
21
-131.225
0
LINE
8
BLACK
6
CONTINUOUS
10
131.2
20
-131.225
11
131.19
21
-131.277
0
LINE
8
BLACK
6
CONTINUOUS
10
131.19
20
-131.277
11
131.16
21
-131.32
0
LINE
8
BLACK
6
CONTINUOUS
10
131.16
20
-131.32
11
131.117
21
-131.35
0
LINE
8
BLACK
6
CONTINUOUS
10
131.117
20
-131.35
11
131.065
21
-131.36
0
LINE
8
BLACK
6
CONTINUOUS
10
131.065
20
-131.36
11
130.795
21
-131.36
0
LINE
8
BLACK
6
CONTINUOUS
10
130.795
20
-131.36
11
130.743
21
-131.35
0
LINE
8
BLACK
6
CONTINUOUS
10
130.743
20
-131.35
11
130.7
21
-131.32
0
LINE
8
BLACK
6
CONTINUOUS
10
130.7
20
-131.32
11
130.67
21
-131.277
0
LINE
8
BLACK
6
CONTINUOUS
10
130.67
20
-131.277
11
130.66
21
-131.225
0
LINE
8
BLACK
6
CONTINUOUS
10
130.66
20
-131.225
11
130.66
21
-130.855
0
LINE
8
BLACK
6
CONTINUOUS
10
130.66
20
-130.855
11
130.67
21
-130.803
0
LINE
8
BLACK
6
CONTINUOUS
10
130.67
20
-130.803
11
130.7
21
-130.76
0
LINE
8
BLACK
6
CONTINUOUS
10
130.7
20
-130.76
11
130.743
21
-130.73
0
LINE
8
BLACK
6
CONTINUOUS
10
130.743
20
-130.73
11
130.795
21
-130.72
0
LINE
8
BLACK
6
CONTINUOUS
10
130.795
20
-130.72
11
131.065
21
-130.72
0
LINE
8
BLACK
6
CONTINUOUS
10
131.065
20
-130.72
11
131.117
21
-130.73
0
LINE
8
BLACK
6
CONTINUOUS
10
173.964
20
-130.751
11
174.009
21
-130.781
0
LINE
8
BLACK
6
CONTINUOUS
10
174.009
20
-130.781
11
174.039
21
-130.826
0
LINE
8
BLACK
6
CONTINUOUS
10
174.039
20
-130.826
11
174.05
21
-130.88
0
LINE
8
BLACK
6
CONTINUOUS
10
174.05
20
-130.88
11
174.05
21
-131.22
0
LINE
8
BLACK
6
CONTINUOUS
10
174.05
20
-131.22
11
174.039
21
-131.274
0
LINE
8
BLACK
6
CONTINUOUS
10
174.039
20
-131.274
11
174.009
21
-131.319
0
LINE
8
BLACK
6
CONTINUOUS
10
174.009
20
-131.319
11
173.964
21
-131.349
0
LINE
8
BLACK
6
CONTINUOUS
10
173.964
20
-131.349
11
173.91
21
-131.36
0
LINE
8
BLACK
6
CONTINUOUS
10
173.91
20
-131.36
11
173.63
21
-131.36
0
LINE
8
BLACK
6
CONTINUOUS
10
173.63
20
-131.36
11
173.576
21
-131.349
0
LINE
8
BLACK
6
CONTINUOUS
10
173.576
20
-131.349
11
173.531
21
-131.319
0
LINE
8
BLACK
6
CONTINUOUS
10
173.531
20
-131.319
11
173.501
21
-131.274
0
LINE
8
BLACK
6
CONTINUOUS
10
173.501
20
-131.274
11
173.49
21
-131.22
0
LINE
8
BLACK
6
CONTINUOUS
10
173.49
20
-131.22
11
173.49
21
-130.88
0
LINE
8
BLACK
6
CONTINUOUS
10
173.49
20
-130.88
11
173.501
21
-130.826
0
LINE
8
BLACK
6
CONTINUOUS
10
173.501
20
-130.826
11
173.531
21
-130.781
0
LINE
8
BLACK
6
CONTINUOUS
10
173.531
20
-130.781
11
173.576
21
-130.751
0
LINE
8
BLACK
6
CONTINUOUS
10
173.576
20
-130.751
11
173.63
21
-130.74
0
LINE
8
BLACK
6
CONTINUOUS
10
173.63
20
-130.74
11
173.91
21
-130.74
0
LINE
8
BLACK
6
CONTINUOUS
10
173.91
20
-130.74
11
173.964
21
-130.751
0
LINE
8
BLACK
6
CONTINUOUS
10
174.924
20
-130.751
11
174.969
21
-130.781
0
LINE
8
BLACK
6
CONTINUOUS
10
174.969
20
-130.781
11
174.999
21
-130.826
0
LINE
8
BLACK
6
CONTINUOUS
10
174.999
20
-130.826
11
175.01
21
-130.88
0
LINE
8
BLACK
6
CONTINUOUS
10
175.01
20
-130.88
11
175.01
21
-131.22
0
LINE
8
BLACK
6
CONTINUOUS
10
175.01
20
-131.22
11
174.999
21
-131.274
0
LINE
8
BLACK
6
CONTINUOUS
10
174.999
20
-131.274
11
174.969
21
-131.319
0
LINE
8
BLACK
6
CONTINUOUS
10
174.969
20
-131.319
11
174.924
21
-131.349
0
LINE
8
BLACK
6
CONTINUOUS
10
174.924
20
-131.349
11
174.87
21
-131.36
0
LINE
8
BLACK
6
CONTINUOUS
10
174.87
20
-131.36
11
174.59
21
-131.36
0
LINE
8
BLACK
6
CONTINUOUS
10
174.59
20
-131.36
11
174.536
21
-131.349
0
LINE
8
BLACK
6
CONTINUOUS
10
174.536
20
-131.349
11
174.491
21
-131.319
0
LINE
8
BLACK
6
CONTINUOUS
10
174.491
20
-131.319
11
174.461
21
-131.274
0
LINE
8
BLACK
6
CONTINUOUS
10
174.461
20
-131.274
11
174.45
21
-131.22
0
LINE
8
BLACK
6
CONTINUOUS
10
174.45
20
-131.22
11
174.45
21
-130.88
0
LINE
8
BLACK
6
CONTINUOUS
10
174.45
20
-130.88
11
174.461
21
-130.826
0
LINE
8
BLACK
6
CONTINUOUS
10
174.461
20
-130.826
11
174.491
21
-130.781
0
LINE
8
BLACK
6
CONTINUOUS
10
174.491
20
-130.781
11
174.536
21
-130.751
0
LINE
8
BLACK
6
CONTINUOUS
10
174.536
20
-130.751
11
174.59
21
-130.74
0
LINE
8
BLACK
6
CONTINUOUS
10
174.59
20
-130.74
11
174.87
21
-130.74
0
LINE
8
BLACK
6
CONTINUOUS
10
174.87
20
-130.74
11
174.924
21
-130.751
0
LINE
8
BLACK
6
CONTINUOUS
10
164.752
20
-129.565
11
164.816
21
-129.609
0
LINE
8
BLACK
6
CONTINUOUS
10
164.816
20
-129.609
11
164.86
21
-129.673
0
LINE
8
BLACK
6
CONTINUOUS
10
164.86
20
-129.673
11
164.875
21
-129.75
0
LINE
8
BLACK
6
CONTINUOUS
10
164.875
20
-129.75
11
164.875
21
-130.3
0
LINE
8
BLACK
6
CONTINUOUS
10
164.875
20
-130.3
11
164.86
21
-130.377
0
LINE
8
BLACK
6
CONTINUOUS
10
164.86
20
-130.377
11
164.816
21
-130.441
0
LINE
8
BLACK
6
CONTINUOUS
10
164.816
20
-130.441
11
164.752
21
-130.485
0
LINE
8
BLACK
6
CONTINUOUS
10
164.752
20
-130.485
11
164.675
21
-130.5
0
LINE
8
BLACK
6
CONTINUOUS
10
164.675
20
-130.5
11
164.275
21
-130.5
0
LINE
8
BLACK
6
CONTINUOUS
10
164.275
20
-130.5
11
164.198
21
-130.485
0
LINE
8
BLACK
6
CONTINUOUS
10
164.198
20
-130.485
11
164.134
21
-130.441
0
LINE
8
BLACK
6
CONTINUOUS
10
164.134
20
-130.441
11
164.09
21
-130.377
0
LINE
8
BLACK
6
CONTINUOUS
10
164.09
20
-130.377
11
164.075
21
-130.3
0
LINE
8
BLACK
6
CONTINUOUS
10
164.075
20
-130.3
11
164.075
21
-129.75
0
LINE
8
BLACK
6
CONTINUOUS
10
164.075
20
-129.75
11
164.09
21
-129.673
0
LINE
8
BLACK
6
CONTINUOUS
10
164.09
20
-129.673
11
164.134
21
-129.609
0
LINE
8
BLACK
6
CONTINUOUS
10
164.134
20
-129.609
11
164.198
21
-129.565
0
LINE
8
BLACK
6
CONTINUOUS
10
164.198
20
-129.565
11
164.275
21
-129.55
0
LINE
8
BLACK
6
CONTINUOUS
10
164.275
20
-129.55
11
164.675
21
-129.55
0
LINE
8
BLACK
6
CONTINUOUS
10
164.675
20
-129.55
11
164.752
21
-129.565
0
LINE
8
BLACK
6
CONTINUOUS
10
166.402
20
-129.565
11
166.466
21
-129.609
0
LINE
8
BLACK
6
CONTINUOUS
10
166.466
20
-129.609
11
166.51
21
-129.673
0
LINE
8
BLACK
6
CONTINUOUS
10
166.51
20
-129.673
11
166.525
21
-129.75
0
LINE
8
BLACK
6
CONTINUOUS
10
166.525
20
-129.75
11
166.525
21
-130.3
0
LINE
8
BLACK
6
CONTINUOUS
10
166.525
20
-130.3
11
166.51
21
-130.377
0
LINE
8
BLACK
6
CONTINUOUS
10
166.51
20
-130.377
11
166.466
21
-130.441
0
LINE
8
BLACK
6
CONTINUOUS
10
166.466
20
-130.441
11
166.402
21
-130.485
0
LINE
8
BLACK
6
CONTINUOUS
10
166.402
20
-130.485
11
166.325
21
-130.5
0
LINE
8
BLACK
6
CONTINUOUS
10
166.325
20
-130.5
11
165.925
21
-130.5
0
LINE
8
BLACK
6
CONTINUOUS
10
165.925
20
-130.5
11
165.848
21
-130.485
0
LINE
8
BLACK
6
CONTINUOUS
10
165.848
20
-130.485
11
165.784
21
-130.441
0
LINE
8
BLACK
6
CONTINUOUS
10
165.784
20
-130.441
11
165.74
21
-130.377
0
LINE
8
BLACK
6
CONTINUOUS
10
165.74
20
-130.377
11
165.725
21
-130.3
0
LINE
8
BLACK
6
CONTINUOUS
10
165.725
20
-130.3
11
165.725
21
-129.75
0
LINE
8
BLACK
6
CONTINUOUS
10
165.725
20
-129.75
11
165.74
21
-129.673
0
LINE
8
BLACK
6
CONTINUOUS
10
165.74
20
-129.673
11
165.784
21
-129.609
0
LINE
8
BLACK
6
CONTINUOUS
10
165.784
20
-129.609
11
165.848
21
-129.565
0
LINE
8
BLACK
6
CONTINUOUS
10
165.848
20
-129.565
11
165.925
21
-129.55
0
LINE
8
BLACK
6
CONTINUOUS
10
165.925
20
-129.55
11
166.325
21
-129.55
0
LINE
8
BLACK
6
CONTINUOUS
10
166.325
20
-129.55
11
166.402
21
-129.565
0
LINE
8
BLACK
6
CONTINUOUS
10
137.346
20
-128.444
11
137.427
21
-128.498
0
LINE
8
BLACK
6
CONTINUOUS
10
137.427
20
-128.498
11
137.481
21
-128.579
0
LINE
8
BLACK
6
CONTINUOUS
10
137.481
20
-128.579
11
137.5
21
-128.675
0
LINE
8
BLACK
6
CONTINUOUS
10
137.5
20
-128.675
11
137.5
21
-129.625
0
LINE
8
BLACK
6
CONTINUOUS
10
137.5
20
-129.625
11
137.481
21
-129.721
0
LINE
8
BLACK
6
CONTINUOUS
10
137.481
20
-129.721
11
137.427
21
-129.802
0
LINE
8
BLACK
6
CONTINUOUS
10
137.427
20
-129.802
11
137.346
21
-129.856
0
LINE
8
BLACK
6
CONTINUOUS
10
137.346
20
-129.856
11
137.25
21
-129.875
0
LINE
8
BLACK
6
CONTINUOUS
10
137.25
20
-129.875
11
136.75
21
-129.875
0
LINE
8
BLACK
6
CONTINUOUS
10
136.75
20
-129.875
11
136.654
21
-129.856
0
LINE
8
BLACK
6
CONTINUOUS
10
136.654
20
-129.856
11
136.573
21
-129.802
0
LINE
8
BLACK
6
CONTINUOUS
10
136.573
20
-129.802
11
136.519
21
-129.721
0
LINE
8
BLACK
6
CONTINUOUS
10
136.519
20
-129.721
11
136.5
21
-129.625
0
LINE
8
BLACK
6
CONTINUOUS
10
136.5
20
-129.625
11
136.5
21
-128.675
0
LINE
8
BLACK
6
CONTINUOUS
10
136.5
20
-128.675
11
136.519
21
-128.579
0
LINE
8
BLACK
6
CONTINUOUS
10
136.519
20
-128.579
11
136.573
21
-128.498
0
LINE
8
BLACK
6
CONTINUOUS
10
136.573
20
-128.498
11
136.654
21
-128.444
0
LINE
8
BLACK
6
CONTINUOUS
10
136.654
20
-128.444
11
136.75
21
-128.425
0
LINE
8
BLACK
6
CONTINUOUS
10
136.75
20
-128.425
11
137.25
21
-128.425
0
LINE
8
BLACK
6
CONTINUOUS
10
137.25
20
-128.425
11
137.346
21
-128.444
0
LINE
8
BLACK
6
CONTINUOUS
10
139.246
20
-128.444
11
139.327
21
-128.498
0
LINE
8
BLACK
6
CONTINUOUS
10
139.327
20
-128.498
11
139.381
21
-128.579
0
LINE
8
BLACK
6
CONTINUOUS
10
139.381
20
-128.579
11
139.4
21
-128.675
0
LINE
8
BLACK
6
CONTINUOUS
10
139.4
20
-128.675
11
139.4
21
-129.625
0
LINE
8
BLACK
6
CONTINUOUS
10
139.4
20
-129.625
11
139.381
21
-129.721
0
LINE
8
BLACK
6
CONTINUOUS
10
139.381
20
-129.721
11
139.327
21
-129.802
0
LINE
8
BLACK
6
CONTINUOUS
10
139.327
20
-129.802
11
139.246
21
-129.856
0
LINE
8
BLACK
6
CONTINUOUS
10
139.246
20
-129.856
11
139.15
21
-129.875
0
LINE
8
BLACK
6
CONTINUOUS
10
139.15
20
-129.875
11
138.65
21
-129.875
0
LINE
8
BLACK
6
CONTINUOUS
10
138.65
20
-129.875
11
138.554
21
-129.856
0
LINE
8
BLACK
6
CONTINUOUS
10
138.554
20
-129.856
11
138.473
21
-129.802
0
LINE
8
BLACK
6
CONTINUOUS
10
138.473
20
-129.802
11
138.419
21
-129.721
0
LINE
8
BLACK
6
CONTINUOUS
10
138.419
20
-129.721
11
138.4
21
-129.625
0
LINE
8
BLACK
6
CONTINUOUS
10
138.4
20
-129.625
11
138.4
21
-128.675
0
LINE
8
BLACK
6
CONTINUOUS
10
138.4
20
-128.675
11
138.419
21
-128.579
0
LINE
8
BLACK
6
CONTINUOUS
10
138.419
20
-128.579
11
138.473
21
-128.498
0
LINE
8
BLACK
6
CONTINUOUS
10
138.473
20
-128.498
11
138.554
21
-128.444
0
LINE
8
BLACK
6
CONTINUOUS
10
138.554
20
-128.444
11
138.65
21
-128.425
0
LINE
8
BLACK
6
CONTINUOUS
10
138.65
20
-128.425
11
139.15
21
-128.425
0
LINE
8
BLACK
6
CONTINUOUS
10
139.15
20
-128.425
11
139.246
21
-128.444
0
LINE
8
BLACK
6
CONTINUOUS
10
140.946
20
-128.444
11
141.027
21
-128.498
0
LINE
8
BLACK
6
CONTINUOUS
10
141.027
20
-128.498
11
141.081
21
-128.579
0
LINE
8
BLACK
6
CONTINUOUS
10
141.081
20
-128.579
11
141.1
21
-128.675
0
LINE
8
BLACK
6
CONTINUOUS
10
141.1
20
-128.675
11
141.1
21
-129.625
0
LINE
8
BLACK
6
CONTINUOUS
10
141.1
20
-129.625
11
141.081
21
-129.721
0
LINE
8
BLACK
6
CONTINUOUS
10
141.081
20
-129.721
11
141.027
21
-129.802
0
LINE
8
BLACK
6
CONTINUOUS
10
141.027
20
-129.802
11
140.946
21
-129.856
0
LINE
8
BLACK
6
CONTINUOUS
10
140.946
20
-129.856
11
140.85
21
-129.875
0
LINE
8
BLACK
6
CONTINUOUS
10
140.85
20
-129.875
11
140.35
21
-129.875
0
LINE
8
BLACK
6
CONTINUOUS
10
140.35
20
-129.875
11
140.254
21
-129.856
0
LINE
8
BLACK
6
CONTINUOUS
10
140.254
20
-129.856
11
140.173
21
-129.802
0
LINE
8
BLACK
6
CONTINUOUS
10
140.173
20
-129.802
11
140.119
21
-129.721
0
LINE
8
BLACK
6
CONTINUOUS
10
140.119
20
-129.721
11
140.1
21
-129.625
0
LINE
8
BLACK
6
CONTINUOUS
10
140.1
20
-129.625
11
140.1
21
-128.675
0
LINE
8
BLACK
6
CONTINUOUS
10
140.1
20
-128.675
11
140.119
21
-128.579
0
LINE
8
BLACK
6
CONTINUOUS
10
140.119
20
-128.579
11
140.173
21
-128.498
0
LINE
8
BLACK
6
CONTINUOUS
10
140.173
20
-128.498
11
140.254
21
-128.444
0
LINE
8
BLACK
6
CONTINUOUS
10
140.254
20
-128.444
11
140.35
21
-128.425
0
LINE
8
BLACK
6
CONTINUOUS
10
140.35
20
-128.425
11
140.85
21
-128.425
0
LINE
8
BLACK
6
CONTINUOUS
10
140.85
20
-128.425
11
140.946
21
-128.444
0
LINE
8
BLACK
6
CONTINUOUS
10
142.846
20
-128.444
11
142.927
21
-128.498
0
LINE
8
BLACK
6
CONTINUOUS
10
142.927
20
-128.498
11
142.981
21
-128.579
0
LINE
8
BLACK
6
CONTINUOUS
10
142.981
20
-128.579
11
143
21
-128.675
0
LINE
8
BLACK
6
CONTINUOUS
10
143
20
-128.675
11
143
21
-129.625
0
LINE
8
BLACK
6
CONTINUOUS
10
143
20
-129.625
11
142.981
21
-129.721
0
LINE
8
BLACK
6
CONTINUOUS
10
142.981
20
-129.721
11
142.927
21
-129.802
0
LINE
8
BLACK
6
CONTINUOUS
10
142.927
20
-129.802
11
142.846
21
-129.856
0
LINE
8
BLACK
6
CONTINUOUS
10
142.846
20
-129.856
11
142.75
21
-129.875
0
LINE
8
BLACK
6
CONTINUOUS
10
142.75
20
-129.875
11
142.25
21
-129.875
0
LINE
8
BLACK
6
CONTINUOUS
10
142.25
20
-129.875
11
142.154
21
-129.856
0
LINE
8
BLACK
6
CONTINUOUS
10
142.154
20
-129.856
11
142.073
21
-129.802
0
LINE
8
BLACK
6
CONTINUOUS
10
142.073
20
-129.802
11
142.019
21
-129.721
0
LINE
8
BLACK
6
CONTINUOUS
10
142.019
20
-129.721
11
142
21
-129.625
0
LINE
8
BLACK
6
CONTINUOUS
10
142
20
-129.625
11
142
21
-128.675
0
LINE
8
BLACK
6
CONTINUOUS
10
142
20
-128.675
11
142.019
21
-128.579
0
LINE
8
BLACK
6
CONTINUOUS
10
142.019
20
-128.579
11
142.073
21
-128.498
0
LINE
8
BLACK
6
CONTINUOUS
10
142.073
20
-128.498
11
142.154
21
-128.444
0
LINE
8
BLACK
6
CONTINUOUS
10
142.154
20
-128.444
11
142.25
21
-128.425
0
LINE
8
BLACK
6
CONTINUOUS
10
142.25
20
-128.425
11
142.75
21
-128.425
0
LINE
8
BLACK
6
CONTINUOUS
10
142.75
20
-128.425
11
142.846
21
-128.444
0
LINE
8
BLACK
6
CONTINUOUS
10
116.146
20
-127.569
11
116.227
21
-127.623
0
LINE
8
BLACK
6
CONTINUOUS
10
116.227
20
-127.623
11
116.281
21
-127.704
0
LINE
8
BLACK
6
CONTINUOUS
10
116.281
20
-127.704
11
116.3
21
-127.8
0
LINE
8
BLACK
6
CONTINUOUS
10
116.3
20
-127.8
11
116.3
21
-129.4
0
LINE
8
BLACK
6
CONTINUOUS
10
116.3
20
-129.4
11
116.281
21
-129.496
0
LINE
8
BLACK
6
CONTINUOUS
10
116.281
20
-129.496
11
116.227
21
-129.577
0
LINE
8
BLACK
6
CONTINUOUS
10
116.227
20
-129.577
11
116.146
21
-129.631
0
LINE
8
BLACK
6
CONTINUOUS
10
116.146
20
-129.631
11
116.05
21
-129.65
0
LINE
8
BLACK
6
CONTINUOUS
10
116.05
20
-129.65
11
112.05
21
-129.65
0
LINE
8
BLACK
6
CONTINUOUS
10
112.05
20
-129.65
11
111.954
21
-129.631
0
LINE
8
BLACK
6
CONTINUOUS
10
111.954
20
-129.631
11
111.873
21
-129.577
0
LINE
8
BLACK
6
CONTINUOUS
10
111.873
20
-129.577
11
111.819
21
-129.496
0
LINE
8
BLACK
6
CONTINUOUS
10
111.819
20
-129.496
11
111.8
21
-129.4
0
LINE
8
BLACK
6
CONTINUOUS
10
111.8
20
-129.4
11
111.8
21
-127.8
0
LINE
8
BLACK
6
CONTINUOUS
10
111.8
20
-127.8
11
111.819
21
-127.704
0
LINE
8
BLACK
6
CONTINUOUS
10
111.819
20
-127.704
11
111.873
21
-127.623
0
LINE
8
BLACK
6
CONTINUOUS
10
111.873
20
-127.623
11
111.954
21
-127.569
0
LINE
8
BLACK
6
CONTINUOUS
10
111.954
20
-127.569
11
112.05
21
-127.55
0
LINE
8
BLACK
6
CONTINUOUS
10
112.05
20
-127.55
11
116.05
21
-127.55
0
LINE
8
BLACK
6
CONTINUOUS
10
116.05
20
-127.55
11
116.146
21
-127.569
0
LINE
8
BLACK
6
CONTINUOUS
10
123.346
20
-127.569
11
123.427
21
-127.623
0
LINE
8
BLACK
6
CONTINUOUS
10
123.427
20
-127.623
11
123.481
21
-127.704
0
LINE
8
BLACK
6
CONTINUOUS
10
123.481
20
-127.704
11
123.5
21
-127.8
0
LINE
8
BLACK
6
CONTINUOUS
10
123.5
20
-127.8
11
123.5
21
-129.4
0
LINE
8
BLACK
6
CONTINUOUS
10
123.5
20
-129.4
11
123.481
21
-129.496
0
LINE
8
BLACK
6
CONTINUOUS
10
123.481
20
-129.496
11
123.427
21
-129.577
0
LINE
8
BLACK
6
CONTINUOUS
10
123.427
20
-129.577
11
123.346
21
-129.631
0
LINE
8
BLACK
6
CONTINUOUS
10
123.346
20
-129.631
11
123.25
21
-129.65
0
LINE
8
BLACK
6
CONTINUOUS
10
123.25
20
-129.65
11
119.25
21
-129.65
0
LINE
8
BLACK
6
CONTINUOUS
10
119.25
20
-129.65
11
119.154
21
-129.631
0
LINE
8
BLACK
6
CONTINUOUS
10
119.154
20
-129.631
11
119.073
21
-129.577
0
LINE
8
BLACK
6
CONTINUOUS
10
119.073
20
-129.577
11
119.019
21
-129.496
0
LINE
8
BLACK
6
CONTINUOUS
10
119.019
20
-129.496
11
119
21
-129.4
0
LINE
8
BLACK
6
CONTINUOUS
10
119
20
-129.4
11
119
21
-127.8
0
LINE
8
BLACK
6
CONTINUOUS
10
119
20
-127.8
11
119.019
21
-127.704
0
LINE
8
BLACK
6
CONTINUOUS
10
119.019
20
-127.704
11
119.073
21
-127.623
0
LINE
8
BLACK
6
CONTINUOUS
10
119.073
20
-127.623
11
119.154
21
-127.569
0
LINE
8
BLACK
6
CONTINUOUS
10
119.154
20
-127.569
11
119.25
21
-127.55
0
LINE
8
BLACK
6
CONTINUOUS
10
119.25
20
-127.55
11
123.25
21
-127.55
0
LINE
8
BLACK
6
CONTINUOUS
10
123.25
20
-127.55
11
123.346
21
-127.569
0
LINE
8
BLACK
6
CONTINUOUS
10
126.775
20
-129.55
11
125.595
21
-129.55
0
LINE
8
BLACK
6
CONTINUOUS
10
125.595
20
-129.55
11
125.595
21
-124.85
0
LINE
8
BLACK
6
CONTINUOUS
10
125.595
20
-124.85
11
126.775
21
-124.85
0
LINE
8
BLACK
6
CONTINUOUS
10
126.775
20
-124.85
11
126.775
21
-129.55
0
LINE
8
BLACK
6
CONTINUOUS
10
130.085
20
-129.55
11
128.905
21
-129.55
0
LINE
8
BLACK
6
CONTINUOUS
10
128.905
20
-129.55
11
128.905
21
-124.85
0
LINE
8
BLACK
6
CONTINUOUS
10
128.905
20
-124.85
11
130.085
21
-124.85
0
LINE
8
BLACK
6
CONTINUOUS
10
130.085
20
-124.85
11
130.085
21
-129.55
0
LINE
8
BLACK
6
CONTINUOUS
10
134.446
20
-127.929
11
134.527
21
-127.983
0
LINE
8
BLACK
6
CONTINUOUS
10
134.527
20
-127.983
11
134.581
21
-128.064
0
LINE
8
BLACK
6
CONTINUOUS
10
134.581
20
-128.064
11
134.6
21
-128.16
0
LINE
8
BLACK
6
CONTINUOUS
10
134.6
20
-128.16
11
134.6
21
-128.81
0
LINE
8
BLACK
6
CONTINUOUS
10
134.6
20
-128.81
11
134.581
21
-128.906
0
LINE
8
BLACK
6
CONTINUOUS
10
134.581
20
-128.906
11
134.527
21
-128.987
0
LINE
8
BLACK
6
CONTINUOUS
10
134.527
20
-128.987
11
134.446
21
-129.041
0
LINE
8
BLACK
6
CONTINUOUS
10
134.446
20
-129.041
11
134.35
21
-129.06
0
LINE
8
BLACK
6
CONTINUOUS
10
134.35
20
-129.06
11
132.15
21
-129.06
0
LINE
8
BLACK
6
CONTINUOUS
10
132.15
20
-129.06
11
132.054
21
-129.041
0
LINE
8
BLACK
6
CONTINUOUS
10
132.054
20
-129.041
11
131.973
21
-128.987
0
LINE
8
BLACK
6
CONTINUOUS
10
131.973
20
-128.987
11
131.919
21
-128.906
0
LINE
8
BLACK
6
CONTINUOUS
10
131.919
20
-128.906
11
131.9
21
-128.81
0
LINE
8
BLACK
6
CONTINUOUS
10
131.9
20
-128.81
11
131.9
21
-128.16
0
LINE
8
BLACK
6
CONTINUOUS
10
131.9
20
-128.16
11
131.919
21
-128.064
0
LINE
8
BLACK
6
CONTINUOUS
10
131.919
20
-128.064
11
131.973
21
-127.983
0
LINE
8
BLACK
6
CONTINUOUS
10
131.973
20
-127.983
11
132.054
21
-127.929
0
LINE
8
BLACK
6
CONTINUOUS
10
132.054
20
-127.929
11
132.15
21
-127.91
0
LINE
8
BLACK
6
CONTINUOUS
10
132.15
20
-127.91
11
134.35
21
-127.91
0
LINE
8
BLACK
6
CONTINUOUS
10
134.35
20
-127.91
11
134.446
21
-127.929
0
LINE
8
BLACK
6
CONTINUOUS
10
156.004
20
-128.632
11
155.496
21
-128.632
0
LINE
8
BLACK
6
CONTINUOUS
10
155.496
20
-128.632
11
155.496
21
-127.337
0
LINE
8
BLACK
6
CONTINUOUS
10
155.496
20
-127.337
11
156.004
21
-127.337
0
LINE
8
BLACK
6
CONTINUOUS
10
156.004
20
-127.337
11
156.004
21
-128.632
0
LINE
8
BLACK
6
CONTINUOUS
10
157.004
20
-128.632
11
156.496
21
-128.632
0
LINE
8
BLACK
6
CONTINUOUS
10
156.496
20
-128.632
11
156.496
21
-127.337
0
LINE
8
BLACK
6
CONTINUOUS
10
156.496
20
-127.337
11
157.004
21
-127.337
0
LINE
8
BLACK
6
CONTINUOUS
10
157.004
20
-127.337
11
157.004
21
-128.632
0
LINE
8
BLACK
6
CONTINUOUS
10
158.004
20
-128.632
11
157.496
21
-128.632
0
LINE
8
BLACK
6
CONTINUOUS
10
157.496
20
-128.632
11
157.496
21
-127.337
0
LINE
8
BLACK
6
CONTINUOUS
10
157.496
20
-127.337
11
158.004
21
-127.337
0
LINE
8
BLACK
6
CONTINUOUS
10
158.004
20
-127.337
11
158.004
21
-128.632
0
LINE
8
BLACK
6
CONTINUOUS
10
159.004
20
-128.632
11
158.496
21
-128.632
0
LINE
8
BLACK
6
CONTINUOUS
10
158.496
20
-128.632
11
158.496
21
-127.337
0
LINE
8
BLACK
6
CONTINUOUS
10
158.496
20
-127.337
11
159.004
21
-127.337
0
LINE
8
BLACK
6
CONTINUOUS
10
159.004
20
-127.337
11
159.004
21
-128.632
0
LINE
8
BLACK
6
CONTINUOUS
10
160.004
20
-128.632
11
159.496
21
-128.632
0
LINE
8
BLACK
6
CONTINUOUS
10
159.496
20
-128.632
11
159.496
21
-127.337
0
LINE
8
BLACK
6
CONTINUOUS
10
159.496
20
-127.337
11
160.004
21
-127.337
0
LINE
8
BLACK
6
CONTINUOUS
10
160.004
20
-127.337
11
160.004
21
-128.632
0
LINE
8
BLACK
6
CONTINUOUS
10
161.004
20
-128.632
11
160.496
21
-128.632
0
LINE
8
BLACK
6
CONTINUOUS
10
160.496
20
-128.632
11
160.496
21
-127.337
0
LINE
8
BLACK
6
CONTINUOUS
10
160.496
20
-127.337
11
161.004
21
-127.337
0
LINE
8
BLACK
6
CONTINUOUS
10
161.004
20
-127.337
11
161.004
21
-128.632
0
LINE
8
BLACK
6
CONTINUOUS
10
162.004
20
-128.632
11
161.496
21
-128.632
0
LINE
8
BLACK
6
CONTINUOUS
10
161.496
20
-128.632
11
161.496
21
-127.337
0
LINE
8
BLACK
6
CONTINUOUS
10
161.496
20
-127.337
11
162.004
21
-127.337
0
LINE
8
BLACK
6
CONTINUOUS
10
162.004
20
-127.337
11
162.004
21
-128.632
0
LINE
8
BLACK
6
CONTINUOUS
10
163.004
20
-128.632
11
162.496
21
-128.632
0
LINE
8
BLACK
6
CONTINUOUS
10
162.496
20
-128.632
11
162.496
21
-127.337
0
LINE
8
BLACK
6
CONTINUOUS
10
162.496
20
-127.337
11
163.004
21
-127.337
0
LINE
8
BLACK
6
CONTINUOUS
10
163.004
20
-127.337
11
163.004
21
-128.632
0
LINE
8
BLACK
6
CONTINUOUS
10
164.004
20
-128.632
11
163.496
21
-128.632
0
LINE
8
BLACK
6
CONTINUOUS
10
163.496
20
-128.632
11
163.496
21
-127.337
0
LINE
8
BLACK
6
CONTINUOUS
10
163.496
20
-127.337
11
164.004
21
-127.337
0
LINE
8
BLACK
6
CONTINUOUS
10
164.004
20
-127.337
11
164.004
21
-128.632
0
LINE
8
BLACK
6
CONTINUOUS
10
165.004
20
-128.632
11
164.496
21
-128.632
0
LINE
8
BLACK
6
CONTINUOUS
10
164.496
20
-128.632
11
164.496
21
-127.337
0
LINE
8
BLACK
6
CONTINUOUS
10
164.496
20
-127.337
11
165.004
21
-127.337
0
LINE
8
BLACK
6
CONTINUOUS
10
165.004
20
-127.337
11
165.004
21
-128.632
0
LINE
8
BLACK
6
CONTINUOUS
10
166.004
20
-128.632
11
165.496
21
-128.632
0
LINE
8
BLACK
6
CONTINUOUS
10
165.496
20
-128.632
11
165.496
21
-127.337
0
LINE
8
BLACK
6
CONTINUOUS
10
165.496
20
-127.337
11
166.004
21
-127.337
0
LINE
8
BLACK
6
CONTINUOUS
10
166.004
20
-127.337
11
166.004
21
-128.632
0
LINE
8
BLACK
6
CONTINUOUS
10
167.004
20
-128.632
11
166.496
21
-128.632
0
LINE
8
BLACK
6
CONTINUOUS
10
166.496
20
-128.632
11
166.496
21
-127.337
0
LINE
8
BLACK
6
CONTINUOUS
10
166.496
20
-127.337
11
167.004
21
-127.337
0
LINE
8
BLACK
6
CONTINUOUS
10
167.004
20
-127.337
11
167.004
21
-128.632
0
LINE
8
BLACK
6
CONTINUOUS
10
168.004
20
-128.632
11
167.496
21
-128.632
0
LINE
8
BLACK
6
CONTINUOUS
10
167.496
20
-128.632
11
167.496
21
-127.337
0
LINE
8
BLACK
6
CONTINUOUS
10
167.496
20
-127.337
11
168.004
21
-127.337
0
LINE
8
BLACK
6
CONTINUOUS
10
168.004
20
-127.337
11
168.004
21
-128.632
0
LINE
8
BLACK
6
CONTINUOUS
10
169.004
20
-128.632
11
168.496
21
-128.632
0
LINE
8
BLACK
6
CONTINUOUS
10
168.496
20
-128.632
11
168.496
21
-127.337
0
LINE
8
BLACK
6
CONTINUOUS
10
168.496
20
-127.337
11
169.004
21
-127.337
0
LINE
8
BLACK
6
CONTINUOUS
10
169.004
20
-127.337
11
169.004
21
-128.632
0
LINE
8
BLACK
6
CONTINUOUS
10
170.004
20
-128.632
11
169.496
21
-128.632
0
LINE
8
BLACK
6
CONTINUOUS
10
169.496
20
-128.632
11
169.496
21
-127.337
0
LINE
8
BLACK
6
CONTINUOUS
10
169.496
20
-127.337
11
170.004
21
-127.337
0
LINE
8
BLACK
6
CONTINUOUS
10
170.004
20
-127.337
11
170.004
21
-128.632
0
LINE
8
BLACK
6
CONTINUOUS
10
171.004
20
-128.632
11
170.496
21
-128.632
0
LINE
8
BLACK
6
CONTINUOUS
10
170.496
20
-128.632
11
170.496
21
-127.337
0
LINE
8
BLACK
6
CONTINUOUS
10
170.496
20
-127.337
11
171.004
21
-127.337
0
LINE
8
BLACK
6
CONTINUOUS
10
171.004
20
-127.337
11
171.004
21
-128.632
0
LINE
8
BLACK
6
CONTINUOUS
10
172.004
20
-128.632
11
171.496
21
-128.632
0
LINE
8
BLACK
6
CONTINUOUS
10
171.496
20
-128.632
11
171.496
21
-127.337
0
LINE
8
BLACK
6
CONTINUOUS
10
171.496
20
-127.337
11
172.004
21
-127.337
0
LINE
8
BLACK
6
CONTINUOUS
10
172.004
20
-127.337
11
172.004
21
-128.632
0
LINE
8
BLACK
6
CONTINUOUS
10
150.429
20
-127.171
11
150.477
21
-127.203
0
LINE
8
BLACK
6
CONTINUOUS
10
150.477
20
-127.203
11
150.509
21
-127.251
0
LINE
8
BLACK
6
CONTINUOUS
10
150.509
20
-127.251
11
150.52
21
-127.307
0
LINE
8
BLACK
6
CONTINUOUS
10
150.52
20
-127.307
11
150.52
21
-127.602
0
LINE
8
BLACK
6
CONTINUOUS
10
150.52
20
-127.602
11
150.509
21
-127.659
0
LINE
8
BLACK
6
CONTINUOUS
10
150.509
20
-127.659
11
150.477
21
-127.707
0
LINE
8
BLACK
6
CONTINUOUS
10
150.477
20
-127.707
11
150.429
21
-127.739
0
LINE
8
BLACK
6
CONTINUOUS
10
150.429
20
-127.739
11
150.373
21
-127.75
0
LINE
8
BLACK
6
CONTINUOUS
10
150.373
20
-127.75
11
150.028
21
-127.75
0
LINE
8
BLACK
6
CONTINUOUS
10
150.028
20
-127.75
11
149.971
21
-127.739
0
LINE
8
BLACK
6
CONTINUOUS
10
149.971
20
-127.739
11
149.923
21
-127.707
0
LINE
8
BLACK
6
CONTINUOUS
10
149.923
20
-127.707
11
149.891
21
-127.659
0
LINE
8
BLACK
6
CONTINUOUS
10
149.891
20
-127.659
11
149.88
21
-127.602
0
LINE
8
BLACK
6
CONTINUOUS
10
149.88
20
-127.602
11
149.88
21
-127.307
0
LINE
8
BLACK
6
CONTINUOUS
10
149.88
20
-127.307
11
149.891
21
-127.251
0
LINE
8
BLACK
6
CONTINUOUS
10
149.891
20
-127.251
11
149.923
21
-127.203
0
LINE
8
BLACK
6
CONTINUOUS
10
149.923
20
-127.203
11
149.971
21
-127.171
0
LINE
8
BLACK
6
CONTINUOUS
10
149.971
20
-127.171
11
150.028
21
-127.16
0
LINE
8
BLACK
6
CONTINUOUS
10
150.028
20
-127.16
11
150.373
21
-127.16
0
LINE
8
BLACK
6
CONTINUOUS
10
150.373
20
-127.16
11
150.429
21
-127.171
0
LINE
8
BLACK
6
CONTINUOUS
10
142.295
20
-125.119
11
142.483
21
-125.176
0
LINE
8
BLACK
6
CONTINUOUS
10
142.483
20
-125.176
11
142.656
21
-125.269
0
LINE
8
BLACK
6
CONTINUOUS
10
142.656
20
-125.269
11
142.807
21
-125.393
0
LINE
8
BLACK
6
CONTINUOUS
10
142.807
20
-125.393
11
142.931
21
-125.544
0
LINE
8
BLACK
6
CONTINUOUS
10
142.931
20
-125.544
11
143.024
21
-125.717
0
LINE
8
BLACK
6
CONTINUOUS
10
143.024
20
-125.717
11
143.081
21
-125.905
0
LINE
8
BLACK
6
CONTINUOUS
10
143.081
20
-125.905
11
143.1
21
-126.1
0
LINE
8
BLACK
6
CONTINUOUS
10
143.1
20
-126.1
11
143.081
21
-126.295
0
LINE
8
BLACK
6
CONTINUOUS
10
143.081
20
-126.295
11
143.024
21
-126.483
0
LINE
8
BLACK
6
CONTINUOUS
10
143.024
20
-126.483
11
142.931
21
-126.656
0
LINE
8
BLACK
6
CONTINUOUS
10
142.931
20
-126.656
11
142.807
21
-126.807
0
LINE
8
BLACK
6
CONTINUOUS
10
142.807
20
-126.807
11
142.656
21
-126.931
0
LINE
8
BLACK
6
CONTINUOUS
10
142.656
20
-126.931
11
142.483
21
-127.024
0
LINE
8
BLACK
6
CONTINUOUS
10
142.483
20
-127.024
11
142.295
21
-127.081
0
LINE
8
BLACK
6
CONTINUOUS
10
142.295
20
-127.081
11
142.1
21
-127.1
0
LINE
8
BLACK
6
CONTINUOUS
10
142.1
20
-127.1
11
141.905
21
-127.081
0
LINE
8
BLACK
6
CONTINUOUS
10
141.905
20
-127.081
11
141.717
21
-127.024
0
LINE
8
BLACK
6
CONTINUOUS
10
141.717
20
-127.024
11
141.544
21
-126.931
0
LINE
8
BLACK
6
CONTINUOUS
10
141.544
20
-126.931
11
141.393
21
-126.807
0
LINE
8
BLACK
6
CONTINUOUS
10
141.393
20
-126.807
11
141.269
21
-126.656
0
LINE
8
BLACK
6
CONTINUOUS
10
141.269
20
-126.656
11
141.176
21
-126.483
0
LINE
8
BLACK
6
CONTINUOUS
10
141.176
20
-126.483
11
141.119
21
-126.295
0
LINE
8
BLACK
6
CONTINUOUS
10
141.119
20
-126.295
11
141.1
21
-126.1
0
LINE
8
BLACK
6
CONTINUOUS
10
141.1
20
-126.1
11
141.119
21
-125.905
0
LINE
8
BLACK
6
CONTINUOUS
10
141.119
20
-125.905
11
141.176
21
-125.717
0
LINE
8
BLACK
6
CONTINUOUS
10
141.176
20
-125.717
11
141.269
21
-125.544
0
LINE
8
BLACK
6
CONTINUOUS
10
141.269
20
-125.544
11
141.393
21
-125.393
0
LINE
8
BLACK
6
CONTINUOUS
10
141.393
20
-125.393
11
141.544
21
-125.269
0
LINE
8
BLACK
6
CONTINUOUS
10
141.544
20
-125.269
11
141.717
21
-125.176
0
LINE
8
BLACK
6
CONTINUOUS
10
141.717
20
-125.176
11
141.905
21
-125.119
0
LINE
8
BLACK
6
CONTINUOUS
10
141.905
20
-125.119
11
142.1
21
-125.1
0
LINE
8
BLACK
6
CONTINUOUS
10
142.1
20
-125.1
11
142.295
21
-125.119
0
LINE
8
BLACK
6
CONTINUOUS
10
135.214
20
-126.251
11
135.259
21
-126.281
0
LINE
8
BLACK
6
CONTINUOUS
10
135.259
20
-126.281
11
135.289
21
-126.326
0
LINE
8
BLACK
6
CONTINUOUS
10
135.289
20
-126.326
11
135.3
21
-126.38
0
LINE
8
BLACK
6
CONTINUOUS
10
135.3
20
-126.38
11
135.3
21
-126.72
0
LINE
8
BLACK
6
CONTINUOUS
10
135.3
20
-126.72
11
135.289
21
-126.774
0
LINE
8
BLACK
6
CONTINUOUS
10
135.289
20
-126.774
11
135.259
21
-126.819
0
LINE
8
BLACK
6
CONTINUOUS
10
135.259
20
-126.819
11
135.214
21
-126.849
0
LINE
8
BLACK
6
CONTINUOUS
10
135.214
20
-126.849
11
135.16
21
-126.86
0
LINE
8
BLACK
6
CONTINUOUS
10
135.16
20
-126.86
11
134.88
21
-126.86
0
LINE
8
BLACK
6
CONTINUOUS
10
134.88
20
-126.86
11
134.826
21
-126.849
0
LINE
8
BLACK
6
CONTINUOUS
10
134.826
20
-126.849
11
134.781
21
-126.819
0
LINE
8
BLACK
6
CONTINUOUS
10
134.781
20
-126.819
11
134.751
21
-126.774
0
LINE
8
BLACK
6
CONTINUOUS
10
134.751
20
-126.774
11
134.74
21
-126.72
0
LINE
8
BLACK
6
CONTINUOUS
10
134.74
20
-126.72
11
134.74
21
-126.38
0
LINE
8
BLACK
6
CONTINUOUS
10
134.74
20
-126.38
11
134.751
21
-126.326
0
LINE
8
BLACK
6
CONTINUOUS
10
134.751
20
-126.326
11
134.781
21
-126.281
0
LINE
8
BLACK
6
CONTINUOUS
10
134.781
20
-126.281
11
134.826
21
-126.251
0
LINE
8
BLACK
6
CONTINUOUS
10
134.826
20
-126.251
11
134.88
21
-126.24
0
LINE
8
BLACK
6
CONTINUOUS
10
134.88
20
-126.24
11
135.16
21
-126.24
0
LINE
8
BLACK
6
CONTINUOUS
10
135.16
20
-126.24
11
135.214
21
-126.251
0
LINE
8
BLACK
6
CONTINUOUS
10
136.174
20
-126.251
11
136.219
21
-126.281
0
LINE
8
BLACK
6
CONTINUOUS
10
136.219
20
-126.281
11
136.249
21
-126.326
0
LINE
8
BLACK
6
CONTINUOUS
10
136.249
20
-126.326
11
136.26
21
-126.38
0
LINE
8
BLACK
6
CONTINUOUS
10
136.26
20
-126.38
11
136.26
21
-126.72
0
LINE
8
BLACK
6
CONTINUOUS
10
136.26
20
-126.72
11
136.249
21
-126.774
0
LINE
8
BLACK
6
CONTINUOUS
10
136.249
20
-126.774
11
136.219
21
-126.819
0
LINE
8
BLACK
6
CONTINUOUS
10
136.219
20
-126.819
11
136.174
21
-126.849
0
LINE
8
BLACK
6
CONTINUOUS
10
136.174
20
-126.849
11
136.12
21
-126.86
0
LINE
8
BLACK
6
CONTINUOUS
10
136.12
20
-126.86
11
135.84
21
-126.86
0
LINE
8
BLACK
6
CONTINUOUS
10
135.84
20
-126.86
11
135.786
21
-126.849
0
LINE
8
BLACK
6
CONTINUOUS
10
135.786
20
-126.849
11
135.741
21
-126.819
0
LINE
8
BLACK
6
CONTINUOUS
10
135.741
20
-126.819
11
135.711
21
-126.774
0
LINE
8
BLACK
6
CONTINUOUS
10
135.711
20
-126.774
11
135.7
21
-126.72
0
LINE
8
BLACK
6
CONTINUOUS
10
135.7
20
-126.72
11
135.7
21
-126.38
0
LINE
8
BLACK
6
CONTINUOUS
10
135.7
20
-126.38
11
135.711
21
-126.326
0
LINE
8
BLACK
6
CONTINUOUS
10
135.711
20
-126.326
11
135.741
21
-126.281
0
LINE
8
BLACK
6
CONTINUOUS
10
135.741
20
-126.281
11
135.786
21
-126.251
0
LINE
8
BLACK
6
CONTINUOUS
10
135.786
20
-126.251
11
135.84
21
-126.24
0
LINE
8
BLACK
6
CONTINUOUS
10
135.84
20
-126.24
11
136.12
21
-126.24
0
LINE
8
BLACK
6
CONTINUOUS
10
136.12
20
-126.24
11
136.174
21
-126.251
0
LINE
8
BLACK
6
CONTINUOUS
10
138.314
20
-126.201
11
138.359
21
-126.231
0
LINE
8
BLACK
6
CONTINUOUS
10
138.359
20
-126.231
11
138.389
21
-126.276
0
LINE
8
BLACK
6
CONTINUOUS
10
138.389
20
-126.276
11
138.4
21
-126.33
0
LINE
8
BLACK
6
CONTINUOUS
10
138.4
20
-126.33
11
138.4
21
-126.67
0
LINE
8
BLACK
6
CONTINUOUS
10
138.4
20
-126.67
11
138.389
21
-126.724
0
LINE
8
BLACK
6
CONTINUOUS
10
138.389
20
-126.724
11
138.359
21
-126.769
0
LINE
8
BLACK
6
CONTINUOUS
10
138.359
20
-126.769
11
138.314
21
-126.799
0
LINE
8
BLACK
6
CONTINUOUS
10
138.314
20
-126.799
11
138.26
21
-126.81
0
LINE
8
BLACK
6
CONTINUOUS
10
138.26
20
-126.81
11
137.98
21
-126.81
0
LINE
8
BLACK
6
CONTINUOUS
10
137.98
20
-126.81
11
137.926
21
-126.799
0
LINE
8
BLACK
6
CONTINUOUS
10
137.926
20
-126.799
11
137.881
21
-126.769
0
LINE
8
BLACK
6
CONTINUOUS
10
137.881
20
-126.769
11
137.851
21
-126.724
0
LINE
8
BLACK
6
CONTINUOUS
10
137.851
20
-126.724
11
137.84
21
-126.67
0
LINE
8
BLACK
6
CONTINUOUS
10
137.84
20
-126.67
11
137.84
21
-126.33
0
LINE
8
BLACK
6
CONTINUOUS
10
137.84
20
-126.33
11
137.851
21
-126.276
0
LINE
8
BLACK
6
CONTINUOUS
10
137.851
20
-126.276
11
137.881
21
-126.231
0
LINE
8
BLACK
6
CONTINUOUS
10
137.881
20
-126.231
11
137.926
21
-126.201
0
LINE
8
BLACK
6
CONTINUOUS
10
137.926
20
-126.201
11
137.98
21
-126.19
0
LINE
8
BLACK
6
CONTINUOUS
10
137.98
20
-126.19
11
138.26
21
-126.19
0
LINE
8
BLACK
6
CONTINUOUS
10
138.26
20
-126.19
11
138.314
21
-126.201
0
LINE
8
BLACK
6
CONTINUOUS
10
139.274
20
-126.201
11
139.319
21
-126.231
0
LINE
8
BLACK
6
CONTINUOUS
10
139.319
20
-126.231
11
139.349
21
-126.276
0
LINE
8
BLACK
6
CONTINUOUS
10
139.349
20
-126.276
11
139.36
21
-126.33
0
LINE
8
BLACK
6
CONTINUOUS
10
139.36
20
-126.33
11
139.36
21
-126.67
0
LINE
8
BLACK
6
CONTINUOUS
10
139.36
20
-126.67
11
139.349
21
-126.724
0
LINE
8
BLACK
6
CONTINUOUS
10
139.349
20
-126.724
11
139.319
21
-126.769
0
LINE
8
BLACK
6
CONTINUOUS
10
139.319
20
-126.769
11
139.274
21
-126.799
0
LINE
8
BLACK
6
CONTINUOUS
10
139.274
20
-126.799
11
139.22
21
-126.81
0
LINE
8
BLACK
6
CONTINUOUS
10
139.22
20
-126.81
11
138.94
21
-126.81
0
LINE
8
BLACK
6
CONTINUOUS
10
138.94
20
-126.81
11
138.886
21
-126.799
0
LINE
8
BLACK
6
CONTINUOUS
10
138.886
20
-126.799
11
138.841
21
-126.769
0
LINE
8
BLACK
6
CONTINUOUS
10
138.841
20
-126.769
11
138.811
21
-126.724
0
LINE
8
BLACK
6
CONTINUOUS
10
138.811
20
-126.724
11
138.8
21
-126.67
0
LINE
8
BLACK
6
CONTINUOUS
10
138.8
20
-126.67
11
138.8
21
-126.33
0
LINE
8
BLACK
6
CONTINUOUS
10
138.8
20
-126.33
11
138.811
21
-126.276
0
LINE
8
BLACK
6
CONTINUOUS
10
138.811
20
-126.276
11
138.841
21
-126.231
0
LINE
8
BLACK
6
CONTINUOUS
10
138.841
20
-126.231
11
138.886
21
-126.201
0
LINE
8
BLACK
6
CONTINUOUS
10
138.886
20
-126.201
11
138.94
21
-126.19
0
LINE
8
BLACK
6
CONTINUOUS
10
138.94
20
-126.19
11
139.22
21
-126.19
0
LINE
8
BLACK
6
CONTINUOUS
10
139.22
20
-126.19
11
139.274
21
-126.201
0
LINE
8
BLACK
6
CONTINUOUS
10
150.429
20
-126.201
11
150.477
21
-126.233
0
LINE
8
BLACK
6
CONTINUOUS
10
150.477
20
-126.233
11
150.509
21
-126.281
0
LINE
8
BLACK
6
CONTINUOUS
10
150.509
20
-126.281
11
150.52
21
-126.337
0
LINE
8
BLACK
6
CONTINUOUS
10
150.52
20
-126.337
11
150.52
21
-126.632
0
LINE
8
BLACK
6
CONTINUOUS
10
150.52
20
-126.632
11
150.509
21
-126.689
0
LINE
8
BLACK
6
CONTINUOUS
10
150.509
20
-126.689
11
150.477
21
-126.737
0
LINE
8
BLACK
6
CONTINUOUS
10
150.477
20
-126.737
11
150.429
21
-126.769
0
LINE
8
BLACK
6
CONTINUOUS
10
150.429
20
-126.769
11
150.373
21
-126.78
0
LINE
8
BLACK
6
CONTINUOUS
10
150.373
20
-126.78
11
150.028
21
-126.78
0
LINE
8
BLACK
6
CONTINUOUS
10
150.028
20
-126.78
11
149.971
21
-126.769
0
LINE
8
BLACK
6
CONTINUOUS
10
149.971
20
-126.769
11
149.923
21
-126.737
0
LINE
8
BLACK
6
CONTINUOUS
10
149.923
20
-126.737
11
149.891
21
-126.689
0
LINE
8
BLACK
6
CONTINUOUS
10
149.891
20
-126.689
11
149.88
21
-126.632
0
LINE
8
BLACK
6
CONTINUOUS
10
149.88
20
-126.632
11
149.88
21
-126.337
0
LINE
8
BLACK
6
CONTINUOUS
10
149.88
20
-126.337
11
149.891
21
-126.281
0
LINE
8
BLACK
6
CONTINUOUS
10
149.891
20
-126.281
11
149.923
21
-126.233
0
LINE
8
BLACK
6
CONTINUOUS
10
149.923
20
-126.233
11
149.971
21
-126.201
0
LINE
8
BLACK
6
CONTINUOUS
10
149.971
20
-126.201
11
150.028
21
-126.19
0
LINE
8
BLACK
6
CONTINUOUS
10
150.028
20
-126.19
11
150.373
21
-126.19
0
LINE
8
BLACK
6
CONTINUOUS
10
150.373
20
-126.19
11
150.429
21
-126.201
0
LINE
8
BLACK
6
CONTINUOUS
10
149.164
20
-125.541
11
149.21
21
-125.571
0
LINE
8
BLACK
6
CONTINUOUS
10
149.21
20
-125.571
11
149.408
21
-125.769
0
LINE
8
BLACK
6
CONTINUOUS
10
149.408
20
-125.769
11
149.438
21
-125.815
0
LINE
8
BLACK
6
CONTINUOUS
10
149.438
20
-125.815
11
149.449
21
-125.868
0
LINE
8
BLACK
6
CONTINUOUS
10
149.449
20
-125.868
11
149.438
21
-125.922
0
LINE
8
BLACK
6
CONTINUOUS
10
149.438
20
-125.922
11
149.408
21
-125.967
0
LINE
8
BLACK
6
CONTINUOUS
10
149.408
20
-125.967
11
149.167
21
-126.208
0
LINE
8
BLACK
6
CONTINUOUS
10
149.167
20
-126.208
11
149.122
21
-126.238
0
LINE
8
BLACK
6
CONTINUOUS
10
149.122
20
-126.238
11
149.068
21
-126.249
0
LINE
8
BLACK
6
CONTINUOUS
10
149.068
20
-126.249
11
149.015
21
-126.238
0
LINE
8
BLACK
6
CONTINUOUS
10
149.015
20
-126.238
11
148.969
21
-126.208
0
LINE
8
BLACK
6
CONTINUOUS
10
148.969
20
-126.208
11
148.771
21
-126.01
0
LINE
8
BLACK
6
CONTINUOUS
10
148.771
20
-126.01
11
148.741
21
-125.964
0
LINE
8
BLACK
6
CONTINUOUS
10
148.741
20
-125.964
11
148.73
21
-125.911
0
LINE
8
BLACK
6
CONTINUOUS
10
148.73
20
-125.911
11
148.741
21
-125.857
0
LINE
8
BLACK
6
CONTINUOUS
10
148.741
20
-125.857
11
148.771
21
-125.812
0
LINE
8
BLACK
6
CONTINUOUS
10
148.771
20
-125.812
11
149.012
21
-125.571
0
LINE
8
BLACK
6
CONTINUOUS
10
149.012
20
-125.571
11
149.057
21
-125.541
0
LINE
8
BLACK
6
CONTINUOUS
10
149.057
20
-125.541
11
149.111
21
-125.53
0
LINE
8
BLACK
6
CONTINUOUS
10
149.111
20
-125.53
11
149.164
21
-125.541
0
LINE
8
BLACK
6
CONTINUOUS
10
107.274
20
-124.22
11
107.443
21
-124.279
0
LINE
8
BLACK
6
CONTINUOUS
10
107.443
20
-124.279
11
107.594
21
-124.374
0
LINE
8
BLACK
6
CONTINUOUS
10
107.594
20
-124.374
11
107.721
21
-124.501
0
LINE
8
BLACK
6
CONTINUOUS
10
107.721
20
-124.501
11
107.816
21
-124.653
0
LINE
8
BLACK
6
CONTINUOUS
10
107.816
20
-124.653
11
107.876
21
-124.822
0
LINE
8
BLACK
6
CONTINUOUS
10
107.876
20
-124.822
11
107.896
21
-125
0
LINE
8
BLACK
6
CONTINUOUS
10
107.896
20
-125
11
107.876
21
-125.178
0
LINE
8
BLACK
6
CONTINUOUS
10
107.876
20
-125.178
11
107.816
21
-125.347
0
LINE
8
BLACK
6
CONTINUOUS
10
107.816
20
-125.347
11
107.721
21
-125.499
0
LINE
8
BLACK
6
CONTINUOUS
10
107.721
20
-125.499
11
107.594
21
-125.626
0
LINE
8
BLACK
6
CONTINUOUS
10
107.594
20
-125.626
11
107.443
21
-125.721
0
LINE
8
BLACK
6
CONTINUOUS
10
107.443
20
-125.721
11
107.274
21
-125.78
0
LINE
8
BLACK
6
CONTINUOUS
10
107.274
20
-125.78
11
107.096
21
-125.8
0
LINE
8
BLACK
6
CONTINUOUS
10
107.096
20
-125.8
11
106.918
21
-125.78
0
LINE
8
BLACK
6
CONTINUOUS
10
106.918
20
-125.78
11
106.748
21
-125.721
0
LINE
8
BLACK
6
CONTINUOUS
10
106.748
20
-125.721
11
106.597
21
-125.626
0
LINE
8
BLACK
6
CONTINUOUS
10
106.597
20
-125.626
11
106.47
21
-125.499
0
LINE
8
BLACK
6
CONTINUOUS
10
106.47
20
-125.499
11
106.375
21
-125.347
0
LINE
8
BLACK
6
CONTINUOUS
10
106.375
20
-125.347
11
106.316
21
-125.178
0
LINE
8
BLACK
6
CONTINUOUS
10
106.316
20
-125.178
11
106.295
21
-125
0
LINE
8
BLACK
6
CONTINUOUS
10
106.295
20
-125
11
106.316
21
-124.822
0
LINE
8
BLACK
6
CONTINUOUS
10
106.316
20
-124.822
11
106.375
21
-124.653
0
LINE
8
BLACK
6
CONTINUOUS
10
106.375
20
-124.653
11
106.47
21
-124.501
0
LINE
8
BLACK
6
CONTINUOUS
10
106.47
20
-124.501
11
106.597
21
-124.374
0
LINE
8
BLACK
6
CONTINUOUS
10
106.597
20
-124.374
11
106.748
21
-124.279
0
LINE
8
BLACK
6
CONTINUOUS
10
106.748
20
-124.279
11
106.918
21
-124.22
0
LINE
8
BLACK
6
CONTINUOUS
10
106.918
20
-124.22
11
107.096
21
-124.2
0
LINE
8
BLACK
6
CONTINUOUS
10
107.096
20
-124.2
11
107.274
21
-124.22
0
LINE
8
BLACK
6
CONTINUOUS
10
110.274
20
-124.22
11
110.443
21
-124.279
0
LINE
8
BLACK
6
CONTINUOUS
10
110.443
20
-124.279
11
110.594
21
-124.374
0
LINE
8
BLACK
6
CONTINUOUS
10
110.594
20
-124.374
11
110.721
21
-124.501
0
LINE
8
BLACK
6
CONTINUOUS
10
110.721
20
-124.501
11
110.816
21
-124.653
0
LINE
8
BLACK
6
CONTINUOUS
10
110.816
20
-124.653
11
110.876
21
-124.822
0
LINE
8
BLACK
6
CONTINUOUS
10
110.876
20
-124.822
11
110.896
21
-125
0
LINE
8
BLACK
6
CONTINUOUS
10
110.896
20
-125
11
110.876
21
-125.178
0
LINE
8
BLACK
6
CONTINUOUS
10
110.876
20
-125.178
11
110.816
21
-125.347
0
LINE
8
BLACK
6
CONTINUOUS
10
110.816
20
-125.347
11
110.721
21
-125.499
0
LINE
8
BLACK
6
CONTINUOUS
10
110.721
20
-125.499
11
110.594
21
-125.626
0
LINE
8
BLACK
6
CONTINUOUS
10
110.594
20
-125.626
11
110.443
21
-125.721
0
LINE
8
BLACK
6
CONTINUOUS
10
110.443
20
-125.721
11
110.274
21
-125.78
0
LINE
8
BLACK
6
CONTINUOUS
10
110.274
20
-125.78
11
110.096
21
-125.8
0
LINE
8
BLACK
6
CONTINUOUS
10
110.096
20
-125.8
11
109.918
21
-125.78
0
LINE
8
BLACK
6
CONTINUOUS
10
109.918
20
-125.78
11
109.748
21
-125.721
0
LINE
8
BLACK
6
CONTINUOUS
10
109.748
20
-125.721
11
109.597
21
-125.626
0
LINE
8
BLACK
6
CONTINUOUS
10
109.597
20
-125.626
11
109.47
21
-125.499
0
LINE
8
BLACK
6
CONTINUOUS
10
109.47
20
-125.499
11
109.375
21
-125.347
0
LINE
8
BLACK
6
CONTINUOUS
10
109.375
20
-125.347
11
109.316
21
-125.178
0
LINE
8
BLACK
6
CONTINUOUS
10
109.316
20
-125.178
11
109.295
21
-125
0
LINE
8
BLACK
6
CONTINUOUS
10
109.295
20
-125
11
109.316
21
-124.822
0
LINE
8
BLACK
6
CONTINUOUS
10
109.316
20
-124.822
11
109.375
21
-124.653
0
LINE
8
BLACK
6
CONTINUOUS
10
109.375
20
-124.653
11
109.47
21
-124.501
0
LINE
8
BLACK
6
CONTINUOUS
10
109.47
20
-124.501
11
109.597
21
-124.374
0
LINE
8
BLACK
6
CONTINUOUS
10
109.597
20
-124.374
11
109.748
21
-124.279
0
LINE
8
BLACK
6
CONTINUOUS
10
109.748
20
-124.279
11
109.918
21
-124.22
0
LINE
8
BLACK
6
CONTINUOUS
10
109.918
20
-124.22
11
110.096
21
-124.2
0
LINE
8
BLACK
6
CONTINUOUS
10
110.096
20
-124.2
11
110.274
21
-124.22
0
LINE
8
BLACK
6
CONTINUOUS
10
135.65
20
-125.605
11
135.25
21
-125.605
0
LINE
8
BLACK
6
CONTINUOUS
10
135.25
20
-125.605
11
135.25
21
-124.955
0
LINE
8
BLACK
6
CONTINUOUS
10
135.25
20
-124.955
11
135.65
21
-124.955
0
LINE
8
BLACK
6
CONTINUOUS
10
135.65
20
-124.955
11
135.65
21
-125.605
0
LINE
8
BLACK
6
CONTINUOUS
10
136.3
20
-125.605
11
135.9
21
-125.605
0
LINE
8
BLACK
6
CONTINUOUS
10
135.9
20
-125.605
11
135.9
21
-124.955
0
LINE
8
BLACK
6
CONTINUOUS
10
135.9
20
-124.955
11
136.3
21
-124.955
0
LINE
8
BLACK
6
CONTINUOUS
10
136.3
20
-124.955
11
136.3
21
-125.605
0
LINE
8
BLACK
6
CONTINUOUS
10
136.95
20
-125.605
11
136.55
21
-125.605
0
LINE
8
BLACK
6
CONTINUOUS
10
136.55
20
-125.605
11
136.55
21
-124.955
0
LINE
8
BLACK
6
CONTINUOUS
10
136.55
20
-124.955
11
136.95
21
-124.955
0
LINE
8
BLACK
6
CONTINUOUS
10
136.95
20
-124.955
11
136.95
21
-125.605
0
LINE
8
BLACK
6
CONTINUOUS
10
138.65
20
-125.605
11
138.25
21
-125.605
0
LINE
8
BLACK
6
CONTINUOUS
10
138.25
20
-125.605
11
138.25
21
-124.955
0
LINE
8
BLACK
6
CONTINUOUS
10
138.25
20
-124.955
11
138.65
21
-124.955
0
LINE
8
BLACK
6
CONTINUOUS
10
138.65
20
-124.955
11
138.65
21
-125.605
0
LINE
8
BLACK
6
CONTINUOUS
10
139.3
20
-125.605
11
138.9
21
-125.605
0
LINE
8
BLACK
6
CONTINUOUS
10
138.9
20
-125.605
11
138.9
21
-124.955
0
LINE
8
BLACK
6
CONTINUOUS
10
138.9
20
-124.955
11
139.3
21
-124.955
0
LINE
8
BLACK
6
CONTINUOUS
10
139.3
20
-124.955
11
139.3
21
-125.605
0
LINE
8
BLACK
6
CONTINUOUS
10
139.95
20
-125.605
11
139.55
21
-125.605
0
LINE
8
BLACK
6
CONTINUOUS
10
139.55
20
-125.605
11
139.55
21
-124.955
0
LINE
8
BLACK
6
CONTINUOUS
10
139.55
20
-124.955
11
139.95
21
-124.955
0
LINE
8
BLACK
6
CONTINUOUS
10
139.95
20
-124.955
11
139.95
21
-125.605
0
LINE
8
BLACK
6
CONTINUOUS
10
148.485
20
-124.862
11
148.531
21
-124.892
0
LINE
8
BLACK
6
CONTINUOUS
10
148.531
20
-124.892
11
148.729
21
-125.09
0
LINE
8
BLACK
6
CONTINUOUS
10
148.729
20
-125.09
11
148.759
21
-125.136
0
LINE
8
BLACK
6
CONTINUOUS
10
148.759
20
-125.136
11
148.77
21
-125.189
0
LINE
8
BLACK
6
CONTINUOUS
10
148.77
20
-125.189
11
148.759
21
-125.243
0
LINE
8
BLACK
6
CONTINUOUS
10
148.759
20
-125.243
11
148.729
21
-125.288
0
LINE
8
BLACK
6
CONTINUOUS
10
148.729
20
-125.288
11
148.488
21
-125.529
0
LINE
8
BLACK
6
CONTINUOUS
10
148.488
20
-125.529
11
148.443
21
-125.559
0
LINE
8
BLACK
6
CONTINUOUS
10
148.443
20
-125.559
11
148.389
21
-125.57
0
LINE
8
BLACK
6
CONTINUOUS
10
148.389
20
-125.57
11
148.336
21
-125.559
0
LINE
8
BLACK
6
CONTINUOUS
10
148.336
20
-125.559
11
148.29
21
-125.529
0
LINE
8
BLACK
6
CONTINUOUS
10
148.29
20
-125.529
11
148.092
21
-125.331
0
LINE
8
BLACK
6
CONTINUOUS
10
148.092
20
-125.331
11
148.062
21
-125.285
0
LINE
8
BLACK
6
CONTINUOUS
10
148.062
20
-125.285
11
148.051
21
-125.232
0
LINE
8
BLACK
6
CONTINUOUS
10
148.051
20
-125.232
11
148.062
21
-125.178
0
LINE
8
BLACK
6
CONTINUOUS
10
148.062
20
-125.178
11
148.092
21
-125.133
0
LINE
8
BLACK
6
CONTINUOUS
10
148.092
20
-125.133
11
148.333
21
-124.892
0
LINE
8
BLACK
6
CONTINUOUS
10
148.333
20
-124.892
11
148.378
21
-124.862
0
LINE
8
BLACK
6
CONTINUOUS
10
148.378
20
-124.862
11
148.432
21
-124.851
0
LINE
8
BLACK
6
CONTINUOUS
10
148.432
20
-124.851
11
148.485
21
-124.862
0
LINE
8
BLACK
6
CONTINUOUS
10
146.771
20
-124.62
11
146.819
21
-124.652
0
LINE
8
BLACK
6
CONTINUOUS
10
146.819
20
-124.652
11
147.063
21
-124.896
0
LINE
8
BLACK
6
CONTINUOUS
10
147.063
20
-124.896
11
147.095
21
-124.944
0
LINE
8
BLACK
6
CONTINUOUS
10
147.095
20
-124.944
11
147.106
21
-125
0
LINE
8
BLACK
6
CONTINUOUS
10
147.106
20
-125
11
147.095
21
-125.056
0
LINE
8
BLACK
6
CONTINUOUS
10
147.095
20
-125.056
11
147.063
21
-125.104
0
LINE
8
BLACK
6
CONTINUOUS
10
147.063
20
-125.104
11
146.854
21
-125.313
0
LINE
8
BLACK
6
CONTINUOUS
10
146.854
20
-125.313
11
146.806
21
-125.345
0
LINE
8
BLACK
6
CONTINUOUS
10
146.806
20
-125.345
11
146.75
21
-125.356
0
LINE
8
BLACK
6
CONTINUOUS
10
146.75
20
-125.356
11
146.694
21
-125.345
0
LINE
8
BLACK
6
CONTINUOUS
10
146.694
20
-125.345
11
146.646
21
-125.313
0
LINE
8
BLACK
6
CONTINUOUS
10
146.646
20
-125.313
11
146.402
21
-125.069
0
LINE
8
BLACK
6
CONTINUOUS
10
146.402
20
-125.069
11
146.37
21
-125.021
0
LINE
8
BLACK
6
CONTINUOUS
10
146.37
20
-125.021
11
146.359
21
-124.965
0
LINE
8
BLACK
6
CONTINUOUS
10
146.359
20
-124.965
11
146.37
21
-124.908
0
LINE
8
BLACK
6
CONTINUOUS
10
146.37
20
-124.908
11
146.402
21
-124.86
0
LINE
8
BLACK
6
CONTINUOUS
10
146.402
20
-124.86
11
146.61
21
-124.652
0
LINE
8
BLACK
6
CONTINUOUS
10
146.61
20
-124.652
11
146.658
21
-124.62
0
LINE
8
BLACK
6
CONTINUOUS
10
146.658
20
-124.62
11
146.715
21
-124.609
0
LINE
8
BLACK
6
CONTINUOUS
10
146.715
20
-124.609
11
146.771
21
-124.62
0
LINE
8
BLACK
6
CONTINUOUS
10
180.545
20
-122.769
11
180.733
21
-122.826
0
LINE
8
BLACK
6
CONTINUOUS
10
180.733
20
-122.826
11
180.906
21
-122.919
0
LINE
8
BLACK
6
CONTINUOUS
10
180.906
20
-122.919
11
181.057
21
-123.043
0
LINE
8
BLACK
6
CONTINUOUS
10
181.057
20
-123.043
11
181.181
21
-123.194
0
LINE
8
BLACK
6
CONTINUOUS
10
181.181
20
-123.194
11
181.274
21
-123.367
0
LINE
8
BLACK
6
CONTINUOUS
10
181.274
20
-123.367
11
181.331
21
-123.555
0
LINE
8
BLACK
6
CONTINUOUS
10
181.331
20
-123.555
11
181.35
21
-123.75
0
LINE
8
BLACK
6
CONTINUOUS
10
181.35
20
-123.75
11
181.331
21
-123.945
0
LINE
8
BLACK
6
CONTINUOUS
10
181.331
20
-123.945
11
181.274
21
-124.133
0
LINE
8
BLACK
6
CONTINUOUS
10
181.274
20
-124.133
11
181.181
21
-124.306
0
LINE
8
BLACK
6
CONTINUOUS
10
181.181
20
-124.306
11
181.057
21
-124.457
0
LINE
8
BLACK
6
CONTINUOUS
10
181.057
20
-124.457
11
180.906
21
-124.581
0
LINE
8
BLACK
6
CONTINUOUS
10
180.906
20
-124.581
11
180.733
21
-124.674
0
LINE
8
BLACK
6
CONTINUOUS
10
180.733
20
-124.674
11
180.545
21
-124.731
0
LINE
8
BLACK
6
CONTINUOUS
10
180.545
20
-124.731
11
180.35
21
-124.75
0
LINE
8
BLACK
6
CONTINUOUS
10
180.35
20
-124.75
11
180.155
21
-124.731
0
LINE
8
BLACK
6
CONTINUOUS
10
180.155
20
-124.731
11
179.967
21
-124.674
0
LINE
8
BLACK
6
CONTINUOUS
10
179.967
20
-124.674
11
179.794
21
-124.581
0
LINE
8
BLACK
6
CONTINUOUS
10
179.794
20
-124.581
11
179.643
21
-124.457
0
LINE
8
BLACK
6
CONTINUOUS
10
179.643
20
-124.457
11
179.519
21
-124.306
0
LINE
8
BLACK
6
CONTINUOUS
10
179.519
20
-124.306
11
179.426
21
-124.133
0
LINE
8
BLACK
6
CONTINUOUS
10
179.426
20
-124.133
11
179.369
21
-123.945
0
LINE
8
BLACK
6
CONTINUOUS
10
179.369
20
-123.945
11
179.35
21
-123.75
0
LINE
8
BLACK
6
CONTINUOUS
10
179.35
20
-123.75
11
179.369
21
-123.555
0
LINE
8
BLACK
6
CONTINUOUS
10
179.369
20
-123.555
11
179.426
21
-123.367
0
LINE
8
BLACK
6
CONTINUOUS
10
179.426
20
-123.367
11
179.519
21
-123.194
0
LINE
8
BLACK
6
CONTINUOUS
10
179.519
20
-123.194
11
179.643
21
-123.043
0
LINE
8
BLACK
6
CONTINUOUS
10
179.643
20
-123.043
11
179.794
21
-122.919
0
LINE
8
BLACK
6
CONTINUOUS
10
179.794
20
-122.919
11
179.967
21
-122.826
0
LINE
8
BLACK
6
CONTINUOUS
10
179.967
20
-122.826
11
180.155
21
-122.769
0
LINE
8
BLACK
6
CONTINUOUS
10
180.155
20
-122.769
11
180.35
21
-122.75
0
LINE
8
BLACK
6
CONTINUOUS
10
180.35
20
-122.75
11
180.545
21
-122.769
0
LINE
8
BLACK
6
CONTINUOUS
10
147.457
20
-123.934
11
147.505
21
-123.966
0
LINE
8
BLACK
6
CONTINUOUS
10
147.505
20
-123.966
11
147.749
21
-124.21
0
LINE
8
BLACK
6
CONTINUOUS
10
147.749
20
-124.21
11
147.781
21
-124.258
0
LINE
8
BLACK
6
CONTINUOUS
10
147.781
20
-124.258
11
147.792
21
-124.314
0
LINE
8
BLACK
6
CONTINUOUS
10
147.792
20
-124.314
11
147.781
21
-124.371
0
LINE
8
BLACK
6
CONTINUOUS
10
147.781
20
-124.371
11
147.749
21
-124.418
0
LINE
8
BLACK
6
CONTINUOUS
10
147.749
20
-124.418
11
147.54
21
-124.627
0
LINE
8
BLACK
6
CONTINUOUS
10
147.54
20
-124.627
11
147.492
21
-124.659
0
LINE
8
BLACK
6
CONTINUOUS
10
147.492
20
-124.659
11
147.436
21
-124.67
0
LINE
8
BLACK
6
CONTINUOUS
10
147.436
20
-124.67
11
147.379
21
-124.659
0
LINE
8
BLACK
6
CONTINUOUS
10
147.379
20
-124.659
11
147.332
21
-124.627
0
LINE
8
BLACK
6
CONTINUOUS
10
147.332
20
-124.627
11
147.088
21
-124.383
0
LINE
8
BLACK
6
CONTINUOUS
10
147.088
20
-124.383
11
147.056
21
-124.335
0
LINE
8
BLACK
6
CONTINUOUS
10
147.056
20
-124.335
11
147.044
21
-124.279
0
LINE
8
BLACK
6
CONTINUOUS
10
147.044
20
-124.279
11
147.056
21
-124.222
0
LINE
8
BLACK
6
CONTINUOUS
10
147.056
20
-124.222
11
147.088
21
-124.174
0
LINE
8
BLACK
6
CONTINUOUS
10
147.088
20
-124.174
11
147.296
21
-123.966
0
LINE
8
BLACK
6
CONTINUOUS
10
147.296
20
-123.966
11
147.344
21
-123.934
0
LINE
8
BLACK
6
CONTINUOUS
10
147.344
20
-123.934
11
147.401
21
-123.923
0
LINE
8
BLACK
6
CONTINUOUS
10
147.401
20
-123.923
11
147.457
21
-123.934
0
LINE
8
BLACK
6
CONTINUOUS
10
152.663
20
-124.504
11
151.368
21
-124.504
0
LINE
8
BLACK
6
CONTINUOUS
10
151.368
20
-124.504
11
151.368
21
-123.996
0
LINE
8
BLACK
6
CONTINUOUS
10
151.368
20
-123.996
11
152.663
21
-123.996
0
LINE
8
BLACK
6
CONTINUOUS
10
152.663
20
-123.996
11
152.663
21
-124.504
0
LINE
8
BLACK
6
CONTINUOUS
10
176.132
20
-124.504
11
174.837
21
-124.504
0
LINE
8
BLACK
6
CONTINUOUS
10
174.837
20
-124.504
11
174.837
21
-123.996
0
LINE
8
BLACK
6
CONTINUOUS
10
174.837
20
-123.996
11
176.132
21
-123.996
0
LINE
8
BLACK
6
CONTINUOUS
10
176.132
20
-123.996
11
176.132
21
-124.504
0
LINE
8
BLACK
6
CONTINUOUS
10
145.407
20
-123.605
11
145.45
21
-123.635
0
LINE
8
BLACK
6
CONTINUOUS
10
145.45
20
-123.635
11
145.48
21
-123.678
0
LINE
8
BLACK
6
CONTINUOUS
10
145.48
20
-123.678
11
145.49
21
-123.73
0
LINE
8
BLACK
6
CONTINUOUS
10
145.49
20
-123.73
11
145.49
21
-124.1
0
LINE
8
BLACK
6
CONTINUOUS
10
145.49
20
-124.1
11
145.48
21
-124.152
0
LINE
8
BLACK
6
CONTINUOUS
10
145.48
20
-124.152
11
145.45
21
-124.195
0
LINE
8
BLACK
6
CONTINUOUS
10
145.45
20
-124.195
11
145.407
21
-124.225
0
LINE
8
BLACK
6
CONTINUOUS
10
145.407
20
-124.225
11
145.355
21
-124.235
0
LINE
8
BLACK
6
CONTINUOUS
10
145.355
20
-124.235
11
145.085
21
-124.235
0
LINE
8
BLACK
6
CONTINUOUS
10
145.085
20
-124.235
11
145.033
21
-124.225
0
LINE
8
BLACK
6
CONTINUOUS
10
145.033
20
-124.225
11
144.99
21
-124.195
0
LINE
8
BLACK
6
CONTINUOUS
10
144.99
20
-124.195
11
144.96
21
-124.152
0
LINE
8
BLACK
6
CONTINUOUS
10
144.96
20
-124.152
11
144.95
21
-124.1
0
LINE
8
BLACK
6
CONTINUOUS
10
144.95
20
-124.1
11
144.95
21
-123.73
0
LINE
8
BLACK
6
CONTINUOUS
10
144.95
20
-123.73
11
144.96
21
-123.678
0
LINE
8
BLACK
6
CONTINUOUS
10
144.96
20
-123.678
11
144.99
21
-123.635
0
LINE
8
BLACK
6
CONTINUOUS
10
144.99
20
-123.635
11
145.033
21
-123.605
0
LINE
8
BLACK
6
CONTINUOUS
10
145.033
20
-123.605
11
145.085
21
-123.595
0
LINE
8
BLACK
6
CONTINUOUS
10
145.085
20
-123.595
11
145.355
21
-123.595
0
LINE
8
BLACK
6
CONTINUOUS
10
145.355
20
-123.595
11
145.407
21
-123.605
0
LINE
8
BLACK
6
CONTINUOUS
10
146.427
20
-123.605
11
146.47
21
-123.635
0
LINE
8
BLACK
6
CONTINUOUS
10
146.47
20
-123.635
11
146.5
21
-123.678
0
LINE
8
BLACK
6
CONTINUOUS
10
146.5
20
-123.678
11
146.51
21
-123.73
0
LINE
8
BLACK
6
CONTINUOUS
10
146.51
20
-123.73
11
146.51
21
-124.1
0
LINE
8
BLACK
6
CONTINUOUS
10
146.51
20
-124.1
11
146.5
21
-124.152
0
LINE
8
BLACK
6
CONTINUOUS
10
146.5
20
-124.152
11
146.47
21
-124.195
0
LINE
8
BLACK
6
CONTINUOUS
10
146.47
20
-124.195
11
146.427
21
-124.225
0
LINE
8
BLACK
6
CONTINUOUS
10
146.427
20
-124.225
11
146.375
21
-124.235
0
LINE
8
BLACK
6
CONTINUOUS
10
146.375
20
-124.235
11
146.105
21
-124.235
0
LINE
8
BLACK
6
CONTINUOUS
10
146.105
20
-124.235
11
146.053
21
-124.225
0
LINE
8
BLACK
6
CONTINUOUS
10
146.053
20
-124.225
11
146.01
21
-124.195
0
LINE
8
BLACK
6
CONTINUOUS
10
146.01
20
-124.195
11
145.98
21
-124.152
0
LINE
8
BLACK
6
CONTINUOUS
10
145.98
20
-124.152
11
145.97
21
-124.1
0
LINE
8
BLACK
6
CONTINUOUS
10
145.97
20
-124.1
11
145.97
21
-123.73
0
LINE
8
BLACK
6
CONTINUOUS
10
145.97
20
-123.73
11
145.98
21
-123.678
0
LINE
8
BLACK
6
CONTINUOUS
10
145.98
20
-123.678
11
146.01
21
-123.635
0
LINE
8
BLACK
6
CONTINUOUS
10
146.01
20
-123.635
11
146.053
21
-123.605
0
LINE
8
BLACK
6
CONTINUOUS
10
146.053
20
-123.605
11
146.105
21
-123.595
0
LINE
8
BLACK
6
CONTINUOUS
10
146.105
20
-123.595
11
146.375
21
-123.595
0
LINE
8
BLACK
6
CONTINUOUS
10
146.375
20
-123.595
11
146.427
21
-123.605
0
LINE
8
BLACK
6
CONTINUOUS
10
135.65
20
-123.705
11
135.25
21
-123.705
0
LINE
8
BLACK
6
CONTINUOUS
10
135.25
20
-123.705
11
135.25
21
-123.055
0
LINE
8
BLACK
6
CONTINUOUS
10
135.25
20
-123.055
11
135.65
21
-123.055
0
LINE
8
BLACK
6
CONTINUOUS
10
135.65
20
-123.055
11
135.65
21
-123.705
0
LINE
8
BLACK
6
CONTINUOUS
10
136.3
20
-123.705
11
135.9
21
-123.705
0
LINE
8
BLACK
6
CONTINUOUS
10
135.9
20
-123.705
11
135.9
21
-123.055
0
LINE
8
BLACK
6
CONTINUOUS
10
135.9
20
-123.055
11
136.3
21
-123.055
0
LINE
8
BLACK
6
CONTINUOUS
10
136.3
20
-123.055
11
136.3
21
-123.705
0
LINE
8
BLACK
6
CONTINUOUS
10
136.95
20
-123.705
11
136.55
21
-123.705
0
LINE
8
BLACK
6
CONTINUOUS
10
136.55
20
-123.705
11
136.55
21
-123.055
0
LINE
8
BLACK
6
CONTINUOUS
10
136.55
20
-123.055
11
136.95
21
-123.055
0
LINE
8
BLACK
6
CONTINUOUS
10
136.95
20
-123.055
11
136.95
21
-123.705
0
LINE
8
BLACK
6
CONTINUOUS
10
138.65
20
-123.705
11
138.25
21
-123.705
0
LINE
8
BLACK
6
CONTINUOUS
10
138.25
20
-123.705
11
138.25
21
-123.055
0
LINE
8
BLACK
6
CONTINUOUS
10
138.25
20
-123.055
11
138.65
21
-123.055
0
LINE
8
BLACK
6
CONTINUOUS
10
138.65
20
-123.055
11
138.65
21
-123.705
0
LINE
8
BLACK
6
CONTINUOUS
10
139.3
20
-123.705
11
138.9
21
-123.705
0
LINE
8
BLACK
6
CONTINUOUS
10
138.9
20
-123.705
11
138.9
21
-123.055
0
LINE
8
BLACK
6
CONTINUOUS
10
138.9
20
-123.055
11
139.3
21
-123.055
0
LINE
8
BLACK
6
CONTINUOUS
10
139.3
20
-123.055
11
139.3
21
-123.705
0
LINE
8
BLACK
6
CONTINUOUS
10
139.95
20
-123.705
11
139.55
21
-123.705
0
LINE
8
BLACK
6
CONTINUOUS
10
139.55
20
-123.705
11
139.55
21
-123.055
0
LINE
8
BLACK
6
CONTINUOUS
10
139.55
20
-123.055
11
139.95
21
-123.055
0
LINE
8
BLACK
6
CONTINUOUS
10
139.95
20
-123.055
11
139.95
21
-123.705
0
LINE
8
BLACK
6
CONTINUOUS
10
152.663
20
-123.504
11
151.368
21
-123.504
0
LINE
8
BLACK
6
CONTINUOUS
10
151.368
20
-123.504
11
151.368
21
-122.996
0
LINE
8
BLACK
6
CONTINUOUS
10
151.368
20
-122.996
11
152.663
21
-122.996
0
LINE
8
BLACK
6
CONTINUOUS
10
152.663
20
-122.996
11
152.663
21
-123.504
0
LINE
8
BLACK
6
CONTINUOUS
10
176.132
20
-123.504
11
174.837
21
-123.504
0
LINE
8
BLACK
6
CONTINUOUS
10
174.837
20
-123.504
11
174.837
21
-122.996
0
LINE
8
BLACK
6
CONTINUOUS
10
174.837
20
-122.996
11
176.132
21
-122.996
0
LINE
8
BLACK
6
CONTINUOUS
10
176.132
20
-122.996
11
176.132
21
-123.504
0
LINE
8
BLACK
6
CONTINUOUS
10
113.595
20
-121.419
11
113.783
21
-121.476
0
LINE
8
BLACK
6
CONTINUOUS
10
113.783
20
-121.476
11
113.956
21
-121.569
0
LINE
8
BLACK
6
CONTINUOUS
10
113.956
20
-121.569
11
114.107
21
-121.693
0
LINE
8
BLACK
6
CONTINUOUS
10
114.107
20
-121.693
11
114.231
21
-121.844
0
LINE
8
BLACK
6
CONTINUOUS
10
114.231
20
-121.844
11
114.324
21
-122.017
0
LINE
8
BLACK
6
CONTINUOUS
10
114.324
20
-122.017
11
114.381
21
-122.205
0
LINE
8
BLACK
6
CONTINUOUS
10
114.381
20
-122.205
11
114.4
21
-122.4
0
LINE
8
BLACK
6
CONTINUOUS
10
114.4
20
-122.4
11
114.381
21
-122.595
0
LINE
8
BLACK
6
CONTINUOUS
10
114.381
20
-122.595
11
114.324
21
-122.783
0
LINE
8
BLACK
6
CONTINUOUS
10
114.324
20
-122.783
11
114.231
21
-122.956
0
LINE
8
BLACK
6
CONTINUOUS
10
114.231
20
-122.956
11
114.107
21
-123.107
0
LINE
8
BLACK
6
CONTINUOUS
10
114.107
20
-123.107
11
113.956
21
-123.231
0
LINE
8
BLACK
6
CONTINUOUS
10
113.956
20
-123.231
11
113.783
21
-123.324
0
LINE
8
BLACK
6
CONTINUOUS
10
113.783
20
-123.324
11
113.595
21
-123.381
0
LINE
8
BLACK
6
CONTINUOUS
10
113.595
20
-123.381
11
113.4
21
-123.4
0
LINE
8
BLACK
6
CONTINUOUS
10
113.4
20
-123.4
11
113.205
21
-123.381
0
LINE
8
BLACK
6
CONTINUOUS
10
113.205
20
-123.381
11
113.017
21
-123.324
0
LINE
8
BLACK
6
CONTINUOUS
10
113.017
20
-123.324
11
112.844
21
-123.231
0
LINE
8
BLACK
6
CONTINUOUS
10
112.844
20
-123.231
11
112.693
21
-123.107
0
LINE
8
BLACK
6
CONTINUOUS
10
112.693
20
-123.107
11
112.569
21
-122.956
0
LINE
8
BLACK
6
CONTINUOUS
10
112.569
20
-122.956
11
112.476
21
-122.783
0
LINE
8
BLACK
6
CONTINUOUS
10
112.476
20
-122.783
11
112.419
21
-122.595
0
LINE
8
BLACK
6
CONTINUOUS
10
112.419
20
-122.595
11
112.4
21
-122.4
0
LINE
8
BLACK
6
CONTINUOUS
10
112.4
20
-122.4
11
112.419
21
-122.205
0
LINE
8
BLACK
6
CONTINUOUS
10
112.419
20
-122.205
11
112.476
21
-122.017
0
LINE
8
BLACK
6
CONTINUOUS
10
112.476
20
-122.017
11
112.569
21
-121.844
0
LINE
8
BLACK
6
CONTINUOUS
10
112.569
20
-121.844
11
112.693
21
-121.693
0
LINE
8
BLACK
6
CONTINUOUS
10
112.693
20
-121.693
11
112.844
21
-121.569
0
LINE
8
BLACK
6
CONTINUOUS
10
112.844
20
-121.569
11
113.017
21
-121.476
0
LINE
8
BLACK
6
CONTINUOUS
10
113.017
20
-121.476
11
113.205
21
-121.419
0
LINE
8
BLACK
6
CONTINUOUS
10
113.205
20
-121.419
11
113.4
21
-121.4
0
LINE
8
BLACK
6
CONTINUOUS
10
113.4
20
-121.4
11
113.595
21
-121.419
0
LINE
8
BLACK
6
CONTINUOUS
10
107.274
20
-121.72
11
107.443
21
-121.779
0
LINE
8
BLACK
6
CONTINUOUS
10
107.443
20
-121.779
11
107.594
21
-121.874
0
LINE
8
BLACK
6
CONTINUOUS
10
107.594
20
-121.874
11
107.721
21
-122.001
0
LINE
8
BLACK
6
CONTINUOUS
10
107.721
20
-122.001
11
107.816
21
-122.153
0
LINE
8
BLACK
6
CONTINUOUS
10
107.816
20
-122.153
11
107.876
21
-122.322
0
LINE
8
BLACK
6
CONTINUOUS
10
107.876
20
-122.322
11
107.896
21
-122.5
0
LINE
8
BLACK
6
CONTINUOUS
10
107.896
20
-122.5
11
107.876
21
-122.678
0
LINE
8
BLACK
6
CONTINUOUS
10
107.876
20
-122.678
11
107.816
21
-122.847
0
LINE
8
BLACK
6
CONTINUOUS
10
107.816
20
-122.847
11
107.721
21
-122.999
0
LINE
8
BLACK
6
CONTINUOUS
10
107.721
20
-122.999
11
107.594
21
-123.126
0
LINE
8
BLACK
6
CONTINUOUS
10
107.594
20
-123.126
11
107.443
21
-123.221
0
LINE
8
BLACK
6
CONTINUOUS
10
107.443
20
-123.221
11
107.274
21
-123.28
0
LINE
8
BLACK
6
CONTINUOUS
10
107.274
20
-123.28
11
107.096
21
-123.3
0
LINE
8
BLACK
6
CONTINUOUS
10
107.096
20
-123.3
11
106.918
21
-123.28
0
LINE
8
BLACK
6
CONTINUOUS
10
106.918
20
-123.28
11
106.748
21
-123.221
0
LINE
8
BLACK
6
CONTINUOUS
10
106.748
20
-123.221
11
106.597
21
-123.126
0
LINE
8
BLACK
6
CONTINUOUS
10
106.597
20
-123.126
11
106.47
21
-122.999
0
LINE
8
BLACK
6
CONTINUOUS
10
106.47
20
-122.999
11
106.375
21
-122.847
0
LINE
8
BLACK
6
CONTINUOUS
10
106.375
20
-122.847
11
106.316
21
-122.678
0
LINE
8
BLACK
6
CONTINUOUS
10
106.316
20
-122.678
11
106.295
21
-122.5
0
LINE
8
BLACK
6
CONTINUOUS
10
106.295
20
-122.5
11
106.316
21
-122.322
0
LINE
8
BLACK
6
CONTINUOUS
10
106.316
20
-122.322
11
106.375
21
-122.153
0
LINE
8
BLACK
6
CONTINUOUS
10
106.375
20
-122.153
11
106.47
21
-122.001
0
LINE
8
BLACK
6
CONTINUOUS
10
106.47
20
-122.001
11
106.597
21
-121.874
0
LINE
8
BLACK
6
CONTINUOUS
10
106.597
20
-121.874
11
106.748
21
-121.779
0
LINE
8
BLACK
6
CONTINUOUS
10
106.748
20
-121.779
11
106.918
21
-121.72
0
LINE
8
BLACK
6
CONTINUOUS
10
106.918
20
-121.72
11
107.096
21
-121.7
0
LINE
8
BLACK
6
CONTINUOUS
10
107.096
20
-121.7
11
107.274
21
-121.72
0
LINE
8
BLACK
6
CONTINUOUS
10
110.274
20
-121.72
11
110.443
21
-121.779
0
LINE
8
BLACK
6
CONTINUOUS
10
110.443
20
-121.779
11
110.594
21
-121.874
0
LINE
8
BLACK
6
CONTINUOUS
10
110.594
20
-121.874
11
110.721
21
-122.001
0
LINE
8
BLACK
6
CONTINUOUS
10
110.721
20
-122.001
11
110.816
21
-122.153
0
LINE
8
BLACK
6
CONTINUOUS
10
110.816
20
-122.153
11
110.876
21
-122.322
0
LINE
8
BLACK
6
CONTINUOUS
10
110.876
20
-122.322
11
110.896
21
-122.5
0
LINE
8
BLACK
6
CONTINUOUS
10
110.896
20
-122.5
11
110.876
21
-122.678
0
LINE
8
BLACK
6
CONTINUOUS
10
110.876
20
-122.678
11
110.816
21
-122.847
0
LINE
8
BLACK
6
CONTINUOUS
10
110.816
20
-122.847
11
110.721
21
-122.999
0
LINE
8
BLACK
6
CONTINUOUS
10
110.721
20
-122.999
11
110.594
21
-123.126
0
LINE
8
BLACK
6
CONTINUOUS
10
110.594
20
-123.126
11
110.443
21
-123.221
0
LINE
8
BLACK
6
CONTINUOUS
10
110.443
20
-123.221
11
110.274
21
-123.28
0
LINE
8
BLACK
6
CONTINUOUS
10
110.274
20
-123.28
11
110.096
21
-123.3
0
LINE
8
BLACK
6
CONTINUOUS
10
110.096
20
-123.3
11
109.918
21
-123.28
0
LINE
8
BLACK
6
CONTINUOUS
10
109.918
20
-123.28
11
109.748
21
-123.221
0
LINE
8
BLACK
6
CONTINUOUS
10
109.748
20
-123.221
11
109.597
21
-123.126
0
LINE
8
BLACK
6
CONTINUOUS
10
109.597
20
-123.126
11
109.47
21
-122.999
0
LINE
8
BLACK
6
CONTINUOUS
10
109.47
20
-122.999
11
109.375
21
-122.847
0
LINE
8
BLACK
6
CONTINUOUS
10
109.375
20
-122.847
11
109.316
21
-122.678
0
LINE
8
BLACK
6
CONTINUOUS
10
109.316
20
-122.678
11
109.295
21
-122.5
0
LINE
8
BLACK
6
CONTINUOUS
10
109.295
20
-122.5
11
109.316
21
-122.322
0
LINE
8
BLACK
6
CONTINUOUS
10
109.316
20
-122.322
11
109.375
21
-122.153
0
LINE
8
BLACK
6
CONTINUOUS
10
109.375
20
-122.153
11
109.47
21
-122.001
0
LINE
8
BLACK
6
CONTINUOUS
10
109.47
20
-122.001
11
109.597
21
-121.874
0
LINE
8
BLACK
6
CONTINUOUS
10
109.597
20
-121.874
11
109.748
21
-121.779
0
LINE
8
BLACK
6
CONTINUOUS
10
109.748
20
-121.779
11
109.918
21
-121.72
0
LINE
8
BLACK
6
CONTINUOUS
10
109.918
20
-121.72
11
110.096
21
-121.7
0
LINE
8
BLACK
6
CONTINUOUS
10
110.096
20
-121.7
11
110.274
21
-121.72
0
LINE
8
BLACK
6
CONTINUOUS
10
146.107
20
-123.065
11
145.877
21
-123.065
0
LINE
8
BLACK
6
CONTINUOUS
10
145.877
20
-123.065
11
145.877
21
-122.365
0
LINE
8
BLACK
6
CONTINUOUS
10
145.877
20
-122.365
11
146.107
21
-122.365
0
LINE
8
BLACK
6
CONTINUOUS
10
146.107
20
-122.365
11
146.107
21
-123.065
0
LINE
8
BLACK
6
CONTINUOUS
10
146.615
20
-123.065
11
146.385
21
-123.065
0
LINE
8
BLACK
6
CONTINUOUS
10
146.385
20
-123.065
11
146.385
21
-122.365
0
LINE
8
BLACK
6
CONTINUOUS
10
146.385
20
-122.365
11
146.615
21
-122.365
0
LINE
8
BLACK
6
CONTINUOUS
10
146.615
20
-122.365
11
146.615
21
-123.065
0
LINE
8
BLACK
6
CONTINUOUS
10
147.123
20
-123.065
11
146.893
21
-123.065
0
LINE
8
BLACK
6
CONTINUOUS
10
146.893
20
-123.065
11
146.893
21
-122.365
0
LINE
8
BLACK
6
CONTINUOUS
10
146.893
20
-122.365
11
147.123
21
-122.365
0
LINE
8
BLACK
6
CONTINUOUS
10
147.123
20
-122.365
11
147.123
21
-123.065
0
LINE
8
BLACK
6
CONTINUOUS
10
121.197
20
-122.43
11
121.24
21
-122.46
0
LINE
8
BLACK
6
CONTINUOUS
10
121.24
20
-122.46
11
121.27
21
-122.503
0
LINE
8
BLACK
6
CONTINUOUS
10
121.27
20
-122.503
11
121.28
21
-122.555
0
LINE
8
BLACK
6
CONTINUOUS
10
121.28
20
-122.555
11
121.28
21
-122.925
0
LINE
8
BLACK
6
CONTINUOUS
10
121.28
20
-122.925
11
121.27
21
-122.977
0
LINE
8
BLACK
6
CONTINUOUS
10
121.27
20
-122.977
11
121.24
21
-123.02
0
LINE
8
BLACK
6
CONTINUOUS
10
121.24
20
-123.02
11
121.197
21
-123.05
0
LINE
8
BLACK
6
CONTINUOUS
10
121.197
20
-123.05
11
121.145
21
-123.06
0
LINE
8
BLACK
6
CONTINUOUS
10
121.145
20
-123.06
11
120.875
21
-123.06
0
LINE
8
BLACK
6
CONTINUOUS
10
120.875
20
-123.06
11
120.823
21
-123.05
0
LINE
8
BLACK
6
CONTINUOUS
10
120.823
20
-123.05
11
120.78
21
-123.02
0
LINE
8
BLACK
6
CONTINUOUS
10
120.78
20
-123.02
11
120.75
21
-122.977
0
LINE
8
BLACK
6
CONTINUOUS
10
120.75
20
-122.977
11
120.74
21
-122.925
0
LINE
8
BLACK
6
CONTINUOUS
10
120.74
20
-122.925
11
120.74
21
-122.555
0
LINE
8
BLACK
6
CONTINUOUS
10
120.74
20
-122.555
11
120.75
21
-122.503
0
LINE
8
BLACK
6
CONTINUOUS
10
120.75
20
-122.503
11
120.78
21
-122.46
0
LINE
8
BLACK
6
CONTINUOUS
10
120.78
20
-122.46
11
120.823
21
-122.43
0
LINE
8
BLACK
6
CONTINUOUS
10
120.823
20
-122.43
11
120.875
21
-122.42
0
LINE
8
BLACK
6
CONTINUOUS
10
120.875
20
-122.42
11
121.145
21
-122.42
0
LINE
8
BLACK
6
CONTINUOUS
10
121.145
20
-122.42
11
121.197
21
-122.43
0
LINE
8
BLACK
6
CONTINUOUS
10
122.217
20
-122.43
11
122.26
21
-122.46
0
LINE
8
BLACK
6
CONTINUOUS
10
122.26
20
-122.46
11
122.29
21
-122.503
0
LINE
8
BLACK
6
CONTINUOUS
10
122.29
20
-122.503
11
122.3
21
-122.555
0
LINE
8
BLACK
6
CONTINUOUS
10
122.3
20
-122.555
11
122.3
21
-122.925
0
LINE
8
BLACK
6
CONTINUOUS
10
122.3
20
-122.925
11
122.29
21
-122.977
0
LINE
8
BLACK
6
CONTINUOUS
10
122.29
20
-122.977
11
122.26
21
-123.02
0
LINE
8
BLACK
6
CONTINUOUS
10
122.26
20
-123.02
11
122.217
21
-123.05
0
LINE
8
BLACK
6
CONTINUOUS
10
122.217
20
-123.05
11
122.165
21
-123.06
0
LINE
8
BLACK
6
CONTINUOUS
10
122.165
20
-123.06
11
121.895
21
-123.06
0
LINE
8
BLACK
6
CONTINUOUS
10
121.895
20
-123.06
11
121.843
21
-123.05
0
LINE
8
BLACK
6
CONTINUOUS
10
121.843
20
-123.05
11
121.8
21
-123.02
0
LINE
8
BLACK
6
CONTINUOUS
10
121.8
20
-123.02
11
121.77
21
-122.977
0
LINE
8
BLACK
6
CONTINUOUS
10
121.77
20
-122.977
11
121.76
21
-122.925
0
LINE
8
BLACK
6
CONTINUOUS
10
121.76
20
-122.925
11
121.76
21
-122.555
0
LINE
8
BLACK
6
CONTINUOUS
10
121.76
20
-122.555
11
121.77
21
-122.503
0
LINE
8
BLACK
6
CONTINUOUS
10
121.77
20
-122.503
11
121.8
21
-122.46
0
LINE
8
BLACK
6
CONTINUOUS
10
121.8
20
-122.46
11
121.843
21
-122.43
0
LINE
8
BLACK
6
CONTINUOUS
10
121.843
20
-122.43
11
121.895
21
-122.42
0
LINE
8
BLACK
6
CONTINUOUS
10
121.895
20
-122.42
11
122.165
21
-122.42
0
LINE
8
BLACK
6
CONTINUOUS
10
122.165
20
-122.42
11
122.217
21
-122.43
0
LINE
8
BLACK
6
CONTINUOUS
10
144.954
20
-122.376
11
144.999
21
-122.406
0
LINE
8
BLACK
6
CONTINUOUS
10
144.999
20
-122.406
11
145.029
21
-122.451
0
LINE
8
BLACK
6
CONTINUOUS
10
145.029
20
-122.451
11
145.04
21
-122.505
0
LINE
8
BLACK
6
CONTINUOUS
10
145.04
20
-122.505
11
145.04
21
-122.785
0
LINE
8
BLACK
6
CONTINUOUS
10
145.04
20
-122.785
11
145.029
21
-122.839
0
LINE
8
BLACK
6
CONTINUOUS
10
145.029
20
-122.839
11
144.999
21
-122.884
0
LINE
8
BLACK
6
CONTINUOUS
10
144.999
20
-122.884
11
144.954
21
-122.914
0
LINE
8
BLACK
6
CONTINUOUS
10
144.954
20
-122.914
11
144.9
21
-122.925
0
LINE
8
BLACK
6
CONTINUOUS
10
144.9
20
-122.925
11
144.56
21
-122.925
0
LINE
8
BLACK
6
CONTINUOUS
10
144.56
20
-122.925
11
144.506
21
-122.914
0
LINE
8
BLACK
6
CONTINUOUS
10
144.506
20
-122.914
11
144.461
21
-122.884
0
LINE
8
BLACK
6
CONTINUOUS
10
144.461
20
-122.884
11
144.431
21
-122.839
0
LINE
8
BLACK
6
CONTINUOUS
10
144.431
20
-122.839
11
144.42
21
-122.785
0
LINE
8
BLACK
6
CONTINUOUS
10
144.42
20
-122.785
11
144.42
21
-122.505
0
LINE
8
BLACK
6
CONTINUOUS
10
144.42
20
-122.505
11
144.431
21
-122.451
0
LINE
8
BLACK
6
CONTINUOUS
10
144.431
20
-122.451
11
144.461
21
-122.406
0
LINE
8
BLACK
6
CONTINUOUS
10
144.461
20
-122.406
11
144.506
21
-122.376
0
LINE
8
BLACK
6
CONTINUOUS
10
144.506
20
-122.376
11
144.56
21
-122.365
0
LINE
8
BLACK
6
CONTINUOUS
10
144.56
20
-122.365
11
144.9
21
-122.365
0
LINE
8
BLACK
6
CONTINUOUS
10
144.9
20
-122.365
11
144.954
21
-122.376
0
LINE
8
BLACK
6
CONTINUOUS
10
152.663
20
-122.504
11
151.368
21
-122.504
0
LINE
8
BLACK
6
CONTINUOUS
10
151.368
20
-122.504
11
151.368
21
-121.996
0
LINE
8
BLACK
6
CONTINUOUS
10
151.368
20
-121.996
11
152.663
21
-121.996
0
LINE
8
BLACK
6
CONTINUOUS
10
152.663
20
-121.996
11
152.663
21
-122.504
0
LINE
8
BLACK
6
CONTINUOUS
10
176.132
20
-122.504
11
174.837
21
-122.504
0
LINE
8
BLACK
6
CONTINUOUS
10
174.837
20
-122.504
11
174.837
21
-121.996
0
LINE
8
BLACK
6
CONTINUOUS
10
174.837
20
-121.996
11
176.132
21
-121.996
0
LINE
8
BLACK
6
CONTINUOUS
10
176.132
20
-121.996
11
176.132
21
-122.504
0
LINE
8
BLACK
6
CONTINUOUS
10
146.107
20
-122.135
11
145.877
21
-122.135
0
LINE
8
BLACK
6
CONTINUOUS
10
145.877
20
-122.135
11
145.877
21
-121.435
0
LINE
8
BLACK
6
CONTINUOUS
10
145.877
20
-121.435
11
146.107
21
-121.435
0
LINE
8
BLACK
6
CONTINUOUS
10
146.107
20
-121.435
11
146.107
21
-122.135
0
LINE
8
BLACK
6
CONTINUOUS
10
146.615
20
-122.135
11
146.385
21
-122.135
0
LINE
8
BLACK
6
CONTINUOUS
10
146.385
20
-122.135
11
146.385
21
-121.435
0
LINE
8
BLACK
6
CONTINUOUS
10
146.385
20
-121.435
11
146.615
21
-121.435
0
LINE
8
BLACK
6
CONTINUOUS
10
146.615
20
-121.435
11
146.615
21
-122.135
0
LINE
8
BLACK
6
CONTINUOUS
10
147.123
20
-122.135
11
146.893
21
-122.135
0
LINE
8
BLACK
6
CONTINUOUS
10
146.893
20
-122.135
11
146.893
21
-121.435
0
LINE
8
BLACK
6
CONTINUOUS
10
146.893
20
-121.435
11
147.123
21
-121.435
0
LINE
8
BLACK
6
CONTINUOUS
10
147.123
20
-121.435
11
147.123
21
-122.135
0
LINE
8
BLACK
6
CONTINUOUS
10
144.954
20
-121.416
11
144.999
21
-121.446
0
LINE
8
BLACK
6
CONTINUOUS
10
144.999
20
-121.446
11
145.029
21
-121.491
0
LINE
8
BLACK
6
CONTINUOUS
10
145.029
20
-121.491
11
145.04
21
-121.545
0
LINE
8
BLACK
6
CONTINUOUS
10
145.04
20
-121.545
11
145.04
21
-121.825
0
LINE
8
BLACK
6
CONTINUOUS
10
145.04
20
-121.825
11
145.029
21
-121.879
0
LINE
8
BLACK
6
CONTINUOUS
10
145.029
20
-121.879
11
144.999
21
-121.924
0
LINE
8
BLACK
6
CONTINUOUS
10
144.999
20
-121.924
11
144.954
21
-121.954
0
LINE
8
BLACK
6
CONTINUOUS
10
144.954
20
-121.954
11
144.9
21
-121.965
0
LINE
8
BLACK
6
CONTINUOUS
10
144.9
20
-121.965
11
144.56
21
-121.965
0
LINE
8
BLACK
6
CONTINUOUS
10
144.56
20
-121.965
11
144.506
21
-121.954
0
LINE
8
BLACK
6
CONTINUOUS
10
144.506
20
-121.954
11
144.461
21
-121.924
0
LINE
8
BLACK
6
CONTINUOUS
10
144.461
20
-121.924
11
144.431
21
-121.879
0
LINE
8
BLACK
6
CONTINUOUS
10
144.431
20
-121.879
11
144.42
21
-121.825
0
LINE
8
BLACK
6
CONTINUOUS
10
144.42
20
-121.825
11
144.42
21
-121.545
0
LINE
8
BLACK
6
CONTINUOUS
10
144.42
20
-121.545
11
144.431
21
-121.491
0
LINE
8
BLACK
6
CONTINUOUS
10
144.431
20
-121.491
11
144.461
21
-121.446
0
LINE
8
BLACK
6
CONTINUOUS
10
144.461
20
-121.446
11
144.506
21
-121.416
0
LINE
8
BLACK
6
CONTINUOUS
10
144.506
20
-121.416
11
144.56
21
-121.405
0
LINE
8
BLACK
6
CONTINUOUS
10
144.56
20
-121.405
11
144.9
21
-121.405
0
LINE
8
BLACK
6
CONTINUOUS
10
144.9
20
-121.405
11
144.954
21
-121.416
0
LINE
8
BLACK
6
CONTINUOUS
10
118.2
20
-121.837
11
115.5
21
-121.837
0
LINE
8
BLACK
6
CONTINUOUS
10
115.5
20
-121.837
11
115.5
21
-121.037
0
LINE
8
BLACK
6
CONTINUOUS
10
115.5
20
-121.037
11
118.2
21
-121.037
0
LINE
8
BLACK
6
CONTINUOUS
10
118.2
20
-121.037
11
118.2
21
-121.837
0
LINE
8
BLACK
6
CONTINUOUS
10
124.808
20
-120.807
11
124.889
21
-120.861
0
LINE
8
BLACK
6
CONTINUOUS
10
124.889
20
-120.861
11
124.943
21
-120.942
0
LINE
8
BLACK
6
CONTINUOUS
10
124.943
20
-120.942
11
124.962
21
-121.037
0
LINE
8
BLACK
6
CONTINUOUS
10
124.962
20
-121.037
11
124.962
21
-121.537
0
LINE
8
BLACK
6
CONTINUOUS
10
124.962
20
-121.537
11
124.943
21
-121.633
0
LINE
8
BLACK
6
CONTINUOUS
10
124.943
20
-121.633
11
124.889
21
-121.714
0
LINE
8
BLACK
6
CONTINUOUS
10
124.889
20
-121.714
11
124.808
21
-121.768
0
LINE
8
BLACK
6
CONTINUOUS
10
124.808
20
-121.768
11
124.712
21
-121.787
0
LINE
8
BLACK
6
CONTINUOUS
10
124.712
20
-121.787
11
123.762
21
-121.787
0
LINE
8
BLACK
6
CONTINUOUS
10
123.762
20
-121.787
11
123.667
21
-121.768
0
LINE
8
BLACK
6
CONTINUOUS
10
123.667
20
-121.768
11
123.586
21
-121.714
0
LINE
8
BLACK
6
CONTINUOUS
10
123.586
20
-121.714
11
123.532
21
-121.633
0
LINE
8
BLACK
6
CONTINUOUS
10
123.532
20
-121.633
11
123.512
21
-121.537
0
LINE
8
BLACK
6
CONTINUOUS
10
123.512
20
-121.537
11
123.512
21
-121.037
0
LINE
8
BLACK
6
CONTINUOUS
10
123.512
20
-121.037
11
123.532
21
-120.942
0
LINE
8
BLACK
6
CONTINUOUS
10
123.532
20
-120.942
11
123.586
21
-120.861
0
LINE
8
BLACK
6
CONTINUOUS
10
123.586
20
-120.861
11
123.667
21
-120.807
0
LINE
8
BLACK
6
CONTINUOUS
10
123.667
20
-120.807
11
123.762
21
-120.787
0
LINE
8
BLACK
6
CONTINUOUS
10
123.762
20
-120.787
11
124.712
21
-120.787
0
LINE
8
BLACK
6
CONTINUOUS
10
124.712
20
-120.787
11
124.808
21
-120.807
0
LINE
8
BLACK
6
CONTINUOUS
10
127.005
20
-119.639
11
127.193
21
-119.696
0
LINE
8
BLACK
6
CONTINUOUS
10
127.193
20
-119.696
11
127.366
21
-119.789
0
LINE
8
BLACK
6
CONTINUOUS
10
127.366
20
-119.789
11
127.517
21
-119.913
0
LINE
8
BLACK
6
CONTINUOUS
10
127.517
20
-119.913
11
127.641
21
-120.064
0
LINE
8
BLACK
6
CONTINUOUS
10
127.641
20
-120.064
11
127.734
21
-120.237
0
LINE
8
BLACK
6
CONTINUOUS
10
127.734
20
-120.237
11
127.791
21
-120.425
0
LINE
8
BLACK
6
CONTINUOUS
10
127.791
20
-120.425
11
127.81
21
-120.62
0
LINE
8
BLACK
6
CONTINUOUS
10
127.81
20
-120.62
11
127.791
21
-120.815
0
LINE
8
BLACK
6
CONTINUOUS
10
127.791
20
-120.815
11
127.734
21
-121.003
0
LINE
8
BLACK
6
CONTINUOUS
10
127.734
20
-121.003
11
127.641
21
-121.176
0
LINE
8
BLACK
6
CONTINUOUS
10
127.641
20
-121.176
11
127.517
21
-121.327
0
LINE
8
BLACK
6
CONTINUOUS
10
127.517
20
-121.327
11
127.366
21
-121.451
0
LINE
8
BLACK
6
CONTINUOUS
10
127.366
20
-121.451
11
127.193
21
-121.544
0
LINE
8
BLACK
6
CONTINUOUS
10
127.193
20
-121.544
11
127.005
21
-121.601
0
LINE
8
BLACK
6
CONTINUOUS
10
127.005
20
-121.601
11
126.81
21
-121.62
0
LINE
8
BLACK
6
CONTINUOUS
10
126.81
20
-121.62
11
126.615
21
-121.601
0
LINE
8
BLACK
6
CONTINUOUS
10
126.615
20
-121.601
11
126.427
21
-121.544
0
LINE
8
BLACK
6
CONTINUOUS
10
126.427
20
-121.544
11
126.254
21
-121.451
0
LINE
8
BLACK
6
CONTINUOUS
10
126.254
20
-121.451
11
126.103
21
-121.327
0
LINE
8
BLACK
6
CONTINUOUS
10
126.103
20
-121.327
11
125.979
21
-121.176
0
LINE
8
BLACK
6
CONTINUOUS
10
125.979
20
-121.176
11
125.886
21
-121.003
0
LINE
8
BLACK
6
CONTINUOUS
10
125.886
20
-121.003
11
125.829
21
-120.815
0
LINE
8
BLACK
6
CONTINUOUS
10
125.829
20
-120.815
11
125.81
21
-120.62
0
LINE
8
BLACK
6
CONTINUOUS
10
125.81
20
-120.62
11
125.829
21
-120.425
0
LINE
8
BLACK
6
CONTINUOUS
10
125.829
20
-120.425
11
125.886
21
-120.237
0
LINE
8
BLACK
6
CONTINUOUS
10
125.886
20
-120.237
11
125.979
21
-120.064
0
LINE
8
BLACK
6
CONTINUOUS
10
125.979
20
-120.064
11
126.103
21
-119.913
0
LINE
8
BLACK
6
CONTINUOUS
10
126.103
20
-119.913
11
126.254
21
-119.789
0
LINE
8
BLACK
6
CONTINUOUS
10
126.254
20
-119.789
11
126.427
21
-119.696
0
LINE
8
BLACK
6
CONTINUOUS
10
126.427
20
-119.696
11
126.615
21
-119.639
0
LINE
8
BLACK
6
CONTINUOUS
10
126.615
20
-119.639
11
126.81
21
-119.62
0
LINE
8
BLACK
6
CONTINUOUS
10
126.81
20
-119.62
11
127.005
21
-119.639
0
LINE
8
BLACK
6
CONTINUOUS
10
120.37
20
-120.999
11
120.419
21
-121.031
0
LINE
8
BLACK
6
CONTINUOUS
10
120.419
20
-121.031
11
120.451
21
-121.08
0
LINE
8
BLACK
6
CONTINUOUS
10
120.451
20
-121.08
11
120.462
21
-121.137
0
LINE
8
BLACK
6
CONTINUOUS
10
120.462
20
-121.137
11
120.462
21
-121.438
0
LINE
8
BLACK
6
CONTINUOUS
10
120.462
20
-121.438
11
120.451
21
-121.495
0
LINE
8
BLACK
6
CONTINUOUS
10
120.451
20
-121.495
11
120.419
21
-121.544
0
LINE
8
BLACK
6
CONTINUOUS
10
120.419
20
-121.544
11
120.37
21
-121.576
0
LINE
8
BLACK
6
CONTINUOUS
10
120.37
20
-121.576
11
120.312
21
-121.587
0
LINE
8
BLACK
6
CONTINUOUS
10
120.312
20
-121.587
11
119.287
21
-121.587
0
LINE
8
BLACK
6
CONTINUOUS
10
119.287
20
-121.587
11
119.23
21
-121.576
0
LINE
8
BLACK
6
CONTINUOUS
10
119.23
20
-121.576
11
119.181
21
-121.544
0
LINE
8
BLACK
6
CONTINUOUS
10
119.181
20
-121.544
11
119.149
21
-121.495
0
LINE
8
BLACK
6
CONTINUOUS
10
119.149
20
-121.495
11
119.137
21
-121.438
0
LINE
8
BLACK
6
CONTINUOUS
10
119.137
20
-121.438
11
119.137
21
-121.137
0
LINE
8
BLACK
6
CONTINUOUS
10
119.137
20
-121.137
11
119.149
21
-121.08
0
LINE
8
BLACK
6
CONTINUOUS
10
119.149
20
-121.08
11
119.181
21
-121.031
0
LINE
8
BLACK
6
CONTINUOUS
10
119.181
20
-121.031
11
119.23
21
-120.999
0
LINE
8
BLACK
6
CONTINUOUS
10
119.23
20
-120.999
11
119.287
21
-120.987
0
LINE
8
BLACK
6
CONTINUOUS
10
119.287
20
-120.987
11
120.312
21
-120.987
0
LINE
8
BLACK
6
CONTINUOUS
10
120.312
20
-120.987
11
120.37
21
-120.999
0
LINE
8
BLACK
6
CONTINUOUS
10
122.645
20
-120.999
11
122.694
21
-121.031
0
LINE
8
BLACK
6
CONTINUOUS
10
122.694
20
-121.031
11
122.726
21
-121.08
0
LINE
8
BLACK
6
CONTINUOUS
10
122.726
20
-121.08
11
122.737
21
-121.137
0
LINE
8
BLACK
6
CONTINUOUS
10
122.737
20
-121.137
11
122.737
21
-121.438
0
LINE
8
BLACK
6
CONTINUOUS
10
122.737
20
-121.438
11
122.726
21
-121.495
0
LINE
8
BLACK
6
CONTINUOUS
10
122.726
20
-121.495
11
122.694
21
-121.544
0
LINE
8
BLACK
6
CONTINUOUS
10
122.694
20
-121.544
11
122.645
21
-121.576
0
LINE
8
BLACK
6
CONTINUOUS
10
122.645
20
-121.576
11
122.587
21
-121.587
0
LINE
8
BLACK
6
CONTINUOUS
10
122.587
20
-121.587
11
121.562
21
-121.587
0
LINE
8
BLACK
6
CONTINUOUS
10
121.562
20
-121.587
11
121.505
21
-121.576
0
LINE
8
BLACK
6
CONTINUOUS
10
121.505
20
-121.576
11
121.456
21
-121.544
0
LINE
8
BLACK
6
CONTINUOUS
10
121.456
20
-121.544
11
121.424
21
-121.495
0
LINE
8
BLACK
6
CONTINUOUS
10
121.424
20
-121.495
11
121.412
21
-121.438
0
LINE
8
BLACK
6
CONTINUOUS
10
121.412
20
-121.438
11
121.412
21
-121.137
0
LINE
8
BLACK
6
CONTINUOUS
10
121.412
20
-121.137
11
121.424
21
-121.08
0
LINE
8
BLACK
6
CONTINUOUS
10
121.424
20
-121.08
11
121.456
21
-121.031
0
LINE
8
BLACK
6
CONTINUOUS
10
121.456
20
-121.031
11
121.505
21
-120.999
0
LINE
8
BLACK
6
CONTINUOUS
10
121.505
20
-120.999
11
121.562
21
-120.987
0
LINE
8
BLACK
6
CONTINUOUS
10
121.562
20
-120.987
11
122.587
21
-120.987
0
LINE
8
BLACK
6
CONTINUOUS
10
122.587
20
-120.987
11
122.645
21
-120.999
0
LINE
8
BLACK
6
CONTINUOUS
10
177.756
20
-120.642
11
177.829
21
-120.691
0
LINE
8
BLACK
6
CONTINUOUS
10
177.829
20
-120.691
11
177.878
21
-120.764
0
LINE
8
BLACK
6
CONTINUOUS
10
177.878
20
-120.764
11
177.895
21
-120.85
0
LINE
8
BLACK
6
CONTINUOUS
10
177.895
20
-120.85
11
177.895
21
-121.35
0
LINE
8
BLACK
6
CONTINUOUS
10
177.895
20
-121.35
11
177.878
21
-121.436
0
LINE
8
BLACK
6
CONTINUOUS
10
177.878
20
-121.436
11
177.829
21
-121.509
0
LINE
8
BLACK
6
CONTINUOUS
10
177.829
20
-121.509
11
177.756
21
-121.558
0
LINE
8
BLACK
6
CONTINUOUS
10
177.756
20
-121.558
11
177.67
21
-121.575
0
LINE
8
BLACK
6
CONTINUOUS
10
177.67
20
-121.575
11
177.22
21
-121.575
0
LINE
8
BLACK
6
CONTINUOUS
10
177.22
20
-121.575
11
177.134
21
-121.558
0
LINE
8
BLACK
6
CONTINUOUS
10
177.134
20
-121.558
11
177.061
21
-121.509
0
LINE
8
BLACK
6
CONTINUOUS
10
177.061
20
-121.509
11
177.012
21
-121.436
0
LINE
8
BLACK
6
CONTINUOUS
10
177.012
20
-121.436
11
176.995
21
-121.35
0
LINE
8
BLACK
6
CONTINUOUS
10
176.995
20
-121.35
11
176.995
21
-120.85
0
LINE
8
BLACK
6
CONTINUOUS
10
176.995
20
-120.85
11
177.012
21
-120.764
0
LINE
8
BLACK
6
CONTINUOUS
10
177.012
20
-120.764
11
177.061
21
-120.691
0
LINE
8
BLACK
6
CONTINUOUS
10
177.061
20
-120.691
11
177.134
21
-120.642
0
LINE
8
BLACK
6
CONTINUOUS
10
177.134
20
-120.642
11
177.22
21
-120.625
0
LINE
8
BLACK
6
CONTINUOUS
10
177.22
20
-120.625
11
177.67
21
-120.625
0
LINE
8
BLACK
6
CONTINUOUS
10
177.67
20
-120.625
11
177.756
21
-120.642
0
LINE
8
BLACK
6
CONTINUOUS
10
179.306
20
-120.642
11
179.379
21
-120.691
0
LINE
8
BLACK
6
CONTINUOUS
10
179.379
20
-120.691
11
179.428
21
-120.764
0
LINE
8
BLACK
6
CONTINUOUS
10
179.428
20
-120.764
11
179.445
21
-120.85
0
LINE
8
BLACK
6
CONTINUOUS
10
179.445
20
-120.85
11
179.445
21
-121.35
0
LINE
8
BLACK
6
CONTINUOUS
10
179.445
20
-121.35
11
179.428
21
-121.436
0
LINE
8
BLACK
6
CONTINUOUS
10
179.428
20
-121.436
11
179.379
21
-121.509
0
LINE
8
BLACK
6
CONTINUOUS
10
179.379
20
-121.509
11
179.306
21
-121.558
0
LINE
8
BLACK
6
CONTINUOUS
10
179.306
20
-121.558
11
179.22
21
-121.575
0
LINE
8
BLACK
6
CONTINUOUS
10
179.22
20
-121.575
11
178.77
21
-121.575
0
LINE
8
BLACK
6
CONTINUOUS
10
178.77
20
-121.575
11
178.684
21
-121.558
0
LINE
8
BLACK
6
CONTINUOUS
10
178.684
20
-121.558
11
178.611
21
-121.509
0
LINE
8
BLACK
6
CONTINUOUS
10
178.611
20
-121.509
11
178.562
21
-121.436
0
LINE
8
BLACK
6
CONTINUOUS
10
178.562
20
-121.436
11
178.545
21
-121.35
0
LINE
8
BLACK
6
CONTINUOUS
10
178.545
20
-121.35
11
178.545
21
-120.85
0
LINE
8
BLACK
6
CONTINUOUS
10
178.545
20
-120.85
11
178.562
21
-120.764
0
LINE
8
BLACK
6
CONTINUOUS
10
178.562
20
-120.764
11
178.611
21
-120.691
0
LINE
8
BLACK
6
CONTINUOUS
10
178.611
20
-120.691
11
178.684
21
-120.642
0
LINE
8
BLACK
6
CONTINUOUS
10
178.684
20
-120.642
11
178.77
21
-120.625
0
LINE
8
BLACK
6
CONTINUOUS
10
178.77
20
-120.625
11
179.22
21
-120.625
0
LINE
8
BLACK
6
CONTINUOUS
10
179.22
20
-120.625
11
179.306
21
-120.642
0
LINE
8
BLACK
6
CONTINUOUS
10
152.663
20
-121.504
11
151.368
21
-121.504
0
LINE
8
BLACK
6
CONTINUOUS
10
151.368
20
-121.504
11
151.368
21
-120.996
0
LINE
8
BLACK
6
CONTINUOUS
10
151.368
20
-120.996
11
152.663
21
-120.996
0
LINE
8
BLACK
6
CONTINUOUS
10
152.663
20
-120.996
11
152.663
21
-121.504
0
LINE
8
BLACK
6
CONTINUOUS
10
176.132
20
-121.504
11
174.837
21
-121.504
0
LINE
8
BLACK
6
CONTINUOUS
10
174.837
20
-121.504
11
174.837
21
-120.996
0
LINE
8
BLACK
6
CONTINUOUS
10
174.837
20
-120.996
11
176.132
21
-120.996
0
LINE
8
BLACK
6
CONTINUOUS
10
176.132
20
-120.996
11
176.132
21
-121.504
0
LINE
8
BLACK
6
CONTINUOUS
10
131.545
20
-121.39
11
130.045
21
-121.39
0
LINE
8
BLACK
6
CONTINUOUS
10
130.045
20
-121.39
11
130.045
21
-117.79
0
LINE
8
BLACK
6
CONTINUOUS
10
130.045
20
-117.79
11
131.545
21
-117.79
0
LINE
8
BLACK
6
CONTINUOUS
10
131.545
20
-117.79
11
131.545
21
-121.39
0
LINE
8
BLACK
6
CONTINUOUS
10
134.595
20
-121.39
11
133.095
21
-121.39
0
LINE
8
BLACK
6
CONTINUOUS
10
133.095
20
-121.39
11
133.095
21
-117.79
0
LINE
8
BLACK
6
CONTINUOUS
10
133.095
20
-117.79
11
134.595
21
-117.79
0
LINE
8
BLACK
6
CONTINUOUS
10
134.595
20
-117.79
11
134.595
21
-121.39
0
LINE
8
BLACK
6
CONTINUOUS
10
146.239
20
-120.296
11
146.287
21
-120.328
0
LINE
8
BLACK
6
CONTINUOUS
10
146.287
20
-120.328
11
146.319
21
-120.376
0
LINE
8
BLACK
6
CONTINUOUS
10
146.319
20
-120.376
11
146.33
21
-120.432
0
LINE
8
BLACK
6
CONTINUOUS
10
146.33
20
-120.432
11
146.33
21
-120.727
0
LINE
8
BLACK
6
CONTINUOUS
10
146.33
20
-120.727
11
146.319
21
-120.784
0
LINE
8
BLACK
6
CONTINUOUS
10
146.319
20
-120.784
11
146.287
21
-120.832
0
LINE
8
BLACK
6
CONTINUOUS
10
146.287
20
-120.832
11
146.239
21
-120.864
0
LINE
8
BLACK
6
CONTINUOUS
10
146.239
20
-120.864
11
146.183
21
-120.875
0
LINE
8
BLACK
6
CONTINUOUS
10
146.183
20
-120.875
11
145.838
21
-120.875
0
LINE
8
BLACK
6
CONTINUOUS
10
145.838
20
-120.875
11
145.781
21
-120.864
0
LINE
8
BLACK
6
CONTINUOUS
10
145.781
20
-120.864
11
145.733
21
-120.832
0
LINE
8
BLACK
6
CONTINUOUS
10
145.733
20
-120.832
11
145.701
21
-120.784
0
LINE
8
BLACK
6
CONTINUOUS
10
145.701
20
-120.784
11
145.69
21
-120.727
0
LINE
8
BLACK
6
CONTINUOUS
10
145.69
20
-120.727
11
145.69
21
-120.432
0
LINE
8
BLACK
6
CONTINUOUS
10
145.69
20
-120.432
11
145.701
21
-120.376
0
LINE
8
BLACK
6
CONTINUOUS
10
145.701
20
-120.376
11
145.733
21
-120.328
0
LINE
8
BLACK
6
CONTINUOUS
10
145.733
20
-120.328
11
145.781
21
-120.296
0
LINE
8
BLACK
6
CONTINUOUS
10
145.781
20
-120.296
11
145.838
21
-120.285
0
LINE
8
BLACK
6
CONTINUOUS
10
145.838
20
-120.285
11
146.183
21
-120.285
0
LINE
8
BLACK
6
CONTINUOUS
10
146.183
20
-120.285
11
146.239
21
-120.296
0
LINE
8
BLACK
6
CONTINUOUS
10
107.274
20
-119.22
11
107.443
21
-119.279
0
LINE
8
BLACK
6
CONTINUOUS
10
107.443
20
-119.279
11
107.594
21
-119.374
0
LINE
8
BLACK
6
CONTINUOUS
10
107.594
20
-119.374
11
107.721
21
-119.501
0
LINE
8
BLACK
6
CONTINUOUS
10
107.721
20
-119.501
11
107.816
21
-119.653
0
LINE
8
BLACK
6
CONTINUOUS
10
107.816
20
-119.653
11
107.876
21
-119.822
0
LINE
8
BLACK
6
CONTINUOUS
10
107.876
20
-119.822
11
107.896
21
-120
0
LINE
8
BLACK
6
CONTINUOUS
10
107.896
20
-120
11
107.876
21
-120.178
0
LINE
8
BLACK
6
CONTINUOUS
10
107.876
20
-120.178
11
107.816
21
-120.347
0
LINE
8
BLACK
6
CONTINUOUS
10
107.816
20
-120.347
11
107.721
21
-120.499
0
LINE
8
BLACK
6
CONTINUOUS
10
107.721
20
-120.499
11
107.594
21
-120.626
0
LINE
8
BLACK
6
CONTINUOUS
10
107.594
20
-120.626
11
107.443
21
-120.721
0
LINE
8
BLACK
6
CONTINUOUS
10
107.443
20
-120.721
11
107.274
21
-120.78
0
LINE
8
BLACK
6
CONTINUOUS
10
107.274
20
-120.78
11
107.096
21
-120.8
0
LINE
8
BLACK
6
CONTINUOUS
10
107.096
20
-120.8
11
106.918
21
-120.78
0
LINE
8
BLACK
6
CONTINUOUS
10
106.918
20
-120.78
11
106.748
21
-120.721
0
LINE
8
BLACK
6
CONTINUOUS
10
106.748
20
-120.721
11
106.597
21
-120.626
0
LINE
8
BLACK
6
CONTINUOUS
10
106.597
20
-120.626
11
106.47
21
-120.499
0
LINE
8
BLACK
6
CONTINUOUS
10
106.47
20
-120.499
11
106.375
21
-120.347
0
LINE
8
BLACK
6
CONTINUOUS
10
106.375
20
-120.347
11
106.316
21
-120.178
0
LINE
8
BLACK
6
CONTINUOUS
10
106.316
20
-120.178
11
106.295
21
-120
0
LINE
8
BLACK
6
CONTINUOUS
10
106.295
20
-120
11
106.316
21
-119.822
0
LINE
8
BLACK
6
CONTINUOUS
10
106.316
20
-119.822
11
106.375
21
-119.653
0
LINE
8
BLACK
6
CONTINUOUS
10
106.375
20
-119.653
11
106.47
21
-119.501
0
LINE
8
BLACK
6
CONTINUOUS
10
106.47
20
-119.501
11
106.597
21
-119.374
0
LINE
8
BLACK
6
CONTINUOUS
10
106.597
20
-119.374
11
106.748
21
-119.279
0
LINE
8
BLACK
6
CONTINUOUS
10
106.748
20
-119.279
11
106.918
21
-119.22
0
LINE
8
BLACK
6
CONTINUOUS
10
106.918
20
-119.22
11
107.096
21
-119.2
0
LINE
8
BLACK
6
CONTINUOUS
10
107.096
20
-119.2
11
107.274
21
-119.22
0
LINE
8
BLACK
6
CONTINUOUS
10
110.274
20
-119.22
11
110.443
21
-119.279
0
LINE
8
BLACK
6
CONTINUOUS
10
110.443
20
-119.279
11
110.594
21
-119.374
0
LINE
8
BLACK
6
CONTINUOUS
10
110.594
20
-119.374
11
110.721
21
-119.501
0
LINE
8
BLACK
6
CONTINUOUS
10
110.721
20
-119.501
11
110.816
21
-119.653
0
LINE
8
BLACK
6
CONTINUOUS
10
110.816
20
-119.653
11
110.876
21
-119.822
0
LINE
8
BLACK
6
CONTINUOUS
10
110.876
20
-119.822
11
110.896
21
-120
0
LINE
8
BLACK
6
CONTINUOUS
10
110.896
20
-120
11
110.876
21
-120.178
0
LINE
8
BLACK
6
CONTINUOUS
10
110.876
20
-120.178
11
110.816
21
-120.347
0
LINE
8
BLACK
6
CONTINUOUS
10
110.816
20
-120.347
11
110.721
21
-120.499
0
LINE
8
BLACK
6
CONTINUOUS
10
110.721
20
-120.499
11
110.594
21
-120.626
0
LINE
8
BLACK
6
CONTINUOUS
10
110.594
20
-120.626
11
110.443
21
-120.721
0
LINE
8
BLACK
6
CONTINUOUS
10
110.443
20
-120.721
11
110.274
21
-120.78
0
LINE
8
BLACK
6
CONTINUOUS
10
110.274
20
-120.78
11
110.096
21
-120.8
0
LINE
8
BLACK
6
CONTINUOUS
10
110.096
20
-120.8
11
109.918
21
-120.78
0
LINE
8
BLACK
6
CONTINUOUS
10
109.918
20
-120.78
11
109.748
21
-120.721
0
LINE
8
BLACK
6
CONTINUOUS
10
109.748
20
-120.721
11
109.597
21
-120.626
0
LINE
8
BLACK
6
CONTINUOUS
10
109.597
20
-120.626
11
109.47
21
-120.499
0
LINE
8
BLACK
6
CONTINUOUS
10
109.47
20
-120.499
11
109.375
21
-120.347
0
LINE
8
BLACK
6
CONTINUOUS
10
109.375
20
-120.347
11
109.316
21
-120.178
0
LINE
8
BLACK
6
CONTINUOUS
10
109.316
20
-120.178
11
109.295
21
-120
0
LINE
8
BLACK
6
CONTINUOUS
10
109.295
20
-120
11
109.316
21
-119.822
0
LINE
8
BLACK
6
CONTINUOUS
10
109.316
20
-119.822
11
109.375
21
-119.653
0
LINE
8
BLACK
6
CONTINUOUS
10
109.375
20
-119.653
11
109.47
21
-119.501
0
LINE
8
BLACK
6
CONTINUOUS
10
109.47
20
-119.501
11
109.597
21
-119.374
0
LINE
8
BLACK
6
CONTINUOUS
10
109.597
20
-119.374
11
109.748
21
-119.279
0
LINE
8
BLACK
6
CONTINUOUS
10
109.748
20
-119.279
11
109.918
21
-119.22
0
LINE
8
BLACK
6
CONTINUOUS
10
109.918
20
-119.22
11
110.096
21
-119.2
0
LINE
8
BLACK
6
CONTINUOUS
10
110.096
20
-119.2
11
110.274
21
-119.22
0
LINE
8
BLACK
6
CONTINUOUS
10
122.645
20
-120.049
11
122.694
21
-120.081
0
LINE
8
BLACK
6
CONTINUOUS
10
122.694
20
-120.081
11
122.726
21
-120.13
0
LINE
8
BLACK
6
CONTINUOUS
10
122.726
20
-120.13
11
122.737
21
-120.188
0
LINE
8
BLACK
6
CONTINUOUS
10
122.737
20
-120.188
11
122.737
21
-120.487
0
LINE
8
BLACK
6
CONTINUOUS
10
122.737
20
-120.487
11
122.726
21
-120.545
0
LINE
8
BLACK
6
CONTINUOUS
10
122.726
20
-120.545
11
122.694
21
-120.594
0
LINE
8
BLACK
6
CONTINUOUS
10
122.694
20
-120.594
11
122.645
21
-120.626
0
LINE
8
BLACK
6
CONTINUOUS
10
122.645
20
-120.626
11
122.587
21
-120.637
0
LINE
8
BLACK
6
CONTINUOUS
10
122.587
20
-120.637
11
121.562
21
-120.637
0
LINE
8
BLACK
6
CONTINUOUS
10
121.562
20
-120.637
11
121.505
21
-120.626
0
LINE
8
BLACK
6
CONTINUOUS
10
121.505
20
-120.626
11
121.456
21
-120.594
0
LINE
8
BLACK
6
CONTINUOUS
10
121.456
20
-120.594
11
121.424
21
-120.545
0
LINE
8
BLACK
6
CONTINUOUS
10
121.424
20
-120.545
11
121.412
21
-120.487
0
LINE
8
BLACK
6
CONTINUOUS
10
121.412
20
-120.487
11
121.412
21
-120.188
0
LINE
8
BLACK
6
CONTINUOUS
10
121.412
20
-120.188
11
121.424
21
-120.13
0
LINE
8
BLACK
6
CONTINUOUS
10
121.424
20
-120.13
11
121.456
21
-120.081
0
LINE
8
BLACK
6
CONTINUOUS
10
121.456
20
-120.081
11
121.505
21
-120.049
0
LINE
8
BLACK
6
CONTINUOUS
10
121.505
20
-120.049
11
121.562
21
-120.037
0
LINE
8
BLACK
6
CONTINUOUS
10
121.562
20
-120.037
11
122.587
21
-120.037
0
LINE
8
BLACK
6
CONTINUOUS
10
122.587
20
-120.037
11
122.645
21
-120.049
0
LINE
8
BLACK
6
CONTINUOUS
10
152.663
20
-120.504
11
151.368
21
-120.504
0
LINE
8
BLACK
6
CONTINUOUS
10
151.368
20
-120.504
11
151.368
21
-119.996
0
LINE
8
BLACK
6
CONTINUOUS
10
151.368
20
-119.996
11
152.663
21
-119.996
0
LINE
8
BLACK
6
CONTINUOUS
10
152.663
20
-119.996
11
152.663
21
-120.504
0
LINE
8
BLACK
6
CONTINUOUS
10
176.132
20
-120.504
11
174.837
21
-120.504
0
LINE
8
BLACK
6
CONTINUOUS
10
174.837
20
-120.504
11
174.837
21
-119.996
0
LINE
8
BLACK
6
CONTINUOUS
10
174.837
20
-119.996
11
176.132
21
-119.996
0
LINE
8
BLACK
6
CONTINUOUS
10
176.132
20
-119.996
11
176.132
21
-120.504
0
LINE
8
BLACK
6
CONTINUOUS
10
136.996
20
-119.489
11
137.077
21
-119.543
0
LINE
8
BLACK
6
CONTINUOUS
10
137.077
20
-119.543
11
137.131
21
-119.624
0
LINE
8
BLACK
6
CONTINUOUS
10
137.131
20
-119.624
11
137.15
21
-119.72
0
LINE
8
BLACK
6
CONTINUOUS
10
137.15
20
-119.72
11
137.15
21
-120.22
0
LINE
8
BLACK
6
CONTINUOUS
10
137.15
20
-120.22
11
137.131
21
-120.316
0
LINE
8
BLACK
6
CONTINUOUS
10
137.131
20
-120.316
11
137.077
21
-120.397
0
LINE
8
BLACK
6
CONTINUOUS
10
137.077
20
-120.397
11
136.996
21
-120.451
0
LINE
8
BLACK
6
CONTINUOUS
10
136.996
20
-120.451
11
136.9
21
-120.47
0
LINE
8
BLACK
6
CONTINUOUS
10
136.9
20
-120.47
11
135.95
21
-120.47
0
LINE
8
BLACK
6
CONTINUOUS
10
135.95
20
-120.47
11
135.854
21
-120.451
0
LINE
8
BLACK
6
CONTINUOUS
10
135.854
20
-120.451
11
135.773
21
-120.397
0
LINE
8
BLACK
6
CONTINUOUS
10
135.773
20
-120.397
11
135.719
21
-120.316
0
LINE
8
BLACK
6
CONTINUOUS
10
135.719
20
-120.316
11
135.7
21
-120.22
0
LINE
8
BLACK
6
CONTINUOUS
10
135.7
20
-120.22
11
135.7
21
-119.72
0
LINE
8
BLACK
6
CONTINUOUS
10
135.7
20
-119.72
11
135.719
21
-119.624
0
LINE
8
BLACK
6
CONTINUOUS
10
135.719
20
-119.624
11
135.773
21
-119.543
0
LINE
8
BLACK
6
CONTINUOUS
10
135.773
20
-119.543
11
135.854
21
-119.489
0
LINE
8
BLACK
6
CONTINUOUS
10
135.854
20
-119.489
11
135.95
21
-119.47
0
LINE
8
BLACK
6
CONTINUOUS
10
135.95
20
-119.47
11
136.9
21
-119.47
0
LINE
8
BLACK
6
CONTINUOUS
10
136.9
20
-119.47
11
136.996
21
-119.489
0
LINE
8
BLACK
6
CONTINUOUS
10
139.071
20
-119.489
11
139.152
21
-119.543
0
LINE
8
BLACK
6
CONTINUOUS
10
139.152
20
-119.543
11
139.206
21
-119.624
0
LINE
8
BLACK
6
CONTINUOUS
10
139.206
20
-119.624
11
139.225
21
-119.72
0
LINE
8
BLACK
6
CONTINUOUS
10
139.225
20
-119.72
11
139.225
21
-120.22
0
LINE
8
BLACK
6
CONTINUOUS
10
139.225
20
-120.22
11
139.206
21
-120.316
0
LINE
8
BLACK
6
CONTINUOUS
10
139.206
20
-120.316
11
139.152
21
-120.397
0
LINE
8
BLACK
6
CONTINUOUS
10
139.152
20
-120.397
11
139.071
21
-120.451
0
LINE
8
BLACK
6
CONTINUOUS
10
139.071
20
-120.451
11
138.975
21
-120.47
0
LINE
8
BLACK
6
CONTINUOUS
10
138.975
20
-120.47
11
138.025
21
-120.47
0
LINE
8
BLACK
6
CONTINUOUS
10
138.025
20
-120.47
11
137.929
21
-120.451
0
LINE
8
BLACK
6
CONTINUOUS
10
137.929
20
-120.451
11
137.848
21
-120.397
0
LINE
8
BLACK
6
CONTINUOUS
10
137.848
20
-120.397
11
137.794
21
-120.316
0
LINE
8
BLACK
6
CONTINUOUS
10
137.794
20
-120.316
11
137.775
21
-120.22
0
LINE
8
BLACK
6
CONTINUOUS
10
137.775
20
-120.22
11
137.775
21
-119.72
0
LINE
8
BLACK
6
CONTINUOUS
10
137.775
20
-119.72
11
137.794
21
-119.624
0
LINE
8
BLACK
6
CONTINUOUS
10
137.794
20
-119.624
11
137.848
21
-119.543
0
LINE
8
BLACK
6
CONTINUOUS
10
137.848
20
-119.543
11
137.929
21
-119.489
0
LINE
8
BLACK
6
CONTINUOUS
10
137.929
20
-119.489
11
138.025
21
-119.47
0
LINE
8
BLACK
6
CONTINUOUS
10
138.025
20
-119.47
11
138.975
21
-119.47
0
LINE
8
BLACK
6
CONTINUOUS
10
138.975
20
-119.47
11
139.071
21
-119.489
0
LINE
8
BLACK
6
CONTINUOUS
10
146.239
20
-119.326
11
146.287
21
-119.358
0
LINE
8
BLACK
6
CONTINUOUS
10
146.287
20
-119.358
11
146.319
21
-119.406
0
LINE
8
BLACK
6
CONTINUOUS
10
146.319
20
-119.406
11
146.33
21
-119.462
0
LINE
8
BLACK
6
CONTINUOUS
10
146.33
20
-119.462
11
146.33
21
-119.757
0
LINE
8
BLACK
6
CONTINUOUS
10
146.33
20
-119.757
11
146.319
21
-119.814
0
LINE
8
BLACK
6
CONTINUOUS
10
146.319
20
-119.814
11
146.287
21
-119.862
0
LINE
8
BLACK
6
CONTINUOUS
10
146.287
20
-119.862
11
146.239
21
-119.894
0
LINE
8
BLACK
6
CONTINUOUS
10
146.239
20
-119.894
11
146.183
21
-119.905
0
LINE
8
BLACK
6
CONTINUOUS
10
146.183
20
-119.905
11
145.838
21
-119.905
0
LINE
8
BLACK
6
CONTINUOUS
10
145.838
20
-119.905
11
145.781
21
-119.894
0
LINE
8
BLACK
6
CONTINUOUS
10
145.781
20
-119.894
11
145.733
21
-119.862
0
LINE
8
BLACK
6
CONTINUOUS
10
145.733
20
-119.862
11
145.701
21
-119.814
0
LINE
8
BLACK
6
CONTINUOUS
10
145.701
20
-119.814
11
145.69
21
-119.757
0
LINE
8
BLACK
6
CONTINUOUS
10
145.69
20
-119.757
11
145.69
21
-119.462
0
LINE
8
BLACK
6
CONTINUOUS
10
145.69
20
-119.462
11
145.701
21
-119.406
0
LINE
8
BLACK
6
CONTINUOUS
10
145.701
20
-119.406
11
145.733
21
-119.358
0
LINE
8
BLACK
6
CONTINUOUS
10
145.733
20
-119.358
11
145.781
21
-119.326
0
LINE
8
BLACK
6
CONTINUOUS
10
145.781
20
-119.326
11
145.838
21
-119.315
0
LINE
8
BLACK
6
CONTINUOUS
10
145.838
20
-119.315
11
146.183
21
-119.315
0
LINE
8
BLACK
6
CONTINUOUS
10
146.183
20
-119.315
11
146.239
21
-119.326
0
LINE
8
BLACK
6
CONTINUOUS
10
124.808
20
-118.907
11
124.889
21
-118.961
0
LINE
8
BLACK
6
CONTINUOUS
10
124.889
20
-118.961
11
124.943
21
-119.042
0
LINE
8
BLACK
6
CONTINUOUS
10
124.943
20
-119.042
11
124.962
21
-119.137
0
LINE
8
BLACK
6
CONTINUOUS
10
124.962
20
-119.137
11
124.962
21
-119.637
0
LINE
8
BLACK
6
CONTINUOUS
10
124.962
20
-119.637
11
124.943
21
-119.733
0
LINE
8
BLACK
6
CONTINUOUS
10
124.943
20
-119.733
11
124.889
21
-119.814
0
LINE
8
BLACK
6
CONTINUOUS
10
124.889
20
-119.814
11
124.808
21
-119.868
0
LINE
8
BLACK
6
CONTINUOUS
10
124.808
20
-119.868
11
124.712
21
-119.887
0
LINE
8
BLACK
6
CONTINUOUS
10
124.712
20
-119.887
11
123.762
21
-119.887
0
LINE
8
BLACK
6
CONTINUOUS
10
123.762
20
-119.887
11
123.667
21
-119.868
0
LINE
8
BLACK
6
CONTINUOUS
10
123.667
20
-119.868
11
123.586
21
-119.814
0
LINE
8
BLACK
6
CONTINUOUS
10
123.586
20
-119.814
11
123.532
21
-119.733
0
LINE
8
BLACK
6
CONTINUOUS
10
123.532
20
-119.733
11
123.512
21
-119.637
0
LINE
8
BLACK
6
CONTINUOUS
10
123.512
20
-119.637
11
123.512
21
-119.137
0
LINE
8
BLACK
6
CONTINUOUS
10
123.512
20
-119.137
11
123.532
21
-119.042
0
LINE
8
BLACK
6
CONTINUOUS
10
123.532
20
-119.042
11
123.586
21
-118.961
0
LINE
8
BLACK
6
CONTINUOUS
10
123.586
20
-118.961
11
123.667
21
-118.907
0
LINE
8
BLACK
6
CONTINUOUS
10
123.667
20
-118.907
11
123.762
21
-118.887
0
LINE
8
BLACK
6
CONTINUOUS
10
123.762
20
-118.887
11
124.712
21
-118.887
0
LINE
8
BLACK
6
CONTINUOUS
10
124.712
20
-118.887
11
124.808
21
-118.907
0
LINE
8
BLACK
6
CONTINUOUS
10
177.934
20
-119.231
11
177.979
21
-119.261
0
LINE
8
BLACK
6
CONTINUOUS
10
177.979
20
-119.261
11
178.009
21
-119.306
0
LINE
8
BLACK
6
CONTINUOUS
10
178.009
20
-119.306
11
178.02
21
-119.36
0
LINE
8
BLACK
6
CONTINUOUS
10
178.02
20
-119.36
11
178.02
21
-119.7
0
LINE
8
BLACK
6
CONTINUOUS
10
178.02
20
-119.7
11
178.009
21
-119.754
0
LINE
8
BLACK
6
CONTINUOUS
10
178.009
20
-119.754
11
177.979
21
-119.799
0
LINE
8
BLACK
6
CONTINUOUS
10
177.979
20
-119.799
11
177.934
21
-119.829
0
LINE
8
BLACK
6
CONTINUOUS
10
177.934
20
-119.829
11
177.88
21
-119.84
0
LINE
8
BLACK
6
CONTINUOUS
10
177.88
20
-119.84
11
177.6
21
-119.84
0
LINE
8
BLACK
6
CONTINUOUS
10
177.6
20
-119.84
11
177.546
21
-119.829
0
LINE
8
BLACK
6
CONTINUOUS
10
177.546
20
-119.829
11
177.501
21
-119.799
0
LINE
8
BLACK
6
CONTINUOUS
10
177.501
20
-119.799
11
177.471
21
-119.754
0
LINE
8
BLACK
6
CONTINUOUS
10
177.471
20
-119.754
11
177.46
21
-119.7
0
LINE
8
BLACK
6
CONTINUOUS
10
177.46
20
-119.7
11
177.46
21
-119.36
0
LINE
8
BLACK
6
CONTINUOUS
10
177.46
20
-119.36
11
177.471
21
-119.306
0
LINE
8
BLACK
6
CONTINUOUS
10
177.471
20
-119.306
11
177.501
21
-119.261
0
LINE
8
BLACK
6
CONTINUOUS
10
177.501
20
-119.261
11
177.546
21
-119.231
0
LINE
8
BLACK
6
CONTINUOUS
10
177.546
20
-119.231
11
177.6
21
-119.22
0
LINE
8
BLACK
6
CONTINUOUS
10
177.6
20
-119.22
11
177.88
21
-119.22
0
LINE
8
BLACK
6
CONTINUOUS
10
177.88
20
-119.22
11
177.934
21
-119.231
0
LINE
8
BLACK
6
CONTINUOUS
10
178.894
20
-119.231
11
178.939
21
-119.261
0
LINE
8
BLACK
6
CONTINUOUS
10
178.939
20
-119.261
11
178.969
21
-119.306
0
LINE
8
BLACK
6
CONTINUOUS
10
178.969
20
-119.306
11
178.98
21
-119.36
0
LINE
8
BLACK
6
CONTINUOUS
10
178.98
20
-119.36
11
178.98
21
-119.7
0
LINE
8
BLACK
6
CONTINUOUS
10
178.98
20
-119.7
11
178.969
21
-119.754
0
LINE
8
BLACK
6
CONTINUOUS
10
178.969
20
-119.754
11
178.939
21
-119.799
0
LINE
8
BLACK
6
CONTINUOUS
10
178.939
20
-119.799
11
178.894
21
-119.829
0
LINE
8
BLACK
6
CONTINUOUS
10
178.894
20
-119.829
11
178.84
21
-119.84
0
LINE
8
BLACK
6
CONTINUOUS
10
178.84
20
-119.84
11
178.56
21
-119.84
0
LINE
8
BLACK
6
CONTINUOUS
10
178.56
20
-119.84
11
178.506
21
-119.829
0
LINE
8
BLACK
6
CONTINUOUS
10
178.506
20
-119.829
11
178.461
21
-119.799
0
LINE
8
BLACK
6
CONTINUOUS
10
178.461
20
-119.799
11
178.431
21
-119.754
0
LINE
8
BLACK
6
CONTINUOUS
10
178.431
20
-119.754
11
178.42
21
-119.7
0
LINE
8
BLACK
6
CONTINUOUS
10
178.42
20
-119.7
11
178.42
21
-119.36
0
LINE
8
BLACK
6
CONTINUOUS
10
178.42
20
-119.36
11
178.431
21
-119.306
0
LINE
8
BLACK
6
CONTINUOUS
10
178.431
20
-119.306
11
178.461
21
-119.261
0
LINE
8
BLACK
6
CONTINUOUS
10
178.461
20
-119.261
11
178.506
21
-119.231
0
LINE
8
BLACK
6
CONTINUOUS
10
178.506
20
-119.231
11
178.56
21
-119.22
0
LINE
8
BLACK
6
CONTINUOUS
10
178.56
20
-119.22
11
178.84
21
-119.22
0
LINE
8
BLACK
6
CONTINUOUS
10
178.84
20
-119.22
11
178.894
21
-119.231
0
LINE
8
BLACK
6
CONTINUOUS
10
120.37
20
-119.099
11
120.419
21
-119.131
0
LINE
8
BLACK
6
CONTINUOUS
10
120.419
20
-119.131
11
120.451
21
-119.18
0
LINE
8
BLACK
6
CONTINUOUS
10
120.451
20
-119.18
11
120.462
21
-119.237
0
LINE
8
BLACK
6
CONTINUOUS
10
120.462
20
-119.237
11
120.462
21
-119.537
0
LINE
8
BLACK
6
CONTINUOUS
10
120.462
20
-119.537
11
120.451
21
-119.595
0
LINE
8
BLACK
6
CONTINUOUS
10
120.451
20
-119.595
11
120.419
21
-119.644
0
LINE
8
BLACK
6
CONTINUOUS
10
120.419
20
-119.644
11
120.37
21
-119.676
0
LINE
8
BLACK
6
CONTINUOUS
10
120.37
20
-119.676
11
120.312
21
-119.688
0
LINE
8
BLACK
6
CONTINUOUS
10
120.312
20
-119.688
11
119.287
21
-119.688
0
LINE
8
BLACK
6
CONTINUOUS
10
119.287
20
-119.688
11
119.23
21
-119.676
0
LINE
8
BLACK
6
CONTINUOUS
10
119.23
20
-119.676
11
119.181
21
-119.644
0
LINE
8
BLACK
6
CONTINUOUS
10
119.181
20
-119.644
11
119.149
21
-119.595
0
LINE
8
BLACK
6
CONTINUOUS
10
119.149
20
-119.595
11
119.137
21
-119.537
0
LINE
8
BLACK
6
CONTINUOUS
10
119.137
20
-119.537
11
119.137
21
-119.237
0
LINE
8
BLACK
6
CONTINUOUS
10
119.137
20
-119.237
11
119.149
21
-119.18
0
LINE
8
BLACK
6
CONTINUOUS
10
119.149
20
-119.18
11
119.181
21
-119.131
0
LINE
8
BLACK
6
CONTINUOUS
10
119.181
20
-119.131
11
119.23
21
-119.099
0
LINE
8
BLACK
6
CONTINUOUS
10
119.23
20
-119.099
11
119.287
21
-119.087
0
LINE
8
BLACK
6
CONTINUOUS
10
119.287
20
-119.087
11
120.312
21
-119.087
0
LINE
8
BLACK
6
CONTINUOUS
10
120.312
20
-119.087
11
120.37
21
-119.099
0
LINE
8
BLACK
6
CONTINUOUS
10
122.645
20
-119.099
11
122.694
21
-119.131
0
LINE
8
BLACK
6
CONTINUOUS
10
122.694
20
-119.131
11
122.726
21
-119.18
0
LINE
8
BLACK
6
CONTINUOUS
10
122.726
20
-119.18
11
122.737
21
-119.237
0
LINE
8
BLACK
6
CONTINUOUS
10
122.737
20
-119.237
11
122.737
21
-119.537
0
LINE
8
BLACK
6
CONTINUOUS
10
122.737
20
-119.537
11
122.726
21
-119.595
0
LINE
8
BLACK
6
CONTINUOUS
10
122.726
20
-119.595
11
122.694
21
-119.644
0
LINE
8
BLACK
6
CONTINUOUS
10
122.694
20
-119.644
11
122.645
21
-119.676
0
LINE
8
BLACK
6
CONTINUOUS
10
122.645
20
-119.676
11
122.587
21
-119.688
0
LINE
8
BLACK
6
CONTINUOUS
10
122.587
20
-119.688
11
121.562
21
-119.688
0
LINE
8
BLACK
6
CONTINUOUS
10
121.562
20
-119.688
11
121.505
21
-119.676
0
LINE
8
BLACK
6
CONTINUOUS
10
121.505
20
-119.676
11
121.456
21
-119.644
0
LINE
8
BLACK
6
CONTINUOUS
10
121.456
20
-119.644
11
121.424
21
-119.595
0
LINE
8
BLACK
6
CONTINUOUS
10
121.424
20
-119.595
11
121.412
21
-119.537
0
LINE
8
BLACK
6
CONTINUOUS
10
121.412
20
-119.537
11
121.412
21
-119.237
0
LINE
8
BLACK
6
CONTINUOUS
10
121.412
20
-119.237
11
121.424
21
-119.18
0
LINE
8
BLACK
6
CONTINUOUS
10
121.424
20
-119.18
11
121.456
21
-119.131
0
LINE
8
BLACK
6
CONTINUOUS
10
121.456
20
-119.131
11
121.505
21
-119.099
0
LINE
8
BLACK
6
CONTINUOUS
10
121.505
20
-119.099
11
121.562
21
-119.087
0
LINE
8
BLACK
6
CONTINUOUS
10
121.562
20
-119.087
11
122.587
21
-119.087
0
LINE
8
BLACK
6
CONTINUOUS
10
122.587
20
-119.087
11
122.645
21
-119.099
0
LINE
8
BLACK
6
CONTINUOUS
10
118.2
20
-119.637
11
115.5
21
-119.637
0
LINE
8
BLACK
6
CONTINUOUS
10
115.5
20
-119.637
11
115.5
21
-118.837
0
LINE
8
BLACK
6
CONTINUOUS
10
115.5
20
-118.837
11
118.2
21
-118.837
0
LINE
8
BLACK
6
CONTINUOUS
10
118.2
20
-118.837
11
118.2
21
-119.637
0
LINE
8
BLACK
6
CONTINUOUS
10
152.663
20
-119.504
11
151.368
21
-119.504
0
LINE
8
BLACK
6
CONTINUOUS
10
151.368
20
-119.504
11
151.368
21
-118.996
0
LINE
8
BLACK
6
CONTINUOUS
10
151.368
20
-118.996
11
152.663
21
-118.996
0
LINE
8
BLACK
6
CONTINUOUS
10
152.663
20
-118.996
11
152.663
21
-119.504
0
LINE
8
BLACK
6
CONTINUOUS
10
176.132
20
-119.504
11
174.837
21
-119.504
0
LINE
8
BLACK
6
CONTINUOUS
10
174.837
20
-119.504
11
174.837
21
-118.996
0
LINE
8
BLACK
6
CONTINUOUS
10
174.837
20
-118.996
11
176.132
21
-118.996
0
LINE
8
BLACK
6
CONTINUOUS
10
176.132
20
-118.996
11
176.132
21
-119.504
0
LINE
8
BLACK
6
CONTINUOUS
10
146.234
20
-118.281
11
146.279
21
-118.311
0
LINE
8
BLACK
6
CONTINUOUS
10
146.279
20
-118.311
11
146.309
21
-118.356
0
LINE
8
BLACK
6
CONTINUOUS
10
146.309
20
-118.356
11
146.32
21
-118.41
0
LINE
8
BLACK
6
CONTINUOUS
10
146.32
20
-118.41
11
146.32
21
-118.69
0
LINE
8
BLACK
6
CONTINUOUS
10
146.32
20
-118.69
11
146.309
21
-118.744
0
LINE
8
BLACK
6
CONTINUOUS
10
146.309
20
-118.744
11
146.279
21
-118.789
0
LINE
8
BLACK
6
CONTINUOUS
10
146.279
20
-118.789
11
146.234
21
-118.819
0
LINE
8
BLACK
6
CONTINUOUS
10
146.234
20
-118.819
11
146.18
21
-118.83
0
LINE
8
BLACK
6
CONTINUOUS
10
146.18
20
-118.83
11
145.84
21
-118.83
0
LINE
8
BLACK
6
CONTINUOUS
10
145.84
20
-118.83
11
145.786
21
-118.819
0
LINE
8
BLACK
6
CONTINUOUS
10
145.786
20
-118.819
11
145.741
21
-118.789
0
LINE
8
BLACK
6
CONTINUOUS
10
145.741
20
-118.789
11
145.711
21
-118.744
0
LINE
8
BLACK
6
CONTINUOUS
10
145.711
20
-118.744
11
145.7
21
-118.69
0
LINE
8
BLACK
6
CONTINUOUS
10
145.7
20
-118.69
11
145.7
21
-118.41
0
LINE
8
BLACK
6
CONTINUOUS
10
145.7
20
-118.41
11
145.711
21
-118.356
0
LINE
8
BLACK
6
CONTINUOUS
10
145.711
20
-118.356
11
145.741
21
-118.311
0
LINE
8
BLACK
6
CONTINUOUS
10
145.741
20
-118.311
11
145.786
21
-118.281
0
LINE
8
BLACK
6
CONTINUOUS
10
145.786
20
-118.281
11
145.84
21
-118.27
0
LINE
8
BLACK
6
CONTINUOUS
10
145.84
20
-118.27
11
146.18
21
-118.27
0
LINE
8
BLACK
6
CONTINUOUS
10
146.18
20
-118.27
11
146.234
21
-118.281
0
LINE
8
BLACK
6
CONTINUOUS
10
127.876
20
-117.769
11
127.957
21
-117.823
0
LINE
8
BLACK
6
CONTINUOUS
10
127.957
20
-117.823
11
128.011
21
-117.904
0
LINE
8
BLACK
6
CONTINUOUS
10
128.011
20
-117.904
11
128.03
21
-118
0
LINE
8
BLACK
6
CONTINUOUS
10
128.03
20
-118
11
128.03
21
-118.55
0
LINE
8
BLACK
6
CONTINUOUS
10
128.03
20
-118.55
11
128.011
21
-118.646
0
LINE
8
BLACK
6
CONTINUOUS
10
128.011
20
-118.646
11
127.957
21
-118.727
0
LINE
8
BLACK
6
CONTINUOUS
10
127.957
20
-118.727
11
127.876
21
-118.781
0
LINE
8
BLACK
6
CONTINUOUS
10
127.876
20
-118.781
11
127.78
21
-118.8
0
LINE
8
BLACK
6
CONTINUOUS
10
127.78
20
-118.8
11
126.38
21
-118.8
0
LINE
8
BLACK
6
CONTINUOUS
10
126.38
20
-118.8
11
126.284
21
-118.781
0
LINE
8
BLACK
6
CONTINUOUS
10
126.284
20
-118.781
11
126.203
21
-118.727
0
LINE
8
BLACK
6
CONTINUOUS
10
126.203
20
-118.727
11
126.149
21
-118.646
0
LINE
8
BLACK
6
CONTINUOUS
10
126.149
20
-118.646
11
126.13
21
-118.55
0
LINE
8
BLACK
6
CONTINUOUS
10
126.13
20
-118.55
11
126.13
21
-118
0
LINE
8
BLACK
6
CONTINUOUS
10
126.13
20
-118
11
126.149
21
-117.904
0
LINE
8
BLACK
6
CONTINUOUS
10
126.149
20
-117.904
11
126.203
21
-117.823
0
LINE
8
BLACK
6
CONTINUOUS
10
126.203
20
-117.823
11
126.284
21
-117.769
0
LINE
8
BLACK
6
CONTINUOUS
10
126.284
20
-117.769
11
126.38
21
-117.75
0
LINE
8
BLACK
6
CONTINUOUS
10
126.38
20
-117.75
11
127.78
21
-117.75
0
LINE
8
BLACK
6
CONTINUOUS
10
127.78
20
-117.75
11
127.876
21
-117.769
0
LINE
8
BLACK
6
CONTINUOUS
10
136.996
20
-117.589
11
137.077
21
-117.643
0
LINE
8
BLACK
6
CONTINUOUS
10
137.077
20
-117.643
11
137.131
21
-117.724
0
LINE
8
BLACK
6
CONTINUOUS
10
137.131
20
-117.724
11
137.15
21
-117.82
0
LINE
8
BLACK
6
CONTINUOUS
10
137.15
20
-117.82
11
137.15
21
-118.32
0
LINE
8
BLACK
6
CONTINUOUS
10
137.15
20
-118.32
11
137.131
21
-118.416
0
LINE
8
BLACK
6
CONTINUOUS
10
137.131
20
-118.416
11
137.077
21
-118.497
0
LINE
8
BLACK
6
CONTINUOUS
10
137.077
20
-118.497
11
136.996
21
-118.551
0
LINE
8
BLACK
6
CONTINUOUS
10
136.996
20
-118.551
11
136.9
21
-118.57
0
LINE
8
BLACK
6
CONTINUOUS
10
136.9
20
-118.57
11
135.95
21
-118.57
0
LINE
8
BLACK
6
CONTINUOUS
10
135.95
20
-118.57
11
135.854
21
-118.551
0
LINE
8
BLACK
6
CONTINUOUS
10
135.854
20
-118.551
11
135.773
21
-118.497
0
LINE
8
BLACK
6
CONTINUOUS
10
135.773
20
-118.497
11
135.719
21
-118.416
0
LINE
8
BLACK
6
CONTINUOUS
10
135.719
20
-118.416
11
135.7
21
-118.32
0
LINE
8
BLACK
6
CONTINUOUS
10
135.7
20
-118.32
11
135.7
21
-117.82
0
LINE
8
BLACK
6
CONTINUOUS
10
135.7
20
-117.82
11
135.719
21
-117.724
0
LINE
8
BLACK
6
CONTINUOUS
10
135.719
20
-117.724
11
135.773
21
-117.643
0
LINE
8
BLACK
6
CONTINUOUS
10
135.773
20
-117.643
11
135.854
21
-117.589
0
LINE
8
BLACK
6
CONTINUOUS
10
135.854
20
-117.589
11
135.95
21
-117.57
0
LINE
8
BLACK
6
CONTINUOUS
10
135.95
20
-117.57
11
136.9
21
-117.57
0
LINE
8
BLACK
6
CONTINUOUS
10
136.9
20
-117.57
11
136.996
21
-117.589
0
LINE
8
BLACK
6
CONTINUOUS
10
139.071
20
-117.589
11
139.152
21
-117.643
0
LINE
8
BLACK
6
CONTINUOUS
10
139.152
20
-117.643
11
139.206
21
-117.724
0
LINE
8
BLACK
6
CONTINUOUS
10
139.206
20
-117.724
11
139.225
21
-117.82
0
LINE
8
BLACK
6
CONTINUOUS
10
139.225
20
-117.82
11
139.225
21
-118.32
0
LINE
8
BLACK
6
CONTINUOUS
10
139.225
20
-118.32
11
139.206
21
-118.416
0
LINE
8
BLACK
6
CONTINUOUS
10
139.206
20
-118.416
11
139.152
21
-118.497
0
LINE
8
BLACK
6
CONTINUOUS
10
139.152
20
-118.497
11
139.071
21
-118.551
0
LINE
8
BLACK
6
CONTINUOUS
10
139.071
20
-118.551
11
138.975
21
-118.57
0
LINE
8
BLACK
6
CONTINUOUS
10
138.975
20
-118.57
11
138.025
21
-118.57
0
LINE
8
BLACK
6
CONTINUOUS
10
138.025
20
-118.57
11
137.929
21
-118.551
0
LINE
8
BLACK
6
CONTINUOUS
10
137.929
20
-118.551
11
137.848
21
-118.497
0
LINE
8
BLACK
6
CONTINUOUS
10
137.848
20
-118.497
11
137.794
21
-118.416
0
LINE
8
BLACK
6
CONTINUOUS
10
137.794
20
-118.416
11
137.775
21
-118.32
0
LINE
8
BLACK
6
CONTINUOUS
10
137.775
20
-118.32
11
137.775
21
-117.82
0
LINE
8
BLACK
6
CONTINUOUS
10
137.775
20
-117.82
11
137.794
21
-117.724
0
LINE
8
BLACK
6
CONTINUOUS
10
137.794
20
-117.724
11
137.848
21
-117.643
0
LINE
8
BLACK
6
CONTINUOUS
10
137.848
20
-117.643
11
137.929
21
-117.589
0
LINE
8
BLACK
6
CONTINUOUS
10
137.929
20
-117.589
11
138.025
21
-117.57
0
LINE
8
BLACK
6
CONTINUOUS
10
138.025
20
-117.57
11
138.975
21
-117.57
0
LINE
8
BLACK
6
CONTINUOUS
10
138.975
20
-117.57
11
139.071
21
-117.589
0
LINE
8
BLACK
6
CONTINUOUS
10
152.663
20
-118.504
11
151.368
21
-118.504
0
LINE
8
BLACK
6
CONTINUOUS
10
151.368
20
-118.504
11
151.368
21
-117.996
0
LINE
8
BLACK
6
CONTINUOUS
10
151.368
20
-117.996
11
152.663
21
-117.996
0
LINE
8
BLACK
6
CONTINUOUS
10
152.663
20
-117.996
11
152.663
21
-118.504
0
LINE
8
BLACK
6
CONTINUOUS
10
176.132
20
-118.504
11
174.837
21
-118.504
0
LINE
8
BLACK
6
CONTINUOUS
10
174.837
20
-118.504
11
174.837
21
-117.996
0
LINE
8
BLACK
6
CONTINUOUS
10
174.837
20
-117.996
11
176.132
21
-117.996
0
LINE
8
BLACK
6
CONTINUOUS
10
176.132
20
-117.996
11
176.132
21
-118.504
0
LINE
8
BLACK
6
CONTINUOUS
10
113.495
20
-116.419
11
113.683
21
-116.476
0
LINE
8
BLACK
6
CONTINUOUS
10
113.683
20
-116.476
11
113.856
21
-116.569
0
LINE
8
BLACK
6
CONTINUOUS
10
113.856
20
-116.569
11
114.007
21
-116.693
0
LINE
8
BLACK
6
CONTINUOUS
10
114.007
20
-116.693
11
114.131
21
-116.844
0
LINE
8
BLACK
6
CONTINUOUS
10
114.131
20
-116.844
11
114.224
21
-117.017
0
LINE
8
BLACK
6
CONTINUOUS
10
114.224
20
-117.017
11
114.281
21
-117.205
0
LINE
8
BLACK
6
CONTINUOUS
10
114.281
20
-117.205
11
114.3
21
-117.4
0
LINE
8
BLACK
6
CONTINUOUS
10
114.3
20
-117.4
11
114.281
21
-117.595
0
LINE
8
BLACK
6
CONTINUOUS
10
114.281
20
-117.595
11
114.224
21
-117.783
0
LINE
8
BLACK
6
CONTINUOUS
10
114.224
20
-117.783
11
114.131
21
-117.956
0
LINE
8
BLACK
6
CONTINUOUS
10
114.131
20
-117.956
11
114.007
21
-118.107
0
LINE
8
BLACK
6
CONTINUOUS
10
114.007
20
-118.107
11
113.856
21
-118.231
0
LINE
8
BLACK
6
CONTINUOUS
10
113.856
20
-118.231
11
113.683
21
-118.324
0
LINE
8
BLACK
6
CONTINUOUS
10
113.683
20
-118.324
11
113.495
21
-118.381
0
LINE
8
BLACK
6
CONTINUOUS
10
113.495
20
-118.381
11
113.3
21
-118.4
0
LINE
8
BLACK
6
CONTINUOUS
10
113.3
20
-118.4
11
113.105
21
-118.381
0
LINE
8
BLACK
6
CONTINUOUS
10
113.105
20
-118.381
11
112.917
21
-118.324
0
LINE
8
BLACK
6
CONTINUOUS
10
112.917
20
-118.324
11
112.744
21
-118.231
0
LINE
8
BLACK
6
CONTINUOUS
10
112.744
20
-118.231
11
112.593
21
-118.107
0
LINE
8
BLACK
6
CONTINUOUS
10
112.593
20
-118.107
11
112.469
21
-117.956
0
LINE
8
BLACK
6
CONTINUOUS
10
112.469
20
-117.956
11
112.376
21
-117.783
0
LINE
8
BLACK
6
CONTINUOUS
10
112.376
20
-117.783
11
112.319
21
-117.595
0
LINE
8
BLACK
6
CONTINUOUS
10
112.319
20
-117.595
11
112.3
21
-117.4
0
LINE
8
BLACK
6
CONTINUOUS
10
112.3
20
-117.4
11
112.319
21
-117.205
0
LINE
8
BLACK
6
CONTINUOUS
10
112.319
20
-117.205
11
112.376
21
-117.017
0
LINE
8
BLACK
6
CONTINUOUS
10
112.376
20
-117.017
11
112.469
21
-116.844
0
LINE
8
BLACK
6
CONTINUOUS
10
112.469
20
-116.844
11
112.593
21
-116.693
0
LINE
8
BLACK
6
CONTINUOUS
10
112.593
20
-116.693
11
112.744
21
-116.569
0
LINE
8
BLACK
6
CONTINUOUS
10
112.744
20
-116.569
11
112.917
21
-116.476
0
LINE
8
BLACK
6
CONTINUOUS
10
112.917
20
-116.476
11
113.105
21
-116.419
0
LINE
8
BLACK
6
CONTINUOUS
10
113.105
20
-116.419
11
113.3
21
-116.4
0
LINE
8
BLACK
6
CONTINUOUS
10
113.3
20
-116.4
11
113.495
21
-116.419
0
LINE
8
BLACK
6
CONTINUOUS
10
107.274
20
-116.72
11
107.443
21
-116.779
0
LINE
8
BLACK
6
CONTINUOUS
10
107.443
20
-116.779
11
107.594
21
-116.874
0
LINE
8
BLACK
6
CONTINUOUS
10
107.594
20
-116.874
11
107.721
21
-117.001
0
LINE
8
BLACK
6
CONTINUOUS
10
107.721
20
-117.001
11
107.816
21
-117.153
0
LINE
8
BLACK
6
CONTINUOUS
10
107.816
20
-117.153
11
107.876
21
-117.322
0
LINE
8
BLACK
6
CONTINUOUS
10
107.876
20
-117.322
11
107.896
21
-117.5
0
LINE
8
BLACK
6
CONTINUOUS
10
107.896
20
-117.5
11
107.876
21
-117.678
0
LINE
8
BLACK
6
CONTINUOUS
10
107.876
20
-117.678
11
107.816
21
-117.847
0
LINE
8
BLACK
6
CONTINUOUS
10
107.816
20
-117.847
11
107.721
21
-117.999
0
LINE
8
BLACK
6
CONTINUOUS
10
107.721
20
-117.999
11
107.594
21
-118.126
0
LINE
8
BLACK
6
CONTINUOUS
10
107.594
20
-118.126
11
107.443
21
-118.221
0
LINE
8
BLACK
6
CONTINUOUS
10
107.443
20
-118.221
11
107.274
21
-118.28
0
LINE
8
BLACK
6
CONTINUOUS
10
107.274
20
-118.28
11
107.096
21
-118.3
0
LINE
8
BLACK
6
CONTINUOUS
10
107.096
20
-118.3
11
106.918
21
-118.28
0
LINE
8
BLACK
6
CONTINUOUS
10
106.918
20
-118.28
11
106.748
21
-118.221
0
LINE
8
BLACK
6
CONTINUOUS
10
106.748
20
-118.221
11
106.597
21
-118.126
0
LINE
8
BLACK
6
CONTINUOUS
10
106.597
20
-118.126
11
106.47
21
-117.999
0
LINE
8
BLACK
6
CONTINUOUS
10
106.47
20
-117.999
11
106.375
21
-117.847
0
LINE
8
BLACK
6
CONTINUOUS
10
106.375
20
-117.847
11
106.316
21
-117.678
0
LINE
8
BLACK
6
CONTINUOUS
10
106.316
20
-117.678
11
106.295
21
-117.5
0
LINE
8
BLACK
6
CONTINUOUS
10
106.295
20
-117.5
11
106.316
21
-117.322
0
LINE
8
BLACK
6
CONTINUOUS
10
106.316
20
-117.322
11
106.375
21
-117.153
0
LINE
8
BLACK
6
CONTINUOUS
10
106.375
20
-117.153
11
106.47
21
-117.001
0
LINE
8
BLACK
6
CONTINUOUS
10
106.47
20
-117.001
11
106.597
21
-116.874
0
LINE
8
BLACK
6
CONTINUOUS
10
106.597
20
-116.874
11
106.748
21
-116.779
0
LINE
8
BLACK
6
CONTINUOUS
10
106.748
20
-116.779
11
106.918
21
-116.72
0
LINE
8
BLACK
6
CONTINUOUS
10
106.918
20
-116.72
11
107.096
21
-116.7
0
LINE
8
BLACK
6
CONTINUOUS
10
107.096
20
-116.7
11
107.274
21
-116.72
0
LINE
8
BLACK
6
CONTINUOUS
10
110.274
20
-116.72
11
110.443
21
-116.779
0
LINE
8
BLACK
6
CONTINUOUS
10
110.443
20
-116.779
11
110.594
21
-116.874
0
LINE
8
BLACK
6
CONTINUOUS
10
110.594
20
-116.874
11
110.721
21
-117.001
0
LINE
8
BLACK
6
CONTINUOUS
10
110.721
20
-117.001
11
110.816
21
-117.153
0
LINE
8
BLACK
6
CONTINUOUS
10
110.816
20
-117.153
11
110.876
21
-117.322
0
LINE
8
BLACK
6
CONTINUOUS
10
110.876
20
-117.322
11
110.896
21
-117.5
0
LINE
8
BLACK
6
CONTINUOUS
10
110.896
20
-117.5
11
110.876
21
-117.678
0
LINE
8
BLACK
6
CONTINUOUS
10
110.876
20
-117.678
11
110.816
21
-117.847
0
LINE
8
BLACK
6
CONTINUOUS
10
110.816
20
-117.847
11
110.721
21
-117.999
0
LINE
8
BLACK
6
CONTINUOUS
10
110.721
20
-117.999
11
110.594
21
-118.126
0
LINE
8
BLACK
6
CONTINUOUS
10
110.594
20
-118.126
11
110.443
21
-118.221
0
LINE
8
BLACK
6
CONTINUOUS
10
110.443
20
-118.221
11
110.274
21
-118.28
0
LINE
8
BLACK
6
CONTINUOUS
10
110.274
20
-118.28
11
110.096
21
-118.3
0
LINE
8
BLACK
6
CONTINUOUS
10
110.096
20
-118.3
11
109.918
21
-118.28
0
LINE
8
BLACK
6
CONTINUOUS
10
109.918
20
-118.28
11
109.748
21
-118.221
0
LINE
8
BLACK
6
CONTINUOUS
10
109.748
20
-118.221
11
109.597
21
-118.126
0
LINE
8
BLACK
6
CONTINUOUS
10
109.597
20
-118.126
11
109.47
21
-117.999
0
LINE
8
BLACK
6
CONTINUOUS
10
109.47
20
-117.999
11
109.375
21
-117.847
0
LINE
8
BLACK
6
CONTINUOUS
10
109.375
20
-117.847
11
109.316
21
-117.678
0
LINE
8
BLACK
6
CONTINUOUS
10
109.316
20
-117.678
11
109.295
21
-117.5
0
LINE
8
BLACK
6
CONTINUOUS
10
109.295
20
-117.5
11
109.316
21
-117.322
0
LINE
8
BLACK
6
CONTINUOUS
10
109.316
20
-117.322
11
109.375
21
-117.153
0
LINE
8
BLACK
6
CONTINUOUS
10
109.375
20
-117.153
11
109.47
21
-117.001
0
LINE
8
BLACK
6
CONTINUOUS
10
109.47
20
-117.001
11
109.597
21
-116.874
0
LINE
8
BLACK
6
CONTINUOUS
10
109.597
20
-116.874
11
109.748
21
-116.779
0
LINE
8
BLACK
6
CONTINUOUS
10
109.748
20
-116.779
11
109.918
21
-116.72
0
LINE
8
BLACK
6
CONTINUOUS
10
109.918
20
-116.72
11
110.096
21
-116.7
0
LINE
8
BLACK
6
CONTINUOUS
10
110.096
20
-116.7
11
110.274
21
-116.72
0
LINE
8
BLACK
6
CONTINUOUS
10
118.396
20
-116.682
11
118.477
21
-116.736
0
LINE
8
BLACK
6
CONTINUOUS
10
118.477
20
-116.736
11
118.531
21
-116.817
0
LINE
8
BLACK
6
CONTINUOUS
10
118.531
20
-116.817
11
118.55
21
-116.912
0
LINE
8
BLACK
6
CONTINUOUS
10
118.55
20
-116.912
11
118.55
21
-117.862
0
LINE
8
BLACK
6
CONTINUOUS
10
118.55
20
-117.862
11
118.531
21
-117.958
0
LINE
8
BLACK
6
CONTINUOUS
10
118.531
20
-117.958
11
118.477
21
-118.039
0
LINE
8
BLACK
6
CONTINUOUS
10
118.477
20
-118.039
11
118.396
21
-118.093
0
LINE
8
BLACK
6
CONTINUOUS
10
118.396
20
-118.093
11
118.3
21
-118.112
0
LINE
8
BLACK
6
CONTINUOUS
10
118.3
20
-118.112
11
117.8
21
-118.112
0
LINE
8
BLACK
6
CONTINUOUS
10
117.8
20
-118.112
11
117.704
21
-118.093
0
LINE
8
BLACK
6
CONTINUOUS
10
117.704
20
-118.093
11
117.623
21
-118.039
0
LINE
8
BLACK
6
CONTINUOUS
10
117.623
20
-118.039
11
117.569
21
-117.958
0
LINE
8
BLACK
6
CONTINUOUS
10
117.569
20
-117.958
11
117.55
21
-117.862
0
LINE
8
BLACK
6
CONTINUOUS
10
117.55
20
-117.862
11
117.55
21
-116.912
0
LINE
8
BLACK
6
CONTINUOUS
10
117.55
20
-116.912
11
117.569
21
-116.817
0
LINE
8
BLACK
6
CONTINUOUS
10
117.569
20
-116.817
11
117.623
21
-116.736
0
LINE
8
BLACK
6
CONTINUOUS
10
117.623
20
-116.736
11
117.704
21
-116.682
0
LINE
8
BLACK
6
CONTINUOUS
10
117.704
20
-116.682
11
117.8
21
-116.662
0
LINE
8
BLACK
6
CONTINUOUS
10
117.8
20
-116.662
11
118.3
21
-116.662
0
LINE
8
BLACK
6
CONTINUOUS
10
118.3
20
-116.662
11
118.396
21
-116.682
0
LINE
8
BLACK
6
CONTINUOUS
10
120.296
20
-116.682
11
120.377
21
-116.736
0
LINE
8
BLACK
6
CONTINUOUS
10
120.377
20
-116.736
11
120.431
21
-116.817
0
LINE
8
BLACK
6
CONTINUOUS
10
120.431
20
-116.817
11
120.45
21
-116.912
0
LINE
8
BLACK
6
CONTINUOUS
10
120.45
20
-116.912
11
120.45
21
-117.862
0
LINE
8
BLACK
6
CONTINUOUS
10
120.45
20
-117.862
11
120.431
21
-117.958
0
LINE
8
BLACK
6
CONTINUOUS
10
120.431
20
-117.958
11
120.377
21
-118.039
0
LINE
8
BLACK
6
CONTINUOUS
10
120.377
20
-118.039
11
120.296
21
-118.093
0
LINE
8
BLACK
6
CONTINUOUS
10
120.296
20
-118.093
11
120.2
21
-118.112
0
LINE
8
BLACK
6
CONTINUOUS
10
120.2
20
-118.112
11
119.7
21
-118.112
0
LINE
8
BLACK
6
CONTINUOUS
10
119.7
20
-118.112
11
119.604
21
-118.093
0
LINE
8
BLACK
6
CONTINUOUS
10
119.604
20
-118.093
11
119.523
21
-118.039
0
LINE
8
BLACK
6
CONTINUOUS
10
119.523
20
-118.039
11
119.469
21
-117.958
0
LINE
8
BLACK
6
CONTINUOUS
10
119.469
20
-117.958
11
119.45
21
-117.862
0
LINE
8
BLACK
6
CONTINUOUS
10
119.45
20
-117.862
11
119.45
21
-116.912
0
LINE
8
BLACK
6
CONTINUOUS
10
119.45
20
-116.912
11
119.469
21
-116.817
0
LINE
8
BLACK
6
CONTINUOUS
10
119.469
20
-116.817
11
119.523
21
-116.736
0
LINE
8
BLACK
6
CONTINUOUS
10
119.523
20
-116.736
11
119.604
21
-116.682
0
LINE
8
BLACK
6
CONTINUOUS
10
119.604
20
-116.682
11
119.7
21
-116.662
0
LINE
8
BLACK
6
CONTINUOUS
10
119.7
20
-116.662
11
120.2
21
-116.662
0
LINE
8
BLACK
6
CONTINUOUS
10
120.2
20
-116.662
11
120.296
21
-116.682
0
LINE
8
BLACK
6
CONTINUOUS
10
146.234
20
-117.321
11
146.279
21
-117.351
0
LINE
8
BLACK
6
CONTINUOUS
10
146.279
20
-117.351
11
146.309
21
-117.396
0
LINE
8
BLACK
6
CONTINUOUS
10
146.309
20
-117.396
11
146.32
21
-117.45
0
LINE
8
BLACK
6
CONTINUOUS
10
146.32
20
-117.45
11
146.32
21
-117.73
0
LINE
8
BLACK
6
CONTINUOUS
10
146.32
20
-117.73
11
146.309
21
-117.784
0
LINE
8
BLACK
6
CONTINUOUS
10
146.309
20
-117.784
11
146.279
21
-117.829
0
LINE
8
BLACK
6
CONTINUOUS
10
146.279
20
-117.829
11
146.234
21
-117.859
0
LINE
8
BLACK
6
CONTINUOUS
10
146.234
20
-117.859
11
146.18
21
-117.87
0
LINE
8
BLACK
6
CONTINUOUS
10
146.18
20
-117.87
11
145.84
21
-117.87
0
LINE
8
BLACK
6
CONTINUOUS
10
145.84
20
-117.87
11
145.786
21
-117.859
0
LINE
8
BLACK
6
CONTINUOUS
10
145.786
20
-117.859
11
145.741
21
-117.829
0
LINE
8
BLACK
6
CONTINUOUS
10
145.741
20
-117.829
11
145.711
21
-117.784
0
LINE
8
BLACK
6
CONTINUOUS
10
145.711
20
-117.784
11
145.7
21
-117.73
0
LINE
8
BLACK
6
CONTINUOUS
10
145.7
20
-117.73
11
145.7
21
-117.45
0
LINE
8
BLACK
6
CONTINUOUS
10
145.7
20
-117.45
11
145.711
21
-117.396
0
LINE
8
BLACK
6
CONTINUOUS
10
145.711
20
-117.396
11
145.741
21
-117.351
0
LINE
8
BLACK
6
CONTINUOUS
10
145.741
20
-117.351
11
145.786
21
-117.321
0
LINE
8
BLACK
6
CONTINUOUS
10
145.786
20
-117.321
11
145.84
21
-117.31
0
LINE
8
BLACK
6
CONTINUOUS
10
145.84
20
-117.31
11
146.18
21
-117.31
0
LINE
8
BLACK
6
CONTINUOUS
10
146.18
20
-117.31
11
146.234
21
-117.321
0
LINE
8
BLACK
6
CONTINUOUS
10
181.146
20
-117.173
11
181.191
21
-117.203
0
LINE
8
BLACK
6
CONTINUOUS
10
181.191
20
-117.203
11
181.222
21
-117.249
0
LINE
8
BLACK
6
CONTINUOUS
10
181.222
20
-117.249
11
181.232
21
-117.302
0
LINE
8
BLACK
6
CONTINUOUS
10
181.232
20
-117.302
11
181.232
21
-117.582
0
LINE
8
BLACK
6
CONTINUOUS
10
181.232
20
-117.582
11
181.222
21
-117.636
0
LINE
8
BLACK
6
CONTINUOUS
10
181.222
20
-117.636
11
181.191
21
-117.681
0
LINE
8
BLACK
6
CONTINUOUS
10
181.191
20
-117.681
11
181.146
21
-117.712
0
LINE
8
BLACK
6
CONTINUOUS
10
181.146
20
-117.712
11
181.092
21
-117.722
0
LINE
8
BLACK
6
CONTINUOUS
10
181.092
20
-117.722
11
180.752
21
-117.722
0
LINE
8
BLACK
6
CONTINUOUS
10
180.752
20
-117.722
11
180.699
21
-117.712
0
LINE
8
BLACK
6
CONTINUOUS
10
180.699
20
-117.712
11
180.653
21
-117.681
0
LINE
8
BLACK
6
CONTINUOUS
10
180.653
20
-117.681
11
180.623
21
-117.636
0
LINE
8
BLACK
6
CONTINUOUS
10
180.623
20
-117.636
11
180.612
21
-117.582
0
LINE
8
BLACK
6
CONTINUOUS
10
180.612
20
-117.582
11
180.612
21
-117.302
0
LINE
8
BLACK
6
CONTINUOUS
10
180.612
20
-117.302
11
180.623
21
-117.249
0
LINE
8
BLACK
6
CONTINUOUS
10
180.623
20
-117.249
11
180.653
21
-117.203
0
LINE
8
BLACK
6
CONTINUOUS
10
180.653
20
-117.203
11
180.699
21
-117.173
0
LINE
8
BLACK
6
CONTINUOUS
10
180.699
20
-117.173
11
180.752
21
-117.162
0
LINE
8
BLACK
6
CONTINUOUS
10
180.752
20
-117.162
11
181.092
21
-117.162
0
LINE
8
BLACK
6
CONTINUOUS
10
181.092
20
-117.162
11
181.146
21
-117.173
0
LINE
8
BLACK
6
CONTINUOUS
10
177.546
20
-117.103
11
177.591
21
-117.133
0
LINE
8
BLACK
6
CONTINUOUS
10
177.591
20
-117.133
11
177.622
21
-117.179
0
LINE
8
BLACK
6
CONTINUOUS
10
177.622
20
-117.179
11
177.632
21
-117.232
0
LINE
8
BLACK
6
CONTINUOUS
10
177.632
20
-117.232
11
177.632
21
-117.512
0
LINE
8
BLACK
6
CONTINUOUS
10
177.632
20
-117.512
11
177.622
21
-117.566
0
LINE
8
BLACK
6
CONTINUOUS
10
177.622
20
-117.566
11
177.591
21
-117.611
0
LINE
8
BLACK
6
CONTINUOUS
10
177.591
20
-117.611
11
177.546
21
-117.642
0
LINE
8
BLACK
6
CONTINUOUS
10
177.546
20
-117.642
11
177.492
21
-117.652
0
LINE
8
BLACK
6
CONTINUOUS
10
177.492
20
-117.652
11
177.152
21
-117.652
0
LINE
8
BLACK
6
CONTINUOUS
10
177.152
20
-117.652
11
177.099
21
-117.642
0
LINE
8
BLACK
6
CONTINUOUS
10
177.099
20
-117.642
11
177.053
21
-117.611
0
LINE
8
BLACK
6
CONTINUOUS
10
177.053
20
-117.611
11
177.023
21
-117.566
0
LINE
8
BLACK
6
CONTINUOUS
10
177.023
20
-117.566
11
177.012
21
-117.512
0
LINE
8
BLACK
6
CONTINUOUS
10
177.012
20
-117.512
11
177.012
21
-117.232
0
LINE
8
BLACK
6
CONTINUOUS
10
177.012
20
-117.232
11
177.023
21
-117.179
0
LINE
8
BLACK
6
CONTINUOUS
10
177.023
20
-117.179
11
177.053
21
-117.133
0
LINE
8
BLACK
6
CONTINUOUS
10
177.053
20
-117.133
11
177.099
21
-117.103
0
LINE
8
BLACK
6
CONTINUOUS
10
177.099
20
-117.103
11
177.152
21
-117.092
0
LINE
8
BLACK
6
CONTINUOUS
10
177.152
20
-117.092
11
177.492
21
-117.092
0
LINE
8
BLACK
6
CONTINUOUS
10
177.492
20
-117.092
11
177.546
21
-117.103
0
LINE
8
BLACK
6
CONTINUOUS
10
152.663
20
-117.504
11
151.368
21
-117.504
0
LINE
8
BLACK
6
CONTINUOUS
10
151.368
20
-117.504
11
151.368
21
-116.996
0
LINE
8
BLACK
6
CONTINUOUS
10
151.368
20
-116.996
11
152.663
21
-116.996
0
LINE
8
BLACK
6
CONTINUOUS
10
152.663
20
-116.996
11
152.663
21
-117.504
0
LINE
8
BLACK
6
CONTINUOUS
10
176.132
20
-117.504
11
174.837
21
-117.504
0
LINE
8
BLACK
6
CONTINUOUS
10
174.837
20
-117.504
11
174.837
21
-116.996
0
LINE
8
BLACK
6
CONTINUOUS
10
174.837
20
-116.996
11
176.132
21
-116.996
0
LINE
8
BLACK
6
CONTINUOUS
10
176.132
20
-116.996
11
176.132
21
-117.504
0
LINE
8
BLACK
6
CONTINUOUS
10
147.445
20
-115.019
11
147.633
21
-115.076
0
LINE
8
BLACK
6
CONTINUOUS
10
147.633
20
-115.076
11
147.806
21
-115.169
0
LINE
8
BLACK
6
CONTINUOUS
10
147.806
20
-115.169
11
147.957
21
-115.293
0
LINE
8
BLACK
6
CONTINUOUS
10
147.957
20
-115.293
11
148.081
21
-115.444
0
LINE
8
BLACK
6
CONTINUOUS
10
148.081
20
-115.444
11
148.174
21
-115.617
0
LINE
8
BLACK
6
CONTINUOUS
10
148.174
20
-115.617
11
148.231
21
-115.805
0
LINE
8
BLACK
6
CONTINUOUS
10
148.231
20
-115.805
11
148.25
21
-116
0
LINE
8
BLACK
6
CONTINUOUS
10
148.25
20
-116
11
148.231
21
-116.195
0
LINE
8
BLACK
6
CONTINUOUS
10
148.231
20
-116.195
11
148.174
21
-116.383
0
LINE
8
BLACK
6
CONTINUOUS
10
148.174
20
-116.383
11
148.081
21
-116.556
0
LINE
8
BLACK
6
CONTINUOUS
10
148.081
20
-116.556
11
147.957
21
-116.707
0
LINE
8
BLACK
6
CONTINUOUS
10
147.957
20
-116.707
11
147.806
21
-116.831
0
LINE
8
BLACK
6
CONTINUOUS
10
147.806
20
-116.831
11
147.633
21
-116.924
0
LINE
8
BLACK
6
CONTINUOUS
10
147.633
20
-116.924
11
147.445
21
-116.981
0
LINE
8
BLACK
6
CONTINUOUS
10
147.445
20
-116.981
11
147.25
21
-117
0
LINE
8
BLACK
6
CONTINUOUS
10
147.25
20
-117
11
147.055
21
-116.981
0
LINE
8
BLACK
6
CONTINUOUS
10
147.055
20
-116.981
11
146.867
21
-116.924
0
LINE
8
BLACK
6
CONTINUOUS
10
146.867
20
-116.924
11
146.694
21
-116.831
0
LINE
8
BLACK
6
CONTINUOUS
10
146.694
20
-116.831
11
146.543
21
-116.707
0
LINE
8
BLACK
6
CONTINUOUS
10
146.543
20
-116.707
11
146.419
21
-116.556
0
LINE
8
BLACK
6
CONTINUOUS
10
146.419
20
-116.556
11
146.326
21
-116.383
0
LINE
8
BLACK
6
CONTINUOUS
10
146.326
20
-116.383
11
146.269
21
-116.195
0
LINE
8
BLACK
6
CONTINUOUS
10
146.269
20
-116.195
11
146.25
21
-116
0
LINE
8
BLACK
6
CONTINUOUS
10
146.25
20
-116
11
146.269
21
-115.805
0
LINE
8
BLACK
6
CONTINUOUS
10
146.269
20
-115.805
11
146.326
21
-115.617
0
LINE
8
BLACK
6
CONTINUOUS
10
146.326
20
-115.617
11
146.419
21
-115.444
0
LINE
8
BLACK
6
CONTINUOUS
10
146.419
20
-115.444
11
146.543
21
-115.293
0
LINE
8
BLACK
6
CONTINUOUS
10
146.543
20
-115.293
11
146.694
21
-115.169
0
LINE
8
BLACK
6
CONTINUOUS
10
146.694
20
-115.169
11
146.867
21
-115.076
0
LINE
8
BLACK
6
CONTINUOUS
10
146.867
20
-115.076
11
147.055
21
-115.019
0
LINE
8
BLACK
6
CONTINUOUS
10
147.055
20
-115.019
11
147.25
21
-115
0
LINE
8
BLACK
6
CONTINUOUS
10
147.25
20
-115
11
147.445
21
-115.019
0
LINE
8
BLACK
6
CONTINUOUS
10
137.001
20
-115.939
11
137.082
21
-115.993
0
LINE
8
BLACK
6
CONTINUOUS
10
137.082
20
-115.993
11
137.136
21
-116.074
0
LINE
8
BLACK
6
CONTINUOUS
10
137.136
20
-116.074
11
137.155
21
-116.17
0
LINE
8
BLACK
6
CONTINUOUS
10
137.155
20
-116.17
11
137.155
21
-116.67
0
LINE
8
BLACK
6
CONTINUOUS
10
137.155
20
-116.67
11
137.136
21
-116.766
0
LINE
8
BLACK
6
CONTINUOUS
10
137.136
20
-116.766
11
137.082
21
-116.847
0
LINE
8
BLACK
6
CONTINUOUS
10
137.082
20
-116.847
11
137.001
21
-116.901
0
LINE
8
BLACK
6
CONTINUOUS
10
137.001
20
-116.901
11
136.905
21
-116.92
0
LINE
8
BLACK
6
CONTINUOUS
10
136.905
20
-116.92
11
135.955
21
-116.92
0
LINE
8
BLACK
6
CONTINUOUS
10
135.955
20
-116.92
11
135.859
21
-116.901
0
LINE
8
BLACK
6
CONTINUOUS
10
135.859
20
-116.901
11
135.778
21
-116.847
0
LINE
8
BLACK
6
CONTINUOUS
10
135.778
20
-116.847
11
135.724
21
-116.766
0
LINE
8
BLACK
6
CONTINUOUS
10
135.724
20
-116.766
11
135.705
21
-116.67
0
LINE
8
BLACK
6
CONTINUOUS
10
135.705
20
-116.67
11
135.705
21
-116.17
0
LINE
8
BLACK
6
CONTINUOUS
10
135.705
20
-116.17
11
135.724
21
-116.074
0
LINE
8
BLACK
6
CONTINUOUS
10
135.724
20
-116.074
11
135.778
21
-115.993
0
LINE
8
BLACK
6
CONTINUOUS
10
135.778
20
-115.993
11
135.859
21
-115.939
0
LINE
8
BLACK
6
CONTINUOUS
10
135.859
20
-115.939
11
135.955
21
-115.92
0
LINE
8
BLACK
6
CONTINUOUS
10
135.955
20
-115.92
11
136.905
21
-115.92
0
LINE
8
BLACK
6
CONTINUOUS
10
136.905
20
-115.92
11
137.001
21
-115.939
0
LINE
8
BLACK
6
CONTINUOUS
10
139.096
20
-115.939
11
139.177
21
-115.993
0
LINE
8
BLACK
6
CONTINUOUS
10
139.177
20
-115.993
11
139.231
21
-116.074
0
LINE
8
BLACK
6
CONTINUOUS
10
139.231
20
-116.074
11
139.25
21
-116.17
0
LINE
8
BLACK
6
CONTINUOUS
10
139.25
20
-116.17
11
139.25
21
-116.67
0
LINE
8
BLACK
6
CONTINUOUS
10
139.25
20
-116.67
11
139.231
21
-116.766
0
LINE
8
BLACK
6
CONTINUOUS
10
139.231
20
-116.766
11
139.177
21
-116.847
0
LINE
8
BLACK
6
CONTINUOUS
10
139.177
20
-116.847
11
139.096
21
-116.901
0
LINE
8
BLACK
6
CONTINUOUS
10
139.096
20
-116.901
11
139
21
-116.92
0
LINE
8
BLACK
6
CONTINUOUS
10
139
20
-116.92
11
138.05
21
-116.92
0
LINE
8
BLACK
6
CONTINUOUS
10
138.05
20
-116.92
11
137.954
21
-116.901
0
LINE
8
BLACK
6
CONTINUOUS
10
137.954
20
-116.901
11
137.873
21
-116.847
0
LINE
8
BLACK
6
CONTINUOUS
10
137.873
20
-116.847
11
137.819
21
-116.766
0
LINE
8
BLACK
6
CONTINUOUS
10
137.819
20
-116.766
11
137.8
21
-116.67
0
LINE
8
BLACK
6
CONTINUOUS
10
137.8
20
-116.67
11
137.8
21
-116.17
0
LINE
8
BLACK
6
CONTINUOUS
10
137.8
20
-116.17
11
137.819
21
-116.074
0
LINE
8
BLACK
6
CONTINUOUS
10
137.819
20
-116.074
11
137.873
21
-115.993
0
LINE
8
BLACK
6
CONTINUOUS
10
137.873
20
-115.993
11
137.954
21
-115.939
0
LINE
8
BLACK
6
CONTINUOUS
10
137.954
20
-115.939
11
138.05
21
-115.92
0
LINE
8
BLACK
6
CONTINUOUS
10
138.05
20
-115.92
11
139
21
-115.92
0
LINE
8
BLACK
6
CONTINUOUS
10
139
20
-115.92
11
139.096
21
-115.939
0
LINE
8
BLACK
6
CONTINUOUS
10
181.146
20
-116.213
11
181.191
21
-116.243
0
LINE
8
BLACK
6
CONTINUOUS
10
181.191
20
-116.243
11
181.222
21
-116.289
0
LINE
8
BLACK
6
CONTINUOUS
10
181.222
20
-116.289
11
181.232
21
-116.342
0
LINE
8
BLACK
6
CONTINUOUS
10
181.232
20
-116.342
11
181.232
21
-116.622
0
LINE
8
BLACK
6
CONTINUOUS
10
181.232
20
-116.622
11
181.222
21
-116.676
0
LINE
8
BLACK
6
CONTINUOUS
10
181.222
20
-116.676
11
181.191
21
-116.721
0
LINE
8
BLACK
6
CONTINUOUS
10
181.191
20
-116.721
11
181.146
21
-116.752
0
LINE
8
BLACK
6
CONTINUOUS
10
181.146
20
-116.752
11
181.092
21
-116.762
0
LINE
8
BLACK
6
CONTINUOUS
10
181.092
20
-116.762
11
180.752
21
-116.762
0
LINE
8
BLACK
6
CONTINUOUS
10
180.752
20
-116.762
11
180.699
21
-116.752
0
LINE
8
BLACK
6
CONTINUOUS
10
180.699
20
-116.752
11
180.653
21
-116.721
0
LINE
8
BLACK
6
CONTINUOUS
10
180.653
20
-116.721
11
180.623
21
-116.676
0
LINE
8
BLACK
6
CONTINUOUS
10
180.623
20
-116.676
11
180.612
21
-116.622
0
LINE
8
BLACK
6
CONTINUOUS
10
180.612
20
-116.622
11
180.612
21
-116.342
0
LINE
8
BLACK
6
CONTINUOUS
10
180.612
20
-116.342
11
180.623
21
-116.289
0
LINE
8
BLACK
6
CONTINUOUS
10
180.623
20
-116.289
11
180.653
21
-116.243
0
LINE
8
BLACK
6
CONTINUOUS
10
180.653
20
-116.243
11
180.699
21
-116.213
0
LINE
8
BLACK
6
CONTINUOUS
10
180.699
20
-116.213
11
180.752
21
-116.202
0
LINE
8
BLACK
6
CONTINUOUS
10
180.752
20
-116.202
11
181.092
21
-116.202
0
LINE
8
BLACK
6
CONTINUOUS
10
181.092
20
-116.202
11
181.146
21
-116.213
0
LINE
8
BLACK
6
CONTINUOUS
10
177.546
20
-116.143
11
177.591
21
-116.173
0
LINE
8
BLACK
6
CONTINUOUS
10
177.591
20
-116.173
11
177.622
21
-116.219
0
LINE
8
BLACK
6
CONTINUOUS
10
177.622
20
-116.219
11
177.632
21
-116.272
0
LINE
8
BLACK
6
CONTINUOUS
10
177.632
20
-116.272
11
177.632
21
-116.552
0
LINE
8
BLACK
6
CONTINUOUS
10
177.632
20
-116.552
11
177.622
21
-116.606
0
LINE
8
BLACK
6
CONTINUOUS
10
177.622
20
-116.606
11
177.591
21
-116.651
0
LINE
8
BLACK
6
CONTINUOUS
10
177.591
20
-116.651
11
177.546
21
-116.682
0
LINE
8
BLACK
6
CONTINUOUS
10
177.546
20
-116.682
11
177.492
21
-116.692
0
LINE
8
BLACK
6
CONTINUOUS
10
177.492
20
-116.692
11
177.152
21
-116.692
0
LINE
8
BLACK
6
CONTINUOUS
10
177.152
20
-116.692
11
177.099
21
-116.682
0
LINE
8
BLACK
6
CONTINUOUS
10
177.099
20
-116.682
11
177.053
21
-116.651
0
LINE
8
BLACK
6
CONTINUOUS
10
177.053
20
-116.651
11
177.023
21
-116.606
0
LINE
8
BLACK
6
CONTINUOUS
10
177.023
20
-116.606
11
177.012
21
-116.552
0
LINE
8
BLACK
6
CONTINUOUS
10
177.012
20
-116.552
11
177.012
21
-116.272
0
LINE
8
BLACK
6
CONTINUOUS
10
177.012
20
-116.272
11
177.023
21
-116.219
0
LINE
8
BLACK
6
CONTINUOUS
10
177.023
20
-116.219
11
177.053
21
-116.173
0
LINE
8
BLACK
6
CONTINUOUS
10
177.053
20
-116.173
11
177.099
21
-116.143
0
LINE
8
BLACK
6
CONTINUOUS
10
177.099
20
-116.143
11
177.152
21
-116.132
0
LINE
8
BLACK
6
CONTINUOUS
10
177.152
20
-116.132
11
177.492
21
-116.132
0
LINE
8
BLACK
6
CONTINUOUS
10
177.492
20
-116.132
11
177.546
21
-116.143
0
LINE
8
BLACK
6
CONTINUOUS
10
178.727
20
-115.94
11
178.77
21
-115.97
0
LINE
8
BLACK
6
CONTINUOUS
10
178.77
20
-115.97
11
178.8
21
-116.013
0
LINE
8
BLACK
6
CONTINUOUS
10
178.8
20
-116.013
11
178.81
21
-116.065
0
LINE
8
BLACK
6
CONTINUOUS
10
178.81
20
-116.065
11
178.81
21
-116.435
0
LINE
8
BLACK
6
CONTINUOUS
10
178.81
20
-116.435
11
178.8
21
-116.487
0
LINE
8
BLACK
6
CONTINUOUS
10
178.8
20
-116.487
11
178.77
21
-116.53
0
LINE
8
BLACK
6
CONTINUOUS
10
178.77
20
-116.53
11
178.727
21
-116.56
0
LINE
8
BLACK
6
CONTINUOUS
10
178.727
20
-116.56
11
178.675
21
-116.57
0
LINE
8
BLACK
6
CONTINUOUS
10
178.675
20
-116.57
11
178.405
21
-116.57
0
LINE
8
BLACK
6
CONTINUOUS
10
178.405
20
-116.57
11
178.353
21
-116.56
0
LINE
8
BLACK
6
CONTINUOUS
10
178.353
20
-116.56
11
178.31
21
-116.53
0
LINE
8
BLACK
6
CONTINUOUS
10
178.31
20
-116.53
11
178.28
21
-116.487
0
LINE
8
BLACK
6
CONTINUOUS
10
178.28
20
-116.487
11
178.27
21
-116.435
0
LINE
8
BLACK
6
CONTINUOUS
10
178.27
20
-116.435
11
178.27
21
-116.065
0
LINE
8
BLACK
6
CONTINUOUS
10
178.27
20
-116.065
11
178.28
21
-116.013
0
LINE
8
BLACK
6
CONTINUOUS
10
178.28
20
-116.013
11
178.31
21
-115.97
0
LINE
8
BLACK
6
CONTINUOUS
10
178.31
20
-115.97
11
178.353
21
-115.94
0
LINE
8
BLACK
6
CONTINUOUS
10
178.353
20
-115.94
11
178.405
21
-115.93
0
LINE
8
BLACK
6
CONTINUOUS
10
178.405
20
-115.93
11
178.675
21
-115.93
0
LINE
8
BLACK
6
CONTINUOUS
10
178.675
20
-115.93
11
178.727
21
-115.94
0
LINE
8
BLACK
6
CONTINUOUS
10
179.747
20
-115.94
11
179.79
21
-115.97
0
LINE
8
BLACK
6
CONTINUOUS
10
179.79
20
-115.97
11
179.82
21
-116.013
0
LINE
8
BLACK
6
CONTINUOUS
10
179.82
20
-116.013
11
179.83
21
-116.065
0
LINE
8
BLACK
6
CONTINUOUS
10
179.83
20
-116.065
11
179.83
21
-116.435
0
LINE
8
BLACK
6
CONTINUOUS
10
179.83
20
-116.435
11
179.82
21
-116.487
0
LINE
8
BLACK
6
CONTINUOUS
10
179.82
20
-116.487
11
179.79
21
-116.53
0
LINE
8
BLACK
6
CONTINUOUS
10
179.79
20
-116.53
11
179.747
21
-116.56
0
LINE
8
BLACK
6
CONTINUOUS
10
179.747
20
-116.56
11
179.695
21
-116.57
0
LINE
8
BLACK
6
CONTINUOUS
10
179.695
20
-116.57
11
179.425
21
-116.57
0
LINE
8
BLACK
6
CONTINUOUS
10
179.425
20
-116.57
11
179.373
21
-116.56
0
LINE
8
BLACK
6
CONTINUOUS
10
179.373
20
-116.56
11
179.33
21
-116.53
0
LINE
8
BLACK
6
CONTINUOUS
10
179.33
20
-116.53
11
179.3
21
-116.487
0
LINE
8
BLACK
6
CONTINUOUS
10
179.3
20
-116.487
11
179.29
21
-116.435
0
LINE
8
BLACK
6
CONTINUOUS
10
179.29
20
-116.435
11
179.29
21
-116.065
0
LINE
8
BLACK
6
CONTINUOUS
10
179.29
20
-116.065
11
179.3
21
-116.013
0
LINE
8
BLACK
6
CONTINUOUS
10
179.3
20
-116.013
11
179.33
21
-115.97
0
LINE
8
BLACK
6
CONTINUOUS
10
179.33
20
-115.97
11
179.373
21
-115.94
0
LINE
8
BLACK
6
CONTINUOUS
10
179.373
20
-115.94
11
179.425
21
-115.93
0
LINE
8
BLACK
6
CONTINUOUS
10
179.425
20
-115.93
11
179.695
21
-115.93
0
LINE
8
BLACK
6
CONTINUOUS
10
179.695
20
-115.93
11
179.747
21
-115.94
0
LINE
8
BLACK
6
CONTINUOUS
10
152.663
20
-116.504
11
151.368
21
-116.504
0
LINE
8
BLACK
6
CONTINUOUS
10
151.368
20
-116.504
11
151.368
21
-115.996
0
LINE
8
BLACK
6
CONTINUOUS
10
151.368
20
-115.996
11
152.663
21
-115.996
0
LINE
8
BLACK
6
CONTINUOUS
10
152.663
20
-115.996
11
152.663
21
-116.504
0
LINE
8
BLACK
6
CONTINUOUS
10
176.132
20
-116.504
11
174.837
21
-116.504
0
LINE
8
BLACK
6
CONTINUOUS
10
174.837
20
-116.504
11
174.837
21
-115.996
0
LINE
8
BLACK
6
CONTINUOUS
10
174.837
20
-115.996
11
176.132
21
-115.996
0
LINE
8
BLACK
6
CONTINUOUS
10
176.132
20
-115.996
11
176.132
21
-116.504
0
LINE
8
BLACK
6
CONTINUOUS
10
134.879
20
-115.851
11
134.927
21
-115.883
0
LINE
8
BLACK
6
CONTINUOUS
10
134.927
20
-115.883
11
134.959
21
-115.931
0
LINE
8
BLACK
6
CONTINUOUS
10
134.959
20
-115.931
11
134.97
21
-115.987
0
LINE
8
BLACK
6
CONTINUOUS
10
134.97
20
-115.987
11
134.97
21
-116.282
0
LINE
8
BLACK
6
CONTINUOUS
10
134.97
20
-116.282
11
134.959
21
-116.339
0
LINE
8
BLACK
6
CONTINUOUS
10
134.959
20
-116.339
11
134.927
21
-116.387
0
LINE
8
BLACK
6
CONTINUOUS
10
134.927
20
-116.387
11
134.879
21
-116.419
0
LINE
8
BLACK
6
CONTINUOUS
10
134.879
20
-116.419
11
134.822
21
-116.43
0
LINE
8
BLACK
6
CONTINUOUS
10
134.822
20
-116.43
11
134.477
21
-116.43
0
LINE
8
BLACK
6
CONTINUOUS
10
134.477
20
-116.43
11
134.421
21
-116.419
0
LINE
8
BLACK
6
CONTINUOUS
10
134.421
20
-116.419
11
134.373
21
-116.387
0
LINE
8
BLACK
6
CONTINUOUS
10
134.373
20
-116.387
11
134.341
21
-116.339
0
LINE
8
BLACK
6
CONTINUOUS
10
134.341
20
-116.339
11
134.33
21
-116.282
0
LINE
8
BLACK
6
CONTINUOUS
10
134.33
20
-116.282
11
134.33
21
-115.987
0
LINE
8
BLACK
6
CONTINUOUS
10
134.33
20
-115.987
11
134.341
21
-115.931
0
LINE
8
BLACK
6
CONTINUOUS
10
134.341
20
-115.931
11
134.373
21
-115.883
0
LINE
8
BLACK
6
CONTINUOUS
10
134.373
20
-115.883
11
134.421
21
-115.851
0
LINE
8
BLACK
6
CONTINUOUS
10
134.421
20
-115.851
11
134.477
21
-115.84
0
LINE
8
BLACK
6
CONTINUOUS
10
134.477
20
-115.84
11
134.822
21
-115.84
0
LINE
8
BLACK
6
CONTINUOUS
10
134.822
20
-115.84
11
134.879
21
-115.851
0
LINE
8
BLACK
6
CONTINUOUS
10
130.735
20
-116.421
11
130.506
21
-116.421
0
LINE
8
BLACK
6
CONTINUOUS
10
130.506
20
-116.421
11
130.506
21
-115.812
0
LINE
8
BLACK
6
CONTINUOUS
10
130.506
20
-115.812
11
130.735
21
-115.812
0
LINE
8
BLACK
6
CONTINUOUS
10
130.735
20
-115.812
11
130.735
21
-116.421
0
LINE
8
BLACK
6
CONTINUOUS
10
131.235
20
-116.421
11
131.006
21
-116.421
0
LINE
8
BLACK
6
CONTINUOUS
10
131.006
20
-116.421
11
131.006
21
-115.812
0
LINE
8
BLACK
6
CONTINUOUS
10
131.006
20
-115.812
11
131.235
21
-115.812
0
LINE
8
BLACK
6
CONTINUOUS
10
131.235
20
-115.812
11
131.235
21
-116.421
0
LINE
8
BLACK
6
CONTINUOUS
10
131.735
20
-116.421
11
131.506
21
-116.421
0
LINE
8
BLACK
6
CONTINUOUS
10
131.506
20
-116.421
11
131.506
21
-115.812
0
LINE
8
BLACK
6
CONTINUOUS
10
131.506
20
-115.812
11
131.735
21
-115.812
0
LINE
8
BLACK
6
CONTINUOUS
10
131.735
20
-115.812
11
131.735
21
-116.421
0
LINE
8
BLACK
6
CONTINUOUS
10
129.574
20
-115.711
11
129.619
21
-115.741
0
LINE
8
BLACK
6
CONTINUOUS
10
129.619
20
-115.741
11
129.649
21
-115.786
0
LINE
8
BLACK
6
CONTINUOUS
10
129.649
20
-115.786
11
129.66
21
-115.84
0
LINE
8
BLACK
6
CONTINUOUS
10
129.66
20
-115.84
11
129.66
21
-116.12
0
LINE
8
BLACK
6
CONTINUOUS
10
129.66
20
-116.12
11
129.649
21
-116.174
0
LINE
8
BLACK
6
CONTINUOUS
10
129.649
20
-116.174
11
129.619
21
-116.219
0
LINE
8
BLACK
6
CONTINUOUS
10
129.619
20
-116.219
11
129.574
21
-116.249
0
LINE
8
BLACK
6
CONTINUOUS
10
129.574
20
-116.249
11
129.52
21
-116.26
0
LINE
8
BLACK
6
CONTINUOUS
10
129.52
20
-116.26
11
129.18
21
-116.26
0
LINE
8
BLACK
6
CONTINUOUS
10
129.18
20
-116.26
11
129.126
21
-116.249
0
LINE
8
BLACK
6
CONTINUOUS
10
129.126
20
-116.249
11
129.081
21
-116.219
0
LINE
8
BLACK
6
CONTINUOUS
10
129.081
20
-116.219
11
129.051
21
-116.174
0
LINE
8
BLACK
6
CONTINUOUS
10
129.051
20
-116.174
11
129.04
21
-116.12
0
LINE
8
BLACK
6
CONTINUOUS
10
129.04
20
-116.12
11
129.04
21
-115.84
0
LINE
8
BLACK
6
CONTINUOUS
10
129.04
20
-115.84
11
129.051
21
-115.786
0
LINE
8
BLACK
6
CONTINUOUS
10
129.051
20
-115.786
11
129.081
21
-115.741
0
LINE
8
BLACK
6
CONTINUOUS
10
129.081
20
-115.741
11
129.126
21
-115.711
0
LINE
8
BLACK
6
CONTINUOUS
10
129.126
20
-115.711
11
129.18
21
-115.7
0
LINE
8
BLACK
6
CONTINUOUS
10
129.18
20
-115.7
11
129.52
21
-115.7
0
LINE
8
BLACK
6
CONTINUOUS
10
129.52
20
-115.7
11
129.574
21
-115.711
0
LINE
8
BLACK
6
CONTINUOUS
10
107.274
20
-114.22
11
107.443
21
-114.279
0
LINE
8
BLACK
6
CONTINUOUS
10
107.443
20
-114.279
11
107.594
21
-114.374
0
LINE
8
BLACK
6
CONTINUOUS
10
107.594
20
-114.374
11
107.721
21
-114.501
0
LINE
8
BLACK
6
CONTINUOUS
10
107.721
20
-114.501
11
107.816
21
-114.653
0
LINE
8
BLACK
6
CONTINUOUS
10
107.816
20
-114.653
11
107.876
21
-114.822
0
LINE
8
BLACK
6
CONTINUOUS
10
107.876
20
-114.822
11
107.896
21
-115
0
LINE
8
BLACK
6
CONTINUOUS
10
107.896
20
-115
11
107.876
21
-115.178
0
LINE
8
BLACK
6
CONTINUOUS
10
107.876
20
-115.178
11
107.816
21
-115.347
0
LINE
8
BLACK
6
CONTINUOUS
10
107.816
20
-115.347
11
107.721
21
-115.499
0
LINE
8
BLACK
6
CONTINUOUS
10
107.721
20
-115.499
11
107.594
21
-115.626
0
LINE
8
BLACK
6
CONTINUOUS
10
107.594
20
-115.626
11
107.443
21
-115.721
0
LINE
8
BLACK
6
CONTINUOUS
10
107.443
20
-115.721
11
107.274
21
-115.78
0
LINE
8
BLACK
6
CONTINUOUS
10
107.274
20
-115.78
11
107.096
21
-115.8
0
LINE
8
BLACK
6
CONTINUOUS
10
107.096
20
-115.8
11
106.918
21
-115.78
0
LINE
8
BLACK
6
CONTINUOUS
10
106.918
20
-115.78
11
106.748
21
-115.721
0
LINE
8
BLACK
6
CONTINUOUS
10
106.748
20
-115.721
11
106.597
21
-115.626
0
LINE
8
BLACK
6
CONTINUOUS
10
106.597
20
-115.626
11
106.47
21
-115.499
0
LINE
8
BLACK
6
CONTINUOUS
10
106.47
20
-115.499
11
106.375
21
-115.347
0
LINE
8
BLACK
6
CONTINUOUS
10
106.375
20
-115.347
11
106.316
21
-115.178
0
LINE
8
BLACK
6
CONTINUOUS
10
106.316
20
-115.178
11
106.295
21
-115
0
LINE
8
BLACK
6
CONTINUOUS
10
106.295
20
-115
11
106.316
21
-114.822
0
LINE
8
BLACK
6
CONTINUOUS
10
106.316
20
-114.822
11
106.375
21
-114.653
0
LINE
8
BLACK
6
CONTINUOUS
10
106.375
20
-114.653
11
106.47
21
-114.501
0
LINE
8
BLACK
6
CONTINUOUS
10
106.47
20
-114.501
11
106.597
21
-114.374
0
LINE
8
BLACK
6
CONTINUOUS
10
106.597
20
-114.374
11
106.748
21
-114.279
0
LINE
8
BLACK
6
CONTINUOUS
10
106.748
20
-114.279
11
106.918
21
-114.22
0
LINE
8
BLACK
6
CONTINUOUS
10
106.918
20
-114.22
11
107.096
21
-114.2
0
LINE
8
BLACK
6
CONTINUOUS
10
107.096
20
-114.2
11
107.274
21
-114.22
0
LINE
8
BLACK
6
CONTINUOUS
10
110.274
20
-114.22
11
110.443
21
-114.279
0
LINE
8
BLACK
6
CONTINUOUS
10
110.443
20
-114.279
11
110.594
21
-114.374
0
LINE
8
BLACK
6
CONTINUOUS
10
110.594
20
-114.374
11
110.721
21
-114.501
0
LINE
8
BLACK
6
CONTINUOUS
10
110.721
20
-114.501
11
110.816
21
-114.653
0
LINE
8
BLACK
6
CONTINUOUS
10
110.816
20
-114.653
11
110.876
21
-114.822
0
LINE
8
BLACK
6
CONTINUOUS
10
110.876
20
-114.822
11
110.896
21
-115
0
LINE
8
BLACK
6
CONTINUOUS
10
110.896
20
-115
11
110.876
21
-115.178
0
LINE
8
BLACK
6
CONTINUOUS
10
110.876
20
-115.178
11
110.816
21
-115.347
0
LINE
8
BLACK
6
CONTINUOUS
10
110.816
20
-115.347
11
110.721
21
-115.499
0
LINE
8
BLACK
6
CONTINUOUS
10
110.721
20
-115.499
11
110.594
21
-115.626
0
LINE
8
BLACK
6
CONTINUOUS
10
110.594
20
-115.626
11
110.443
21
-115.721
0
LINE
8
BLACK
6
CONTINUOUS
10
110.443
20
-115.721
11
110.274
21
-115.78
0
LINE
8
BLACK
6
CONTINUOUS
10
110.274
20
-115.78
11
110.096
21
-115.8
0
LINE
8
BLACK
6
CONTINUOUS
10
110.096
20
-115.8
11
109.918
21
-115.78
0
LINE
8
BLACK
6
CONTINUOUS
10
109.918
20
-115.78
11
109.748
21
-115.721
0
LINE
8
BLACK
6
CONTINUOUS
10
109.748
20
-115.721
11
109.597
21
-115.626
0
LINE
8
BLACK
6
CONTINUOUS
10
109.597
20
-115.626
11
109.47
21
-115.499
0
LINE
8
BLACK
6
CONTINUOUS
10
109.47
20
-115.499
11
109.375
21
-115.347
0
LINE
8
BLACK
6
CONTINUOUS
10
109.375
20
-115.347
11
109.316
21
-115.178
0
LINE
8
BLACK
6
CONTINUOUS
10
109.316
20
-115.178
11
109.295
21
-115
0
LINE
8
BLACK
6
CONTINUOUS
10
109.295
20
-115
11
109.316
21
-114.822
0
LINE
8
BLACK
6
CONTINUOUS
10
109.316
20
-114.822
11
109.375
21
-114.653
0
LINE
8
BLACK
6
CONTINUOUS
10
109.375
20
-114.653
11
109.47
21
-114.501
0
LINE
8
BLACK
6
CONTINUOUS
10
109.47
20
-114.501
11
109.597
21
-114.374
0
LINE
8
BLACK
6
CONTINUOUS
10
109.597
20
-114.374
11
109.748
21
-114.279
0
LINE
8
BLACK
6
CONTINUOUS
10
109.748
20
-114.279
11
109.918
21
-114.22
0
LINE
8
BLACK
6
CONTINUOUS
10
109.918
20
-114.22
11
110.096
21
-114.2
0
LINE
8
BLACK
6
CONTINUOUS
10
110.096
20
-114.2
11
110.274
21
-114.22
0
LINE
8
BLACK
6
CONTINUOUS
10
127.876
20
-114.619
11
127.957
21
-114.673
0
LINE
8
BLACK
6
CONTINUOUS
10
127.957
20
-114.673
11
128.011
21
-114.754
0
LINE
8
BLACK
6
CONTINUOUS
10
128.011
20
-114.754
11
128.03
21
-114.85
0
LINE
8
BLACK
6
CONTINUOUS
10
128.03
20
-114.85
11
128.03
21
-115.4
0
LINE
8
BLACK
6
CONTINUOUS
10
128.03
20
-115.4
11
128.011
21
-115.496
0
LINE
8
BLACK
6
CONTINUOUS
10
128.011
20
-115.496
11
127.957
21
-115.577
0
LINE
8
BLACK
6
CONTINUOUS
10
127.957
20
-115.577
11
127.876
21
-115.631
0
LINE
8
BLACK
6
CONTINUOUS
10
127.876
20
-115.631
11
127.78
21
-115.65
0
LINE
8
BLACK
6
CONTINUOUS
10
127.78
20
-115.65
11
126.38
21
-115.65
0
LINE
8
BLACK
6
CONTINUOUS
10
126.38
20
-115.65
11
126.284
21
-115.631
0
LINE
8
BLACK
6
CONTINUOUS
10
126.284
20
-115.631
11
126.203
21
-115.577
0
LINE
8
BLACK
6
CONTINUOUS
10
126.203
20
-115.577
11
126.149
21
-115.496
0
LINE
8
BLACK
6
CONTINUOUS
10
126.149
20
-115.496
11
126.13
21
-115.4
0
LINE
8
BLACK
6
CONTINUOUS
10
126.13
20
-115.4
11
126.13
21
-114.85
0
LINE
8
BLACK
6
CONTINUOUS
10
126.13
20
-114.85
11
126.149
21
-114.754
0
LINE
8
BLACK
6
CONTINUOUS
10
126.149
20
-114.754
11
126.203
21
-114.673
0
LINE
8
BLACK
6
CONTINUOUS
10
126.203
20
-114.673
11
126.284
21
-114.619
0
LINE
8
BLACK
6
CONTINUOUS
10
126.284
20
-114.619
11
126.38
21
-114.6
0
LINE
8
BLACK
6
CONTINUOUS
10
126.38
20
-114.6
11
127.78
21
-114.6
0
LINE
8
BLACK
6
CONTINUOUS
10
127.78
20
-114.6
11
127.876
21
-114.619
0
LINE
8
BLACK
6
CONTINUOUS
10
152.663
20
-115.504
11
151.368
21
-115.504
0
LINE
8
BLACK
6
CONTINUOUS
10
151.368
20
-115.504
11
151.368
21
-114.996
0
LINE
8
BLACK
6
CONTINUOUS
10
151.368
20
-114.996
11
152.663
21
-114.996
0
LINE
8
BLACK
6
CONTINUOUS
10
152.663
20
-114.996
11
152.663
21
-115.504
0
LINE
8
BLACK
6
CONTINUOUS
10
176.132
20
-115.504
11
174.837
21
-115.504
0
LINE
8
BLACK
6
CONTINUOUS
10
174.837
20
-115.504
11
174.837
21
-114.996
0
LINE
8
BLACK
6
CONTINUOUS
10
174.837
20
-114.996
11
176.132
21
-114.996
0
LINE
8
BLACK
6
CONTINUOUS
10
176.132
20
-114.996
11
176.132
21
-115.504
0
LINE
8
BLACK
6
CONTINUOUS
10
134.879
20
-114.881
11
134.927
21
-114.913
0
LINE
8
BLACK
6
CONTINUOUS
10
134.927
20
-114.913
11
134.959
21
-114.961
0
LINE
8
BLACK
6
CONTINUOUS
10
134.959
20
-114.961
11
134.97
21
-115.017
0
LINE
8
BLACK
6
CONTINUOUS
10
134.97
20
-115.017
11
134.97
21
-115.312
0
LINE
8
BLACK
6
CONTINUOUS
10
134.97
20
-115.312
11
134.959
21
-115.369
0
LINE
8
BLACK
6
CONTINUOUS
10
134.959
20
-115.369
11
134.927
21
-115.417
0
LINE
8
BLACK
6
CONTINUOUS
10
134.927
20
-115.417
11
134.879
21
-115.449
0
LINE
8
BLACK
6
CONTINUOUS
10
134.879
20
-115.449
11
134.822
21
-115.46
0
LINE
8
BLACK
6
CONTINUOUS
10
134.822
20
-115.46
11
134.477
21
-115.46
0
LINE
8
BLACK
6
CONTINUOUS
10
134.477
20
-115.46
11
134.421
21
-115.449
0
LINE
8
BLACK
6
CONTINUOUS
10
134.421
20
-115.449
11
134.373
21
-115.417
0
LINE
8
BLACK
6
CONTINUOUS
10
134.373
20
-115.417
11
134.341
21
-115.369
0
LINE
8
BLACK
6
CONTINUOUS
10
134.341
20
-115.369
11
134.33
21
-115.312
0
LINE
8
BLACK
6
CONTINUOUS
10
134.33
20
-115.312
11
134.33
21
-115.017
0
LINE
8
BLACK
6
CONTINUOUS
10
134.33
20
-115.017
11
134.341
21
-114.961
0
LINE
8
BLACK
6
CONTINUOUS
10
134.341
20
-114.961
11
134.373
21
-114.913
0
LINE
8
BLACK
6
CONTINUOUS
10
134.373
20
-114.913
11
134.421
21
-114.881
0
LINE
8
BLACK
6
CONTINUOUS
10
134.421
20
-114.881
11
134.477
21
-114.87
0
LINE
8
BLACK
6
CONTINUOUS
10
134.477
20
-114.87
11
134.822
21
-114.87
0
LINE
8
BLACK
6
CONTINUOUS
10
134.822
20
-114.87
11
134.879
21
-114.881
0
LINE
8
BLACK
6
CONTINUOUS
10
129.574
20
-114.751
11
129.619
21
-114.781
0
LINE
8
BLACK
6
CONTINUOUS
10
129.619
20
-114.781
11
129.649
21
-114.826
0
LINE
8
BLACK
6
CONTINUOUS
10
129.649
20
-114.826
11
129.66
21
-114.88
0
LINE
8
BLACK
6
CONTINUOUS
10
129.66
20
-114.88
11
129.66
21
-115.16
0
LINE
8
BLACK
6
CONTINUOUS
10
129.66
20
-115.16
11
129.649
21
-115.214
0
LINE
8
BLACK
6
CONTINUOUS
10
129.649
20
-115.214
11
129.619
21
-115.259
0
LINE
8
BLACK
6
CONTINUOUS
10
129.619
20
-115.259
11
129.574
21
-115.289
0
LINE
8
BLACK
6
CONTINUOUS
10
129.574
20
-115.289
11
129.52
21
-115.3
0
LINE
8
BLACK
6
CONTINUOUS
10
129.52
20
-115.3
11
129.18
21
-115.3
0
LINE
8
BLACK
6
CONTINUOUS
10
129.18
20
-115.3
11
129.126
21
-115.289
0
LINE
8
BLACK
6
CONTINUOUS
10
129.126
20
-115.289
11
129.081
21
-115.259
0
LINE
8
BLACK
6
CONTINUOUS
10
129.081
20
-115.259
11
129.051
21
-115.214
0
LINE
8
BLACK
6
CONTINUOUS
10
129.051
20
-115.214
11
129.04
21
-115.16
0
LINE
8
BLACK
6
CONTINUOUS
10
129.04
20
-115.16
11
129.04
21
-114.88
0
LINE
8
BLACK
6
CONTINUOUS
10
129.04
20
-114.88
11
129.051
21
-114.826
0
LINE
8
BLACK
6
CONTINUOUS
10
129.051
20
-114.826
11
129.081
21
-114.781
0
LINE
8
BLACK
6
CONTINUOUS
10
129.081
20
-114.781
11
129.126
21
-114.751
0
LINE
8
BLACK
6
CONTINUOUS
10
129.126
20
-114.751
11
129.18
21
-114.74
0
LINE
8
BLACK
6
CONTINUOUS
10
129.18
20
-114.74
11
129.52
21
-114.74
0
LINE
8
BLACK
6
CONTINUOUS
10
129.52
20
-114.74
11
129.574
21
-114.751
0
LINE
8
BLACK
6
CONTINUOUS
10
137.001
20
-114.039
11
137.082
21
-114.093
0
LINE
8
BLACK
6
CONTINUOUS
10
137.082
20
-114.093
11
137.136
21
-114.174
0
LINE
8
BLACK
6
CONTINUOUS
10
137.136
20
-114.174
11
137.155
21
-114.27
0
LINE
8
BLACK
6
CONTINUOUS
10
137.155
20
-114.27
11
137.155
21
-114.77
0
LINE
8
BLACK
6
CONTINUOUS
10
137.155
20
-114.77
11
137.136
21
-114.866
0
LINE
8
BLACK
6
CONTINUOUS
10
137.136
20
-114.866
11
137.082
21
-114.947
0
LINE
8
BLACK
6
CONTINUOUS
10
137.082
20
-114.947
11
137.001
21
-115.001
0
LINE
8
BLACK
6
CONTINUOUS
10
137.001
20
-115.001
11
136.905
21
-115.02
0
LINE
8
BLACK
6
CONTINUOUS
10
136.905
20
-115.02
11
135.955
21
-115.02
0
LINE
8
BLACK
6
CONTINUOUS
10
135.955
20
-115.02
11
135.859
21
-115.001
0
LINE
8
BLACK
6
CONTINUOUS
10
135.859
20
-115.001
11
135.778
21
-114.947
0
LINE
8
BLACK
6
CONTINUOUS
10
135.778
20
-114.947
11
135.724
21
-114.866
0
LINE
8
BLACK
6
CONTINUOUS
10
135.724
20
-114.866
11
135.705
21
-114.77
0
LINE
8
BLACK
6
CONTINUOUS
10
135.705
20
-114.77
11
135.705
21
-114.27
0
LINE
8
BLACK
6
CONTINUOUS
10
135.705
20
-114.27
11
135.724
21
-114.174
0
LINE
8
BLACK
6
CONTINUOUS
10
135.724
20
-114.174
11
135.778
21
-114.093
0
LINE
8
BLACK
6
CONTINUOUS
10
135.778
20
-114.093
11
135.859
21
-114.039
0
LINE
8
BLACK
6
CONTINUOUS
10
135.859
20
-114.039
11
135.955
21
-114.02
0
LINE
8
BLACK
6
CONTINUOUS
10
135.955
20
-114.02
11
136.905
21
-114.02
0
LINE
8
BLACK
6
CONTINUOUS
10
136.905
20
-114.02
11
137.001
21
-114.039
0
LINE
8
BLACK
6
CONTINUOUS
10
139.096
20
-114.039
11
139.177
21
-114.093
0
LINE
8
BLACK
6
CONTINUOUS
10
139.177
20
-114.093
11
139.231
21
-114.174
0
LINE
8
BLACK
6
CONTINUOUS
10
139.231
20
-114.174
11
139.25
21
-114.27
0
LINE
8
BLACK
6
CONTINUOUS
10
139.25
20
-114.27
11
139.25
21
-114.77
0
LINE
8
BLACK
6
CONTINUOUS
10
139.25
20
-114.77
11
139.231
21
-114.866
0
LINE
8
BLACK
6
CONTINUOUS
10
139.231
20
-114.866
11
139.177
21
-114.947
0
LINE
8
BLACK
6
CONTINUOUS
10
139.177
20
-114.947
11
139.096
21
-115.001
0
LINE
8
BLACK
6
CONTINUOUS
10
139.096
20
-115.001
11
139
21
-115.02
0
LINE
8
BLACK
6
CONTINUOUS
10
139
20
-115.02
11
138.05
21
-115.02
0
LINE
8
BLACK
6
CONTINUOUS
10
138.05
20
-115.02
11
137.954
21
-115.001
0
LINE
8
BLACK
6
CONTINUOUS
10
137.954
20
-115.001
11
137.873
21
-114.947
0
LINE
8
BLACK
6
CONTINUOUS
10
137.873
20
-114.947
11
137.819
21
-114.866
0
LINE
8
BLACK
6
CONTINUOUS
10
137.819
20
-114.866
11
137.8
21
-114.77
0
LINE
8
BLACK
6
CONTINUOUS
10
137.8
20
-114.77
11
137.8
21
-114.27
0
LINE
8
BLACK
6
CONTINUOUS
10
137.8
20
-114.27
11
137.819
21
-114.174
0
LINE
8
BLACK
6
CONTINUOUS
10
137.819
20
-114.174
11
137.873
21
-114.093
0
LINE
8
BLACK
6
CONTINUOUS
10
137.873
20
-114.093
11
137.954
21
-114.039
0
LINE
8
BLACK
6
CONTINUOUS
10
137.954
20
-114.039
11
138.05
21
-114.02
0
LINE
8
BLACK
6
CONTINUOUS
10
138.05
20
-114.02
11
139
21
-114.02
0
LINE
8
BLACK
6
CONTINUOUS
10
139
20
-114.02
11
139.096
21
-114.039
0
LINE
8
BLACK
6
CONTINUOUS
10
130.735
20
-114.719
11
130.506
21
-114.719
0
LINE
8
BLACK
6
CONTINUOUS
10
130.506
20
-114.719
11
130.506
21
-114.11
0
LINE
8
BLACK
6
CONTINUOUS
10
130.506
20
-114.11
11
130.735
21
-114.11
0
LINE
8
BLACK
6
CONTINUOUS
10
130.735
20
-114.11
11
130.735
21
-114.719
0
LINE
8
BLACK
6
CONTINUOUS
10
131.235
20
-114.719
11
131.006
21
-114.719
0
LINE
8
BLACK
6
CONTINUOUS
10
131.006
20
-114.719
11
131.006
21
-114.11
0
LINE
8
BLACK
6
CONTINUOUS
10
131.006
20
-114.11
11
131.235
21
-114.11
0
LINE
8
BLACK
6
CONTINUOUS
10
131.235
20
-114.11
11
131.235
21
-114.719
0
LINE
8
BLACK
6
CONTINUOUS
10
131.735
20
-114.719
11
131.506
21
-114.719
0
LINE
8
BLACK
6
CONTINUOUS
10
131.506
20
-114.719
11
131.506
21
-114.11
0
LINE
8
BLACK
6
CONTINUOUS
10
131.506
20
-114.11
11
131.735
21
-114.11
0
LINE
8
BLACK
6
CONTINUOUS
10
131.735
20
-114.11
11
131.735
21
-114.719
0
LINE
8
BLACK
6
CONTINUOUS
10
152.663
20
-114.504
11
151.368
21
-114.504
0
LINE
8
BLACK
6
CONTINUOUS
10
151.368
20
-114.504
11
151.368
21
-113.996
0
LINE
8
BLACK
6
CONTINUOUS
10
151.368
20
-113.996
11
152.663
21
-113.996
0
LINE
8
BLACK
6
CONTINUOUS
10
152.663
20
-113.996
11
152.663
21
-114.504
0
LINE
8
BLACK
6
CONTINUOUS
10
176.132
20
-114.504
11
174.837
21
-114.504
0
LINE
8
BLACK
6
CONTINUOUS
10
174.837
20
-114.504
11
174.837
21
-113.996
0
LINE
8
BLACK
6
CONTINUOUS
10
174.837
20
-113.996
11
176.132
21
-113.996
0
LINE
8
BLACK
6
CONTINUOUS
10
176.132
20
-113.996
11
176.132
21
-114.504
0
LINE
8
BLACK
6
CONTINUOUS
10
119.602
20
-112.965
11
119.666
21
-113.009
0
LINE
8
BLACK
6
CONTINUOUS
10
119.666
20
-113.009
11
119.71
21
-113.073
0
LINE
8
BLACK
6
CONTINUOUS
10
119.71
20
-113.073
11
119.725
21
-113.15
0
LINE
8
BLACK
6
CONTINUOUS
10
119.725
20
-113.15
11
119.725
21
-113.55
0
LINE
8
BLACK
6
CONTINUOUS
10
119.725
20
-113.55
11
119.71
21
-113.627
0
LINE
8
BLACK
6
CONTINUOUS
10
119.71
20
-113.627
11
119.666
21
-113.691
0
LINE
8
BLACK
6
CONTINUOUS
10
119.666
20
-113.691
11
119.602
21
-113.735
0
LINE
8
BLACK
6
CONTINUOUS
10
119.602
20
-113.735
11
119.525
21
-113.75
0
LINE
8
BLACK
6
CONTINUOUS
10
119.525
20
-113.75
11
118.975
21
-113.75
0
LINE
8
BLACK
6
CONTINUOUS
10
118.975
20
-113.75
11
118.898
21
-113.735
0
LINE
8
BLACK
6
CONTINUOUS
10
118.898
20
-113.735
11
118.834
21
-113.691
0
LINE
8
BLACK
6
CONTINUOUS
10
118.834
20
-113.691
11
118.79
21
-113.627
0
LINE
8
BLACK
6
CONTINUOUS
10
118.79
20
-113.627
11
118.775
21
-113.55
0
LINE
8
BLACK
6
CONTINUOUS
10
118.775
20
-113.55
11
118.775
21
-113.15
0
LINE
8
BLACK
6
CONTINUOUS
10
118.775
20
-113.15
11
118.79
21
-113.073
0
LINE
8
BLACK
6
CONTINUOUS
10
118.79
20
-113.073
11
118.834
21
-113.009
0
LINE
8
BLACK
6
CONTINUOUS
10
118.834
20
-113.009
11
118.898
21
-112.965
0
LINE
8
BLACK
6
CONTINUOUS
10
118.898
20
-112.965
11
118.975
21
-112.95
0
LINE
8
BLACK
6
CONTINUOUS
10
118.975
20
-112.95
11
119.525
21
-112.95
0
LINE
8
BLACK
6
CONTINUOUS
10
119.525
20
-112.95
11
119.602
21
-112.965
0
LINE
8
BLACK
6
CONTINUOUS
10
122.452
20
-112.965
11
122.516
21
-113.009
0
LINE
8
BLACK
6
CONTINUOUS
10
122.516
20
-113.009
11
122.56
21
-113.073
0
LINE
8
BLACK
6
CONTINUOUS
10
122.56
20
-113.073
11
122.575
21
-113.15
0
LINE
8
BLACK
6
CONTINUOUS
10
122.575
20
-113.15
11
122.575
21
-113.55
0
LINE
8
BLACK
6
CONTINUOUS
10
122.575
20
-113.55
11
122.56
21
-113.627
0
LINE
8
BLACK
6
CONTINUOUS
10
122.56
20
-113.627
11
122.516
21
-113.691
0
LINE
8
BLACK
6
CONTINUOUS
10
122.516
20
-113.691
11
122.452
21
-113.735
0
LINE
8
BLACK
6
CONTINUOUS
10
122.452
20
-113.735
11
122.375
21
-113.75
0
LINE
8
BLACK
6
CONTINUOUS
10
122.375
20
-113.75
11
121.825
21
-113.75
0
LINE
8
BLACK
6
CONTINUOUS
10
121.825
20
-113.75
11
121.748
21
-113.735
0
LINE
8
BLACK
6
CONTINUOUS
10
121.748
20
-113.735
11
121.684
21
-113.691
0
LINE
8
BLACK
6
CONTINUOUS
10
121.684
20
-113.691
11
121.64
21
-113.627
0
LINE
8
BLACK
6
CONTINUOUS
10
121.64
20
-113.627
11
121.625
21
-113.55
0
LINE
8
BLACK
6
CONTINUOUS
10
121.625
20
-113.55
11
121.625
21
-113.15
0
LINE
8
BLACK
6
CONTINUOUS
10
121.625
20
-113.15
11
121.64
21
-113.073
0
LINE
8
BLACK
6
CONTINUOUS
10
121.64
20
-113.073
11
121.684
21
-113.009
0
LINE
8
BLACK
6
CONTINUOUS
10
121.684
20
-113.009
11
121.748
21
-112.965
0
LINE
8
BLACK
6
CONTINUOUS
10
121.748
20
-112.965
11
121.825
21
-112.95
0
LINE
8
BLACK
6
CONTINUOUS
10
121.825
20
-112.95
11
122.375
21
-112.95
0
LINE
8
BLACK
6
CONTINUOUS
10
122.375
20
-112.95
11
122.452
21
-112.965
0
LINE
8
BLACK
6
CONTINUOUS
10
114.492
20
-112.95
11
114.556
21
-112.994
0
LINE
8
BLACK
6
CONTINUOUS
10
114.556
20
-112.994
11
114.6
21
-113.058
0
LINE
8
BLACK
6
CONTINUOUS
10
114.6
20
-113.058
11
114.615
21
-113.135
0
LINE
8
BLACK
6
CONTINUOUS
10
114.615
20
-113.135
11
114.615
21
-113.535
0
LINE
8
BLACK
6
CONTINUOUS
10
114.615
20
-113.535
11
114.6
21
-113.612
0
LINE
8
BLACK
6
CONTINUOUS
10
114.6
20
-113.612
11
114.556
21
-113.676
0
LINE
8
BLACK
6
CONTINUOUS
10
114.556
20
-113.676
11
114.492
21
-113.72
0
LINE
8
BLACK
6
CONTINUOUS
10
114.492
20
-113.72
11
114.415
21
-113.735
0
LINE
8
BLACK
6
CONTINUOUS
10
114.415
20
-113.735
11
113.865
21
-113.735
0
LINE
8
BLACK
6
CONTINUOUS
10
113.865
20
-113.735
11
113.788
21
-113.72
0
LINE
8
BLACK
6
CONTINUOUS
10
113.788
20
-113.72
11
113.724
21
-113.676
0
LINE
8
BLACK
6
CONTINUOUS
10
113.724
20
-113.676
11
113.68
21
-113.612
0
LINE
8
BLACK
6
CONTINUOUS
10
113.68
20
-113.612
11
113.665
21
-113.535
0
LINE
8
BLACK
6
CONTINUOUS
10
113.665
20
-113.535
11
113.665
21
-113.135
0
LINE
8
BLACK
6
CONTINUOUS
10
113.665
20
-113.135
11
113.68
21
-113.058
0
LINE
8
BLACK
6
CONTINUOUS
10
113.68
20
-113.058
11
113.724
21
-112.994
0
LINE
8
BLACK
6
CONTINUOUS
10
113.724
20
-112.994
11
113.788
21
-112.95
0
LINE
8
BLACK
6
CONTINUOUS
10
113.788
20
-112.95
11
113.865
21
-112.935
0
LINE
8
BLACK
6
CONTINUOUS
10
113.865
20
-112.935
11
114.415
21
-112.935
0
LINE
8
BLACK
6
CONTINUOUS
10
114.415
20
-112.935
11
114.492
21
-112.95
0
LINE
8
BLACK
6
CONTINUOUS
10
117.392
20
-112.95
11
117.456
21
-112.994
0
LINE
8
BLACK
6
CONTINUOUS
10
117.456
20
-112.994
11
117.5
21
-113.058
0
LINE
8
BLACK
6
CONTINUOUS
10
117.5
20
-113.058
11
117.515
21
-113.135
0
LINE
8
BLACK
6
CONTINUOUS
10
117.515
20
-113.135
11
117.515
21
-113.535
0
LINE
8
BLACK
6
CONTINUOUS
10
117.515
20
-113.535
11
117.5
21
-113.612
0
LINE
8
BLACK
6
CONTINUOUS
10
117.5
20
-113.612
11
117.456
21
-113.676
0
LINE
8
BLACK
6
CONTINUOUS
10
117.456
20
-113.676
11
117.392
21
-113.72
0
LINE
8
BLACK
6
CONTINUOUS
10
117.392
20
-113.72
11
117.315
21
-113.735
0
LINE
8
BLACK
6
CONTINUOUS
10
117.315
20
-113.735
11
116.765
21
-113.735
0
LINE
8
BLACK
6
CONTINUOUS
10
116.765
20
-113.735
11
116.688
21
-113.72
0
LINE
8
BLACK
6
CONTINUOUS
10
116.688
20
-113.72
11
116.624
21
-113.676
0
LINE
8
BLACK
6
CONTINUOUS
10
116.624
20
-113.676
11
116.58
21
-113.612
0
LINE
8
BLACK
6
CONTINUOUS
10
116.58
20
-113.612
11
116.565
21
-113.535
0
LINE
8
BLACK
6
CONTINUOUS
10
116.565
20
-113.535
11
116.565
21
-113.135
0
LINE
8
BLACK
6
CONTINUOUS
10
116.565
20
-113.135
11
116.58
21
-113.058
0
LINE
8
BLACK
6
CONTINUOUS
10
116.58
20
-113.058
11
116.624
21
-112.994
0
LINE
8
BLACK
6
CONTINUOUS
10
116.624
20
-112.994
11
116.688
21
-112.95
0
LINE
8
BLACK
6
CONTINUOUS
10
116.688
20
-112.95
11
116.765
21
-112.935
0
LINE
8
BLACK
6
CONTINUOUS
10
116.765
20
-112.935
11
117.315
21
-112.935
0
LINE
8
BLACK
6
CONTINUOUS
10
117.315
20
-112.935
11
117.392
21
-112.95
0
LINE
8
BLACK
6
CONTINUOUS
10
124.477
20
-112.94
11
124.541
21
-112.984
0
LINE
8
BLACK
6
CONTINUOUS
10
124.541
20
-112.984
11
124.585
21
-113.048
0
LINE
8
BLACK
6
CONTINUOUS
10
124.585
20
-113.048
11
124.6
21
-113.125
0
LINE
8
BLACK
6
CONTINUOUS
10
124.6
20
-113.125
11
124.6
21
-113.525
0
LINE
8
BLACK
6
CONTINUOUS
10
124.6
20
-113.525
11
124.585
21
-113.602
0
LINE
8
BLACK
6
CONTINUOUS
10
124.585
20
-113.602
11
124.541
21
-113.666
0
LINE
8
BLACK
6
CONTINUOUS
10
124.541
20
-113.666
11
124.477
21
-113.71
0
LINE
8
BLACK
6
CONTINUOUS
10
124.477
20
-113.71
11
124.4
21
-113.725
0
LINE
8
BLACK
6
CONTINUOUS
10
124.4
20
-113.725
11
123.85
21
-113.725
0
LINE
8
BLACK
6
CONTINUOUS
10
123.85
20
-113.725
11
123.773
21
-113.71
0
LINE
8
BLACK
6
CONTINUOUS
10
123.773
20
-113.71
11
123.709
21
-113.666
0
LINE
8
BLACK
6
CONTINUOUS
10
123.709
20
-113.666
11
123.665
21
-113.602
0
LINE
8
BLACK
6
CONTINUOUS
10
123.665
20
-113.602
11
123.65
21
-113.525
0
LINE
8
BLACK
6
CONTINUOUS
10
123.65
20
-113.525
11
123.65
21
-113.125
0
LINE
8
BLACK
6
CONTINUOUS
10
123.65
20
-113.125
11
123.665
21
-113.048
0
LINE
8
BLACK
6
CONTINUOUS
10
123.665
20
-113.048
11
123.709
21
-112.984
0
LINE
8
BLACK
6
CONTINUOUS
10
123.709
20
-112.984
11
123.773
21
-112.94
0
LINE
8
BLACK
6
CONTINUOUS
10
123.773
20
-112.94
11
123.85
21
-112.925
0
LINE
8
BLACK
6
CONTINUOUS
10
123.85
20
-112.925
11
124.4
21
-112.925
0
LINE
8
BLACK
6
CONTINUOUS
10
124.4
20
-112.925
11
124.477
21
-112.94
0
LINE
8
BLACK
6
CONTINUOUS
10
126.065
20
-112.864
11
126.136
21
-112.912
0
LINE
8
BLACK
6
CONTINUOUS
10
126.136
20
-112.912
11
126.183
21
-112.983
0
LINE
8
BLACK
6
CONTINUOUS
10
126.183
20
-112.983
11
126.2
21
-113.066
0
LINE
8
BLACK
6
CONTINUOUS
10
126.2
20
-113.066
11
126.2
21
-113.504
0
LINE
8
BLACK
6
CONTINUOUS
10
126.2
20
-113.504
11
126.183
21
-113.587
0
LINE
8
BLACK
6
CONTINUOUS
10
126.183
20
-113.587
11
126.136
21
-113.658
0
LINE
8
BLACK
6
CONTINUOUS
10
126.136
20
-113.658
11
126.065
21
-113.706
0
LINE
8
BLACK
6
CONTINUOUS
10
126.065
20
-113.706
11
125.981
21
-113.722
0
LINE
8
BLACK
6
CONTINUOUS
10
125.981
20
-113.722
11
125.469
21
-113.722
0
LINE
8
BLACK
6
CONTINUOUS
10
125.469
20
-113.722
11
125.385
21
-113.706
0
LINE
8
BLACK
6
CONTINUOUS
10
125.385
20
-113.706
11
125.314
21
-113.658
0
LINE
8
BLACK
6
CONTINUOUS
10
125.314
20
-113.658
11
125.267
21
-113.587
0
LINE
8
BLACK
6
CONTINUOUS
10
125.267
20
-113.587
11
125.25
21
-113.504
0
LINE
8
BLACK
6
CONTINUOUS
10
125.25
20
-113.504
11
125.25
21
-113.066
0
LINE
8
BLACK
6
CONTINUOUS
10
125.25
20
-113.066
11
125.267
21
-112.983
0
LINE
8
BLACK
6
CONTINUOUS
10
125.267
20
-112.983
11
125.314
21
-112.912
0
LINE
8
BLACK
6
CONTINUOUS
10
125.314
20
-112.912
11
125.385
21
-112.864
0
LINE
8
BLACK
6
CONTINUOUS
10
125.385
20
-112.864
11
125.469
21
-112.847
0
LINE
8
BLACK
6
CONTINUOUS
10
125.469
20
-112.847
11
125.981
21
-112.847
0
LINE
8
BLACK
6
CONTINUOUS
10
125.981
20
-112.847
11
126.065
21
-112.864
0
LINE
8
BLACK
6
CONTINUOUS
10
152.663
20
-113.504
11
151.368
21
-113.504
0
LINE
8
BLACK
6
CONTINUOUS
10
151.368
20
-113.504
11
151.368
21
-112.996
0
LINE
8
BLACK
6
CONTINUOUS
10
151.368
20
-112.996
11
152.663
21
-112.996
0
LINE
8
BLACK
6
CONTINUOUS
10
152.663
20
-112.996
11
152.663
21
-113.504
0
LINE
8
BLACK
6
CONTINUOUS
10
176.132
20
-113.504
11
174.837
21
-113.504
0
LINE
8
BLACK
6
CONTINUOUS
10
174.837
20
-113.504
11
174.837
21
-112.996
0
LINE
8
BLACK
6
CONTINUOUS
10
174.837
20
-112.996
11
176.132
21
-112.996
0
LINE
8
BLACK
6
CONTINUOUS
10
176.132
20
-112.996
11
176.132
21
-113.504
0
LINE
8
BLACK
6
CONTINUOUS
10
107.274
20
-111.72
11
107.443
21
-111.779
0
LINE
8
BLACK
6
CONTINUOUS
10
107.443
20
-111.779
11
107.594
21
-111.874
0
LINE
8
BLACK
6
CONTINUOUS
10
107.594
20
-111.874
11
107.721
21
-112.001
0
LINE
8
BLACK
6
CONTINUOUS
10
107.721
20
-112.001
11
107.816
21
-112.153
0
LINE
8
BLACK
6
CONTINUOUS
10
107.816
20
-112.153
11
107.876
21
-112.322
0
LINE
8
BLACK
6
CONTINUOUS
10
107.876
20
-112.322
11
107.896
21
-112.5
0
LINE
8
BLACK
6
CONTINUOUS
10
107.896
20
-112.5
11
107.876
21
-112.678
0
LINE
8
BLACK
6
CONTINUOUS
10
107.876
20
-112.678
11
107.816
21
-112.847
0
LINE
8
BLACK
6
CONTINUOUS
10
107.816
20
-112.847
11
107.721
21
-112.999
0
LINE
8
BLACK
6
CONTINUOUS
10
107.721
20
-112.999
11
107.594
21
-113.126
0
LINE
8
BLACK
6
CONTINUOUS
10
107.594
20
-113.126
11
107.443
21
-113.221
0
LINE
8
BLACK
6
CONTINUOUS
10
107.443
20
-113.221
11
107.274
21
-113.28
0
LINE
8
BLACK
6
CONTINUOUS
10
107.274
20
-113.28
11
107.096
21
-113.3
0
LINE
8
BLACK
6
CONTINUOUS
10
107.096
20
-113.3
11
106.918
21
-113.28
0
LINE
8
BLACK
6
CONTINUOUS
10
106.918
20
-113.28
11
106.748
21
-113.221
0
LINE
8
BLACK
6
CONTINUOUS
10
106.748
20
-113.221
11
106.597
21
-113.126
0
LINE
8
BLACK
6
CONTINUOUS
10
106.597
20
-113.126
11
106.47
21
-112.999
0
LINE
8
BLACK
6
CONTINUOUS
10
106.47
20
-112.999
11
106.375
21
-112.847
0
LINE
8
BLACK
6
CONTINUOUS
10
106.375
20
-112.847
11
106.316
21
-112.678
0
LINE
8
BLACK
6
CONTINUOUS
10
106.316
20
-112.678
11
106.295
21
-112.5
0
LINE
8
BLACK
6
CONTINUOUS
10
106.295
20
-112.5
11
106.316
21
-112.322
0
LINE
8
BLACK
6
CONTINUOUS
10
106.316
20
-112.322
11
106.375
21
-112.153
0
LINE
8
BLACK
6
CONTINUOUS
10
106.375
20
-112.153
11
106.47
21
-112.001
0
LINE
8
BLACK
6
CONTINUOUS
10
106.47
20
-112.001
11
106.597
21
-111.874
0
LINE
8
BLACK
6
CONTINUOUS
10
106.597
20
-111.874
11
106.748
21
-111.779
0
LINE
8
BLACK
6
CONTINUOUS
10
106.748
20
-111.779
11
106.918
21
-111.72
0
LINE
8
BLACK
6
CONTINUOUS
10
106.918
20
-111.72
11
107.096
21
-111.7
0
LINE
8
BLACK
6
CONTINUOUS
10
107.096
20
-111.7
11
107.274
21
-111.72
0
LINE
8
BLACK
6
CONTINUOUS
10
110.274
20
-111.72
11
110.443
21
-111.779
0
LINE
8
BLACK
6
CONTINUOUS
10
110.443
20
-111.779
11
110.594
21
-111.874
0
LINE
8
BLACK
6
CONTINUOUS
10
110.594
20
-111.874
11
110.721
21
-112.001
0
LINE
8
BLACK
6
CONTINUOUS
10
110.721
20
-112.001
11
110.816
21
-112.153
0
LINE
8
BLACK
6
CONTINUOUS
10
110.816
20
-112.153
11
110.876
21
-112.322
0
LINE
8
BLACK
6
CONTINUOUS
10
110.876
20
-112.322
11
110.896
21
-112.5
0
LINE
8
BLACK
6
CONTINUOUS
10
110.896
20
-112.5
11
110.876
21
-112.678
0
LINE
8
BLACK
6
CONTINUOUS
10
110.876
20
-112.678
11
110.816
21
-112.847
0
LINE
8
BLACK
6
CONTINUOUS
10
110.816
20
-112.847
11
110.721
21
-112.999
0
LINE
8
BLACK
6
CONTINUOUS
10
110.721
20
-112.999
11
110.594
21
-113.126
0
LINE
8
BLACK
6
CONTINUOUS
10
110.594
20
-113.126
11
110.443
21
-113.221
0
LINE
8
BLACK
6
CONTINUOUS
10
110.443
20
-113.221
11
110.274
21
-113.28
0
LINE
8
BLACK
6
CONTINUOUS
10
110.274
20
-113.28
11
110.096
21
-113.3
0
LINE
8
BLACK
6
CONTINUOUS
10
110.096
20
-113.3
11
109.918
21
-113.28
0
LINE
8
BLACK
6
CONTINUOUS
10
109.918
20
-113.28
11
109.748
21
-113.221
0
LINE
8
BLACK
6
CONTINUOUS
10
109.748
20
-113.221
11
109.597
21
-113.126
0
LINE
8
BLACK
6
CONTINUOUS
10
109.597
20
-113.126
11
109.47
21
-112.999
0
LINE
8
BLACK
6
CONTINUOUS
10
109.47
20
-112.999
11
109.375
21
-112.847
0
LINE
8
BLACK
6
CONTINUOUS
10
109.375
20
-112.847
11
109.316
21
-112.678
0
LINE
8
BLACK
6
CONTINUOUS
10
109.316
20
-112.678
11
109.295
21
-112.5
0
LINE
8
BLACK
6
CONTINUOUS
10
109.295
20
-112.5
11
109.316
21
-112.322
0
LINE
8
BLACK
6
CONTINUOUS
10
109.316
20
-112.322
11
109.375
21
-112.153
0
LINE
8
BLACK
6
CONTINUOUS
10
109.375
20
-112.153
11
109.47
21
-112.001
0
LINE
8
BLACK
6
CONTINUOUS
10
109.47
20
-112.001
11
109.597
21
-111.874
0
LINE
8
BLACK
6
CONTINUOUS
10
109.597
20
-111.874
11
109.748
21
-111.779
0
LINE
8
BLACK
6
CONTINUOUS
10
109.748
20
-111.779
11
109.918
21
-111.72
0
LINE
8
BLACK
6
CONTINUOUS
10
109.918
20
-111.72
11
110.096
21
-111.7
0
LINE
8
BLACK
6
CONTINUOUS
10
110.096
20
-111.7
11
110.274
21
-111.72
0
LINE
8
BLACK
6
CONTINUOUS
10
145.945
20
-111.269
11
146.133
21
-111.326
0
LINE
8
BLACK
6
CONTINUOUS
10
146.133
20
-111.326
11
146.306
21
-111.419
0
LINE
8
BLACK
6
CONTINUOUS
10
146.306
20
-111.419
11
146.457
21
-111.543
0
LINE
8
BLACK
6
CONTINUOUS
10
146.457
20
-111.543
11
146.581
21
-111.694
0
LINE
8
BLACK
6
CONTINUOUS
10
146.581
20
-111.694
11
146.674
21
-111.867
0
LINE
8
BLACK
6
CONTINUOUS
10
146.674
20
-111.867
11
146.731
21
-112.055
0
LINE
8
BLACK
6
CONTINUOUS
10
146.731
20
-112.055
11
146.75
21
-112.25
0
LINE
8
BLACK
6
CONTINUOUS
10
146.75
20
-112.25
11
146.731
21
-112.445
0
LINE
8
BLACK
6
CONTINUOUS
10
146.731
20
-112.445
11
146.674
21
-112.633
0
LINE
8
BLACK
6
CONTINUOUS
10
146.674
20
-112.633
11
146.581
21
-112.806
0
LINE
8
BLACK
6
CONTINUOUS
10
146.581
20
-112.806
11
146.457
21
-112.957
0
LINE
8
BLACK
6
CONTINUOUS
10
146.457
20
-112.957
11
146.306
21
-113.081
0
LINE
8
BLACK
6
CONTINUOUS
10
146.306
20
-113.081
11
146.133
21
-113.174
0
LINE
8
BLACK
6
CONTINUOUS
10
146.133
20
-113.174
11
145.945
21
-113.231
0
LINE
8
BLACK
6
CONTINUOUS
10
145.945
20
-113.231
11
145.75
21
-113.25
0
LINE
8
BLACK
6
CONTINUOUS
10
145.75
20
-113.25
11
145.555
21
-113.231
0
LINE
8
BLACK
6
CONTINUOUS
10
145.555
20
-113.231
11
145.367
21
-113.174
0
LINE
8
BLACK
6
CONTINUOUS
10
145.367
20
-113.174
11
145.194
21
-113.081
0
LINE
8
BLACK
6
CONTINUOUS
10
145.194
20
-113.081
11
145.043
21
-112.957
0
LINE
8
BLACK
6
CONTINUOUS
10
145.043
20
-112.957
11
144.919
21
-112.806
0
LINE
8
BLACK
6
CONTINUOUS
10
144.919
20
-112.806
11
144.826
21
-112.633
0
LINE
8
BLACK
6
CONTINUOUS
10
144.826
20
-112.633
11
144.769
21
-112.445
0
LINE
8
BLACK
6
CONTINUOUS
10
144.769
20
-112.445
11
144.75
21
-112.25
0
LINE
8
BLACK
6
CONTINUOUS
10
144.75
20
-112.25
11
144.769
21
-112.055
0
LINE
8
BLACK
6
CONTINUOUS
10
144.769
20
-112.055
11
144.826
21
-111.867
0
LINE
8
BLACK
6
CONTINUOUS
10
144.826
20
-111.867
11
144.919
21
-111.694
0
LINE
8
BLACK
6
CONTINUOUS
10
144.919
20
-111.694
11
145.043
21
-111.543
0
LINE
8
BLACK
6
CONTINUOUS
10
145.043
20
-111.543
11
145.194
21
-111.419
0
LINE
8
BLACK
6
CONTINUOUS
10
145.194
20
-111.419
11
145.367
21
-111.326
0
LINE
8
BLACK
6
CONTINUOUS
10
145.367
20
-111.326
11
145.555
21
-111.269
0
LINE
8
BLACK
6
CONTINUOUS
10
145.555
20
-111.269
11
145.75
21
-111.25
0
LINE
8
BLACK
6
CONTINUOUS
10
145.75
20
-111.25
11
145.945
21
-111.269
0
LINE
8
BLACK
6
CONTINUOUS
10
129.589
20
-112.532
11
129.637
21
-112.564
0
LINE
8
BLACK
6
CONTINUOUS
10
129.637
20
-112.564
11
129.669
21
-112.611
0
LINE
8
BLACK
6
CONTINUOUS
10
129.669
20
-112.611
11
129.68
21
-112.668
0
LINE
8
BLACK
6
CONTINUOUS
10
129.68
20
-112.668
11
129.68
21
-113.013
0
LINE
8
BLACK
6
CONTINUOUS
10
129.68
20
-113.013
11
129.669
21
-113.069
0
LINE
8
BLACK
6
CONTINUOUS
10
129.669
20
-113.069
11
129.637
21
-113.117
0
LINE
8
BLACK
6
CONTINUOUS
10
129.637
20
-113.117
11
129.589
21
-113.149
0
LINE
8
BLACK
6
CONTINUOUS
10
129.589
20
-113.149
11
129.533
21
-113.16
0
LINE
8
BLACK
6
CONTINUOUS
10
129.533
20
-113.16
11
129.238
21
-113.16
0
LINE
8
BLACK
6
CONTINUOUS
10
129.238
20
-113.16
11
129.181
21
-113.149
0
LINE
8
BLACK
6
CONTINUOUS
10
129.181
20
-113.149
11
129.133
21
-113.117
0
LINE
8
BLACK
6
CONTINUOUS
10
129.133
20
-113.117
11
129.101
21
-113.069
0
LINE
8
BLACK
6
CONTINUOUS
10
129.101
20
-113.069
11
129.09
21
-113.013
0
LINE
8
BLACK
6
CONTINUOUS
10
129.09
20
-113.013
11
129.09
21
-112.668
0
LINE
8
BLACK
6
CONTINUOUS
10
129.09
20
-112.668
11
129.101
21
-112.611
0
LINE
8
BLACK
6
CONTINUOUS
10
129.101
20
-112.611
11
129.133
21
-112.564
0
LINE
8
BLACK
6
CONTINUOUS
10
129.133
20
-112.564
11
129.181
21
-112.532
0
LINE
8
BLACK
6
CONTINUOUS
10
129.181
20
-112.532
11
129.238
21
-112.52
0
LINE
8
BLACK
6
CONTINUOUS
10
129.238
20
-112.52
11
129.533
21
-112.52
0
LINE
8
BLACK
6
CONTINUOUS
10
129.533
20
-112.52
11
129.589
21
-112.532
0
LINE
8
BLACK
6
CONTINUOUS
10
130.559
20
-112.532
11
130.607
21
-112.564
0
LINE
8
BLACK
6
CONTINUOUS
10
130.607
20
-112.564
11
130.639
21
-112.611
0
LINE
8
BLACK
6
CONTINUOUS
10
130.639
20
-112.611
11
130.65
21
-112.668
0
LINE
8
BLACK
6
CONTINUOUS
10
130.65
20
-112.668
11
130.65
21
-113.013
0
LINE
8
BLACK
6
CONTINUOUS
10
130.65
20
-113.013
11
130.639
21
-113.069
0
LINE
8
BLACK
6
CONTINUOUS
10
130.639
20
-113.069
11
130.607
21
-113.117
0
LINE
8
BLACK
6
CONTINUOUS
10
130.607
20
-113.117
11
130.559
21
-113.149
0
LINE
8
BLACK
6
CONTINUOUS
10
130.559
20
-113.149
11
130.503
21
-113.16
0
LINE
8
BLACK
6
CONTINUOUS
10
130.503
20
-113.16
11
130.208
21
-113.16
0
LINE
8
BLACK
6
CONTINUOUS
10
130.208
20
-113.16
11
130.151
21
-113.149
0
LINE
8
BLACK
6
CONTINUOUS
10
130.151
20
-113.149
11
130.103
21
-113.117
0
LINE
8
BLACK
6
CONTINUOUS
10
130.103
20
-113.117
11
130.071
21
-113.069
0
LINE
8
BLACK
6
CONTINUOUS
10
130.071
20
-113.069
11
130.06
21
-113.013
0
LINE
8
BLACK
6
CONTINUOUS
10
130.06
20
-113.013
11
130.06
21
-112.668
0
LINE
8
BLACK
6
CONTINUOUS
10
130.06
20
-112.668
11
130.071
21
-112.611
0
LINE
8
BLACK
6
CONTINUOUS
10
130.071
20
-112.611
11
130.103
21
-112.564
0
LINE
8
BLACK
6
CONTINUOUS
10
130.103
20
-112.564
11
130.151
21
-112.532
0
LINE
8
BLACK
6
CONTINUOUS
10
130.151
20
-112.532
11
130.208
21
-112.52
0
LINE
8
BLACK
6
CONTINUOUS
10
130.208
20
-112.52
11
130.503
21
-112.52
0
LINE
8
BLACK
6
CONTINUOUS
10
130.503
20
-112.52
11
130.559
21
-112.532
0
LINE
8
BLACK
6
CONTINUOUS
10
131.937
20
-112.52
11
131.98
21
-112.55
0
LINE
8
BLACK
6
CONTINUOUS
10
131.98
20
-112.55
11
132.01
21
-112.593
0
LINE
8
BLACK
6
CONTINUOUS
10
132.01
20
-112.593
11
132.02
21
-112.645
0
LINE
8
BLACK
6
CONTINUOUS
10
132.02
20
-112.645
11
132.02
21
-113.015
0
LINE
8
BLACK
6
CONTINUOUS
10
132.02
20
-113.015
11
132.01
21
-113.067
0
LINE
8
BLACK
6
CONTINUOUS
10
132.01
20
-113.067
11
131.98
21
-113.11
0
LINE
8
BLACK
6
CONTINUOUS
10
131.98
20
-113.11
11
131.937
21
-113.14
0
LINE
8
BLACK
6
CONTINUOUS
10
131.937
20
-113.14
11
131.885
21
-113.15
0
LINE
8
BLACK
6
CONTINUOUS
10
131.885
20
-113.15
11
131.615
21
-113.15
0
LINE
8
BLACK
6
CONTINUOUS
10
131.615
20
-113.15
11
131.563
21
-113.14
0
LINE
8
BLACK
6
CONTINUOUS
10
131.563
20
-113.14
11
131.52
21
-113.11
0
LINE
8
BLACK
6
CONTINUOUS
10
131.52
20
-113.11
11
131.49
21
-113.067
0
LINE
8
BLACK
6
CONTINUOUS
10
131.49
20
-113.067
11
131.48
21
-113.015
0
LINE
8
BLACK
6
CONTINUOUS
10
131.48
20
-113.015
11
131.48
21
-112.645
0
LINE
8
BLACK
6
CONTINUOUS
10
131.48
20
-112.645
11
131.49
21
-112.593
0
LINE
8
BLACK
6
CONTINUOUS
10
131.49
20
-112.593
11
131.52
21
-112.55
0
LINE
8
BLACK
6
CONTINUOUS
10
131.52
20
-112.55
11
131.563
21
-112.52
0
LINE
8
BLACK
6
CONTINUOUS
10
131.563
20
-112.52
11
131.615
21
-112.51
0
LINE
8
BLACK
6
CONTINUOUS
10
131.615
20
-112.51
11
131.885
21
-112.51
0
LINE
8
BLACK
6
CONTINUOUS
10
131.885
20
-112.51
11
131.937
21
-112.52
0
LINE
8
BLACK
6
CONTINUOUS
10
132.957
20
-112.52
11
133
21
-112.55
0
LINE
8
BLACK
6
CONTINUOUS
10
133
20
-112.55
11
133.03
21
-112.593
0
LINE
8
BLACK
6
CONTINUOUS
10
133.03
20
-112.593
11
133.04
21
-112.645
0
LINE
8
BLACK
6
CONTINUOUS
10
133.04
20
-112.645
11
133.04
21
-113.015
0
LINE
8
BLACK
6
CONTINUOUS
10
133.04
20
-113.015
11
133.03
21
-113.067
0
LINE
8
BLACK
6
CONTINUOUS
10
133.03
20
-113.067
11
133
21
-113.11
0
LINE
8
BLACK
6
CONTINUOUS
10
133
20
-113.11
11
132.957
21
-113.14
0
LINE
8
BLACK
6
CONTINUOUS
10
132.957
20
-113.14
11
132.905
21
-113.15
0
LINE
8
BLACK
6
CONTINUOUS
10
132.905
20
-113.15
11
132.635
21
-113.15
0
LINE
8
BLACK
6
CONTINUOUS
10
132.635
20
-113.15
11
132.583
21
-113.14
0
LINE
8
BLACK
6
CONTINUOUS
10
132.583
20
-113.14
11
132.54
21
-113.11
0
LINE
8
BLACK
6
CONTINUOUS
10
132.54
20
-113.11
11
132.51
21
-113.067
0
LINE
8
BLACK
6
CONTINUOUS
10
132.51
20
-113.067
11
132.5
21
-113.015
0
LINE
8
BLACK
6
CONTINUOUS
10
132.5
20
-113.015
11
132.5
21
-112.645
0
LINE
8
BLACK
6
CONTINUOUS
10
132.5
20
-112.645
11
132.51
21
-112.593
0
LINE
8
BLACK
6
CONTINUOUS
10
132.51
20
-112.593
11
132.54
21
-112.55
0
LINE
8
BLACK
6
CONTINUOUS
10
132.54
20
-112.55
11
132.583
21
-112.52
0
LINE
8
BLACK
6
CONTINUOUS
10
132.583
20
-112.52
11
132.635
21
-112.51
0
LINE
8
BLACK
6
CONTINUOUS
10
132.635
20
-112.51
11
132.905
21
-112.51
0
LINE
8
BLACK
6
CONTINUOUS
10
132.905
20
-112.51
11
132.957
21
-112.52
0
LINE
8
BLACK
6
CONTINUOUS
10
128.557
20
-112.6
11
128.6
21
-112.63
0
LINE
8
BLACK
6
CONTINUOUS
10
128.6
20
-112.63
11
128.63
21
-112.673
0
LINE
8
BLACK
6
CONTINUOUS
10
128.63
20
-112.673
11
128.64
21
-112.725
0
LINE
8
BLACK
6
CONTINUOUS
10
128.64
20
-112.725
11
128.64
21
-112.995
0
LINE
8
BLACK
6
CONTINUOUS
10
128.64
20
-112.995
11
128.63
21
-113.047
0
LINE
8
BLACK
6
CONTINUOUS
10
128.63
20
-113.047
11
128.6
21
-113.09
0
LINE
8
BLACK
6
CONTINUOUS
10
128.6
20
-113.09
11
128.557
21
-113.12
0
LINE
8
BLACK
6
CONTINUOUS
10
128.557
20
-113.12
11
128.505
21
-113.13
0
LINE
8
BLACK
6
CONTINUOUS
10
128.505
20
-113.13
11
128.135
21
-113.13
0
LINE
8
BLACK
6
CONTINUOUS
10
128.135
20
-113.13
11
128.083
21
-113.12
0
LINE
8
BLACK
6
CONTINUOUS
10
128.083
20
-113.12
11
128.04
21
-113.09
0
LINE
8
BLACK
6
CONTINUOUS
10
128.04
20
-113.09
11
128.01
21
-113.047
0
LINE
8
BLACK
6
CONTINUOUS
10
128.01
20
-113.047
11
128
21
-112.995
0
LINE
8
BLACK
6
CONTINUOUS
10
128
20
-112.995
11
128
21
-112.725
0
LINE
8
BLACK
6
CONTINUOUS
10
128
20
-112.725
11
128.01
21
-112.673
0
LINE
8
BLACK
6
CONTINUOUS
10
128.01
20
-112.673
11
128.04
21
-112.63
0
LINE
8
BLACK
6
CONTINUOUS
10
128.04
20
-112.63
11
128.083
21
-112.6
0
LINE
8
BLACK
6
CONTINUOUS
10
128.083
20
-112.6
11
128.135
21
-112.59
0
LINE
8
BLACK
6
CONTINUOUS
10
128.135
20
-112.59
11
128.505
21
-112.59
0
LINE
8
BLACK
6
CONTINUOUS
10
128.505
20
-112.59
11
128.557
21
-112.6
0
LINE
8
BLACK
6
CONTINUOUS
10
120.909
20
-112.401
11
120.954
21
-112.431
0
LINE
8
BLACK
6
CONTINUOUS
10
120.954
20
-112.431
11
120.984
21
-112.476
0
LINE
8
BLACK
6
CONTINUOUS
10
120.984
20
-112.476
11
120.995
21
-112.53
0
LINE
8
BLACK
6
CONTINUOUS
10
120.995
20
-112.53
11
120.995
21
-112.81
0
LINE
8
BLACK
6
CONTINUOUS
10
120.995
20
-112.81
11
120.984
21
-112.864
0
LINE
8
BLACK
6
CONTINUOUS
10
120.984
20
-112.864
11
120.954
21
-112.909
0
LINE
8
BLACK
6
CONTINUOUS
10
120.954
20
-112.909
11
120.909
21
-112.939
0
LINE
8
BLACK
6
CONTINUOUS
10
120.909
20
-112.939
11
120.855
21
-112.95
0
LINE
8
BLACK
6
CONTINUOUS
10
120.855
20
-112.95
11
120.515
21
-112.95
0
LINE
8
BLACK
6
CONTINUOUS
10
120.515
20
-112.95
11
120.461
21
-112.939
0
LINE
8
BLACK
6
CONTINUOUS
10
120.461
20
-112.939
11
120.416
21
-112.909
0
LINE
8
BLACK
6
CONTINUOUS
10
120.416
20
-112.909
11
120.386
21
-112.864
0
LINE
8
BLACK
6
CONTINUOUS
10
120.386
20
-112.864
11
120.375
21
-112.81
0
LINE
8
BLACK
6
CONTINUOUS
10
120.375
20
-112.81
11
120.375
21
-112.53
0
LINE
8
BLACK
6
CONTINUOUS
10
120.375
20
-112.53
11
120.386
21
-112.476
0
LINE
8
BLACK
6
CONTINUOUS
10
120.386
20
-112.476
11
120.416
21
-112.431
0
LINE
8
BLACK
6
CONTINUOUS
10
120.416
20
-112.431
11
120.461
21
-112.401
0
LINE
8
BLACK
6
CONTINUOUS
10
120.461
20
-112.401
11
120.515
21
-112.39
0
LINE
8
BLACK
6
CONTINUOUS
10
120.515
20
-112.39
11
120.855
21
-112.39
0
LINE
8
BLACK
6
CONTINUOUS
10
120.855
20
-112.39
11
120.909
21
-112.401
0
LINE
8
BLACK
6
CONTINUOUS
10
115.824
20
-112.386
11
115.869
21
-112.416
0
LINE
8
BLACK
6
CONTINUOUS
10
115.869
20
-112.416
11
115.899
21
-112.461
0
LINE
8
BLACK
6
CONTINUOUS
10
115.899
20
-112.461
11
115.91
21
-112.515
0
LINE
8
BLACK
6
CONTINUOUS
10
115.91
20
-112.515
11
115.91
21
-112.795
0
LINE
8
BLACK
6
CONTINUOUS
10
115.91
20
-112.795
11
115.899
21
-112.849
0
LINE
8
BLACK
6
CONTINUOUS
10
115.899
20
-112.849
11
115.869
21
-112.894
0
LINE
8
BLACK
6
CONTINUOUS
10
115.869
20
-112.894
11
115.824
21
-112.924
0
LINE
8
BLACK
6
CONTINUOUS
10
115.824
20
-112.924
11
115.77
21
-112.935
0
LINE
8
BLACK
6
CONTINUOUS
10
115.77
20
-112.935
11
115.43
21
-112.935
0
LINE
8
BLACK
6
CONTINUOUS
10
115.43
20
-112.935
11
115.376
21
-112.924
0
LINE
8
BLACK
6
CONTINUOUS
10
115.376
20
-112.924
11
115.331
21
-112.894
0
LINE
8
BLACK
6
CONTINUOUS
10
115.331
20
-112.894
11
115.301
21
-112.849
0
LINE
8
BLACK
6
CONTINUOUS
10
115.301
20
-112.849
11
115.29
21
-112.795
0
LINE
8
BLACK
6
CONTINUOUS
10
115.29
20
-112.795
11
115.29
21
-112.515
0
LINE
8
BLACK
6
CONTINUOUS
10
115.29
20
-112.515
11
115.301
21
-112.461
0
LINE
8
BLACK
6
CONTINUOUS
10
115.301
20
-112.461
11
115.331
21
-112.416
0
LINE
8
BLACK
6
CONTINUOUS
10
115.331
20
-112.416
11
115.376
21
-112.386
0
LINE
8
BLACK
6
CONTINUOUS
10
115.376
20
-112.386
11
115.43
21
-112.375
0
LINE
8
BLACK
6
CONTINUOUS
10
115.43
20
-112.375
11
115.77
21
-112.375
0
LINE
8
BLACK
6
CONTINUOUS
10
115.77
20
-112.375
11
115.824
21
-112.386
0
LINE
8
BLACK
6
CONTINUOUS
10
152.663
20
-112.504
11
151.368
21
-112.504
0
LINE
8
BLACK
6
CONTINUOUS
10
151.368
20
-112.504
11
151.368
21
-111.996
0
LINE
8
BLACK
6
CONTINUOUS
10
151.368
20
-111.996
11
152.663
21
-111.996
0
LINE
8
BLACK
6
CONTINUOUS
10
152.663
20
-111.996
11
152.663
21
-112.504
0
LINE
8
BLACK
6
CONTINUOUS
10
176.132
20
-112.504
11
174.837
21
-112.504
0
LINE
8
BLACK
6
CONTINUOUS
10
174.837
20
-112.504
11
174.837
21
-111.996
0
LINE
8
BLACK
6
CONTINUOUS
10
174.837
20
-111.996
11
176.132
21
-111.996
0
LINE
8
BLACK
6
CONTINUOUS
10
176.132
20
-111.996
11
176.132
21
-112.504
0
LINE
8
BLACK
6
CONTINUOUS
10
126.065
20
-111.289
11
126.136
21
-111.337
0
LINE
8
BLACK
6
CONTINUOUS
10
126.136
20
-111.337
11
126.183
21
-111.408
0
LINE
8
BLACK
6
CONTINUOUS
10
126.183
20
-111.408
11
126.2
21
-111.491
0
LINE
8
BLACK
6
CONTINUOUS
10
126.2
20
-111.491
11
126.2
21
-111.929
0
LINE
8
BLACK
6
CONTINUOUS
10
126.2
20
-111.929
11
126.183
21
-112.012
0
LINE
8
BLACK
6
CONTINUOUS
10
126.183
20
-112.012
11
126.136
21
-112.083
0
LINE
8
BLACK
6
CONTINUOUS
10
126.136
20
-112.083
11
126.065
21
-112.131
0
LINE
8
BLACK
6
CONTINUOUS
10
126.065
20
-112.131
11
125.981
21
-112.147
0
LINE
8
BLACK
6
CONTINUOUS
10
125.981
20
-112.147
11
125.469
21
-112.147
0
LINE
8
BLACK
6
CONTINUOUS
10
125.469
20
-112.147
11
125.385
21
-112.131
0
LINE
8
BLACK
6
CONTINUOUS
10
125.385
20
-112.131
11
125.314
21
-112.083
0
LINE
8
BLACK
6
CONTINUOUS
10
125.314
20
-112.083
11
125.267
21
-112.012
0
LINE
8
BLACK
6
CONTINUOUS
10
125.267
20
-112.012
11
125.25
21
-111.929
0
LINE
8
BLACK
6
CONTINUOUS
10
125.25
20
-111.929
11
125.25
21
-111.491
0
LINE
8
BLACK
6
CONTINUOUS
10
125.25
20
-111.491
11
125.267
21
-111.408
0
LINE
8
BLACK
6
CONTINUOUS
10
125.267
20
-111.408
11
125.314
21
-111.337
0
LINE
8
BLACK
6
CONTINUOUS
10
125.314
20
-111.337
11
125.385
21
-111.289
0
LINE
8
BLACK
6
CONTINUOUS
10
125.385
20
-111.289
11
125.469
21
-111.272
0
LINE
8
BLACK
6
CONTINUOUS
10
125.469
20
-111.272
11
125.981
21
-111.272
0
LINE
8
BLACK
6
CONTINUOUS
10
125.981
20
-111.272
11
126.065
21
-111.289
0
LINE
8
BLACK
6
CONTINUOUS
10
128.557
20
-111.58
11
128.6
21
-111.61
0
LINE
8
BLACK
6
CONTINUOUS
10
128.6
20
-111.61
11
128.63
21
-111.653
0
LINE
8
BLACK
6
CONTINUOUS
10
128.63
20
-111.653
11
128.64
21
-111.705
0
LINE
8
BLACK
6
CONTINUOUS
10
128.64
20
-111.705
11
128.64
21
-111.975
0
LINE
8
BLACK
6
CONTINUOUS
10
128.64
20
-111.975
11
128.63
21
-112.027
0
LINE
8
BLACK
6
CONTINUOUS
10
128.63
20
-112.027
11
128.6
21
-112.07
0
LINE
8
BLACK
6
CONTINUOUS
10
128.6
20
-112.07
11
128.557
21
-112.1
0
LINE
8
BLACK
6
CONTINUOUS
10
128.557
20
-112.1
11
128.505
21
-112.11
0
LINE
8
BLACK
6
CONTINUOUS
10
128.505
20
-112.11
11
128.135
21
-112.11
0
LINE
8
BLACK
6
CONTINUOUS
10
128.135
20
-112.11
11
128.083
21
-112.1
0
LINE
8
BLACK
6
CONTINUOUS
10
128.083
20
-112.1
11
128.04
21
-112.07
0
LINE
8
BLACK
6
CONTINUOUS
10
128.04
20
-112.07
11
128.01
21
-112.027
0
LINE
8
BLACK
6
CONTINUOUS
10
128.01
20
-112.027
11
128
21
-111.975
0
LINE
8
BLACK
6
CONTINUOUS
10
128
20
-111.975
11
128
21
-111.705
0
LINE
8
BLACK
6
CONTINUOUS
10
128
20
-111.705
11
128.01
21
-111.653
0
LINE
8
BLACK
6
CONTINUOUS
10
128.01
20
-111.653
11
128.04
21
-111.61
0
LINE
8
BLACK
6
CONTINUOUS
10
128.04
20
-111.61
11
128.083
21
-111.58
0
LINE
8
BLACK
6
CONTINUOUS
10
128.083
20
-111.58
11
128.135
21
-111.57
0
LINE
8
BLACK
6
CONTINUOUS
10
128.135
20
-111.57
11
128.505
21
-111.57
0
LINE
8
BLACK
6
CONTINUOUS
10
128.505
20
-111.57
11
128.557
21
-111.58
0
LINE
8
BLACK
6
CONTINUOUS
10
119.602
20
-111.315
11
119.666
21
-111.359
0
LINE
8
BLACK
6
CONTINUOUS
10
119.666
20
-111.359
11
119.71
21
-111.423
0
LINE
8
BLACK
6
CONTINUOUS
10
119.71
20
-111.423
11
119.725
21
-111.5
0
LINE
8
BLACK
6
CONTINUOUS
10
119.725
20
-111.5
11
119.725
21
-111.9
0
LINE
8
BLACK
6
CONTINUOUS
10
119.725
20
-111.9
11
119.71
21
-111.977
0
LINE
8
BLACK
6
CONTINUOUS
10
119.71
20
-111.977
11
119.666
21
-112.041
0
LINE
8
BLACK
6
CONTINUOUS
10
119.666
20
-112.041
11
119.602
21
-112.085
0
LINE
8
BLACK
6
CONTINUOUS
10
119.602
20
-112.085
11
119.525
21
-112.1
0
LINE
8
BLACK
6
CONTINUOUS
10
119.525
20
-112.1
11
118.975
21
-112.1
0
LINE
8
BLACK
6
CONTINUOUS
10
118.975
20
-112.1
11
118.898
21
-112.085
0
LINE
8
BLACK
6
CONTINUOUS
10
118.898
20
-112.085
11
118.834
21
-112.041
0
LINE
8
BLACK
6
CONTINUOUS
10
118.834
20
-112.041
11
118.79
21
-111.977
0
LINE
8
BLACK
6
CONTINUOUS
10
118.79
20
-111.977
11
118.775
21
-111.9
0
LINE
8
BLACK
6
CONTINUOUS
10
118.775
20
-111.9
11
118.775
21
-111.5
0
LINE
8
BLACK
6
CONTINUOUS
10
118.775
20
-111.5
11
118.79
21
-111.423
0
LINE
8
BLACK
6
CONTINUOUS
10
118.79
20
-111.423
11
118.834
21
-111.359
0
LINE
8
BLACK
6
CONTINUOUS
10
118.834
20
-111.359
11
118.898
21
-111.315
0
LINE
8
BLACK
6
CONTINUOUS
10
118.898
20
-111.315
11
118.975
21
-111.3
0
LINE
8
BLACK
6
CONTINUOUS
10
118.975
20
-111.3
11
119.525
21
-111.3
0
LINE
8
BLACK
6
CONTINUOUS
10
119.525
20
-111.3
11
119.602
21
-111.315
0
LINE
8
BLACK
6
CONTINUOUS
10
122.452
20
-111.315
11
122.516
21
-111.359
0
LINE
8
BLACK
6
CONTINUOUS
10
122.516
20
-111.359
11
122.56
21
-111.423
0
LINE
8
BLACK
6
CONTINUOUS
10
122.56
20
-111.423
11
122.575
21
-111.5
0
LINE
8
BLACK
6
CONTINUOUS
10
122.575
20
-111.5
11
122.575
21
-111.9
0
LINE
8
BLACK
6
CONTINUOUS
10
122.575
20
-111.9
11
122.56
21
-111.977
0
LINE
8
BLACK
6
CONTINUOUS
10
122.56
20
-111.977
11
122.516
21
-112.041
0
LINE
8
BLACK
6
CONTINUOUS
10
122.516
20
-112.041
11
122.452
21
-112.085
0
LINE
8
BLACK
6
CONTINUOUS
10
122.452
20
-112.085
11
122.375
21
-112.1
0
LINE
8
BLACK
6
CONTINUOUS
10
122.375
20
-112.1
11
121.825
21
-112.1
0
LINE
8
BLACK
6
CONTINUOUS
10
121.825
20
-112.1
11
121.748
21
-112.085
0
LINE
8
BLACK
6
CONTINUOUS
10
121.748
20
-112.085
11
121.684
21
-112.041
0
LINE
8
BLACK
6
CONTINUOUS
10
121.684
20
-112.041
11
121.64
21
-111.977
0
LINE
8
BLACK
6
CONTINUOUS
10
121.64
20
-111.977
11
121.625
21
-111.9
0
LINE
8
BLACK
6
CONTINUOUS
10
121.625
20
-111.9
11
121.625
21
-111.5
0
LINE
8
BLACK
6
CONTINUOUS
10
121.625
20
-111.5
11
121.64
21
-111.423
0
LINE
8
BLACK
6
CONTINUOUS
10
121.64
20
-111.423
11
121.684
21
-111.359
0
LINE
8
BLACK
6
CONTINUOUS
10
121.684
20
-111.359
11
121.748
21
-111.315
0
LINE
8
BLACK
6
CONTINUOUS
10
121.748
20
-111.315
11
121.825
21
-111.3
0
LINE
8
BLACK
6
CONTINUOUS
10
121.825
20
-111.3
11
122.375
21
-111.3
0
LINE
8
BLACK
6
CONTINUOUS
10
122.375
20
-111.3
11
122.452
21
-111.315
0
LINE
8
BLACK
6
CONTINUOUS
10
114.492
20
-111.3
11
114.556
21
-111.344
0
LINE
8
BLACK
6
CONTINUOUS
10
114.556
20
-111.344
11
114.6
21
-111.408
0
LINE
8
BLACK
6
CONTINUOUS
10
114.6
20
-111.408
11
114.615
21
-111.485
0
LINE
8
BLACK
6
CONTINUOUS
10
114.615
20
-111.485
11
114.615
21
-111.885
0
LINE
8
BLACK
6
CONTINUOUS
10
114.615
20
-111.885
11
114.6
21
-111.962
0
LINE
8
BLACK
6
CONTINUOUS
10
114.6
20
-111.962
11
114.556
21
-112.026
0
LINE
8
BLACK
6
CONTINUOUS
10
114.556
20
-112.026
11
114.492
21
-112.07
0
LINE
8
BLACK
6
CONTINUOUS
10
114.492
20
-112.07
11
114.415
21
-112.085
0
LINE
8
BLACK
6
CONTINUOUS
10
114.415
20
-112.085
11
113.865
21
-112.085
0
LINE
8
BLACK
6
CONTINUOUS
10
113.865
20
-112.085
11
113.788
21
-112.07
0
LINE
8
BLACK
6
CONTINUOUS
10
113.788
20
-112.07
11
113.724
21
-112.026
0
LINE
8
BLACK
6
CONTINUOUS
10
113.724
20
-112.026
11
113.68
21
-111.962
0
LINE
8
BLACK
6
CONTINUOUS
10
113.68
20
-111.962
11
113.665
21
-111.885
0
LINE
8
BLACK
6
CONTINUOUS
10
113.665
20
-111.885
11
113.665
21
-111.485
0
LINE
8
BLACK
6
CONTINUOUS
10
113.665
20
-111.485
11
113.68
21
-111.408
0
LINE
8
BLACK
6
CONTINUOUS
10
113.68
20
-111.408
11
113.724
21
-111.344
0
LINE
8
BLACK
6
CONTINUOUS
10
113.724
20
-111.344
11
113.788
21
-111.3
0
LINE
8
BLACK
6
CONTINUOUS
10
113.788
20
-111.3
11
113.865
21
-111.285
0
LINE
8
BLACK
6
CONTINUOUS
10
113.865
20
-111.285
11
114.415
21
-111.285
0
LINE
8
BLACK
6
CONTINUOUS
10
114.415
20
-111.285
11
114.492
21
-111.3
0
LINE
8
BLACK
6
CONTINUOUS
10
117.392
20
-111.3
11
117.456
21
-111.344
0
LINE
8
BLACK
6
CONTINUOUS
10
117.456
20
-111.344
11
117.5
21
-111.408
0
LINE
8
BLACK
6
CONTINUOUS
10
117.5
20
-111.408
11
117.515
21
-111.485
0
LINE
8
BLACK
6
CONTINUOUS
10
117.515
20
-111.485
11
117.515
21
-111.885
0
LINE
8
BLACK
6
CONTINUOUS
10
117.515
20
-111.885
11
117.5
21
-111.962
0
LINE
8
BLACK
6
CONTINUOUS
10
117.5
20
-111.962
11
117.456
21
-112.026
0
LINE
8
BLACK
6
CONTINUOUS
10
117.456
20
-112.026
11
117.392
21
-112.07
0
LINE
8
BLACK
6
CONTINUOUS
10
117.392
20
-112.07
11
117.315
21
-112.085
0
LINE
8
BLACK
6
CONTINUOUS
10
117.315
20
-112.085
11
116.765
21
-112.085
0
LINE
8
BLACK
6
CONTINUOUS
10
116.765
20
-112.085
11
116.688
21
-112.07
0
LINE
8
BLACK
6
CONTINUOUS
10
116.688
20
-112.07
11
116.624
21
-112.026
0
LINE
8
BLACK
6
CONTINUOUS
10
116.624
20
-112.026
11
116.58
21
-111.962
0
LINE
8
BLACK
6
CONTINUOUS
10
116.58
20
-111.962
11
116.565
21
-111.885
0
LINE
8
BLACK
6
CONTINUOUS
10
116.565
20
-111.885
11
116.565
21
-111.485
0
LINE
8
BLACK
6
CONTINUOUS
10
116.565
20
-111.485
11
116.58
21
-111.408
0
LINE
8
BLACK
6
CONTINUOUS
10
116.58
20
-111.408
11
116.624
21
-111.344
0
LINE
8
BLACK
6
CONTINUOUS
10
116.624
20
-111.344
11
116.688
21
-111.3
0
LINE
8
BLACK
6
CONTINUOUS
10
116.688
20
-111.3
11
116.765
21
-111.285
0
LINE
8
BLACK
6
CONTINUOUS
10
116.765
20
-111.285
11
117.315
21
-111.285
0
LINE
8
BLACK
6
CONTINUOUS
10
117.315
20
-111.285
11
117.392
21
-111.3
0
LINE
8
BLACK
6
CONTINUOUS
10
131.927
20
-111.45
11
131.97
21
-111.48
0
LINE
8
BLACK
6
CONTINUOUS
10
131.97
20
-111.48
11
132
21
-111.523
0
LINE
8
BLACK
6
CONTINUOUS
10
132
20
-111.523
11
132.01
21
-111.575
0
LINE
8
BLACK
6
CONTINUOUS
10
132.01
20
-111.575
11
132.01
21
-111.945
0
LINE
8
BLACK
6
CONTINUOUS
10
132.01
20
-111.945
11
132
21
-111.997
0
LINE
8
BLACK
6
CONTINUOUS
10
132
20
-111.997
11
131.97
21
-112.04
0
LINE
8
BLACK
6
CONTINUOUS
10
131.97
20
-112.04
11
131.927
21
-112.07
0
LINE
8
BLACK
6
CONTINUOUS
10
131.927
20
-112.07
11
131.875
21
-112.08
0
LINE
8
BLACK
6
CONTINUOUS
10
131.875
20
-112.08
11
131.605
21
-112.08
0
LINE
8
BLACK
6
CONTINUOUS
10
131.605
20
-112.08
11
131.553
21
-112.07
0
LINE
8
BLACK
6
CONTINUOUS
10
131.553
20
-112.07
11
131.51
21
-112.04
0
LINE
8
BLACK
6
CONTINUOUS
10
131.51
20
-112.04
11
131.48
21
-111.997
0
LINE
8
BLACK
6
CONTINUOUS
10
131.48
20
-111.997
11
131.47
21
-111.945
0
LINE
8
BLACK
6
CONTINUOUS
10
131.47
20
-111.945
11
131.47
21
-111.575
0
LINE
8
BLACK
6
CONTINUOUS
10
131.47
20
-111.575
11
131.48
21
-111.523
0
LINE
8
BLACK
6
CONTINUOUS
10
131.48
20
-111.523
11
131.51
21
-111.48
0
LINE
8
BLACK
6
CONTINUOUS
10
131.51
20
-111.48
11
131.553
21
-111.45
0
LINE
8
BLACK
6
CONTINUOUS
10
131.553
20
-111.45
11
131.605
21
-111.44
0
LINE
8
BLACK
6
CONTINUOUS
10
131.605
20
-111.44
11
131.875
21
-111.44
0
LINE
8
BLACK
6
CONTINUOUS
10
131.875
20
-111.44
11
131.927
21
-111.45
0
LINE
8
BLACK
6
CONTINUOUS
10
132.947
20
-111.45
11
132.99
21
-111.48
0
LINE
8
BLACK
6
CONTINUOUS
10
132.99
20
-111.48
11
133.02
21
-111.523
0
LINE
8
BLACK
6
CONTINUOUS
10
133.02
20
-111.523
11
133.03
21
-111.575
0
LINE
8
BLACK
6
CONTINUOUS
10
133.03
20
-111.575
11
133.03
21
-111.945
0
LINE
8
BLACK
6
CONTINUOUS
10
133.03
20
-111.945
11
133.02
21
-111.997
0
LINE
8
BLACK
6
CONTINUOUS
10
133.02
20
-111.997
11
132.99
21
-112.04
0
LINE
8
BLACK
6
CONTINUOUS
10
132.99
20
-112.04
11
132.947
21
-112.07
0
LINE
8
BLACK
6
CONTINUOUS
10
132.947
20
-112.07
11
132.895
21
-112.08
0
LINE
8
BLACK
6
CONTINUOUS
10
132.895
20
-112.08
11
132.625
21
-112.08
0
LINE
8
BLACK
6
CONTINUOUS
10
132.625
20
-112.08
11
132.573
21
-112.07
0
LINE
8
BLACK
6
CONTINUOUS
10
132.573
20
-112.07
11
132.53
21
-112.04
0
LINE
8
BLACK
6
CONTINUOUS
10
132.53
20
-112.04
11
132.5
21
-111.997
0
LINE
8
BLACK
6
CONTINUOUS
10
132.5
20
-111.997
11
132.49
21
-111.945
0
LINE
8
BLACK
6
CONTINUOUS
10
132.49
20
-111.945
11
132.49
21
-111.575
0
LINE
8
BLACK
6
CONTINUOUS
10
132.49
20
-111.575
11
132.5
21
-111.523
0
LINE
8
BLACK
6
CONTINUOUS
10
132.5
20
-111.523
11
132.53
21
-111.48
0
LINE
8
BLACK
6
CONTINUOUS
10
132.53
20
-111.48
11
132.573
21
-111.45
0
LINE
8
BLACK
6
CONTINUOUS
10
132.573
20
-111.45
11
132.625
21
-111.44
0
LINE
8
BLACK
6
CONTINUOUS
10
132.625
20
-111.44
11
132.895
21
-111.44
0
LINE
8
BLACK
6
CONTINUOUS
10
132.895
20
-111.44
11
132.947
21
-111.45
0
LINE
8
BLACK
6
CONTINUOUS
10
124.477
20
-111.29
11
124.541
21
-111.334
0
LINE
8
BLACK
6
CONTINUOUS
10
124.541
20
-111.334
11
124.585
21
-111.398
0
LINE
8
BLACK
6
CONTINUOUS
10
124.585
20
-111.398
11
124.6
21
-111.475
0
LINE
8
BLACK
6
CONTINUOUS
10
124.6
20
-111.475
11
124.6
21
-111.875
0
LINE
8
BLACK
6
CONTINUOUS
10
124.6
20
-111.875
11
124.585
21
-111.952
0
LINE
8
BLACK
6
CONTINUOUS
10
124.585
20
-111.952
11
124.541
21
-112.016
0
LINE
8
BLACK
6
CONTINUOUS
10
124.541
20
-112.016
11
124.477
21
-112.06
0
LINE
8
BLACK
6
CONTINUOUS
10
124.477
20
-112.06
11
124.4
21
-112.075
0
LINE
8
BLACK
6
CONTINUOUS
10
124.4
20
-112.075
11
123.85
21
-112.075
0
LINE
8
BLACK
6
CONTINUOUS
10
123.85
20
-112.075
11
123.773
21
-112.06
0
LINE
8
BLACK
6
CONTINUOUS
10
123.773
20
-112.06
11
123.709
21
-112.016
0
LINE
8
BLACK
6
CONTINUOUS
10
123.709
20
-112.016
11
123.665
21
-111.952
0
LINE
8
BLACK
6
CONTINUOUS
10
123.665
20
-111.952
11
123.65
21
-111.875
0
LINE
8
BLACK
6
CONTINUOUS
10
123.65
20
-111.875
11
123.65
21
-111.475
0
LINE
8
BLACK
6
CONTINUOUS
10
123.65
20
-111.475
11
123.665
21
-111.398
0
LINE
8
BLACK
6
CONTINUOUS
10
123.665
20
-111.398
11
123.709
21
-111.334
0
LINE
8
BLACK
6
CONTINUOUS
10
123.709
20
-111.334
11
123.773
21
-111.29
0
LINE
8
BLACK
6
CONTINUOUS
10
123.773
20
-111.29
11
123.85
21
-111.275
0
LINE
8
BLACK
6
CONTINUOUS
10
123.85
20
-111.275
11
124.4
21
-111.275
0
LINE
8
BLACK
6
CONTINUOUS
10
124.4
20
-111.275
11
124.477
21
-111.29
0
LINE
8
BLACK
6
CONTINUOUS
10
129.547
20
-111.42
11
129.59
21
-111.45
0
LINE
8
BLACK
6
CONTINUOUS
10
129.59
20
-111.45
11
129.62
21
-111.493
0
LINE
8
BLACK
6
CONTINUOUS
10
129.62
20
-111.493
11
129.63
21
-111.545
0
LINE
8
BLACK
6
CONTINUOUS
10
129.63
20
-111.545
11
129.63
21
-111.915
0
LINE
8
BLACK
6
CONTINUOUS
10
129.63
20
-111.915
11
129.62
21
-111.967
0
LINE
8
BLACK
6
CONTINUOUS
10
129.62
20
-111.967
11
129.59
21
-112.01
0
LINE
8
BLACK
6
CONTINUOUS
10
129.59
20
-112.01
11
129.547
21
-112.04
0
LINE
8
BLACK
6
CONTINUOUS
10
129.547
20
-112.04
11
129.495
21
-112.05
0
LINE
8
BLACK
6
CONTINUOUS
10
129.495
20
-112.05
11
129.225
21
-112.05
0
LINE
8
BLACK
6
CONTINUOUS
10
129.225
20
-112.05
11
129.173
21
-112.04
0
LINE
8
BLACK
6
CONTINUOUS
10
129.173
20
-112.04
11
129.13
21
-112.01
0
LINE
8
BLACK
6
CONTINUOUS
10
129.13
20
-112.01
11
129.1
21
-111.967
0
LINE
8
BLACK
6
CONTINUOUS
10
129.1
20
-111.967
11
129.09
21
-111.915
0
LINE
8
BLACK
6
CONTINUOUS
10
129.09
20
-111.915
11
129.09
21
-111.545
0
LINE
8
BLACK
6
CONTINUOUS
10
129.09
20
-111.545
11
129.1
21
-111.493
0
LINE
8
BLACK
6
CONTINUOUS
10
129.1
20
-111.493
11
129.13
21
-111.45
0
LINE
8
BLACK
6
CONTINUOUS
10
129.13
20
-111.45
11
129.173
21
-111.42
0
LINE
8
BLACK
6
CONTINUOUS
10
129.173
20
-111.42
11
129.225
21
-111.41
0
LINE
8
BLACK
6
CONTINUOUS
10
129.225
20
-111.41
11
129.495
21
-111.41
0
LINE
8
BLACK
6
CONTINUOUS
10
129.495
20
-111.41
11
129.547
21
-111.42
0
LINE
8
BLACK
6
CONTINUOUS
10
130.567
20
-111.42
11
130.61
21
-111.45
0
LINE
8
BLACK
6
CONTINUOUS
10
130.61
20
-111.45
11
130.64
21
-111.493
0
LINE
8
BLACK
6
CONTINUOUS
10
130.64
20
-111.493
11
130.65
21
-111.545
0
LINE
8
BLACK
6
CONTINUOUS
10
130.65
20
-111.545
11
130.65
21
-111.915
0
LINE
8
BLACK
6
CONTINUOUS
10
130.65
20
-111.915
11
130.64
21
-111.967
0
LINE
8
BLACK
6
CONTINUOUS
10
130.64
20
-111.967
11
130.61
21
-112.01
0
LINE
8
BLACK
6
CONTINUOUS
10
130.61
20
-112.01
11
130.567
21
-112.04
0
LINE
8
BLACK
6
CONTINUOUS
10
130.567
20
-112.04
11
130.515
21
-112.05
0
LINE
8
BLACK
6
CONTINUOUS
10
130.515
20
-112.05
11
130.245
21
-112.05
0
LINE
8
BLACK
6
CONTINUOUS
10
130.245
20
-112.05
11
130.193
21
-112.04
0
LINE
8
BLACK
6
CONTINUOUS
10
130.193
20
-112.04
11
130.15
21
-112.01
0
LINE
8
BLACK
6
CONTINUOUS
10
130.15
20
-112.01
11
130.12
21
-111.967
0
LINE
8
BLACK
6
CONTINUOUS
10
130.12
20
-111.967
11
130.11
21
-111.915
0
LINE
8
BLACK
6
CONTINUOUS
10
130.11
20
-111.915
11
130.11
21
-111.545
0
LINE
8
BLACK
6
CONTINUOUS
10
130.11
20
-111.545
11
130.12
21
-111.493
0
LINE
8
BLACK
6
CONTINUOUS
10
130.12
20
-111.493
11
130.15
21
-111.45
0
LINE
8
BLACK
6
CONTINUOUS
10
130.15
20
-111.45
11
130.193
21
-111.42
0
LINE
8
BLACK
6
CONTINUOUS
10
130.193
20
-111.42
11
130.245
21
-111.41
0
LINE
8
BLACK
6
CONTINUOUS
10
130.245
20
-111.41
11
130.515
21
-111.41
0
LINE
8
BLACK
6
CONTINUOUS
10
130.515
20
-111.41
11
130.567
21
-111.42
0
LINE
8
BLACK
6
CONTINUOUS
10
120.909
20
-111.441
11
120.954
21
-111.471
0
LINE
8
BLACK
6
CONTINUOUS
10
120.954
20
-111.471
11
120.984
21
-111.516
0
LINE
8
BLACK
6
CONTINUOUS
10
120.984
20
-111.516
11
120.995
21
-111.57
0
LINE
8
BLACK
6
CONTINUOUS
10
120.995
20
-111.57
11
120.995
21
-111.85
0
LINE
8
BLACK
6
CONTINUOUS
10
120.995
20
-111.85
11
120.984
21
-111.904
0
LINE
8
BLACK
6
CONTINUOUS
10
120.984
20
-111.904
11
120.954
21
-111.949
0
LINE
8
BLACK
6
CONTINUOUS
10
120.954
20
-111.949
11
120.909
21
-111.979
0
LINE
8
BLACK
6
CONTINUOUS
10
120.909
20
-111.979
11
120.855
21
-111.99
0
LINE
8
BLACK
6
CONTINUOUS
10
120.855
20
-111.99
11
120.515
21
-111.99
0
LINE
8
BLACK
6
CONTINUOUS
10
120.515
20
-111.99
11
120.461
21
-111.979
0
LINE
8
BLACK
6
CONTINUOUS
10
120.461
20
-111.979
11
120.416
21
-111.949
0
LINE
8
BLACK
6
CONTINUOUS
10
120.416
20
-111.949
11
120.386
21
-111.904
0
LINE
8
BLACK
6
CONTINUOUS
10
120.386
20
-111.904
11
120.375
21
-111.85
0
LINE
8
BLACK
6
CONTINUOUS
10
120.375
20
-111.85
11
120.375
21
-111.57
0
LINE
8
BLACK
6
CONTINUOUS
10
120.375
20
-111.57
11
120.386
21
-111.516
0
LINE
8
BLACK
6
CONTINUOUS
10
120.386
20
-111.516
11
120.416
21
-111.471
0
LINE
8
BLACK
6
CONTINUOUS
10
120.416
20
-111.471
11
120.461
21
-111.441
0
LINE
8
BLACK
6
CONTINUOUS
10
120.461
20
-111.441
11
120.515
21
-111.43
0
LINE
8
BLACK
6
CONTINUOUS
10
120.515
20
-111.43
11
120.855
21
-111.43
0
LINE
8
BLACK
6
CONTINUOUS
10
120.855
20
-111.43
11
120.909
21
-111.441
0
LINE
8
BLACK
6
CONTINUOUS
10
115.824
20
-111.426
11
115.869
21
-111.456
0
LINE
8
BLACK
6
CONTINUOUS
10
115.869
20
-111.456
11
115.899
21
-111.501
0
LINE
8
BLACK
6
CONTINUOUS
10
115.899
20
-111.501
11
115.91
21
-111.555
0
LINE
8
BLACK
6
CONTINUOUS
10
115.91
20
-111.555
11
115.91
21
-111.835
0
LINE
8
BLACK
6
CONTINUOUS
10
115.91
20
-111.835
11
115.899
21
-111.889
0
LINE
8
BLACK
6
CONTINUOUS
10
115.899
20
-111.889
11
115.869
21
-111.934
0
LINE
8
BLACK
6
CONTINUOUS
10
115.869
20
-111.934
11
115.824
21
-111.964
0
LINE
8
BLACK
6
CONTINUOUS
10
115.824
20
-111.964
11
115.77
21
-111.975
0
LINE
8
BLACK
6
CONTINUOUS
10
115.77
20
-111.975
11
115.43
21
-111.975
0
LINE
8
BLACK
6
CONTINUOUS
10
115.43
20
-111.975
11
115.376
21
-111.964
0
LINE
8
BLACK
6
CONTINUOUS
10
115.376
20
-111.964
11
115.331
21
-111.934
0
LINE
8
BLACK
6
CONTINUOUS
10
115.331
20
-111.934
11
115.301
21
-111.889
0
LINE
8
BLACK
6
CONTINUOUS
10
115.301
20
-111.889
11
115.29
21
-111.835
0
LINE
8
BLACK
6
CONTINUOUS
10
115.29
20
-111.835
11
115.29
21
-111.555
0
LINE
8
BLACK
6
CONTINUOUS
10
115.29
20
-111.555
11
115.301
21
-111.501
0
LINE
8
BLACK
6
CONTINUOUS
10
115.301
20
-111.501
11
115.331
21
-111.456
0
LINE
8
BLACK
6
CONTINUOUS
10
115.331
20
-111.456
11
115.376
21
-111.426
0
LINE
8
BLACK
6
CONTINUOUS
10
115.376
20
-111.426
11
115.43
21
-111.415
0
LINE
8
BLACK
6
CONTINUOUS
10
115.43
20
-111.415
11
115.77
21
-111.415
0
LINE
8
BLACK
6
CONTINUOUS
10
115.77
20
-111.415
11
115.824
21
-111.426
0
LINE
8
BLACK
6
CONTINUOUS
10
147.914
20
-111.201
11
147.959
21
-111.231
0
LINE
8
BLACK
6
CONTINUOUS
10
147.959
20
-111.231
11
147.989
21
-111.276
0
LINE
8
BLACK
6
CONTINUOUS
10
147.989
20
-111.276
11
148
21
-111.33
0
LINE
8
BLACK
6
CONTINUOUS
10
148
20
-111.33
11
148
21
-111.67
0
LINE
8
BLACK
6
CONTINUOUS
10
148
20
-111.67
11
147.989
21
-111.724
0
LINE
8
BLACK
6
CONTINUOUS
10
147.989
20
-111.724
11
147.959
21
-111.769
0
LINE
8
BLACK
6
CONTINUOUS
10
147.959
20
-111.769
11
147.914
21
-111.799
0
LINE
8
BLACK
6
CONTINUOUS
10
147.914
20
-111.799
11
147.86
21
-111.81
0
LINE
8
BLACK
6
CONTINUOUS
10
147.86
20
-111.81
11
147.58
21
-111.81
0
LINE
8
BLACK
6
CONTINUOUS
10
147.58
20
-111.81
11
147.526
21
-111.799
0
LINE
8
BLACK
6
CONTINUOUS
10
147.526
20
-111.799
11
147.481
21
-111.769
0
LINE
8
BLACK
6
CONTINUOUS
10
147.481
20
-111.769
11
147.451
21
-111.724
0
LINE
8
BLACK
6
CONTINUOUS
10
147.451
20
-111.724
11
147.44
21
-111.67
0
LINE
8
BLACK
6
CONTINUOUS
10
147.44
20
-111.67
11
147.44
21
-111.33
0
LINE
8
BLACK
6
CONTINUOUS
10
147.44
20
-111.33
11
147.451
21
-111.276
0
LINE
8
BLACK
6
CONTINUOUS
10
147.451
20
-111.276
11
147.481
21
-111.231
0
LINE
8
BLACK
6
CONTINUOUS
10
147.481
20
-111.231
11
147.526
21
-111.201
0
LINE
8
BLACK
6
CONTINUOUS
10
147.526
20
-111.201
11
147.58
21
-111.19
0
LINE
8
BLACK
6
CONTINUOUS
10
147.58
20
-111.19
11
147.86
21
-111.19
0
LINE
8
BLACK
6
CONTINUOUS
10
147.86
20
-111.19
11
147.914
21
-111.201
0
LINE
8
BLACK
6
CONTINUOUS
10
148.874
20
-111.201
11
148.919
21
-111.231
0
LINE
8
BLACK
6
CONTINUOUS
10
148.919
20
-111.231
11
148.949
21
-111.276
0
LINE
8
BLACK
6
CONTINUOUS
10
148.949
20
-111.276
11
148.96
21
-111.33
0
LINE
8
BLACK
6
CONTINUOUS
10
148.96
20
-111.33
11
148.96
21
-111.67
0
LINE
8
BLACK
6
CONTINUOUS
10
148.96
20
-111.67
11
148.949
21
-111.724
0
LINE
8
BLACK
6
CONTINUOUS
10
148.949
20
-111.724
11
148.919
21
-111.769
0
LINE
8
BLACK
6
CONTINUOUS
10
148.919
20
-111.769
11
148.874
21
-111.799
0
LINE
8
BLACK
6
CONTINUOUS
10
148.874
20
-111.799
11
148.82
21
-111.81
0
LINE
8
BLACK
6
CONTINUOUS
10
148.82
20
-111.81
11
148.54
21
-111.81
0
LINE
8
BLACK
6
CONTINUOUS
10
148.54
20
-111.81
11
148.486
21
-111.799
0
LINE
8
BLACK
6
CONTINUOUS
10
148.486
20
-111.799
11
148.441
21
-111.769
0
LINE
8
BLACK
6
CONTINUOUS
10
148.441
20
-111.769
11
148.411
21
-111.724
0
LINE
8
BLACK
6
CONTINUOUS
10
148.411
20
-111.724
11
148.4
21
-111.67
0
LINE
8
BLACK
6
CONTINUOUS
10
148.4
20
-111.67
11
148.4
21
-111.33
0
LINE
8
BLACK
6
CONTINUOUS
10
148.4
20
-111.33
11
148.411
21
-111.276
0
LINE
8
BLACK
6
CONTINUOUS
10
148.411
20
-111.276
11
148.441
21
-111.231
0
LINE
8
BLACK
6
CONTINUOUS
10
148.441
20
-111.231
11
148.486
21
-111.201
0
LINE
8
BLACK
6
CONTINUOUS
10
148.486
20
-111.201
11
148.54
21
-111.19
0
LINE
8
BLACK
6
CONTINUOUS
10
148.54
20
-111.19
11
148.82
21
-111.19
0
LINE
8
BLACK
6
CONTINUOUS
10
148.82
20
-111.19
11
148.874
21
-111.201
0
LINE
8
BLACK
6
CONTINUOUS
10
152.663
20
-111.504
11
151.368
21
-111.504
0
LINE
8
BLACK
6
CONTINUOUS
10
151.368
20
-111.504
11
151.368
21
-110.996
0
LINE
8
BLACK
6
CONTINUOUS
10
151.368
20
-110.996
11
152.663
21
-110.996
0
LINE
8
BLACK
6
CONTINUOUS
10
152.663
20
-110.996
11
152.663
21
-111.504
0
LINE
8
BLACK
6
CONTINUOUS
10
176.132
20
-111.504
11
174.837
21
-111.504
0
LINE
8
BLACK
6
CONTINUOUS
10
174.837
20
-111.504
11
174.837
21
-110.996
0
LINE
8
BLACK
6
CONTINUOUS
10
174.837
20
-110.996
11
176.132
21
-110.996
0
LINE
8
BLACK
6
CONTINUOUS
10
176.132
20
-110.996
11
176.132
21
-111.504
0
LINE
8
BLACK
6
CONTINUOUS
10
107.274
20
-109.22
11
107.443
21
-109.279
0
LINE
8
BLACK
6
CONTINUOUS
10
107.443
20
-109.279
11
107.594
21
-109.374
0
LINE
8
BLACK
6
CONTINUOUS
10
107.594
20
-109.374
11
107.721
21
-109.501
0
LINE
8
BLACK
6
CONTINUOUS
10
107.721
20
-109.501
11
107.816
21
-109.653
0
LINE
8
BLACK
6
CONTINUOUS
10
107.816
20
-109.653
11
107.876
21
-109.822
0
LINE
8
BLACK
6
CONTINUOUS
10
107.876
20
-109.822
11
107.896
21
-110
0
LINE
8
BLACK
6
CONTINUOUS
10
107.896
20
-110
11
107.876
21
-110.178
0
LINE
8
BLACK
6
CONTINUOUS
10
107.876
20
-110.178
11
107.816
21
-110.347
0
LINE
8
BLACK
6
CONTINUOUS
10
107.816
20
-110.347
11
107.721
21
-110.499
0
LINE
8
BLACK
6
CONTINUOUS
10
107.721
20
-110.499
11
107.594
21
-110.626
0
LINE
8
BLACK
6
CONTINUOUS
10
107.594
20
-110.626
11
107.443
21
-110.721
0
LINE
8
BLACK
6
CONTINUOUS
10
107.443
20
-110.721
11
107.274
21
-110.78
0
LINE
8
BLACK
6
CONTINUOUS
10
107.274
20
-110.78
11
107.096
21
-110.8
0
LINE
8
BLACK
6
CONTINUOUS
10
107.096
20
-110.8
11
106.918
21
-110.78
0
LINE
8
BLACK
6
CONTINUOUS
10
106.918
20
-110.78
11
106.748
21
-110.721
0
LINE
8
BLACK
6
CONTINUOUS
10
106.748
20
-110.721
11
106.597
21
-110.626
0
LINE
8
BLACK
6
CONTINUOUS
10
106.597
20
-110.626
11
106.47
21
-110.499
0
LINE
8
BLACK
6
CONTINUOUS
10
106.47
20
-110.499
11
106.375
21
-110.347
0
LINE
8
BLACK
6
CONTINUOUS
10
106.375
20
-110.347
11
106.316
21
-110.178
0
LINE
8
BLACK
6
CONTINUOUS
10
106.316
20
-110.178
11
106.295
21
-110
0
LINE
8
BLACK
6
CONTINUOUS
10
106.295
20
-110
11
106.316
21
-109.822
0
LINE
8
BLACK
6
CONTINUOUS
10
106.316
20
-109.822
11
106.375
21
-109.653
0
LINE
8
BLACK
6
CONTINUOUS
10
106.375
20
-109.653
11
106.47
21
-109.501
0
LINE
8
BLACK
6
CONTINUOUS
10
106.47
20
-109.501
11
106.597
21
-109.374
0
LINE
8
BLACK
6
CONTINUOUS
10
106.597
20
-109.374
11
106.748
21
-109.279
0
LINE
8
BLACK
6
CONTINUOUS
10
106.748
20
-109.279
11
106.918
21
-109.22
0
LINE
8
BLACK
6
CONTINUOUS
10
106.918
20
-109.22
11
107.096
21
-109.2
0
LINE
8
BLACK
6
CONTINUOUS
10
107.096
20
-109.2
11
107.274
21
-109.22
0
LINE
8
BLACK
6
CONTINUOUS
10
110.274
20
-109.22
11
110.443
21
-109.279
0
LINE
8
BLACK
6
CONTINUOUS
10
110.443
20
-109.279
11
110.594
21
-109.374
0
LINE
8
BLACK
6
CONTINUOUS
10
110.594
20
-109.374
11
110.721
21
-109.501
0
LINE
8
BLACK
6
CONTINUOUS
10
110.721
20
-109.501
11
110.816
21
-109.653
0
LINE
8
BLACK
6
CONTINUOUS
10
110.816
20
-109.653
11
110.876
21
-109.822
0
LINE
8
BLACK
6
CONTINUOUS
10
110.876
20
-109.822
11
110.896
21
-110
0
LINE
8
BLACK
6
CONTINUOUS
10
110.896
20
-110
11
110.876
21
-110.178
0
LINE
8
BLACK
6
CONTINUOUS
10
110.876
20
-110.178
11
110.816
21
-110.347
0
LINE
8
BLACK
6
CONTINUOUS
10
110.816
20
-110.347
11
110.721
21
-110.499
0
LINE
8
BLACK
6
CONTINUOUS
10
110.721
20
-110.499
11
110.594
21
-110.626
0
LINE
8
BLACK
6
CONTINUOUS
10
110.594
20
-110.626
11
110.443
21
-110.721
0
LINE
8
BLACK
6
CONTINUOUS
10
110.443
20
-110.721
11
110.274
21
-110.78
0
LINE
8
BLACK
6
CONTINUOUS
10
110.274
20
-110.78
11
110.096
21
-110.8
0
LINE
8
BLACK
6
CONTINUOUS
10
110.096
20
-110.8
11
109.918
21
-110.78
0
LINE
8
BLACK
6
CONTINUOUS
10
109.918
20
-110.78
11
109.748
21
-110.721
0
LINE
8
BLACK
6
CONTINUOUS
10
109.748
20
-110.721
11
109.597
21
-110.626
0
LINE
8
BLACK
6
CONTINUOUS
10
109.597
20
-110.626
11
109.47
21
-110.499
0
LINE
8
BLACK
6
CONTINUOUS
10
109.47
20
-110.499
11
109.375
21
-110.347
0
LINE
8
BLACK
6
CONTINUOUS
10
109.375
20
-110.347
11
109.316
21
-110.178
0
LINE
8
BLACK
6
CONTINUOUS
10
109.316
20
-110.178
11
109.295
21
-110
0
LINE
8
BLACK
6
CONTINUOUS
10
109.295
20
-110
11
109.316
21
-109.822
0
LINE
8
BLACK
6
CONTINUOUS
10
109.316
20
-109.822
11
109.375
21
-109.653
0
LINE
8
BLACK
6
CONTINUOUS
10
109.375
20
-109.653
11
109.47
21
-109.501
0
LINE
8
BLACK
6
CONTINUOUS
10
109.47
20
-109.501
11
109.597
21
-109.374
0
LINE
8
BLACK
6
CONTINUOUS
10
109.597
20
-109.374
11
109.748
21
-109.279
0
LINE
8
BLACK
6
CONTINUOUS
10
109.748
20
-109.279
11
109.918
21
-109.22
0
LINE
8
BLACK
6
CONTINUOUS
10
109.918
20
-109.22
11
110.096
21
-109.2
0
LINE
8
BLACK
6
CONTINUOUS
10
110.096
20
-109.2
11
110.274
21
-109.22
0
LINE
8
BLACK
6
CONTINUOUS
10
152.663
20
-110.504
11
151.368
21
-110.504
0
LINE
8
BLACK
6
CONTINUOUS
10
151.368
20
-110.504
11
151.368
21
-109.996
0
LINE
8
BLACK
6
CONTINUOUS
10
151.368
20
-109.996
11
152.663
21
-109.996
0
LINE
8
BLACK
6
CONTINUOUS
10
152.663
20
-109.996
11
152.663
21
-110.504
0
LINE
8
BLACK
6
CONTINUOUS
10
176.132
20
-110.504
11
174.837
21
-110.504
0
LINE
8
BLACK
6
CONTINUOUS
10
174.837
20
-110.504
11
174.837
21
-109.996
0
LINE
8
BLACK
6
CONTINUOUS
10
174.837
20
-109.996
11
176.132
21
-109.996
0
LINE
8
BLACK
6
CONTINUOUS
10
176.132
20
-109.996
11
176.132
21
-110.504
0
LINE
8
BLACK
6
CONTINUOUS
10
138.087
20
-109.91
11
138.13
21
-109.94
0
LINE
8
BLACK
6
CONTINUOUS
10
138.13
20
-109.94
11
138.16
21
-109.983
0
LINE
8
BLACK
6
CONTINUOUS
10
138.16
20
-109.983
11
138.17
21
-110.035
0
LINE
8
BLACK
6
CONTINUOUS
10
138.17
20
-110.035
11
138.17
21
-110.305
0
LINE
8
BLACK
6
CONTINUOUS
10
138.17
20
-110.305
11
138.16
21
-110.357
0
LINE
8
BLACK
6
CONTINUOUS
10
138.16
20
-110.357
11
138.13
21
-110.4
0
LINE
8
BLACK
6
CONTINUOUS
10
138.13
20
-110.4
11
138.087
21
-110.43
0
LINE
8
BLACK
6
CONTINUOUS
10
138.087
20
-110.43
11
138.035
21
-110.44
0
LINE
8
BLACK
6
CONTINUOUS
10
138.035
20
-110.44
11
137.665
21
-110.44
0
LINE
8
BLACK
6
CONTINUOUS
10
137.665
20
-110.44
11
137.613
21
-110.43
0
LINE
8
BLACK
6
CONTINUOUS
10
137.613
20
-110.43
11
137.57
21
-110.4
0
LINE
8
BLACK
6
CONTINUOUS
10
137.57
20
-110.4
11
137.54
21
-110.357
0
LINE
8
BLACK
6
CONTINUOUS
10
137.54
20
-110.357
11
137.53
21
-110.305
0
LINE
8
BLACK
6
CONTINUOUS
10
137.53
20
-110.305
11
137.53
21
-110.035
0
LINE
8
BLACK
6
CONTINUOUS
10
137.53
20
-110.035
11
137.54
21
-109.983
0
LINE
8
BLACK
6
CONTINUOUS
10
137.54
20
-109.983
11
137.57
21
-109.94
0
LINE
8
BLACK
6
CONTINUOUS
10
137.57
20
-109.94
11
137.613
21
-109.91
0
LINE
8
BLACK
6
CONTINUOUS
10
137.613
20
-109.91
11
137.665
21
-109.9
0
LINE
8
BLACK
6
CONTINUOUS
10
137.665
20
-109.9
11
138.035
21
-109.9
0
LINE
8
BLACK
6
CONTINUOUS
10
138.035
20
-109.9
11
138.087
21
-109.91
0
LINE
8
BLACK
6
CONTINUOUS
10
142.267
20
-109.91
11
142.31
21
-109.94
0
LINE
8
BLACK
6
CONTINUOUS
10
142.31
20
-109.94
11
142.34
21
-109.983
0
LINE
8
BLACK
6
CONTINUOUS
10
142.34
20
-109.983
11
142.35
21
-110.035
0
LINE
8
BLACK
6
CONTINUOUS
10
142.35
20
-110.035
11
142.35
21
-110.305
0
LINE
8
BLACK
6
CONTINUOUS
10
142.35
20
-110.305
11
142.34
21
-110.357
0
LINE
8
BLACK
6
CONTINUOUS
10
142.34
20
-110.357
11
142.31
21
-110.4
0
LINE
8
BLACK
6
CONTINUOUS
10
142.31
20
-110.4
11
142.267
21
-110.43
0
LINE
8
BLACK
6
CONTINUOUS
10
142.267
20
-110.43
11
142.215
21
-110.44
0
LINE
8
BLACK
6
CONTINUOUS
10
142.215
20
-110.44
11
141.845
21
-110.44
0
LINE
8
BLACK
6
CONTINUOUS
10
141.845
20
-110.44
11
141.793
21
-110.43
0
LINE
8
BLACK
6
CONTINUOUS
10
141.793
20
-110.43
11
141.75
21
-110.4
0
LINE
8
BLACK
6
CONTINUOUS
10
141.75
20
-110.4
11
141.72
21
-110.357
0
LINE
8
BLACK
6
CONTINUOUS
10
141.72
20
-110.357
11
141.71
21
-110.305
0
LINE
8
BLACK
6
CONTINUOUS
10
141.71
20
-110.305
11
141.71
21
-110.035
0
LINE
8
BLACK
6
CONTINUOUS
10
141.71
20
-110.035
11
141.72
21
-109.983
0
LINE
8
BLACK
6
CONTINUOUS
10
141.72
20
-109.983
11
141.75
21
-109.94
0
LINE
8
BLACK
6
CONTINUOUS
10
141.75
20
-109.94
11
141.793
21
-109.91
0
LINE
8
BLACK
6
CONTINUOUS
10
141.793
20
-109.91
11
141.845
21
-109.9
0
LINE
8
BLACK
6
CONTINUOUS
10
141.845
20
-109.9
11
142.215
21
-109.9
0
LINE
8
BLACK
6
CONTINUOUS
10
142.215
20
-109.9
11
142.267
21
-109.91
0
LINE
8
BLACK
6
CONTINUOUS
10
148.085
20
-109.555
11
148.089
21
-109.556
0
LINE
8
BLACK
6
CONTINUOUS
10
148.089
20
-109.556
11
148.09
21
-109.56
0
LINE
8
BLACK
6
CONTINUOUS
10
148.09
20
-109.56
11
148.09
21
-110.37
0
LINE
8
BLACK
6
CONTINUOUS
10
148.09
20
-110.37
11
148.089
21
-110.374
0
LINE
8
BLACK
6
CONTINUOUS
10
148.089
20
-110.374
11
148.085
21
-110.375
0
LINE
8
BLACK
6
CONTINUOUS
10
148.085
20
-110.375
11
147.715
21
-110.375
0
LINE
8
BLACK
6
CONTINUOUS
10
147.715
20
-110.375
11
147.711
21
-110.374
0
LINE
8
BLACK
6
CONTINUOUS
10
147.711
20
-110.374
11
147.71
21
-110.37
0
LINE
8
BLACK
6
CONTINUOUS
10
147.71
20
-110.37
11
147.71
21
-109.56
0
LINE
8
BLACK
6
CONTINUOUS
10
147.71
20
-109.56
11
147.711
21
-109.556
0
LINE
8
BLACK
6
CONTINUOUS
10
147.711
20
-109.556
11
147.715
21
-109.555
0
LINE
8
BLACK
6
CONTINUOUS
10
147.715
20
-109.555
11
148.085
21
-109.555
0
LINE
8
BLACK
6
CONTINUOUS
10
148.585
20
-109.555
11
148.589
21
-109.556
0
LINE
8
BLACK
6
CONTINUOUS
10
148.589
20
-109.556
11
148.59
21
-109.56
0
LINE
8
BLACK
6
CONTINUOUS
10
148.59
20
-109.56
11
148.59
21
-110.37
0
LINE
8
BLACK
6
CONTINUOUS
10
148.59
20
-110.37
11
148.589
21
-110.374
0
LINE
8
BLACK
6
CONTINUOUS
10
148.589
20
-110.374
11
148.585
21
-110.375
0
LINE
8
BLACK
6
CONTINUOUS
10
148.585
20
-110.375
11
148.215
21
-110.375
0
LINE
8
BLACK
6
CONTINUOUS
10
148.215
20
-110.375
11
148.211
21
-110.374
0
LINE
8
BLACK
6
CONTINUOUS
10
148.211
20
-110.374
11
148.21
21
-110.37
0
LINE
8
BLACK
6
CONTINUOUS
10
148.21
20
-110.37
11
148.21
21
-109.56
0
LINE
8
BLACK
6
CONTINUOUS
10
148.21
20
-109.56
11
148.211
21
-109.556
0
LINE
8
BLACK
6
CONTINUOUS
10
148.211
20
-109.556
11
148.215
21
-109.555
0
LINE
8
BLACK
6
CONTINUOUS
10
148.215
20
-109.555
11
148.585
21
-109.555
0
LINE
8
BLACK
6
CONTINUOUS
10
150.261
20
-109.492
11
150.334
21
-109.541
0
LINE
8
BLACK
6
CONTINUOUS
10
150.334
20
-109.541
11
150.383
21
-109.614
0
LINE
8
BLACK
6
CONTINUOUS
10
150.383
20
-109.614
11
150.4
21
-109.7
0
LINE
8
BLACK
6
CONTINUOUS
10
150.4
20
-109.7
11
150.4
21
-110.15
0
LINE
8
BLACK
6
CONTINUOUS
10
150.4
20
-110.15
11
150.383
21
-110.236
0
LINE
8
BLACK
6
CONTINUOUS
10
150.383
20
-110.236
11
150.334
21
-110.309
0
LINE
8
BLACK
6
CONTINUOUS
10
150.334
20
-110.309
11
150.261
21
-110.358
0
LINE
8
BLACK
6
CONTINUOUS
10
150.261
20
-110.358
11
150.175
21
-110.375
0
LINE
8
BLACK
6
CONTINUOUS
10
150.175
20
-110.375
11
149.675
21
-110.375
0
LINE
8
BLACK
6
CONTINUOUS
10
149.675
20
-110.375
11
149.589
21
-110.358
0
LINE
8
BLACK
6
CONTINUOUS
10
149.589
20
-110.358
11
149.516
21
-110.309
0
LINE
8
BLACK
6
CONTINUOUS
10
149.516
20
-110.309
11
149.467
21
-110.236
0
LINE
8
BLACK
6
CONTINUOUS
10
149.467
20
-110.236
11
149.45
21
-110.15
0
LINE
8
BLACK
6
CONTINUOUS
10
149.45
20
-110.15
11
149.45
21
-109.7
0
LINE
8
BLACK
6
CONTINUOUS
10
149.45
20
-109.7
11
149.467
21
-109.614
0
LINE
8
BLACK
6
CONTINUOUS
10
149.467
20
-109.614
11
149.516
21
-109.541
0
LINE
8
BLACK
6
CONTINUOUS
10
149.516
20
-109.541
11
149.589
21
-109.492
0
LINE
8
BLACK
6
CONTINUOUS
10
149.589
20
-109.492
11
149.675
21
-109.475
0
LINE
8
BLACK
6
CONTINUOUS
10
149.675
20
-109.475
11
150.175
21
-109.475
0
LINE
8
BLACK
6
CONTINUOUS
10
150.175
20
-109.475
11
150.261
21
-109.492
0
LINE
8
BLACK
6
CONTINUOUS
10
139.5
20
-109.477
11
139.571
21
-109.524
0
LINE
8
BLACK
6
CONTINUOUS
10
139.571
20
-109.524
11
139.618
21
-109.595
0
LINE
8
BLACK
6
CONTINUOUS
10
139.618
20
-109.595
11
139.635
21
-109.679
0
LINE
8
BLACK
6
CONTINUOUS
10
139.635
20
-109.679
11
139.635
21
-110.116
0
LINE
8
BLACK
6
CONTINUOUS
10
139.635
20
-110.116
11
139.618
21
-110.2
0
LINE
8
BLACK
6
CONTINUOUS
10
139.618
20
-110.2
11
139.571
21
-110.271
0
LINE
8
BLACK
6
CONTINUOUS
10
139.571
20
-110.271
11
139.5
21
-110.318
0
LINE
8
BLACK
6
CONTINUOUS
10
139.5
20
-110.318
11
139.416
21
-110.335
0
LINE
8
BLACK
6
CONTINUOUS
10
139.416
20
-110.335
11
138.904
21
-110.335
0
LINE
8
BLACK
6
CONTINUOUS
10
138.904
20
-110.335
11
138.82
21
-110.318
0
LINE
8
BLACK
6
CONTINUOUS
10
138.82
20
-110.318
11
138.749
21
-110.271
0
LINE
8
BLACK
6
CONTINUOUS
10
138.749
20
-110.271
11
138.702
21
-110.2
0
LINE
8
BLACK
6
CONTINUOUS
10
138.702
20
-110.2
11
138.685
21
-110.116
0
LINE
8
BLACK
6
CONTINUOUS
10
138.685
20
-110.116
11
138.685
21
-109.679
0
LINE
8
BLACK
6
CONTINUOUS
10
138.685
20
-109.679
11
138.702
21
-109.595
0
LINE
8
BLACK
6
CONTINUOUS
10
138.702
20
-109.595
11
138.749
21
-109.524
0
LINE
8
BLACK
6
CONTINUOUS
10
138.749
20
-109.524
11
138.82
21
-109.477
0
LINE
8
BLACK
6
CONTINUOUS
10
138.82
20
-109.477
11
138.904
21
-109.46
0
LINE
8
BLACK
6
CONTINUOUS
10
138.904
20
-109.46
11
139.416
21
-109.46
0
LINE
8
BLACK
6
CONTINUOUS
10
139.416
20
-109.46
11
139.5
21
-109.477
0
LINE
8
BLACK
6
CONTINUOUS
10
141.08
20
-109.477
11
141.151
21
-109.524
0
LINE
8
BLACK
6
CONTINUOUS
10
141.151
20
-109.524
11
141.198
21
-109.595
0
LINE
8
BLACK
6
CONTINUOUS
10
141.198
20
-109.595
11
141.215
21
-109.679
0
LINE
8
BLACK
6
CONTINUOUS
10
141.215
20
-109.679
11
141.215
21
-110.116
0
LINE
8
BLACK
6
CONTINUOUS
10
141.215
20
-110.116
11
141.198
21
-110.2
0
LINE
8
BLACK
6
CONTINUOUS
10
141.198
20
-110.2
11
141.151
21
-110.271
0
LINE
8
BLACK
6
CONTINUOUS
10
141.151
20
-110.271
11
141.08
21
-110.318
0
LINE
8
BLACK
6
CONTINUOUS
10
141.08
20
-110.318
11
140.996
21
-110.335
0
LINE
8
BLACK
6
CONTINUOUS
10
140.996
20
-110.335
11
140.484
21
-110.335
0
LINE
8
BLACK
6
CONTINUOUS
10
140.484
20
-110.335
11
140.4
21
-110.318
0
LINE
8
BLACK
6
CONTINUOUS
10
140.4
20
-110.318
11
140.329
21
-110.271
0
LINE
8
BLACK
6
CONTINUOUS
10
140.329
20
-110.271
11
140.282
21
-110.2
0
LINE
8
BLACK
6
CONTINUOUS
10
140.282
20
-110.2
11
140.265
21
-110.116
0
LINE
8
BLACK
6
CONTINUOUS
10
140.265
20
-110.116
11
140.265
21
-109.679
0
LINE
8
BLACK
6
CONTINUOUS
10
140.265
20
-109.679
11
140.282
21
-109.595
0
LINE
8
BLACK
6
CONTINUOUS
10
140.282
20
-109.595
11
140.329
21
-109.524
0
LINE
8
BLACK
6
CONTINUOUS
10
140.329
20
-109.524
11
140.4
21
-109.477
0
LINE
8
BLACK
6
CONTINUOUS
10
140.4
20
-109.477
11
140.484
21
-109.46
0
LINE
8
BLACK
6
CONTINUOUS
10
140.484
20
-109.46
11
140.996
21
-109.46
0
LINE
8
BLACK
6
CONTINUOUS
10
140.996
20
-109.46
11
141.08
21
-109.477
0
LINE
8
BLACK
6
CONTINUOUS
10
144.227
20
-109.54
11
144.291
21
-109.584
0
LINE
8
BLACK
6
CONTINUOUS
10
144.291
20
-109.584
11
144.335
21
-109.648
0
LINE
8
BLACK
6
CONTINUOUS
10
144.335
20
-109.648
11
144.35
21
-109.725
0
LINE
8
BLACK
6
CONTINUOUS
10
144.35
20
-109.725
11
144.35
21
-110.125
0
LINE
8
BLACK
6
CONTINUOUS
10
144.35
20
-110.125
11
144.335
21
-110.202
0
LINE
8
BLACK
6
CONTINUOUS
10
144.335
20
-110.202
11
144.291
21
-110.266
0
LINE
8
BLACK
6
CONTINUOUS
10
144.291
20
-110.266
11
144.227
21
-110.31
0
LINE
8
BLACK
6
CONTINUOUS
10
144.227
20
-110.31
11
144.15
21
-110.325
0
LINE
8
BLACK
6
CONTINUOUS
10
144.15
20
-110.325
11
143.6
21
-110.325
0
LINE
8
BLACK
6
CONTINUOUS
10
143.6
20
-110.325
11
143.523
21
-110.31
0
LINE
8
BLACK
6
CONTINUOUS
10
143.523
20
-110.31
11
143.459
21
-110.266
0
LINE
8
BLACK
6
CONTINUOUS
10
143.459
20
-110.266
11
143.415
21
-110.202
0
LINE
8
BLACK
6
CONTINUOUS
10
143.415
20
-110.202
11
143.4
21
-110.125
0
LINE
8
BLACK
6
CONTINUOUS
10
143.4
20
-110.125
11
143.4
21
-109.725
0
LINE
8
BLACK
6
CONTINUOUS
10
143.4
20
-109.725
11
143.415
21
-109.648
0
LINE
8
BLACK
6
CONTINUOUS
10
143.415
20
-109.648
11
143.459
21
-109.584
0
LINE
8
BLACK
6
CONTINUOUS
10
143.459
20
-109.584
11
143.523
21
-109.54
0
LINE
8
BLACK
6
CONTINUOUS
10
143.523
20
-109.54
11
143.6
21
-109.525
0
LINE
8
BLACK
6
CONTINUOUS
10
143.6
20
-109.525
11
144.15
21
-109.525
0
LINE
8
BLACK
6
CONTINUOUS
10
144.15
20
-109.525
11
144.227
21
-109.54
0
LINE
8
BLACK
6
CONTINUOUS
10
145.94
20
-109.467
11
146.011
21
-109.514
0
LINE
8
BLACK
6
CONTINUOUS
10
146.011
20
-109.514
11
146.058
21
-109.585
0
LINE
8
BLACK
6
CONTINUOUS
10
146.058
20
-109.585
11
146.075
21
-109.669
0
LINE
8
BLACK
6
CONTINUOUS
10
146.075
20
-109.669
11
146.075
21
-110.106
0
LINE
8
BLACK
6
CONTINUOUS
10
146.075
20
-110.106
11
146.058
21
-110.19
0
LINE
8
BLACK
6
CONTINUOUS
10
146.058
20
-110.19
11
146.011
21
-110.261
0
LINE
8
BLACK
6
CONTINUOUS
10
146.011
20
-110.261
11
145.94
21
-110.308
0
LINE
8
BLACK
6
CONTINUOUS
10
145.94
20
-110.308
11
145.856
21
-110.325
0
LINE
8
BLACK
6
CONTINUOUS
10
145.856
20
-110.325
11
145.344
21
-110.325
0
LINE
8
BLACK
6
CONTINUOUS
10
145.344
20
-110.325
11
145.26
21
-110.308
0
LINE
8
BLACK
6
CONTINUOUS
10
145.26
20
-110.308
11
145.189
21
-110.261
0
LINE
8
BLACK
6
CONTINUOUS
10
145.189
20
-110.261
11
145.142
21
-110.19
0
LINE
8
BLACK
6
CONTINUOUS
10
145.142
20
-110.19
11
145.125
21
-110.106
0
LINE
8
BLACK
6
CONTINUOUS
10
145.125
20
-110.106
11
145.125
21
-109.669
0
LINE
8
BLACK
6
CONTINUOUS
10
145.125
20
-109.669
11
145.142
21
-109.585
0
LINE
8
BLACK
6
CONTINUOUS
10
145.142
20
-109.585
11
145.189
21
-109.514
0
LINE
8
BLACK
6
CONTINUOUS
10
145.189
20
-109.514
11
145.26
21
-109.467
0
LINE
8
BLACK
6
CONTINUOUS
10
145.26
20
-109.467
11
145.344
21
-109.45
0
LINE
8
BLACK
6
CONTINUOUS
10
145.344
20
-109.45
11
145.856
21
-109.45
0
LINE
8
BLACK
6
CONTINUOUS
10
145.856
20
-109.45
11
145.94
21
-109.467
0
LINE
8
BLACK
6
CONTINUOUS
10
135.677
20
-109.51
11
135.72
21
-109.54
0
LINE
8
BLACK
6
CONTINUOUS
10
135.72
20
-109.54
11
135.75
21
-109.583
0
LINE
8
BLACK
6
CONTINUOUS
10
135.75
20
-109.583
11
135.76
21
-109.635
0
LINE
8
BLACK
6
CONTINUOUS
10
135.76
20
-109.635
11
135.76
21
-109.905
0
LINE
8
BLACK
6
CONTINUOUS
10
135.76
20
-109.905
11
135.75
21
-109.957
0
LINE
8
BLACK
6
CONTINUOUS
10
135.75
20
-109.957
11
135.72
21
-110
0
LINE
8
BLACK
6
CONTINUOUS
10
135.72
20
-110
11
135.677
21
-110.03
0
LINE
8
BLACK
6
CONTINUOUS
10
135.677
20
-110.03
11
135.625
21
-110.04
0
LINE
8
BLACK
6
CONTINUOUS
10
135.625
20
-110.04
11
135.255
21
-110.04
0
LINE
8
BLACK
6
CONTINUOUS
10
135.255
20
-110.04
11
135.203
21
-110.03
0
LINE
8
BLACK
6
CONTINUOUS
10
135.203
20
-110.03
11
135.16
21
-110
0
LINE
8
BLACK
6
CONTINUOUS
10
135.16
20
-110
11
135.13
21
-109.957
0
LINE
8
BLACK
6
CONTINUOUS
10
135.13
20
-109.957
11
135.12
21
-109.905
0
LINE
8
BLACK
6
CONTINUOUS
10
135.12
20
-109.905
11
135.12
21
-109.635
0
LINE
8
BLACK
6
CONTINUOUS
10
135.12
20
-109.635
11
135.13
21
-109.583
0
LINE
8
BLACK
6
CONTINUOUS
10
135.13
20
-109.583
11
135.16
21
-109.54
0
LINE
8
BLACK
6
CONTINUOUS
10
135.16
20
-109.54
11
135.203
21
-109.51
0
LINE
8
BLACK
6
CONTINUOUS
10
135.203
20
-109.51
11
135.255
21
-109.5
0
LINE
8
BLACK
6
CONTINUOUS
10
135.255
20
-109.5
11
135.625
21
-109.5
0
LINE
8
BLACK
6
CONTINUOUS
10
135.625
20
-109.5
11
135.677
21
-109.51
0
LINE
8
BLACK
6
CONTINUOUS
10
131.527
20
-109.5
11
131.57
21
-109.53
0
LINE
8
BLACK
6
CONTINUOUS
10
131.57
20
-109.53
11
131.6
21
-109.573
0
LINE
8
BLACK
6
CONTINUOUS
10
131.6
20
-109.573
11
131.61
21
-109.625
0
LINE
8
BLACK
6
CONTINUOUS
10
131.61
20
-109.625
11
131.61
21
-109.895
0
LINE
8
BLACK
6
CONTINUOUS
10
131.61
20
-109.895
11
131.6
21
-109.947
0
LINE
8
BLACK
6
CONTINUOUS
10
131.6
20
-109.947
11
131.57
21
-109.99
0
LINE
8
BLACK
6
CONTINUOUS
10
131.57
20
-109.99
11
131.527
21
-110.02
0
LINE
8
BLACK
6
CONTINUOUS
10
131.527
20
-110.02
11
131.475
21
-110.03
0
LINE
8
BLACK
6
CONTINUOUS
10
131.475
20
-110.03
11
131.105
21
-110.03
0
LINE
8
BLACK
6
CONTINUOUS
10
131.105
20
-110.03
11
131.053
21
-110.02
0
LINE
8
BLACK
6
CONTINUOUS
10
131.053
20
-110.02
11
131.01
21
-109.99
0
LINE
8
BLACK
6
CONTINUOUS
10
131.01
20
-109.99
11
130.98
21
-109.947
0
LINE
8
BLACK
6
CONTINUOUS
10
130.98
20
-109.947
11
130.97
21
-109.895
0
LINE
8
BLACK
6
CONTINUOUS
10
130.97
20
-109.895
11
130.97
21
-109.625
0
LINE
8
BLACK
6
CONTINUOUS
10
130.97
20
-109.625
11
130.98
21
-109.573
0
LINE
8
BLACK
6
CONTINUOUS
10
130.98
20
-109.573
11
131.01
21
-109.53
0
LINE
8
BLACK
6
CONTINUOUS
10
131.01
20
-109.53
11
131.053
21
-109.5
0
LINE
8
BLACK
6
CONTINUOUS
10
131.053
20
-109.5
11
131.105
21
-109.49
0
LINE
8
BLACK
6
CONTINUOUS
10
131.105
20
-109.49
11
131.475
21
-109.49
0
LINE
8
BLACK
6
CONTINUOUS
10
131.475
20
-109.49
11
131.527
21
-109.5
0
LINE
8
BLACK
6
CONTINUOUS
10
124.667
20
-109.46
11
124.71
21
-109.49
0
LINE
8
BLACK
6
CONTINUOUS
10
124.71
20
-109.49
11
124.74
21
-109.533
0
LINE
8
BLACK
6
CONTINUOUS
10
124.74
20
-109.533
11
124.75
21
-109.585
0
LINE
8
BLACK
6
CONTINUOUS
10
124.75
20
-109.585
11
124.75
21
-109.855
0
LINE
8
BLACK
6
CONTINUOUS
10
124.75
20
-109.855
11
124.74
21
-109.907
0
LINE
8
BLACK
6
CONTINUOUS
10
124.74
20
-109.907
11
124.71
21
-109.95
0
LINE
8
BLACK
6
CONTINUOUS
10
124.71
20
-109.95
11
124.667
21
-109.98
0
LINE
8
BLACK
6
CONTINUOUS
10
124.667
20
-109.98
11
124.615
21
-109.99
0
LINE
8
BLACK
6
CONTINUOUS
10
124.615
20
-109.99
11
124.245
21
-109.99
0
LINE
8
BLACK
6
CONTINUOUS
10
124.245
20
-109.99
11
124.193
21
-109.98
0
LINE
8
BLACK
6
CONTINUOUS
10
124.193
20
-109.98
11
124.15
21
-109.95
0
LINE
8
BLACK
6
CONTINUOUS
10
124.15
20
-109.95
11
124.12
21
-109.907
0
LINE
8
BLACK
6
CONTINUOUS
10
124.12
20
-109.907
11
124.11
21
-109.855
0
LINE
8
BLACK
6
CONTINUOUS
10
124.11
20
-109.855
11
124.11
21
-109.585
0
LINE
8
BLACK
6
CONTINUOUS
10
124.11
20
-109.585
11
124.12
21
-109.533
0
LINE
8
BLACK
6
CONTINUOUS
10
124.12
20
-109.533
11
124.15
21
-109.49
0
LINE
8
BLACK
6
CONTINUOUS
10
124.15
20
-109.49
11
124.193
21
-109.46
0
LINE
8
BLACK
6
CONTINUOUS
10
124.193
20
-109.46
11
124.245
21
-109.45
0
LINE
8
BLACK
6
CONTINUOUS
10
124.245
20
-109.45
11
124.615
21
-109.45
0
LINE
8
BLACK
6
CONTINUOUS
10
124.615
20
-109.45
11
124.667
21
-109.46
0
LINE
8
BLACK
6
CONTINUOUS
10
128.887
20
-109.46
11
128.93
21
-109.49
0
LINE
8
BLACK
6
CONTINUOUS
10
128.93
20
-109.49
11
128.96
21
-109.533
0
LINE
8
BLACK
6
CONTINUOUS
10
128.96
20
-109.533
11
128.97
21
-109.585
0
LINE
8
BLACK
6
CONTINUOUS
10
128.97
20
-109.585
11
128.97
21
-109.855
0
LINE
8
BLACK
6
CONTINUOUS
10
128.97
20
-109.855
11
128.96
21
-109.907
0
LINE
8
BLACK
6
CONTINUOUS
10
128.96
20
-109.907
11
128.93
21
-109.95
0
LINE
8
BLACK
6
CONTINUOUS
10
128.93
20
-109.95
11
128.887
21
-109.98
0
LINE
8
BLACK
6
CONTINUOUS
10
128.887
20
-109.98
11
128.835
21
-109.99
0
LINE
8
BLACK
6
CONTINUOUS
10
128.835
20
-109.99
11
128.465
21
-109.99
0
LINE
8
BLACK
6
CONTINUOUS
10
128.465
20
-109.99
11
128.413
21
-109.98
0
LINE
8
BLACK
6
CONTINUOUS
10
128.413
20
-109.98
11
128.37
21
-109.95
0
LINE
8
BLACK
6
CONTINUOUS
10
128.37
20
-109.95
11
128.34
21
-109.907
0
LINE
8
BLACK
6
CONTINUOUS
10
128.34
20
-109.907
11
128.33
21
-109.855
0
LINE
8
BLACK
6
CONTINUOUS
10
128.33
20
-109.855
11
128.33
21
-109.585
0
LINE
8
BLACK
6
CONTINUOUS
10
128.33
20
-109.585
11
128.34
21
-109.533
0
LINE
8
BLACK
6
CONTINUOUS
10
128.34
20
-109.533
11
128.37
21
-109.49
0
LINE
8
BLACK
6
CONTINUOUS
10
128.37
20
-109.49
11
128.413
21
-109.46
0
LINE
8
BLACK
6
CONTINUOUS
10
128.413
20
-109.46
11
128.465
21
-109.45
0
LINE
8
BLACK
6
CONTINUOUS
10
128.465
20
-109.45
11
128.835
21
-109.45
0
LINE
8
BLACK
6
CONTINUOUS
10
128.835
20
-109.45
11
128.887
21
-109.46
0
LINE
8
BLACK
6
CONTINUOUS
10
132.92
20
-109.067
11
132.991
21
-109.114
0
LINE
8
BLACK
6
CONTINUOUS
10
132.991
20
-109.114
11
133.038
21
-109.185
0
LINE
8
BLACK
6
CONTINUOUS
10
133.038
20
-109.185
11
133.055
21
-109.269
0
LINE
8
BLACK
6
CONTINUOUS
10
133.055
20
-109.269
11
133.055
21
-109.706
0
LINE
8
BLACK
6
CONTINUOUS
10
133.055
20
-109.706
11
133.038
21
-109.79
0
LINE
8
BLACK
6
CONTINUOUS
10
133.038
20
-109.79
11
132.991
21
-109.861
0
LINE
8
BLACK
6
CONTINUOUS
10
132.991
20
-109.861
11
132.92
21
-109.908
0
LINE
8
BLACK
6
CONTINUOUS
10
132.92
20
-109.908
11
132.836
21
-109.925
0
LINE
8
BLACK
6
CONTINUOUS
10
132.836
20
-109.925
11
132.324
21
-109.925
0
LINE
8
BLACK
6
CONTINUOUS
10
132.324
20
-109.925
11
132.24
21
-109.908
0
LINE
8
BLACK
6
CONTINUOUS
10
132.24
20
-109.908
11
132.169
21
-109.861
0
LINE
8
BLACK
6
CONTINUOUS
10
132.169
20
-109.861
11
132.122
21
-109.79
0
LINE
8
BLACK
6
CONTINUOUS
10
132.122
20
-109.79
11
132.105
21
-109.706
0
LINE
8
BLACK
6
CONTINUOUS
10
132.105
20
-109.706
11
132.105
21
-109.269
0
LINE
8
BLACK
6
CONTINUOUS
10
132.105
20
-109.269
11
132.122
21
-109.185
0
LINE
8
BLACK
6
CONTINUOUS
10
132.122
20
-109.185
11
132.169
21
-109.114
0
LINE
8
BLACK
6
CONTINUOUS
10
132.169
20
-109.114
11
132.24
21
-109.067
0
LINE
8
BLACK
6
CONTINUOUS
10
132.24
20
-109.067
11
132.324
21
-109.05
0
LINE
8
BLACK
6
CONTINUOUS
10
132.324
20
-109.05
11
132.836
21
-109.05
0
LINE
8
BLACK
6
CONTINUOUS
10
132.836
20
-109.05
11
132.92
21
-109.067
0
LINE
8
BLACK
6
CONTINUOUS
10
134.46
20
-109.067
11
134.531
21
-109.114
0
LINE
8
BLACK
6
CONTINUOUS
10
134.531
20
-109.114
11
134.578
21
-109.185
0
LINE
8
BLACK
6
CONTINUOUS
10
134.578
20
-109.185
11
134.595
21
-109.269
0
LINE
8
BLACK
6
CONTINUOUS
10
134.595
20
-109.269
11
134.595
21
-109.706
0
LINE
8
BLACK
6
CONTINUOUS
10
134.595
20
-109.706
11
134.578
21
-109.79
0
LINE
8
BLACK
6
CONTINUOUS
10
134.578
20
-109.79
11
134.531
21
-109.861
0
LINE
8
BLACK
6
CONTINUOUS
10
134.531
20
-109.861
11
134.46
21
-109.908
0
LINE
8
BLACK
6
CONTINUOUS
10
134.46
20
-109.908
11
134.376
21
-109.925
0
LINE
8
BLACK
6
CONTINUOUS
10
134.376
20
-109.925
11
133.864
21
-109.925
0
LINE
8
BLACK
6
CONTINUOUS
10
133.864
20
-109.925
11
133.78
21
-109.908
0
LINE
8
BLACK
6
CONTINUOUS
10
133.78
20
-109.908
11
133.709
21
-109.861
0
LINE
8
BLACK
6
CONTINUOUS
10
133.709
20
-109.861
11
133.662
21
-109.79
0
LINE
8
BLACK
6
CONTINUOUS
10
133.662
20
-109.79
11
133.645
21
-109.706
0
LINE
8
BLACK
6
CONTINUOUS
10
133.645
20
-109.706
11
133.645
21
-109.269
0
LINE
8
BLACK
6
CONTINUOUS
10
133.645
20
-109.269
11
133.662
21
-109.185
0
LINE
8
BLACK
6
CONTINUOUS
10
133.662
20
-109.185
11
133.709
21
-109.114
0
LINE
8
BLACK
6
CONTINUOUS
10
133.709
20
-109.114
11
133.78
21
-109.067
0
LINE
8
BLACK
6
CONTINUOUS
10
133.78
20
-109.067
11
133.864
21
-109.05
0
LINE
8
BLACK
6
CONTINUOUS
10
133.864
20
-109.05
11
134.376
21
-109.05
0
LINE
8
BLACK
6
CONTINUOUS
10
134.376
20
-109.05
11
134.46
21
-109.067
0
LINE
8
BLACK
6
CONTINUOUS
10
126.09
20
-109.027
11
126.161
21
-109.074
0
LINE
8
BLACK
6
CONTINUOUS
10
126.161
20
-109.074
11
126.208
21
-109.145
0
LINE
8
BLACK
6
CONTINUOUS
10
126.208
20
-109.145
11
126.225
21
-109.229
0
LINE
8
BLACK
6
CONTINUOUS
10
126.225
20
-109.229
11
126.225
21
-109.666
0
LINE
8
BLACK
6
CONTINUOUS
10
126.225
20
-109.666
11
126.208
21
-109.75
0
LINE
8
BLACK
6
CONTINUOUS
10
126.208
20
-109.75
11
126.161
21
-109.821
0
LINE
8
BLACK
6
CONTINUOUS
10
126.161
20
-109.821
11
126.09
21
-109.868
0
LINE
8
BLACK
6
CONTINUOUS
10
126.09
20
-109.868
11
126.006
21
-109.885
0
LINE
8
BLACK
6
CONTINUOUS
10
126.006
20
-109.885
11
125.494
21
-109.885
0
LINE
8
BLACK
6
CONTINUOUS
10
125.494
20
-109.885
11
125.41
21
-109.868
0
LINE
8
BLACK
6
CONTINUOUS
10
125.41
20
-109.868
11
125.339
21
-109.821
0
LINE
8
BLACK
6
CONTINUOUS
10
125.339
20
-109.821
11
125.292
21
-109.75
0
LINE
8
BLACK
6
CONTINUOUS
10
125.292
20
-109.75
11
125.275
21
-109.666
0
LINE
8
BLACK
6
CONTINUOUS
10
125.275
20
-109.666
11
125.275
21
-109.229
0
LINE
8
BLACK
6
CONTINUOUS
10
125.275
20
-109.229
11
125.292
21
-109.145
0
LINE
8
BLACK
6
CONTINUOUS
10
125.292
20
-109.145
11
125.339
21
-109.074
0
LINE
8
BLACK
6
CONTINUOUS
10
125.339
20
-109.074
11
125.41
21
-109.027
0
LINE
8
BLACK
6
CONTINUOUS
10
125.41
20
-109.027
11
125.494
21
-109.01
0
LINE
8
BLACK
6
CONTINUOUS
10
125.494
20
-109.01
11
126.006
21
-109.01
0
LINE
8
BLACK
6
CONTINUOUS
10
126.006
20
-109.01
11
126.09
21
-109.027
0
LINE
8
BLACK
6
CONTINUOUS
10
127.71
20
-109.017
11
127.781
21
-109.064
0
LINE
8
BLACK
6
CONTINUOUS
10
127.781
20
-109.064
11
127.828
21
-109.135
0
LINE
8
BLACK
6
CONTINUOUS
10
127.828
20
-109.135
11
127.845
21
-109.219
0
LINE
8
BLACK
6
CONTINUOUS
10
127.845
20
-109.219
11
127.845
21
-109.656
0
LINE
8
BLACK
6
CONTINUOUS
10
127.845
20
-109.656
11
127.828
21
-109.74
0
LINE
8
BLACK
6
CONTINUOUS
10
127.828
20
-109.74
11
127.781
21
-109.811
0
LINE
8
BLACK
6
CONTINUOUS
10
127.781
20
-109.811
11
127.71
21
-109.858
0
LINE
8
BLACK
6
CONTINUOUS
10
127.71
20
-109.858
11
127.626
21
-109.875
0
LINE
8
BLACK
6
CONTINUOUS
10
127.626
20
-109.875
11
127.114
21
-109.875
0
LINE
8
BLACK
6
CONTINUOUS
10
127.114
20
-109.875
11
127.03
21
-109.858
0
LINE
8
BLACK
6
CONTINUOUS
10
127.03
20
-109.858
11
126.959
21
-109.811
0
LINE
8
BLACK
6
CONTINUOUS
10
126.959
20
-109.811
11
126.912
21
-109.74
0
LINE
8
BLACK
6
CONTINUOUS
10
126.912
20
-109.74
11
126.895
21
-109.656
0
LINE
8
BLACK
6
CONTINUOUS
10
126.895
20
-109.656
11
126.895
21
-109.219
0
LINE
8
BLACK
6
CONTINUOUS
10
126.895
20
-109.219
11
126.912
21
-109.135
0
LINE
8
BLACK
6
CONTINUOUS
10
126.912
20
-109.135
11
126.959
21
-109.064
0
LINE
8
BLACK
6
CONTINUOUS
10
126.959
20
-109.064
11
127.03
21
-109.017
0
LINE
8
BLACK
6
CONTINUOUS
10
127.03
20
-109.017
11
127.114
21
-109
0
LINE
8
BLACK
6
CONTINUOUS
10
127.114
20
-109
11
127.626
21
-109
0
LINE
8
BLACK
6
CONTINUOUS
10
127.626
20
-109
11
127.71
21
-109.017
0
LINE
8
BLACK
6
CONTINUOUS
10
152.663
20
-109.504
11
151.368
21
-109.504
0
LINE
8
BLACK
6
CONTINUOUS
10
151.368
20
-109.504
11
151.368
21
-108.996
0
LINE
8
BLACK
6
CONTINUOUS
10
151.368
20
-108.996
11
152.663
21
-108.996
0
LINE
8
BLACK
6
CONTINUOUS
10
152.663
20
-108.996
11
152.663
21
-109.504
0
LINE
8
BLACK
6
CONTINUOUS
10
176.132
20
-109.504
11
174.837
21
-109.504
0
LINE
8
BLACK
6
CONTINUOUS
10
174.837
20
-109.504
11
174.837
21
-108.996
0
LINE
8
BLACK
6
CONTINUOUS
10
174.837
20
-108.996
11
176.132
21
-108.996
0
LINE
8
BLACK
6
CONTINUOUS
10
176.132
20
-108.996
11
176.132
21
-109.504
0
LINE
8
BLACK
6
CONTINUOUS
10
148.63
20
-108.865
11
148.634
21
-108.866
0
LINE
8
BLACK
6
CONTINUOUS
10
148.634
20
-108.866
11
148.635
21
-108.87
0
LINE
8
BLACK
6
CONTINUOUS
10
148.635
20
-108.87
11
148.635
21
-109.47
0
LINE
8
BLACK
6
CONTINUOUS
10
148.635
20
-109.47
11
148.634
21
-109.474
0
LINE
8
BLACK
6
CONTINUOUS
10
148.634
20
-109.474
11
148.63
21
-109.475
0
LINE
8
BLACK
6
CONTINUOUS
10
148.63
20
-109.475
11
147.67
21
-109.475
0
LINE
8
BLACK
6
CONTINUOUS
10
147.67
20
-109.475
11
147.666
21
-109.474
0
LINE
8
BLACK
6
CONTINUOUS
10
147.666
20
-109.474
11
147.665
21
-109.47
0
LINE
8
BLACK
6
CONTINUOUS
10
147.665
20
-109.47
11
147.665
21
-108.87
0
LINE
8
BLACK
6
CONTINUOUS
10
147.665
20
-108.87
11
147.666
21
-108.866
0
LINE
8
BLACK
6
CONTINUOUS
10
147.666
20
-108.866
11
147.67
21
-108.865
0
LINE
8
BLACK
6
CONTINUOUS
10
147.67
20
-108.865
11
148.63
21
-108.865
0
LINE
8
BLACK
6
CONTINUOUS
10
138.087
20
-108.89
11
138.13
21
-108.92
0
LINE
8
BLACK
6
CONTINUOUS
10
138.13
20
-108.92
11
138.16
21
-108.963
0
LINE
8
BLACK
6
CONTINUOUS
10
138.16
20
-108.963
11
138.17
21
-109.015
0
LINE
8
BLACK
6
CONTINUOUS
10
138.17
20
-109.015
11
138.17
21
-109.285
0
LINE
8
BLACK
6
CONTINUOUS
10
138.17
20
-109.285
11
138.16
21
-109.337
0
LINE
8
BLACK
6
CONTINUOUS
10
138.16
20
-109.337
11
138.13
21
-109.38
0
LINE
8
BLACK
6
CONTINUOUS
10
138.13
20
-109.38
11
138.087
21
-109.41
0
LINE
8
BLACK
6
CONTINUOUS
10
138.087
20
-109.41
11
138.035
21
-109.42
0
LINE
8
BLACK
6
CONTINUOUS
10
138.035
20
-109.42
11
137.665
21
-109.42
0
LINE
8
BLACK
6
CONTINUOUS
10
137.665
20
-109.42
11
137.613
21
-109.41
0
LINE
8
BLACK
6
CONTINUOUS
10
137.613
20
-109.41
11
137.57
21
-109.38
0
LINE
8
BLACK
6
CONTINUOUS
10
137.57
20
-109.38
11
137.54
21
-109.337
0
LINE
8
BLACK
6
CONTINUOUS
10
137.54
20
-109.337
11
137.53
21
-109.285
0
LINE
8
BLACK
6
CONTINUOUS
10
137.53
20
-109.285
11
137.53
21
-109.015
0
LINE
8
BLACK
6
CONTINUOUS
10
137.53
20
-109.015
11
137.54
21
-108.963
0
LINE
8
BLACK
6
CONTINUOUS
10
137.54
20
-108.963
11
137.57
21
-108.92
0
LINE
8
BLACK
6
CONTINUOUS
10
137.57
20
-108.92
11
137.613
21
-108.89
0
LINE
8
BLACK
6
CONTINUOUS
10
137.613
20
-108.89
11
137.665
21
-108.88
0
LINE
8
BLACK
6
CONTINUOUS
10
137.665
20
-108.88
11
138.035
21
-108.88
0
LINE
8
BLACK
6
CONTINUOUS
10
138.035
20
-108.88
11
138.087
21
-108.89
0
LINE
8
BLACK
6
CONTINUOUS
10
142.267
20
-108.89
11
142.31
21
-108.92
0
LINE
8
BLACK
6
CONTINUOUS
10
142.31
20
-108.92
11
142.34
21
-108.963
0
LINE
8
BLACK
6
CONTINUOUS
10
142.34
20
-108.963
11
142.35
21
-109.015
0
LINE
8
BLACK
6
CONTINUOUS
10
142.35
20
-109.015
11
142.35
21
-109.285
0
LINE
8
BLACK
6
CONTINUOUS
10
142.35
20
-109.285
11
142.34
21
-109.337
0
LINE
8
BLACK
6
CONTINUOUS
10
142.34
20
-109.337
11
142.31
21
-109.38
0
LINE
8
BLACK
6
CONTINUOUS
10
142.31
20
-109.38
11
142.267
21
-109.41
0
LINE
8
BLACK
6
CONTINUOUS
10
142.267
20
-109.41
11
142.215
21
-109.42
0
LINE
8
BLACK
6
CONTINUOUS
10
142.215
20
-109.42
11
141.845
21
-109.42
0
LINE
8
BLACK
6
CONTINUOUS
10
141.845
20
-109.42
11
141.793
21
-109.41
0
LINE
8
BLACK
6
CONTINUOUS
10
141.793
20
-109.41
11
141.75
21
-109.38
0
LINE
8
BLACK
6
CONTINUOUS
10
141.75
20
-109.38
11
141.72
21
-109.337
0
LINE
8
BLACK
6
CONTINUOUS
10
141.72
20
-109.337
11
141.71
21
-109.285
0
LINE
8
BLACK
6
CONTINUOUS
10
141.71
20
-109.285
11
141.71
21
-109.015
0
LINE
8
BLACK
6
CONTINUOUS
10
141.71
20
-109.015
11
141.72
21
-108.963
0
LINE
8
BLACK
6
CONTINUOUS
10
141.72
20
-108.963
11
141.75
21
-108.92
0
LINE
8
BLACK
6
CONTINUOUS
10
141.75
20
-108.92
11
141.793
21
-108.89
0
LINE
8
BLACK
6
CONTINUOUS
10
141.793
20
-108.89
11
141.845
21
-108.88
0
LINE
8
BLACK
6
CONTINUOUS
10
141.845
20
-108.88
11
142.215
21
-108.88
0
LINE
8
BLACK
6
CONTINUOUS
10
142.215
20
-108.88
11
142.267
21
-108.89
0
LINE
8
BLACK
6
CONTINUOUS
10
135.677
20
-108.49
11
135.72
21
-108.52
0
LINE
8
BLACK
6
CONTINUOUS
10
135.72
20
-108.52
11
135.75
21
-108.563
0
LINE
8
BLACK
6
CONTINUOUS
10
135.75
20
-108.563
11
135.76
21
-108.615
0
LINE
8
BLACK
6
CONTINUOUS
10
135.76
20
-108.615
11
135.76
21
-108.885
0
LINE
8
BLACK
6
CONTINUOUS
10
135.76
20
-108.885
11
135.75
21
-108.937
0
LINE
8
BLACK
6
CONTINUOUS
10
135.75
20
-108.937
11
135.72
21
-108.98
0
LINE
8
BLACK
6
CONTINUOUS
10
135.72
20
-108.98
11
135.677
21
-109.01
0
LINE
8
BLACK
6
CONTINUOUS
10
135.677
20
-109.01
11
135.625
21
-109.02
0
LINE
8
BLACK
6
CONTINUOUS
10
135.625
20
-109.02
11
135.255
21
-109.02
0
LINE
8
BLACK
6
CONTINUOUS
10
135.255
20
-109.02
11
135.203
21
-109.01
0
LINE
8
BLACK
6
CONTINUOUS
10
135.203
20
-109.01
11
135.16
21
-108.98
0
LINE
8
BLACK
6
CONTINUOUS
10
135.16
20
-108.98
11
135.13
21
-108.937
0
LINE
8
BLACK
6
CONTINUOUS
10
135.13
20
-108.937
11
135.12
21
-108.885
0
LINE
8
BLACK
6
CONTINUOUS
10
135.12
20
-108.885
11
135.12
21
-108.615
0
LINE
8
BLACK
6
CONTINUOUS
10
135.12
20
-108.615
11
135.13
21
-108.563
0
LINE
8
BLACK
6
CONTINUOUS
10
135.13
20
-108.563
11
135.16
21
-108.52
0
LINE
8
BLACK
6
CONTINUOUS
10
135.16
20
-108.52
11
135.203
21
-108.49
0
LINE
8
BLACK
6
CONTINUOUS
10
135.203
20
-108.49
11
135.255
21
-108.48
0
LINE
8
BLACK
6
CONTINUOUS
10
135.255
20
-108.48
11
135.625
21
-108.48
0
LINE
8
BLACK
6
CONTINUOUS
10
135.625
20
-108.48
11
135.677
21
-108.49
0
LINE
8
BLACK
6
CONTINUOUS
10
131.527
20
-108.48
11
131.57
21
-108.51
0
LINE
8
BLACK
6
CONTINUOUS
10
131.57
20
-108.51
11
131.6
21
-108.553
0
LINE
8
BLACK
6
CONTINUOUS
10
131.6
20
-108.553
11
131.61
21
-108.605
0
LINE
8
BLACK
6
CONTINUOUS
10
131.61
20
-108.605
11
131.61
21
-108.875
0
LINE
8
BLACK
6
CONTINUOUS
10
131.61
20
-108.875
11
131.6
21
-108.927
0
LINE
8
BLACK
6
CONTINUOUS
10
131.6
20
-108.927
11
131.57
21
-108.97
0
LINE
8
BLACK
6
CONTINUOUS
10
131.57
20
-108.97
11
131.527
21
-109
0
LINE
8
BLACK
6
CONTINUOUS
10
131.527
20
-109
11
131.475
21
-109.01
0
LINE
8
BLACK
6
CONTINUOUS
10
131.475
20
-109.01
11
131.105
21
-109.01
0
LINE
8
BLACK
6
CONTINUOUS
10
131.105
20
-109.01
11
131.053
21
-109
0
LINE
8
BLACK
6
CONTINUOUS
10
131.053
20
-109
11
131.01
21
-108.97
0
LINE
8
BLACK
6
CONTINUOUS
10
131.01
20
-108.97
11
130.98
21
-108.927
0
LINE
8
BLACK
6
CONTINUOUS
10
130.98
20
-108.927
11
130.97
21
-108.875
0
LINE
8
BLACK
6
CONTINUOUS
10
130.97
20
-108.875
11
130.97
21
-108.605
0
LINE
8
BLACK
6
CONTINUOUS
10
130.97
20
-108.605
11
130.98
21
-108.553
0
LINE
8
BLACK
6
CONTINUOUS
10
130.98
20
-108.553
11
131.01
21
-108.51
0
LINE
8
BLACK
6
CONTINUOUS
10
131.01
20
-108.51
11
131.053
21
-108.48
0
LINE
8
BLACK
6
CONTINUOUS
10
131.053
20
-108.48
11
131.105
21
-108.47
0
LINE
8
BLACK
6
CONTINUOUS
10
131.105
20
-108.47
11
131.475
21
-108.47
0
LINE
8
BLACK
6
CONTINUOUS
10
131.475
20
-108.47
11
131.527
21
-108.48
0
LINE
8
BLACK
6
CONTINUOUS
10
124.667
20
-108.44
11
124.71
21
-108.47
0
LINE
8
BLACK
6
CONTINUOUS
10
124.71
20
-108.47
11
124.74
21
-108.513
0
LINE
8
BLACK
6
CONTINUOUS
10
124.74
20
-108.513
11
124.75
21
-108.565
0
LINE
8
BLACK
6
CONTINUOUS
10
124.75
20
-108.565
11
124.75
21
-108.835
0
LINE
8
BLACK
6
CONTINUOUS
10
124.75
20
-108.835
11
124.74
21
-108.887
0
LINE
8
BLACK
6
CONTINUOUS
10
124.74
20
-108.887
11
124.71
21
-108.93
0
LINE
8
BLACK
6
CONTINUOUS
10
124.71
20
-108.93
11
124.667
21
-108.96
0
LINE
8
BLACK
6
CONTINUOUS
10
124.667
20
-108.96
11
124.615
21
-108.97
0
LINE
8
BLACK
6
CONTINUOUS
10
124.615
20
-108.97
11
124.245
21
-108.97
0
LINE
8
BLACK
6
CONTINUOUS
10
124.245
20
-108.97
11
124.193
21
-108.96
0
LINE
8
BLACK
6
CONTINUOUS
10
124.193
20
-108.96
11
124.15
21
-108.93
0
LINE
8
BLACK
6
CONTINUOUS
10
124.15
20
-108.93
11
124.12
21
-108.887
0
LINE
8
BLACK
6
CONTINUOUS
10
124.12
20
-108.887
11
124.11
21
-108.835
0
LINE
8
BLACK
6
CONTINUOUS
10
124.11
20
-108.835
11
124.11
21
-108.565
0
LINE
8
BLACK
6
CONTINUOUS
10
124.11
20
-108.565
11
124.12
21
-108.513
0
LINE
8
BLACK
6
CONTINUOUS
10
124.12
20
-108.513
11
124.15
21
-108.47
0
LINE
8
BLACK
6
CONTINUOUS
10
124.15
20
-108.47
11
124.193
21
-108.44
0
LINE
8
BLACK
6
CONTINUOUS
10
124.193
20
-108.44
11
124.245
21
-108.43
0
LINE
8
BLACK
6
CONTINUOUS
10
124.245
20
-108.43
11
124.615
21
-108.43
0
LINE
8
BLACK
6
CONTINUOUS
10
124.615
20
-108.43
11
124.667
21
-108.44
0
LINE
8
BLACK
6
CONTINUOUS
10
128.887
20
-108.44
11
128.93
21
-108.47
0
LINE
8
BLACK
6
CONTINUOUS
10
128.93
20
-108.47
11
128.96
21
-108.513
0
LINE
8
BLACK
6
CONTINUOUS
10
128.96
20
-108.513
11
128.97
21
-108.565
0
LINE
8
BLACK
6
CONTINUOUS
10
128.97
20
-108.565
11
128.97
21
-108.835
0
LINE
8
BLACK
6
CONTINUOUS
10
128.97
20
-108.835
11
128.96
21
-108.887
0
LINE
8
BLACK
6
CONTINUOUS
10
128.96
20
-108.887
11
128.93
21
-108.93
0
LINE
8
BLACK
6
CONTINUOUS
10
128.93
20
-108.93
11
128.887
21
-108.96
0
LINE
8
BLACK
6
CONTINUOUS
10
128.887
20
-108.96
11
128.835
21
-108.97
0
LINE
8
BLACK
6
CONTINUOUS
10
128.835
20
-108.97
11
128.465
21
-108.97
0
LINE
8
BLACK
6
CONTINUOUS
10
128.465
20
-108.97
11
128.413
21
-108.96
0
LINE
8
BLACK
6
CONTINUOUS
10
128.413
20
-108.96
11
128.37
21
-108.93
0
LINE
8
BLACK
6
CONTINUOUS
10
128.37
20
-108.93
11
128.34
21
-108.887
0
LINE
8
BLACK
6
CONTINUOUS
10
128.34
20
-108.887
11
128.33
21
-108.835
0
LINE
8
BLACK
6
CONTINUOUS
10
128.33
20
-108.835
11
128.33
21
-108.565
0
LINE
8
BLACK
6
CONTINUOUS
10
128.33
20
-108.565
11
128.34
21
-108.513
0
LINE
8
BLACK
6
CONTINUOUS
10
128.34
20
-108.513
11
128.37
21
-108.47
0
LINE
8
BLACK
6
CONTINUOUS
10
128.37
20
-108.47
11
128.413
21
-108.44
0
LINE
8
BLACK
6
CONTINUOUS
10
128.413
20
-108.44
11
128.465
21
-108.43
0
LINE
8
BLACK
6
CONTINUOUS
10
128.465
20
-108.43
11
128.835
21
-108.43
0
LINE
8
BLACK
6
CONTINUOUS
10
128.835
20
-108.43
11
128.887
21
-108.44
0
LINE
8
BLACK
6
CONTINUOUS
10
150.261
20
-107.942
11
150.334
21
-107.991
0
LINE
8
BLACK
6
CONTINUOUS
10
150.334
20
-107.991
11
150.383
21
-108.064
0
LINE
8
BLACK
6
CONTINUOUS
10
150.383
20
-108.064
11
150.4
21
-108.15
0
LINE
8
BLACK
6
CONTINUOUS
10
150.4
20
-108.15
11
150.4
21
-108.6
0
LINE
8
BLACK
6
CONTINUOUS
10
150.4
20
-108.6
11
150.383
21
-108.686
0
LINE
8
BLACK
6
CONTINUOUS
10
150.383
20
-108.686
11
150.334
21
-108.759
0
LINE
8
BLACK
6
CONTINUOUS
10
150.334
20
-108.759
11
150.261
21
-108.808
0
LINE
8
BLACK
6
CONTINUOUS
10
150.261
20
-108.808
11
150.175
21
-108.825
0
LINE
8
BLACK
6
CONTINUOUS
10
150.175
20
-108.825
11
149.675
21
-108.825
0
LINE
8
BLACK
6
CONTINUOUS
10
149.675
20
-108.825
11
149.589
21
-108.808
0
LINE
8
BLACK
6
CONTINUOUS
10
149.589
20
-108.808
11
149.516
21
-108.759
0
LINE
8
BLACK
6
CONTINUOUS
10
149.516
20
-108.759
11
149.467
21
-108.686
0
LINE
8
BLACK
6
CONTINUOUS
10
149.467
20
-108.686
11
149.45
21
-108.6
0
LINE
8
BLACK
6
CONTINUOUS
10
149.45
20
-108.6
11
149.45
21
-108.15
0
LINE
8
BLACK
6
CONTINUOUS
10
149.45
20
-108.15
11
149.467
21
-108.064
0
LINE
8
BLACK
6
CONTINUOUS
10
149.467
20
-108.064
11
149.516
21
-107.991
0
LINE
8
BLACK
6
CONTINUOUS
10
149.516
20
-107.991
11
149.589
21
-107.942
0
LINE
8
BLACK
6
CONTINUOUS
10
149.589
20
-107.942
11
149.675
21
-107.925
0
LINE
8
BLACK
6
CONTINUOUS
10
149.675
20
-107.925
11
150.175
21
-107.925
0
LINE
8
BLACK
6
CONTINUOUS
10
150.175
20
-107.925
11
150.261
21
-107.942
0
LINE
8
BLACK
6
CONTINUOUS
10
148.085
20
-107.965
11
148.089
21
-107.966
0
LINE
8
BLACK
6
CONTINUOUS
10
148.089
20
-107.966
11
148.09
21
-107.97
0
LINE
8
BLACK
6
CONTINUOUS
10
148.09
20
-107.97
11
148.09
21
-108.78
0
LINE
8
BLACK
6
CONTINUOUS
10
148.09
20
-108.78
11
148.089
21
-108.784
0
LINE
8
BLACK
6
CONTINUOUS
10
148.089
20
-108.784
11
148.085
21
-108.785
0
LINE
8
BLACK
6
CONTINUOUS
10
148.085
20
-108.785
11
147.715
21
-108.785
0
LINE
8
BLACK
6
CONTINUOUS
10
147.715
20
-108.785
11
147.711
21
-108.784
0
LINE
8
BLACK
6
CONTINUOUS
10
147.711
20
-108.784
11
147.71
21
-108.78
0
LINE
8
BLACK
6
CONTINUOUS
10
147.71
20
-108.78
11
147.71
21
-107.97
0
LINE
8
BLACK
6
CONTINUOUS
10
147.71
20
-107.97
11
147.711
21
-107.966
0
LINE
8
BLACK
6
CONTINUOUS
10
147.711
20
-107.966
11
147.715
21
-107.965
0
LINE
8
BLACK
6
CONTINUOUS
10
147.715
20
-107.965
11
148.085
21
-107.965
0
LINE
8
BLACK
6
CONTINUOUS
10
148.585
20
-107.965
11
148.589
21
-107.966
0
LINE
8
BLACK
6
CONTINUOUS
10
148.589
20
-107.966
11
148.59
21
-107.97
0
LINE
8
BLACK
6
CONTINUOUS
10
148.59
20
-107.97
11
148.59
21
-108.78
0
LINE
8
BLACK
6
CONTINUOUS
10
148.59
20
-108.78
11
148.589
21
-108.784
0
LINE
8
BLACK
6
CONTINUOUS
10
148.589
20
-108.784
11
148.585
21
-108.785
0
LINE
8
BLACK
6
CONTINUOUS
10
148.585
20
-108.785
11
148.215
21
-108.785
0
LINE
8
BLACK
6
CONTINUOUS
10
148.215
20
-108.785
11
148.211
21
-108.784
0
LINE
8
BLACK
6
CONTINUOUS
10
148.211
20
-108.784
11
148.21
21
-108.78
0
LINE
8
BLACK
6
CONTINUOUS
10
148.21
20
-108.78
11
148.21
21
-107.97
0
LINE
8
BLACK
6
CONTINUOUS
10
148.21
20
-107.97
11
148.211
21
-107.966
0
LINE
8
BLACK
6
CONTINUOUS
10
148.211
20
-107.966
11
148.215
21
-107.965
0
LINE
8
BLACK
6
CONTINUOUS
10
148.215
20
-107.965
11
148.585
21
-107.965
0
LINE
8
BLACK
6
CONTINUOUS
10
139.5
20
-107.902
11
139.571
21
-107.949
0
LINE
8
BLACK
6
CONTINUOUS
10
139.571
20
-107.949
11
139.618
21
-108.02
0
LINE
8
BLACK
6
CONTINUOUS
10
139.618
20
-108.02
11
139.635
21
-108.104
0
LINE
8
BLACK
6
CONTINUOUS
10
139.635
20
-108.104
11
139.635
21
-108.541
0
LINE
8
BLACK
6
CONTINUOUS
10
139.635
20
-108.541
11
139.618
21
-108.625
0
LINE
8
BLACK
6
CONTINUOUS
10
139.618
20
-108.625
11
139.571
21
-108.696
0
LINE
8
BLACK
6
CONTINUOUS
10
139.571
20
-108.696
11
139.5
21
-108.743
0
LINE
8
BLACK
6
CONTINUOUS
10
139.5
20
-108.743
11
139.416
21
-108.76
0
LINE
8
BLACK
6
CONTINUOUS
10
139.416
20
-108.76
11
138.904
21
-108.76
0
LINE
8
BLACK
6
CONTINUOUS
10
138.904
20
-108.76
11
138.82
21
-108.743
0
LINE
8
BLACK
6
CONTINUOUS
10
138.82
20
-108.743
11
138.749
21
-108.696
0
LINE
8
BLACK
6
CONTINUOUS
10
138.749
20
-108.696
11
138.702
21
-108.625
0
LINE
8
BLACK
6
CONTINUOUS
10
138.702
20
-108.625
11
138.685
21
-108.541
0
LINE
8
BLACK
6
CONTINUOUS
10
138.685
20
-108.541
11
138.685
21
-108.104
0
LINE
8
BLACK
6
CONTINUOUS
10
138.685
20
-108.104
11
138.702
21
-108.02
0
LINE
8
BLACK
6
CONTINUOUS
10
138.702
20
-108.02
11
138.749
21
-107.949
0
LINE
8
BLACK
6
CONTINUOUS
10
138.749
20
-107.949
11
138.82
21
-107.902
0
LINE
8
BLACK
6
CONTINUOUS
10
138.82
20
-107.902
11
138.904
21
-107.885
0
LINE
8
BLACK
6
CONTINUOUS
10
138.904
20
-107.885
11
139.416
21
-107.885
0
LINE
8
BLACK
6
CONTINUOUS
10
139.416
20
-107.885
11
139.5
21
-107.902
0
LINE
8
BLACK
6
CONTINUOUS
10
141.08
20
-107.902
11
141.151
21
-107.949
0
LINE
8
BLACK
6
CONTINUOUS
10
141.151
20
-107.949
11
141.198
21
-108.02
0
LINE
8
BLACK
6
CONTINUOUS
10
141.198
20
-108.02
11
141.215
21
-108.104
0
LINE
8
BLACK
6
CONTINUOUS
10
141.215
20
-108.104
11
141.215
21
-108.541
0
LINE
8
BLACK
6
CONTINUOUS
10
141.215
20
-108.541
11
141.198
21
-108.625
0
LINE
8
BLACK
6
CONTINUOUS
10
141.198
20
-108.625
11
141.151
21
-108.696
0
LINE
8
BLACK
6
CONTINUOUS
10
141.151
20
-108.696
11
141.08
21
-108.743
0
LINE
8
BLACK
6
CONTINUOUS
10
141.08
20
-108.743
11
140.996
21
-108.76
0
LINE
8
BLACK
6
CONTINUOUS
10
140.996
20
-108.76
11
140.484
21
-108.76
0
LINE
8
BLACK
6
CONTINUOUS
10
140.484
20
-108.76
11
140.4
21
-108.743
0
LINE
8
BLACK
6
CONTINUOUS
10
140.4
20
-108.743
11
140.329
21
-108.696
0
LINE
8
BLACK
6
CONTINUOUS
10
140.329
20
-108.696
11
140.282
21
-108.625
0
LINE
8
BLACK
6
CONTINUOUS
10
140.282
20
-108.625
11
140.265
21
-108.541
0
LINE
8
BLACK
6
CONTINUOUS
10
140.265
20
-108.541
11
140.265
21
-108.104
0
LINE
8
BLACK
6
CONTINUOUS
10
140.265
20
-108.104
11
140.282
21
-108.02
0
LINE
8
BLACK
6
CONTINUOUS
10
140.282
20
-108.02
11
140.329
21
-107.949
0
LINE
8
BLACK
6
CONTINUOUS
10
140.329
20
-107.949
11
140.4
21
-107.902
0
LINE
8
BLACK
6
CONTINUOUS
10
140.4
20
-107.902
11
140.484
21
-107.885
0
LINE
8
BLACK
6
CONTINUOUS
10
140.484
20
-107.885
11
140.996
21
-107.885
0
LINE
8
BLACK
6
CONTINUOUS
10
140.996
20
-107.885
11
141.08
21
-107.902
0
LINE
8
BLACK
6
CONTINUOUS
10
145.94
20
-107.892
11
146.011
21
-107.939
0
LINE
8
BLACK
6
CONTINUOUS
10
146.011
20
-107.939
11
146.058
21
-108.01
0
LINE
8
BLACK
6
CONTINUOUS
10
146.058
20
-108.01
11
146.075
21
-108.094
0
LINE
8
BLACK
6
CONTINUOUS
10
146.075
20
-108.094
11
146.075
21
-108.531
0
LINE
8
BLACK
6
CONTINUOUS
10
146.075
20
-108.531
11
146.058
21
-108.615
0
LINE
8
BLACK
6
CONTINUOUS
10
146.058
20
-108.615
11
146.011
21
-108.686
0
LINE
8
BLACK
6
CONTINUOUS
10
146.011
20
-108.686
11
145.94
21
-108.733
0
LINE
8
BLACK
6
CONTINUOUS
10
145.94
20
-108.733
11
145.856
21
-108.75
0
LINE
8
BLACK
6
CONTINUOUS
10
145.856
20
-108.75
11
145.344
21
-108.75
0
LINE
8
BLACK
6
CONTINUOUS
10
145.344
20
-108.75
11
145.26
21
-108.733
0
LINE
8
BLACK
6
CONTINUOUS
10
145.26
20
-108.733
11
145.189
21
-108.686
0
LINE
8
BLACK
6
CONTINUOUS
10
145.189
20
-108.686
11
145.142
21
-108.615
0
LINE
8
BLACK
6
CONTINUOUS
10
145.142
20
-108.615
11
145.125
21
-108.531
0
LINE
8
BLACK
6
CONTINUOUS
10
145.125
20
-108.531
11
145.125
21
-108.094
0
LINE
8
BLACK
6
CONTINUOUS
10
145.125
20
-108.094
11
145.142
21
-108.01
0
LINE
8
BLACK
6
CONTINUOUS
10
145.142
20
-108.01
11
145.189
21
-107.939
0
LINE
8
BLACK
6
CONTINUOUS
10
145.189
20
-107.939
11
145.26
21
-107.892
0
LINE
8
BLACK
6
CONTINUOUS
10
145.26
20
-107.892
11
145.344
21
-107.875
0
LINE
8
BLACK
6
CONTINUOUS
10
145.344
20
-107.875
11
145.856
21
-107.875
0
LINE
8
BLACK
6
CONTINUOUS
10
145.856
20
-107.875
11
145.94
21
-107.892
0
LINE
8
BLACK
6
CONTINUOUS
10
144.227
20
-107.89
11
144.291
21
-107.934
0
LINE
8
BLACK
6
CONTINUOUS
10
144.291
20
-107.934
11
144.335
21
-107.998
0
LINE
8
BLACK
6
CONTINUOUS
10
144.335
20
-107.998
11
144.35
21
-108.075
0
LINE
8
BLACK
6
CONTINUOUS
10
144.35
20
-108.075
11
144.35
21
-108.475
0
LINE
8
BLACK
6
CONTINUOUS
10
144.35
20
-108.475
11
144.335
21
-108.552
0
LINE
8
BLACK
6
CONTINUOUS
10
144.335
20
-108.552
11
144.291
21
-108.616
0
LINE
8
BLACK
6
CONTINUOUS
10
144.291
20
-108.616
11
144.227
21
-108.66
0
LINE
8
BLACK
6
CONTINUOUS
10
144.227
20
-108.66
11
144.15
21
-108.675
0
LINE
8
BLACK
6
CONTINUOUS
10
144.15
20
-108.675
11
143.6
21
-108.675
0
LINE
8
BLACK
6
CONTINUOUS
10
143.6
20
-108.675
11
143.523
21
-108.66
0
LINE
8
BLACK
6
CONTINUOUS
10
143.523
20
-108.66
11
143.459
21
-108.616
0
LINE
8
BLACK
6
CONTINUOUS
10
143.459
20
-108.616
11
143.415
21
-108.552
0
LINE
8
BLACK
6
CONTINUOUS
10
143.415
20
-108.552
11
143.4
21
-108.475
0
LINE
8
BLACK
6
CONTINUOUS
10
143.4
20
-108.475
11
143.4
21
-108.075
0
LINE
8
BLACK
6
CONTINUOUS
10
143.4
20
-108.075
11
143.415
21
-107.998
0
LINE
8
BLACK
6
CONTINUOUS
10
143.415
20
-107.998
11
143.459
21
-107.934
0
LINE
8
BLACK
6
CONTINUOUS
10
143.459
20
-107.934
11
143.523
21
-107.89
0
LINE
8
BLACK
6
CONTINUOUS
10
143.523
20
-107.89
11
143.6
21
-107.875
0
LINE
8
BLACK
6
CONTINUOUS
10
143.6
20
-107.875
11
144.15
21
-107.875
0
LINE
8
BLACK
6
CONTINUOUS
10
144.15
20
-107.875
11
144.227
21
-107.89
0
LINE
8
BLACK
6
CONTINUOUS
10
152.663
20
-108.504
11
151.368
21
-108.504
0
LINE
8
BLACK
6
CONTINUOUS
10
151.368
20
-108.504
11
151.368
21
-107.996
0
LINE
8
BLACK
6
CONTINUOUS
10
151.368
20
-107.996
11
152.663
21
-107.996
0
LINE
8
BLACK
6
CONTINUOUS
10
152.663
20
-107.996
11
152.663
21
-108.504
0
LINE
8
BLACK
6
CONTINUOUS
10
176.132
20
-108.504
11
174.837
21
-108.504
0
LINE
8
BLACK
6
CONTINUOUS
10
174.837
20
-108.504
11
174.837
21
-107.996
0
LINE
8
BLACK
6
CONTINUOUS
10
174.837
20
-107.996
11
176.132
21
-107.996
0
LINE
8
BLACK
6
CONTINUOUS
10
176.132
20
-107.996
11
176.132
21
-108.504
0
LINE
8
BLACK
6
CONTINUOUS
10
138.074
20
-107.941
11
138.119
21
-107.971
0
LINE
8
BLACK
6
CONTINUOUS
10
138.119
20
-107.971
11
138.149
21
-108.016
0
LINE
8
BLACK
6
CONTINUOUS
10
138.149
20
-108.016
11
138.16
21
-108.07
0
LINE
8
BLACK
6
CONTINUOUS
10
138.16
20
-108.07
11
138.16
21
-108.35
0
LINE
8
BLACK
6
CONTINUOUS
10
138.16
20
-108.35
11
138.149
21
-108.404
0
LINE
8
BLACK
6
CONTINUOUS
10
138.149
20
-108.404
11
138.119
21
-108.449
0
LINE
8
BLACK
6
CONTINUOUS
10
138.119
20
-108.449
11
138.074
21
-108.479
0
LINE
8
BLACK
6
CONTINUOUS
10
138.074
20
-108.479
11
138.02
21
-108.49
0
LINE
8
BLACK
6
CONTINUOUS
10
138.02
20
-108.49
11
137.68
21
-108.49
0
LINE
8
BLACK
6
CONTINUOUS
10
137.68
20
-108.49
11
137.626
21
-108.479
0
LINE
8
BLACK
6
CONTINUOUS
10
137.626
20
-108.479
11
137.581
21
-108.449
0
LINE
8
BLACK
6
CONTINUOUS
10
137.581
20
-108.449
11
137.551
21
-108.404
0
LINE
8
BLACK
6
CONTINUOUS
10
137.551
20
-108.404
11
137.54
21
-108.35
0
LINE
8
BLACK
6
CONTINUOUS
10
137.54
20
-108.35
11
137.54
21
-108.07
0
LINE
8
BLACK
6
CONTINUOUS
10
137.54
20
-108.07
11
137.551
21
-108.016
0
LINE
8
BLACK
6
CONTINUOUS
10
137.551
20
-108.016
11
137.581
21
-107.971
0
LINE
8
BLACK
6
CONTINUOUS
10
137.581
20
-107.971
11
137.626
21
-107.941
0
LINE
8
BLACK
6
CONTINUOUS
10
137.626
20
-107.941
11
137.68
21
-107.93
0
LINE
8
BLACK
6
CONTINUOUS
10
137.68
20
-107.93
11
138.02
21
-107.93
0
LINE
8
BLACK
6
CONTINUOUS
10
138.02
20
-107.93
11
138.074
21
-107.941
0
LINE
8
BLACK
6
CONTINUOUS
10
142.254
20
-107.931
11
142.299
21
-107.961
0
LINE
8
BLACK
6
CONTINUOUS
10
142.299
20
-107.961
11
142.329
21
-108.006
0
LINE
8
BLACK
6
CONTINUOUS
10
142.329
20
-108.006
11
142.34
21
-108.06
0
LINE
8
BLACK
6
CONTINUOUS
10
142.34
20
-108.06
11
142.34
21
-108.34
0
LINE
8
BLACK
6
CONTINUOUS
10
142.34
20
-108.34
11
142.329
21
-108.394
0
LINE
8
BLACK
6
CONTINUOUS
10
142.329
20
-108.394
11
142.299
21
-108.439
0
LINE
8
BLACK
6
CONTINUOUS
10
142.299
20
-108.439
11
142.254
21
-108.469
0
LINE
8
BLACK
6
CONTINUOUS
10
142.254
20
-108.469
11
142.2
21
-108.48
0
LINE
8
BLACK
6
CONTINUOUS
10
142.2
20
-108.48
11
141.86
21
-108.48
0
LINE
8
BLACK
6
CONTINUOUS
10
141.86
20
-108.48
11
141.806
21
-108.469
0
LINE
8
BLACK
6
CONTINUOUS
10
141.806
20
-108.469
11
141.761
21
-108.439
0
LINE
8
BLACK
6
CONTINUOUS
10
141.761
20
-108.439
11
141.731
21
-108.394
0
LINE
8
BLACK
6
CONTINUOUS
10
141.731
20
-108.394
11
141.72
21
-108.34
0
LINE
8
BLACK
6
CONTINUOUS
10
141.72
20
-108.34
11
141.72
21
-108.06
0
LINE
8
BLACK
6
CONTINUOUS
10
141.72
20
-108.06
11
141.731
21
-108.006
0
LINE
8
BLACK
6
CONTINUOUS
10
141.731
20
-108.006
11
141.761
21
-107.961
0
LINE
8
BLACK
6
CONTINUOUS
10
141.761
20
-107.961
11
141.806
21
-107.931
0
LINE
8
BLACK
6
CONTINUOUS
10
141.806
20
-107.931
11
141.86
21
-107.92
0
LINE
8
BLACK
6
CONTINUOUS
10
141.86
20
-107.92
11
142.2
21
-107.92
0
LINE
8
BLACK
6
CONTINUOUS
10
142.2
20
-107.92
11
142.254
21
-107.931
0
LINE
8
BLACK
6
CONTINUOUS
10
132.92
20
-107.492
11
132.991
21
-107.539
0
LINE
8
BLACK
6
CONTINUOUS
10
132.991
20
-107.539
11
133.038
21
-107.61
0
LINE
8
BLACK
6
CONTINUOUS
10
133.038
20
-107.61
11
133.055
21
-107.694
0
LINE
8
BLACK
6
CONTINUOUS
10
133.055
20
-107.694
11
133.055
21
-108.131
0
LINE
8
BLACK
6
CONTINUOUS
10
133.055
20
-108.131
11
133.038
21
-108.215
0
LINE
8
BLACK
6
CONTINUOUS
10
133.038
20
-108.215
11
132.991
21
-108.286
0
LINE
8
BLACK
6
CONTINUOUS
10
132.991
20
-108.286
11
132.92
21
-108.333
0
LINE
8
BLACK
6
CONTINUOUS
10
132.92
20
-108.333
11
132.836
21
-108.35
0
LINE
8
BLACK
6
CONTINUOUS
10
132.836
20
-108.35
11
132.324
21
-108.35
0
LINE
8
BLACK
6
CONTINUOUS
10
132.324
20
-108.35
11
132.24
21
-108.333
0
LINE
8
BLACK
6
CONTINUOUS
10
132.24
20
-108.333
11
132.169
21
-108.286
0
LINE
8
BLACK
6
CONTINUOUS
10
132.169
20
-108.286
11
132.122
21
-108.215
0
LINE
8
BLACK
6
CONTINUOUS
10
132.122
20
-108.215
11
132.105
21
-108.131
0
LINE
8
BLACK
6
CONTINUOUS
10
132.105
20
-108.131
11
132.105
21
-107.694
0
LINE
8
BLACK
6
CONTINUOUS
10
132.105
20
-107.694
11
132.122
21
-107.61
0
LINE
8
BLACK
6
CONTINUOUS
10
132.122
20
-107.61
11
132.169
21
-107.539
0
LINE
8
BLACK
6
CONTINUOUS
10
132.169
20
-107.539
11
132.24
21
-107.492
0
LINE
8
BLACK
6
CONTINUOUS
10
132.24
20
-107.492
11
132.324
21
-107.475
0
LINE
8
BLACK
6
CONTINUOUS
10
132.324
20
-107.475
11
132.836
21
-107.475
0
LINE
8
BLACK
6
CONTINUOUS
10
132.836
20
-107.475
11
132.92
21
-107.492
0
LINE
8
BLACK
6
CONTINUOUS
10
134.46
20
-107.492
11
134.531
21
-107.539
0
LINE
8
BLACK
6
CONTINUOUS
10
134.531
20
-107.539
11
134.578
21
-107.61
0
LINE
8
BLACK
6
CONTINUOUS
10
134.578
20
-107.61
11
134.595
21
-107.694
0
LINE
8
BLACK
6
CONTINUOUS
10
134.595
20
-107.694
11
134.595
21
-108.131
0
LINE
8
BLACK
6
CONTINUOUS
10
134.595
20
-108.131
11
134.578
21
-108.215
0
LINE
8
BLACK
6
CONTINUOUS
10
134.578
20
-108.215
11
134.531
21
-108.286
0
LINE
8
BLACK
6
CONTINUOUS
10
134.531
20
-108.286
11
134.46
21
-108.333
0
LINE
8
BLACK
6
CONTINUOUS
10
134.46
20
-108.333
11
134.376
21
-108.35
0
LINE
8
BLACK
6
CONTINUOUS
10
134.376
20
-108.35
11
133.864
21
-108.35
0
LINE
8
BLACK
6
CONTINUOUS
10
133.864
20
-108.35
11
133.78
21
-108.333
0
LINE
8
BLACK
6
CONTINUOUS
10
133.78
20
-108.333
11
133.709
21
-108.286
0
LINE
8
BLACK
6
CONTINUOUS
10
133.709
20
-108.286
11
133.662
21
-108.215
0
LINE
8
BLACK
6
CONTINUOUS
10
133.662
20
-108.215
11
133.645
21
-108.131
0
LINE
8
BLACK
6
CONTINUOUS
10
133.645
20
-108.131
11
133.645
21
-107.694
0
LINE
8
BLACK
6
CONTINUOUS
10
133.645
20
-107.694
11
133.662
21
-107.61
0
LINE
8
BLACK
6
CONTINUOUS
10
133.662
20
-107.61
11
133.709
21
-107.539
0
LINE
8
BLACK
6
CONTINUOUS
10
133.709
20
-107.539
11
133.78
21
-107.492
0
LINE
8
BLACK
6
CONTINUOUS
10
133.78
20
-107.492
11
133.864
21
-107.475
0
LINE
8
BLACK
6
CONTINUOUS
10
133.864
20
-107.475
11
134.376
21
-107.475
0
LINE
8
BLACK
6
CONTINUOUS
10
134.376
20
-107.475
11
134.46
21
-107.492
0
LINE
8
BLACK
6
CONTINUOUS
10
126.09
20
-107.452
11
126.161
21
-107.499
0
LINE
8
BLACK
6
CONTINUOUS
10
126.161
20
-107.499
11
126.208
21
-107.57
0
LINE
8
BLACK
6
CONTINUOUS
10
126.208
20
-107.57
11
126.225
21
-107.654
0
LINE
8
BLACK
6
CONTINUOUS
10
126.225
20
-107.654
11
126.225
21
-108.091
0
LINE
8
BLACK
6
CONTINUOUS
10
126.225
20
-108.091
11
126.208
21
-108.175
0
LINE
8
BLACK
6
CONTINUOUS
10
126.208
20
-108.175
11
126.161
21
-108.246
0
LINE
8
BLACK
6
CONTINUOUS
10
126.161
20
-108.246
11
126.09
21
-108.293
0
LINE
8
BLACK
6
CONTINUOUS
10
126.09
20
-108.293
11
126.006
21
-108.31
0
LINE
8
BLACK
6
CONTINUOUS
10
126.006
20
-108.31
11
125.494
21
-108.31
0
LINE
8
BLACK
6
CONTINUOUS
10
125.494
20
-108.31
11
125.41
21
-108.293
0
LINE
8
BLACK
6
CONTINUOUS
10
125.41
20
-108.293
11
125.339
21
-108.246
0
LINE
8
BLACK
6
CONTINUOUS
10
125.339
20
-108.246
11
125.292
21
-108.175
0
LINE
8
BLACK
6
CONTINUOUS
10
125.292
20
-108.175
11
125.275
21
-108.091
0
LINE
8
BLACK
6
CONTINUOUS
10
125.275
20
-108.091
11
125.275
21
-107.654
0
LINE
8
BLACK
6
CONTINUOUS
10
125.275
20
-107.654
11
125.292
21
-107.57
0
LINE
8
BLACK
6
CONTINUOUS
10
125.292
20
-107.57
11
125.339
21
-107.499
0
LINE
8
BLACK
6
CONTINUOUS
10
125.339
20
-107.499
11
125.41
21
-107.452
0
LINE
8
BLACK
6
CONTINUOUS
10
125.41
20
-107.452
11
125.494
21
-107.435
0
LINE
8
BLACK
6
CONTINUOUS
10
125.494
20
-107.435
11
126.006
21
-107.435
0
LINE
8
BLACK
6
CONTINUOUS
10
126.006
20
-107.435
11
126.09
21
-107.452
0
LINE
8
BLACK
6
CONTINUOUS
10
107.274
20
-106.72
11
107.443
21
-106.779
0
LINE
8
BLACK
6
CONTINUOUS
10
107.443
20
-106.779
11
107.594
21
-106.874
0
LINE
8
BLACK
6
CONTINUOUS
10
107.594
20
-106.874
11
107.721
21
-107.001
0
LINE
8
BLACK
6
CONTINUOUS
10
107.721
20
-107.001
11
107.816
21
-107.153
0
LINE
8
BLACK
6
CONTINUOUS
10
107.816
20
-107.153
11
107.876
21
-107.322
0
LINE
8
BLACK
6
CONTINUOUS
10
107.876
20
-107.322
11
107.896
21
-107.5
0
LINE
8
BLACK
6
CONTINUOUS
10
107.896
20
-107.5
11
107.876
21
-107.678
0
LINE
8
BLACK
6
CONTINUOUS
10
107.876
20
-107.678
11
107.816
21
-107.847
0
LINE
8
BLACK
6
CONTINUOUS
10
107.816
20
-107.847
11
107.721
21
-107.999
0
LINE
8
BLACK
6
CONTINUOUS
10
107.721
20
-107.999
11
107.594
21
-108.126
0
LINE
8
BLACK
6
CONTINUOUS
10
107.594
20
-108.126
11
107.443
21
-108.221
0
LINE
8
BLACK
6
CONTINUOUS
10
107.443
20
-108.221
11
107.274
21
-108.28
0
LINE
8
BLACK
6
CONTINUOUS
10
107.274
20
-108.28
11
107.096
21
-108.3
0
LINE
8
BLACK
6
CONTINUOUS
10
107.096
20
-108.3
11
106.918
21
-108.28
0
LINE
8
BLACK
6
CONTINUOUS
10
106.918
20
-108.28
11
106.748
21
-108.221
0
LINE
8
BLACK
6
CONTINUOUS
10
106.748
20
-108.221
11
106.597
21
-108.126
0
LINE
8
BLACK
6
CONTINUOUS
10
106.597
20
-108.126
11
106.47
21
-107.999
0
LINE
8
BLACK
6
CONTINUOUS
10
106.47
20
-107.999
11
106.375
21
-107.847
0
LINE
8
BLACK
6
CONTINUOUS
10
106.375
20
-107.847
11
106.316
21
-107.678
0
LINE
8
BLACK
6
CONTINUOUS
10
106.316
20
-107.678
11
106.295
21
-107.5
0
LINE
8
BLACK
6
CONTINUOUS
10
106.295
20
-107.5
11
106.316
21
-107.322
0
LINE
8
BLACK
6
CONTINUOUS
10
106.316
20
-107.322
11
106.375
21
-107.153
0
LINE
8
BLACK
6
CONTINUOUS
10
106.375
20
-107.153
11
106.47
21
-107.001
0
LINE
8
BLACK
6
CONTINUOUS
10
106.47
20
-107.001
11
106.597
21
-106.874
0
LINE
8
BLACK
6
CONTINUOUS
10
106.597
20
-106.874
11
106.748
21
-106.779
0
LINE
8
BLACK
6
CONTINUOUS
10
106.748
20
-106.779
11
106.918
21
-106.72
0
LINE
8
BLACK
6
CONTINUOUS
10
106.918
20
-106.72
11
107.096
21
-106.7
0
LINE
8
BLACK
6
CONTINUOUS
10
107.096
20
-106.7
11
107.274
21
-106.72
0
LINE
8
BLACK
6
CONTINUOUS
10
110.274
20
-106.72
11
110.443
21
-106.779
0
LINE
8
BLACK
6
CONTINUOUS
10
110.443
20
-106.779
11
110.594
21
-106.874
0
LINE
8
BLACK
6
CONTINUOUS
10
110.594
20
-106.874
11
110.721
21
-107.001
0
LINE
8
BLACK
6
CONTINUOUS
10
110.721
20
-107.001
11
110.816
21
-107.153
0
LINE
8
BLACK
6
CONTINUOUS
10
110.816
20
-107.153
11
110.876
21
-107.322
0
LINE
8
BLACK
6
CONTINUOUS
10
110.876
20
-107.322
11
110.896
21
-107.5
0
LINE
8
BLACK
6
CONTINUOUS
10
110.896
20
-107.5
11
110.876
21
-107.678
0
LINE
8
BLACK
6
CONTINUOUS
10
110.876
20
-107.678
11
110.816
21
-107.847
0
LINE
8
BLACK
6
CONTINUOUS
10
110.816
20
-107.847
11
110.721
21
-107.999
0
LINE
8
BLACK
6
CONTINUOUS
10
110.721
20
-107.999
11
110.594
21
-108.126
0
LINE
8
BLACK
6
CONTINUOUS
10
110.594
20
-108.126
11
110.443
21
-108.221
0
LINE
8
BLACK
6
CONTINUOUS
10
110.443
20
-108.221
11
110.274
21
-108.28
0
LINE
8
BLACK
6
CONTINUOUS
10
110.274
20
-108.28
11
110.096
21
-108.3
0
LINE
8
BLACK
6
CONTINUOUS
10
110.096
20
-108.3
11
109.918
21
-108.28
0
LINE
8
BLACK
6
CONTINUOUS
10
109.918
20
-108.28
11
109.748
21
-108.221
0
LINE
8
BLACK
6
CONTINUOUS
10
109.748
20
-108.221
11
109.597
21
-108.126
0
LINE
8
BLACK
6
CONTINUOUS
10
109.597
20
-108.126
11
109.47
21
-107.999
0
LINE
8
BLACK
6
CONTINUOUS
10
109.47
20
-107.999
11
109.375
21
-107.847
0
LINE
8
BLACK
6
CONTINUOUS
10
109.375
20
-107.847
11
109.316
21
-107.678
0
LINE
8
BLACK
6
CONTINUOUS
10
109.316
20
-107.678
11
109.295
21
-107.5
0
LINE
8
BLACK
6
CONTINUOUS
10
109.295
20
-107.5
11
109.316
21
-107.322
0
LINE
8
BLACK
6
CONTINUOUS
10
109.316
20
-107.322
11
109.375
21
-107.153
0
LINE
8
BLACK
6
CONTINUOUS
10
109.375
20
-107.153
11
109.47
21
-107.001
0
LINE
8
BLACK
6
CONTINUOUS
10
109.47
20
-107.001
11
109.597
21
-106.874
0
LINE
8
BLACK
6
CONTINUOUS
10
109.597
20
-106.874
11
109.748
21
-106.779
0
LINE
8
BLACK
6
CONTINUOUS
10
109.748
20
-106.779
11
109.918
21
-106.72
0
LINE
8
BLACK
6
CONTINUOUS
10
109.918
20
-106.72
11
110.096
21
-106.7
0
LINE
8
BLACK
6
CONTINUOUS
10
110.096
20
-106.7
11
110.274
21
-106.72
0
LINE
8
BLACK
6
CONTINUOUS
10
127.71
20
-107.442
11
127.781
21
-107.489
0
LINE
8
BLACK
6
CONTINUOUS
10
127.781
20
-107.489
11
127.828
21
-107.56
0
LINE
8
BLACK
6
CONTINUOUS
10
127.828
20
-107.56
11
127.845
21
-107.644
0
LINE
8
BLACK
6
CONTINUOUS
10
127.845
20
-107.644
11
127.845
21
-108.081
0
LINE
8
BLACK
6
CONTINUOUS
10
127.845
20
-108.081
11
127.828
21
-108.165
0
LINE
8
BLACK
6
CONTINUOUS
10
127.828
20
-108.165
11
127.781
21
-108.236
0
LINE
8
BLACK
6
CONTINUOUS
10
127.781
20
-108.236
11
127.71
21
-108.283
0
LINE
8
BLACK
6
CONTINUOUS
10
127.71
20
-108.283
11
127.626
21
-108.3
0
LINE
8
BLACK
6
CONTINUOUS
10
127.626
20
-108.3
11
127.114
21
-108.3
0
LINE
8
BLACK
6
CONTINUOUS
10
127.114
20
-108.3
11
127.03
21
-108.283
0
LINE
8
BLACK
6
CONTINUOUS
10
127.03
20
-108.283
11
126.959
21
-108.236
0
LINE
8
BLACK
6
CONTINUOUS
10
126.959
20
-108.236
11
126.912
21
-108.165
0
LINE
8
BLACK
6
CONTINUOUS
10
126.912
20
-108.165
11
126.895
21
-108.081
0
LINE
8
BLACK
6
CONTINUOUS
10
126.895
20
-108.081
11
126.895
21
-107.644
0
LINE
8
BLACK
6
CONTINUOUS
10
126.895
20
-107.644
11
126.912
21
-107.56
0
LINE
8
BLACK
6
CONTINUOUS
10
126.912
20
-107.56
11
126.959
21
-107.489
0
LINE
8
BLACK
6
CONTINUOUS
10
126.959
20
-107.489
11
127.03
21
-107.442
0
LINE
8
BLACK
6
CONTINUOUS
10
127.03
20
-107.442
11
127.114
21
-107.425
0
LINE
8
BLACK
6
CONTINUOUS
10
127.114
20
-107.425
11
127.626
21
-107.425
0
LINE
8
BLACK
6
CONTINUOUS
10
127.626
20
-107.425
11
127.71
21
-107.442
0
LINE
8
BLACK
6
CONTINUOUS
10
131.514
20
-107.521
11
131.559
21
-107.551
0
LINE
8
BLACK
6
CONTINUOUS
10
131.559
20
-107.551
11
131.589
21
-107.596
0
LINE
8
BLACK
6
CONTINUOUS
10
131.589
20
-107.596
11
131.6
21
-107.65
0
LINE
8
BLACK
6
CONTINUOUS
10
131.6
20
-107.65
11
131.6
21
-107.93
0
LINE
8
BLACK
6
CONTINUOUS
10
131.6
20
-107.93
11
131.589
21
-107.984
0
LINE
8
BLACK
6
CONTINUOUS
10
131.589
20
-107.984
11
131.559
21
-108.029
0
LINE
8
BLACK
6
CONTINUOUS
10
131.559
20
-108.029
11
131.514
21
-108.059
0
LINE
8
BLACK
6
CONTINUOUS
10
131.514
20
-108.059
11
131.46
21
-108.07
0
LINE
8
BLACK
6
CONTINUOUS
10
131.46
20
-108.07
11
131.12
21
-108.07
0
LINE
8
BLACK
6
CONTINUOUS
10
131.12
20
-108.07
11
131.066
21
-108.059
0
LINE
8
BLACK
6
CONTINUOUS
10
131.066
20
-108.059
11
131.021
21
-108.029
0
LINE
8
BLACK
6
CONTINUOUS
10
131.021
20
-108.029
11
130.991
21
-107.984
0
LINE
8
BLACK
6
CONTINUOUS
10
130.991
20
-107.984
11
130.98
21
-107.93
0
LINE
8
BLACK
6
CONTINUOUS
10
130.98
20
-107.93
11
130.98
21
-107.65
0
LINE
8
BLACK
6
CONTINUOUS
10
130.98
20
-107.65
11
130.991
21
-107.596
0
LINE
8
BLACK
6
CONTINUOUS
10
130.991
20
-107.596
11
131.021
21
-107.551
0
LINE
8
BLACK
6
CONTINUOUS
10
131.021
20
-107.551
11
131.066
21
-107.521
0
LINE
8
BLACK
6
CONTINUOUS
10
131.066
20
-107.521
11
131.12
21
-107.51
0
LINE
8
BLACK
6
CONTINUOUS
10
131.12
20
-107.51
11
131.46
21
-107.51
0
LINE
8
BLACK
6
CONTINUOUS
10
131.46
20
-107.51
11
131.514
21
-107.521
0
LINE
8
BLACK
6
CONTINUOUS
10
135.664
20
-107.521
11
135.709
21
-107.551
0
LINE
8
BLACK
6
CONTINUOUS
10
135.709
20
-107.551
11
135.739
21
-107.596
0
LINE
8
BLACK
6
CONTINUOUS
10
135.739
20
-107.596
11
135.75
21
-107.65
0
LINE
8
BLACK
6
CONTINUOUS
10
135.75
20
-107.65
11
135.75
21
-107.93
0
LINE
8
BLACK
6
CONTINUOUS
10
135.75
20
-107.93
11
135.739
21
-107.984
0
LINE
8
BLACK
6
CONTINUOUS
10
135.739
20
-107.984
11
135.709
21
-108.029
0
LINE
8
BLACK
6
CONTINUOUS
10
135.709
20
-108.029
11
135.664
21
-108.059
0
LINE
8
BLACK
6
CONTINUOUS
10
135.664
20
-108.059
11
135.61
21
-108.07
0
LINE
8
BLACK
6
CONTINUOUS
10
135.61
20
-108.07
11
135.27
21
-108.07
0
LINE
8
BLACK
6
CONTINUOUS
10
135.27
20
-108.07
11
135.216
21
-108.059
0
LINE
8
BLACK
6
CONTINUOUS
10
135.216
20
-108.059
11
135.171
21
-108.029
0
LINE
8
BLACK
6
CONTINUOUS
10
135.171
20
-108.029
11
135.141
21
-107.984
0
LINE
8
BLACK
6
CONTINUOUS
10
135.141
20
-107.984
11
135.13
21
-107.93
0
LINE
8
BLACK
6
CONTINUOUS
10
135.13
20
-107.93
11
135.13
21
-107.65
0
LINE
8
BLACK
6
CONTINUOUS
10
135.13
20
-107.65
11
135.141
21
-107.596
0
LINE
8
BLACK
6
CONTINUOUS
10
135.141
20
-107.596
11
135.171
21
-107.551
0
LINE
8
BLACK
6
CONTINUOUS
10
135.171
20
-107.551
11
135.216
21
-107.521
0
LINE
8
BLACK
6
CONTINUOUS
10
135.216
20
-107.521
11
135.27
21
-107.51
0
LINE
8
BLACK
6
CONTINUOUS
10
135.27
20
-107.51
11
135.61
21
-107.51
0
LINE
8
BLACK
6
CONTINUOUS
10
135.61
20
-107.51
11
135.664
21
-107.521
0
LINE
8
BLACK
6
CONTINUOUS
10
124.654
20
-107.491
11
124.699
21
-107.521
0
LINE
8
BLACK
6
CONTINUOUS
10
124.699
20
-107.521
11
124.729
21
-107.566
0
LINE
8
BLACK
6
CONTINUOUS
10
124.729
20
-107.566
11
124.74
21
-107.62
0
LINE
8
BLACK
6
CONTINUOUS
10
124.74
20
-107.62
11
124.74
21
-107.9
0
LINE
8
BLACK
6
CONTINUOUS
10
124.74
20
-107.9
11
124.729
21
-107.954
0
LINE
8
BLACK
6
CONTINUOUS
10
124.729
20
-107.954
11
124.699
21
-107.999
0
LINE
8
BLACK
6
CONTINUOUS
10
124.699
20
-107.999
11
124.654
21
-108.029
0
LINE
8
BLACK
6
CONTINUOUS
10
124.654
20
-108.029
11
124.6
21
-108.04
0
LINE
8
BLACK
6
CONTINUOUS
10
124.6
20
-108.04
11
124.26
21
-108.04
0
LINE
8
BLACK
6
CONTINUOUS
10
124.26
20
-108.04
11
124.206
21
-108.029
0
LINE
8
BLACK
6
CONTINUOUS
10
124.206
20
-108.029
11
124.161
21
-107.999
0
LINE
8
BLACK
6
CONTINUOUS
10
124.161
20
-107.999
11
124.131
21
-107.954
0
LINE
8
BLACK
6
CONTINUOUS
10
124.131
20
-107.954
11
124.12
21
-107.9
0
LINE
8
BLACK
6
CONTINUOUS
10
124.12
20
-107.9
11
124.12
21
-107.62
0
LINE
8
BLACK
6
CONTINUOUS
10
124.12
20
-107.62
11
124.131
21
-107.566
0
LINE
8
BLACK
6
CONTINUOUS
10
124.131
20
-107.566
11
124.161
21
-107.521
0
LINE
8
BLACK
6
CONTINUOUS
10
124.161
20
-107.521
11
124.206
21
-107.491
0
LINE
8
BLACK
6
CONTINUOUS
10
124.206
20
-107.491
11
124.26
21
-107.48
0
LINE
8
BLACK
6
CONTINUOUS
10
124.26
20
-107.48
11
124.6
21
-107.48
0
LINE
8
BLACK
6
CONTINUOUS
10
124.6
20
-107.48
11
124.654
21
-107.491
0
LINE
8
BLACK
6
CONTINUOUS
10
128.884
20
-107.481
11
128.929
21
-107.511
0
LINE
8
BLACK
6
CONTINUOUS
10
128.929
20
-107.511
11
128.959
21
-107.556
0
LINE
8
BLACK
6
CONTINUOUS
10
128.959
20
-107.556
11
128.97
21
-107.61
0
LINE
8
BLACK
6
CONTINUOUS
10
128.97
20
-107.61
11
128.97
21
-107.89
0
LINE
8
BLACK
6
CONTINUOUS
10
128.97
20
-107.89
11
128.959
21
-107.944
0
LINE
8
BLACK
6
CONTINUOUS
10
128.959
20
-107.944
11
128.929
21
-107.989
0
LINE
8
BLACK
6
CONTINUOUS
10
128.929
20
-107.989
11
128.884
21
-108.019
0
LINE
8
BLACK
6
CONTINUOUS
10
128.884
20
-108.019
11
128.83
21
-108.03
0
LINE
8
BLACK
6
CONTINUOUS
10
128.83
20
-108.03
11
128.49
21
-108.03
0
LINE
8
BLACK
6
CONTINUOUS
10
128.49
20
-108.03
11
128.436
21
-108.019
0
LINE
8
BLACK
6
CONTINUOUS
10
128.436
20
-108.019
11
128.391
21
-107.989
0
LINE
8
BLACK
6
CONTINUOUS
10
128.391
20
-107.989
11
128.361
21
-107.944
0
LINE
8
BLACK
6
CONTINUOUS
10
128.361
20
-107.944
11
128.35
21
-107.89
0
LINE
8
BLACK
6
CONTINUOUS
10
128.35
20
-107.89
11
128.35
21
-107.61
0
LINE
8
BLACK
6
CONTINUOUS
10
128.35
20
-107.61
11
128.361
21
-107.556
0
LINE
8
BLACK
6
CONTINUOUS
10
128.361
20
-107.556
11
128.391
21
-107.511
0
LINE
8
BLACK
6
CONTINUOUS
10
128.391
20
-107.511
11
128.436
21
-107.481
0
LINE
8
BLACK
6
CONTINUOUS
10
128.436
20
-107.481
11
128.49
21
-107.47
0
LINE
8
BLACK
6
CONTINUOUS
10
128.49
20
-107.47
11
128.83
21
-107.47
0
LINE
8
BLACK
6
CONTINUOUS
10
128.83
20
-107.47
11
128.884
21
-107.481
0
LINE
8
BLACK
6
CONTINUOUS
10
138.074
20
-106.981
11
138.119
21
-107.011
0
LINE
8
BLACK
6
CONTINUOUS
10
138.119
20
-107.011
11
138.149
21
-107.056
0
LINE
8
BLACK
6
CONTINUOUS
10
138.149
20
-107.056
11
138.16
21
-107.11
0
LINE
8
BLACK
6
CONTINUOUS
10
138.16
20
-107.11
11
138.16
21
-107.39
0
LINE
8
BLACK
6
CONTINUOUS
10
138.16
20
-107.39
11
138.149
21
-107.444
0
LINE
8
BLACK
6
CONTINUOUS
10
138.149
20
-107.444
11
138.119
21
-107.489
0
LINE
8
BLACK
6
CONTINUOUS
10
138.119
20
-107.489
11
138.074
21
-107.519
0
LINE
8
BLACK
6
CONTINUOUS
10
138.074
20
-107.519
11
138.02
21
-107.53
0
LINE
8
BLACK
6
CONTINUOUS
10
138.02
20
-107.53
11
137.68
21
-107.53
0
LINE
8
BLACK
6
CONTINUOUS
10
137.68
20
-107.53
11
137.626
21
-107.519
0
LINE
8
BLACK
6
CONTINUOUS
10
137.626
20
-107.519
11
137.581
21
-107.489
0
LINE
8
BLACK
6
CONTINUOUS
10
137.581
20
-107.489
11
137.551
21
-107.444
0
LINE
8
BLACK
6
CONTINUOUS
10
137.551
20
-107.444
11
137.54
21
-107.39
0
LINE
8
BLACK
6
CONTINUOUS
10
137.54
20
-107.39
11
137.54
21
-107.11
0
LINE
8
BLACK
6
CONTINUOUS
10
137.54
20
-107.11
11
137.551
21
-107.056
0
LINE
8
BLACK
6
CONTINUOUS
10
137.551
20
-107.056
11
137.581
21
-107.011
0
LINE
8
BLACK
6
CONTINUOUS
10
137.581
20
-107.011
11
137.626
21
-106.981
0
LINE
8
BLACK
6
CONTINUOUS
10
137.626
20
-106.981
11
137.68
21
-106.97
0
LINE
8
BLACK
6
CONTINUOUS
10
137.68
20
-106.97
11
138.02
21
-106.97
0
LINE
8
BLACK
6
CONTINUOUS
10
138.02
20
-106.97
11
138.074
21
-106.981
0
LINE
8
BLACK
6
CONTINUOUS
10
142.254
20
-106.971
11
142.299
21
-107.001
0
LINE
8
BLACK
6
CONTINUOUS
10
142.299
20
-107.001
11
142.329
21
-107.046
0
LINE
8
BLACK
6
CONTINUOUS
10
142.329
20
-107.046
11
142.34
21
-107.1
0
LINE
8
BLACK
6
CONTINUOUS
10
142.34
20
-107.1
11
142.34
21
-107.38
0
LINE
8
BLACK
6
CONTINUOUS
10
142.34
20
-107.38
11
142.329
21
-107.434
0
LINE
8
BLACK
6
CONTINUOUS
10
142.329
20
-107.434
11
142.299
21
-107.479
0
LINE
8
BLACK
6
CONTINUOUS
10
142.299
20
-107.479
11
142.254
21
-107.509
0
LINE
8
BLACK
6
CONTINUOUS
10
142.254
20
-107.509
11
142.2
21
-107.52
0
LINE
8
BLACK
6
CONTINUOUS
10
142.2
20
-107.52
11
141.86
21
-107.52
0
LINE
8
BLACK
6
CONTINUOUS
10
141.86
20
-107.52
11
141.806
21
-107.509
0
LINE
8
BLACK
6
CONTINUOUS
10
141.806
20
-107.509
11
141.761
21
-107.479
0
LINE
8
BLACK
6
CONTINUOUS
10
141.761
20
-107.479
11
141.731
21
-107.434
0
LINE
8
BLACK
6
CONTINUOUS
10
141.731
20
-107.434
11
141.72
21
-107.38
0
LINE
8
BLACK
6
CONTINUOUS
10
141.72
20
-107.38
11
141.72
21
-107.1
0
LINE
8
BLACK
6
CONTINUOUS
10
141.72
20
-107.1
11
141.731
21
-107.046
0
LINE
8
BLACK
6
CONTINUOUS
10
141.731
20
-107.046
11
141.761
21
-107.001
0
LINE
8
BLACK
6
CONTINUOUS
10
141.761
20
-107.001
11
141.806
21
-106.971
0
LINE
8
BLACK
6
CONTINUOUS
10
141.806
20
-106.971
11
141.86
21
-106.96
0
LINE
8
BLACK
6
CONTINUOUS
10
141.86
20
-106.96
11
142.2
21
-106.96
0
LINE
8
BLACK
6
CONTINUOUS
10
142.2
20
-106.96
11
142.254
21
-106.971
0
LINE
8
BLACK
6
CONTINUOUS
10
139.545
20
-107.17
11
139.095
21
-107.17
0
LINE
8
BLACK
6
CONTINUOUS
10
139.095
20
-107.17
11
139.095
21
-106.47
0
LINE
8
BLACK
6
CONTINUOUS
10
139.095
20
-106.47
11
139.545
21
-106.47
0
LINE
8
BLACK
6
CONTINUOUS
10
139.545
20
-106.47
11
139.545
21
-107.17
0
LINE
8
BLACK
6
CONTINUOUS
10
140.845
20
-107.17
11
140.395
21
-107.17
0
LINE
8
BLACK
6
CONTINUOUS
10
140.395
20
-107.17
11
140.395
21
-106.47
0
LINE
8
BLACK
6
CONTINUOUS
10
140.395
20
-106.47
11
140.845
21
-106.47
0
LINE
8
BLACK
6
CONTINUOUS
10
140.845
20
-106.47
11
140.845
21
-107.17
0
LINE
8
BLACK
6
CONTINUOUS
10
131.514
20
-106.561
11
131.559
21
-106.591
0
LINE
8
BLACK
6
CONTINUOUS
10
131.559
20
-106.591
11
131.589
21
-106.636
0
LINE
8
BLACK
6
CONTINUOUS
10
131.589
20
-106.636
11
131.6
21
-106.69
0
LINE
8
BLACK
6
CONTINUOUS
10
131.6
20
-106.69
11
131.6
21
-106.97
0
LINE
8
BLACK
6
CONTINUOUS
10
131.6
20
-106.97
11
131.589
21
-107.024
0
LINE
8
BLACK
6
CONTINUOUS
10
131.589
20
-107.024
11
131.559
21
-107.069
0
LINE
8
BLACK
6
CONTINUOUS
10
131.559
20
-107.069
11
131.514
21
-107.099
0
LINE
8
BLACK
6
CONTINUOUS
10
131.514
20
-107.099
11
131.46
21
-107.11
0
LINE
8
BLACK
6
CONTINUOUS
10
131.46
20
-107.11
11
131.12
21
-107.11
0
LINE
8
BLACK
6
CONTINUOUS
10
131.12
20
-107.11
11
131.066
21
-107.099
0
LINE
8
BLACK
6
CONTINUOUS
10
131.066
20
-107.099
11
131.021
21
-107.069
0
LINE
8
BLACK
6
CONTINUOUS
10
131.021
20
-107.069
11
130.991
21
-107.024
0
LINE
8
BLACK
6
CONTINUOUS
10
130.991
20
-107.024
11
130.98
21
-106.97
0
LINE
8
BLACK
6
CONTINUOUS
10
130.98
20
-106.97
11
130.98
21
-106.69
0
LINE
8
BLACK
6
CONTINUOUS
10
130.98
20
-106.69
11
130.991
21
-106.636
0
LINE
8
BLACK
6
CONTINUOUS
10
130.991
20
-106.636
11
131.021
21
-106.591
0
LINE
8
BLACK
6
CONTINUOUS
10
131.021
20
-106.591
11
131.066
21
-106.561
0
LINE
8
BLACK
6
CONTINUOUS
10
131.066
20
-106.561
11
131.12
21
-106.55
0
LINE
8
BLACK
6
CONTINUOUS
10
131.12
20
-106.55
11
131.46
21
-106.55
0
LINE
8
BLACK
6
CONTINUOUS
10
131.46
20
-106.55
11
131.514
21
-106.561
0
LINE
8
BLACK
6
CONTINUOUS
10
135.664
20
-106.561
11
135.709
21
-106.591
0
LINE
8
BLACK
6
CONTINUOUS
10
135.709
20
-106.591
11
135.739
21
-106.636
0
LINE
8
BLACK
6
CONTINUOUS
10
135.739
20
-106.636
11
135.75
21
-106.69
0
LINE
8
BLACK
6
CONTINUOUS
10
135.75
20
-106.69
11
135.75
21
-106.97
0
LINE
8
BLACK
6
CONTINUOUS
10
135.75
20
-106.97
11
135.739
21
-107.024
0
LINE
8
BLACK
6
CONTINUOUS
10
135.739
20
-107.024
11
135.709
21
-107.069
0
LINE
8
BLACK
6
CONTINUOUS
10
135.709
20
-107.069
11
135.664
21
-107.099
0
LINE
8
BLACK
6
CONTINUOUS
10
135.664
20
-107.099
11
135.61
21
-107.11
0
LINE
8
BLACK
6
CONTINUOUS
10
135.61
20
-107.11
11
135.27
21
-107.11
0
LINE
8
BLACK
6
CONTINUOUS
10
135.27
20
-107.11
11
135.216
21
-107.099
0
LINE
8
BLACK
6
CONTINUOUS
10
135.216
20
-107.099
11
135.171
21
-107.069
0
LINE
8
BLACK
6
CONTINUOUS
10
135.171
20
-107.069
11
135.141
21
-107.024
0
LINE
8
BLACK
6
CONTINUOUS
10
135.141
20
-107.024
11
135.13
21
-106.97
0
LINE
8
BLACK
6
CONTINUOUS
10
135.13
20
-106.97
11
135.13
21
-106.69
0
LINE
8
BLACK
6
CONTINUOUS
10
135.13
20
-106.69
11
135.141
21
-106.636
0
LINE
8
BLACK
6
CONTINUOUS
10
135.141
20
-106.636
11
135.171
21
-106.591
0
LINE
8
BLACK
6
CONTINUOUS
10
135.171
20
-106.591
11
135.216
21
-106.561
0
LINE
8
BLACK
6
CONTINUOUS
10
135.216
20
-106.561
11
135.27
21
-106.55
0
LINE
8
BLACK
6
CONTINUOUS
10
135.27
20
-106.55
11
135.61
21
-106.55
0
LINE
8
BLACK
6
CONTINUOUS
10
135.61
20
-106.55
11
135.664
21
-106.561
0
LINE
8
BLACK
6
CONTINUOUS
10
124.654
20
-106.531
11
124.699
21
-106.561
0
LINE
8
BLACK
6
CONTINUOUS
10
124.699
20
-106.561
11
124.729
21
-106.606
0
LINE
8
BLACK
6
CONTINUOUS
10
124.729
20
-106.606
11
124.74
21
-106.66
0
LINE
8
BLACK
6
CONTINUOUS
10
124.74
20
-106.66
11
124.74
21
-106.94
0
LINE
8
BLACK
6
CONTINUOUS
10
124.74
20
-106.94
11
124.729
21
-106.994
0
LINE
8
BLACK
6
CONTINUOUS
10
124.729
20
-106.994
11
124.699
21
-107.039
0
LINE
8
BLACK
6
CONTINUOUS
10
124.699
20
-107.039
11
124.654
21
-107.069
0
LINE
8
BLACK
6
CONTINUOUS
10
124.654
20
-107.069
11
124.6
21
-107.08
0
LINE
8
BLACK
6
CONTINUOUS
10
124.6
20
-107.08
11
124.26
21
-107.08
0
LINE
8
BLACK
6
CONTINUOUS
10
124.26
20
-107.08
11
124.206
21
-107.069
0
LINE
8
BLACK
6
CONTINUOUS
10
124.206
20
-107.069
11
124.161
21
-107.039
0
LINE
8
BLACK
6
CONTINUOUS
10
124.161
20
-107.039
11
124.131
21
-106.994
0
LINE
8
BLACK
6
CONTINUOUS
10
124.131
20
-106.994
11
124.12
21
-106.94
0
LINE
8
BLACK
6
CONTINUOUS
10
124.12
20
-106.94
11
124.12
21
-106.66
0
LINE
8
BLACK
6
CONTINUOUS
10
124.12
20
-106.66
11
124.131
21
-106.606
0
LINE
8
BLACK
6
CONTINUOUS
10
124.131
20
-106.606
11
124.161
21
-106.561
0
LINE
8
BLACK
6
CONTINUOUS
10
124.161
20
-106.561
11
124.206
21
-106.531
0
LINE
8
BLACK
6
CONTINUOUS
10
124.206
20
-106.531
11
124.26
21
-106.52
0
LINE
8
BLACK
6
CONTINUOUS
10
124.26
20
-106.52
11
124.6
21
-106.52
0
LINE
8
BLACK
6
CONTINUOUS
10
124.6
20
-106.52
11
124.654
21
-106.531
0
LINE
8
BLACK
6
CONTINUOUS
10
128.884
20
-106.521
11
128.929
21
-106.551
0
LINE
8
BLACK
6
CONTINUOUS
10
128.929
20
-106.551
11
128.959
21
-106.596
0
LINE
8
BLACK
6
CONTINUOUS
10
128.959
20
-106.596
11
128.97
21
-106.65
0
LINE
8
BLACK
6
CONTINUOUS
10
128.97
20
-106.65
11
128.97
21
-106.93
0
LINE
8
BLACK
6
CONTINUOUS
10
128.97
20
-106.93
11
128.959
21
-106.984
0
LINE
8
BLACK
6
CONTINUOUS
10
128.959
20
-106.984
11
128.929
21
-107.029
0
LINE
8
BLACK
6
CONTINUOUS
10
128.929
20
-107.029
11
128.884
21
-107.059
0
LINE
8
BLACK
6
CONTINUOUS
10
128.884
20
-107.059
11
128.83
21
-107.07
0
LINE
8
BLACK
6
CONTINUOUS
10
128.83
20
-107.07
11
128.49
21
-107.07
0
LINE
8
BLACK
6
CONTINUOUS
10
128.49
20
-107.07
11
128.436
21
-107.059
0
LINE
8
BLACK
6
CONTINUOUS
10
128.436
20
-107.059
11
128.391
21
-107.029
0
LINE
8
BLACK
6
CONTINUOUS
10
128.391
20
-107.029
11
128.361
21
-106.984
0
LINE
8
BLACK
6
CONTINUOUS
10
128.361
20
-106.984
11
128.35
21
-106.93
0
LINE
8
BLACK
6
CONTINUOUS
10
128.35
20
-106.93
11
128.35
21
-106.65
0
LINE
8
BLACK
6
CONTINUOUS
10
128.35
20
-106.65
11
128.361
21
-106.596
0
LINE
8
BLACK
6
CONTINUOUS
10
128.361
20
-106.596
11
128.391
21
-106.551
0
LINE
8
BLACK
6
CONTINUOUS
10
128.391
20
-106.551
11
128.436
21
-106.521
0
LINE
8
BLACK
6
CONTINUOUS
10
128.436
20
-106.521
11
128.49
21
-106.51
0
LINE
8
BLACK
6
CONTINUOUS
10
128.49
20
-106.51
11
128.83
21
-106.51
0
LINE
8
BLACK
6
CONTINUOUS
10
128.83
20
-106.51
11
128.884
21
-106.521
0
LINE
8
BLACK
6
CONTINUOUS
10
132.915
20
-106.78
11
132.465
21
-106.78
0
LINE
8
BLACK
6
CONTINUOUS
10
132.465
20
-106.78
11
132.465
21
-106.08
0
LINE
8
BLACK
6
CONTINUOUS
10
132.465
20
-106.08
11
132.915
21
-106.08
0
LINE
8
BLACK
6
CONTINUOUS
10
132.915
20
-106.08
11
132.915
21
-106.78
0
LINE
8
BLACK
6
CONTINUOUS
10
134.215
20
-106.78
11
133.765
21
-106.78
0
LINE
8
BLACK
6
CONTINUOUS
10
133.765
20
-106.78
11
133.765
21
-106.08
0
LINE
8
BLACK
6
CONTINUOUS
10
133.765
20
-106.08
11
134.215
21
-106.08
0
LINE
8
BLACK
6
CONTINUOUS
10
134.215
20
-106.08
11
134.215
21
-106.78
0
LINE
8
BLACK
6
CONTINUOUS
10
149.414
20
-106.151
11
149.459
21
-106.181
0
LINE
8
BLACK
6
CONTINUOUS
10
149.459
20
-106.181
11
149.489
21
-106.226
0
LINE
8
BLACK
6
CONTINUOUS
10
149.489
20
-106.226
11
149.5
21
-106.28
0
LINE
8
BLACK
6
CONTINUOUS
10
149.5
20
-106.28
11
149.5
21
-106.62
0
LINE
8
BLACK
6
CONTINUOUS
10
149.5
20
-106.62
11
149.489
21
-106.674
0
LINE
8
BLACK
6
CONTINUOUS
10
149.489
20
-106.674
11
149.459
21
-106.719
0
LINE
8
BLACK
6
CONTINUOUS
10
149.459
20
-106.719
11
149.414
21
-106.749
0
LINE
8
BLACK
6
CONTINUOUS
10
149.414
20
-106.749
11
149.36
21
-106.76
0
LINE
8
BLACK
6
CONTINUOUS
10
149.36
20
-106.76
11
149.08
21
-106.76
0
LINE
8
BLACK
6
CONTINUOUS
10
149.08
20
-106.76
11
149.026
21
-106.749
0
LINE
8
BLACK
6
CONTINUOUS
10
149.026
20
-106.749
11
148.981
21
-106.719
0
LINE
8
BLACK
6
CONTINUOUS
10
148.981
20
-106.719
11
148.951
21
-106.674
0
LINE
8
BLACK
6
CONTINUOUS
10
148.951
20
-106.674
11
148.94
21
-106.62
0
LINE
8
BLACK
6
CONTINUOUS
10
148.94
20
-106.62
11
148.94
21
-106.28
0
LINE
8
BLACK
6
CONTINUOUS
10
148.94
20
-106.28
11
148.951
21
-106.226
0
LINE
8
BLACK
6
CONTINUOUS
10
148.951
20
-106.226
11
148.981
21
-106.181
0
LINE
8
BLACK
6
CONTINUOUS
10
148.981
20
-106.181
11
149.026
21
-106.151
0
LINE
8
BLACK
6
CONTINUOUS
10
149.026
20
-106.151
11
149.08
21
-106.14
0
LINE
8
BLACK
6
CONTINUOUS
10
149.08
20
-106.14
11
149.36
21
-106.14
0
LINE
8
BLACK
6
CONTINUOUS
10
149.36
20
-106.14
11
149.414
21
-106.151
0
LINE
8
BLACK
6
CONTINUOUS
10
150.374
20
-106.151
11
150.419
21
-106.181
0
LINE
8
BLACK
6
CONTINUOUS
10
150.419
20
-106.181
11
150.449
21
-106.226
0
LINE
8
BLACK
6
CONTINUOUS
10
150.449
20
-106.226
11
150.46
21
-106.28
0
LINE
8
BLACK
6
CONTINUOUS
10
150.46
20
-106.28
11
150.46
21
-106.62
0
LINE
8
BLACK
6
CONTINUOUS
10
150.46
20
-106.62
11
150.449
21
-106.674
0
LINE
8
BLACK
6
CONTINUOUS
10
150.449
20
-106.674
11
150.419
21
-106.719
0
LINE
8
BLACK
6
CONTINUOUS
10
150.419
20
-106.719
11
150.374
21
-106.749
0
LINE
8
BLACK
6
CONTINUOUS
10
150.374
20
-106.749
11
150.32
21
-106.76
0
LINE
8
BLACK
6
CONTINUOUS
10
150.32
20
-106.76
11
150.04
21
-106.76
0
LINE
8
BLACK
6
CONTINUOUS
10
150.04
20
-106.76
11
149.986
21
-106.749
0
LINE
8
BLACK
6
CONTINUOUS
10
149.986
20
-106.749
11
149.941
21
-106.719
0
LINE
8
BLACK
6
CONTINUOUS
10
149.941
20
-106.719
11
149.911
21
-106.674
0
LINE
8
BLACK
6
CONTINUOUS
10
149.911
20
-106.674
11
149.9
21
-106.62
0
LINE
8
BLACK
6
CONTINUOUS
10
149.9
20
-106.62
11
149.9
21
-106.28
0
LINE
8
BLACK
6
CONTINUOUS
10
149.9
20
-106.28
11
149.911
21
-106.226
0
LINE
8
BLACK
6
CONTINUOUS
10
149.911
20
-106.226
11
149.941
21
-106.181
0
LINE
8
BLACK
6
CONTINUOUS
10
149.941
20
-106.181
11
149.986
21
-106.151
0
LINE
8
BLACK
6
CONTINUOUS
10
149.986
20
-106.151
11
150.04
21
-106.14
0
LINE
8
BLACK
6
CONTINUOUS
10
150.04
20
-106.14
11
150.32
21
-106.14
0
LINE
8
BLACK
6
CONTINUOUS
10
150.32
20
-106.14
11
150.374
21
-106.151
0
LINE
8
BLACK
6
CONTINUOUS
10
126.025
20
-106.66
11
125.575
21
-106.66
0
LINE
8
BLACK
6
CONTINUOUS
10
125.575
20
-106.66
11
125.575
21
-105.96
0
LINE
8
BLACK
6
CONTINUOUS
10
125.575
20
-105.96
11
126.025
21
-105.96
0
LINE
8
BLACK
6
CONTINUOUS
10
126.025
20
-105.96
11
126.025
21
-106.66
0
LINE
8
BLACK
6
CONTINUOUS
10
127.325
20
-106.66
11
126.875
21
-106.66
0
LINE
8
BLACK
6
CONTINUOUS
10
126.875
20
-106.66
11
126.875
21
-105.96
0
LINE
8
BLACK
6
CONTINUOUS
10
126.875
20
-105.96
11
127.325
21
-105.96
0
LINE
8
BLACK
6
CONTINUOUS
10
127.325
20
-105.96
11
127.325
21
-106.66
0
LINE
8
BLACK
6
CONTINUOUS
10
180.095
20
-105.811
11
180.144
21
-105.844
0
LINE
8
BLACK
6
CONTINUOUS
10
180.144
20
-105.844
11
180.176
21
-105.893
0
LINE
8
BLACK
6
CONTINUOUS
10
180.176
20
-105.893
11
180.188
21
-105.95
0
LINE
8
BLACK
6
CONTINUOUS
10
180.188
20
-105.95
11
180.188
21
-106.25
0
LINE
8
BLACK
6
CONTINUOUS
10
180.188
20
-106.25
11
180.176
21
-106.307
0
LINE
8
BLACK
6
CONTINUOUS
10
180.176
20
-106.307
11
180.144
21
-106.356
0
LINE
8
BLACK
6
CONTINUOUS
10
180.144
20
-106.356
11
180.095
21
-106.389
0
LINE
8
BLACK
6
CONTINUOUS
10
180.095
20
-106.389
11
180.037
21
-106.4
0
LINE
8
BLACK
6
CONTINUOUS
10
180.037
20
-106.4
11
178.862
21
-106.4
0
LINE
8
BLACK
6
CONTINUOUS
10
178.862
20
-106.4
11
178.805
21
-106.389
0
LINE
8
BLACK
6
CONTINUOUS
10
178.805
20
-106.389
11
178.756
21
-106.356
0
LINE
8
BLACK
6
CONTINUOUS
10
178.756
20
-106.356
11
178.724
21
-106.307
0
LINE
8
BLACK
6
CONTINUOUS
10
178.724
20
-106.307
11
178.713
21
-106.25
0
LINE
8
BLACK
6
CONTINUOUS
10
178.713
20
-106.25
11
178.713
21
-105.95
0
LINE
8
BLACK
6
CONTINUOUS
10
178.713
20
-105.95
11
178.724
21
-105.893
0
LINE
8
BLACK
6
CONTINUOUS
10
178.724
20
-105.893
11
178.756
21
-105.844
0
LINE
8
BLACK
6
CONTINUOUS
10
178.756
20
-105.844
11
178.805
21
-105.811
0
LINE
8
BLACK
6
CONTINUOUS
10
178.805
20
-105.811
11
178.862
21
-105.8
0
LINE
8
BLACK
6
CONTINUOUS
10
178.862
20
-105.8
11
180.037
21
-105.8
0
LINE
8
BLACK
6
CONTINUOUS
10
180.037
20
-105.8
11
180.095
21
-105.811
0
LINE
8
BLACK
6
CONTINUOUS
10
181.627
20
-105.592
11
181.691
21
-105.636
0
LINE
8
BLACK
6
CONTINUOUS
10
181.691
20
-105.636
11
181.735
21
-105.7
0
LINE
8
BLACK
6
CONTINUOUS
10
181.735
20
-105.7
11
181.75
21
-105.777
0
LINE
8
BLACK
6
CONTINUOUS
10
181.75
20
-105.777
11
181.75
21
-106.177
0
LINE
8
BLACK
6
CONTINUOUS
10
181.75
20
-106.177
11
181.735
21
-106.254
0
LINE
8
BLACK
6
CONTINUOUS
10
181.735
20
-106.254
11
181.691
21
-106.318
0
LINE
8
BLACK
6
CONTINUOUS
10
181.691
20
-106.318
11
181.627
21
-106.362
0
LINE
8
BLACK
6
CONTINUOUS
10
181.627
20
-106.362
11
181.55
21
-106.377
0
LINE
8
BLACK
6
CONTINUOUS
10
181.55
20
-106.377
11
181
21
-106.377
0
LINE
8
BLACK
6
CONTINUOUS
10
181
20
-106.377
11
180.923
21
-106.362
0
LINE
8
BLACK
6
CONTINUOUS
10
180.923
20
-106.362
11
180.859
21
-106.318
0
LINE
8
BLACK
6
CONTINUOUS
10
180.859
20
-106.318
11
180.815
21
-106.254
0
LINE
8
BLACK
6
CONTINUOUS
10
180.815
20
-106.254
11
180.8
21
-106.177
0
LINE
8
BLACK
6
CONTINUOUS
10
180.8
20
-106.177
11
180.8
21
-105.777
0
LINE
8
BLACK
6
CONTINUOUS
10
180.8
20
-105.777
11
180.815
21
-105.7
0
LINE
8
BLACK
6
CONTINUOUS
10
180.815
20
-105.7
11
180.859
21
-105.636
0
LINE
8
BLACK
6
CONTINUOUS
10
180.859
20
-105.636
11
180.923
21
-105.592
0
LINE
8
BLACK
6
CONTINUOUS
10
180.923
20
-105.592
11
181
21
-105.577
0
LINE
8
BLACK
6
CONTINUOUS
10
181
20
-105.577
11
181.55
21
-105.577
0
LINE
8
BLACK
6
CONTINUOUS
10
181.55
20
-105.577
11
181.627
21
-105.592
0
LINE
8
BLACK
6
CONTINUOUS
10
183.202
20
-105.592
11
183.266
21
-105.636
0
LINE
8
BLACK
6
CONTINUOUS
10
183.266
20
-105.636
11
183.31
21
-105.7
0
LINE
8
BLACK
6
CONTINUOUS
10
183.31
20
-105.7
11
183.325
21
-105.777
0
LINE
8
BLACK
6
CONTINUOUS
10
183.325
20
-105.777
11
183.325
21
-106.177
0
LINE
8
BLACK
6
CONTINUOUS
10
183.325
20
-106.177
11
183.31
21
-106.254
0
LINE
8
BLACK
6
CONTINUOUS
10
183.31
20
-106.254
11
183.266
21
-106.318
0
LINE
8
BLACK
6
CONTINUOUS
10
183.266
20
-106.318
11
183.202
21
-106.362
0
LINE
8
BLACK
6
CONTINUOUS
10
183.202
20
-106.362
11
183.125
21
-106.377
0
LINE
8
BLACK
6
CONTINUOUS
10
183.125
20
-106.377
11
182.575
21
-106.377
0
LINE
8
BLACK
6
CONTINUOUS
10
182.575
20
-106.377
11
182.498
21
-106.362
0
LINE
8
BLACK
6
CONTINUOUS
10
182.498
20
-106.362
11
182.434
21
-106.318
0
LINE
8
BLACK
6
CONTINUOUS
10
182.434
20
-106.318
11
182.39
21
-106.254
0
LINE
8
BLACK
6
CONTINUOUS
10
182.39
20
-106.254
11
182.375
21
-106.177
0
LINE
8
BLACK
6
CONTINUOUS
10
182.375
20
-106.177
11
182.375
21
-105.777
0
LINE
8
BLACK
6
CONTINUOUS
10
182.375
20
-105.777
11
182.39
21
-105.7
0
LINE
8
BLACK
6
CONTINUOUS
10
182.39
20
-105.7
11
182.434
21
-105.636
0
LINE
8
BLACK
6
CONTINUOUS
10
182.434
20
-105.636
11
182.498
21
-105.592
0
LINE
8
BLACK
6
CONTINUOUS
10
182.498
20
-105.592
11
182.575
21
-105.577
0
LINE
8
BLACK
6
CONTINUOUS
10
182.575
20
-105.577
11
183.125
21
-105.577
0
LINE
8
BLACK
6
CONTINUOUS
10
183.125
20
-105.577
11
183.202
21
-105.592
0
LINE
8
BLACK
6
CONTINUOUS
10
112.199
20
-105.411
11
112.244
21
-105.441
0
LINE
8
BLACK
6
CONTINUOUS
10
112.244
20
-105.441
11
112.274
21
-105.486
0
LINE
8
BLACK
6
CONTINUOUS
10
112.274
20
-105.486
11
112.285
21
-105.54
0
LINE
8
BLACK
6
CONTINUOUS
10
112.285
20
-105.54
11
112.285
21
-105.82
0
LINE
8
BLACK
6
CONTINUOUS
10
112.285
20
-105.82
11
112.274
21
-105.874
0
LINE
8
BLACK
6
CONTINUOUS
10
112.274
20
-105.874
11
112.244
21
-105.919
0
LINE
8
BLACK
6
CONTINUOUS
10
112.244
20
-105.919
11
112.199
21
-105.949
0
LINE
8
BLACK
6
CONTINUOUS
10
112.199
20
-105.949
11
112.145
21
-105.96
0
LINE
8
BLACK
6
CONTINUOUS
10
112.145
20
-105.96
11
111.805
21
-105.96
0
LINE
8
BLACK
6
CONTINUOUS
10
111.805
20
-105.96
11
111.751
21
-105.949
0
LINE
8
BLACK
6
CONTINUOUS
10
111.751
20
-105.949
11
111.706
21
-105.919
0
LINE
8
BLACK
6
CONTINUOUS
10
111.706
20
-105.919
11
111.676
21
-105.874
0
LINE
8
BLACK
6
CONTINUOUS
10
111.676
20
-105.874
11
111.665
21
-105.82
0
LINE
8
BLACK
6
CONTINUOUS
10
111.665
20
-105.82
11
111.665
21
-105.54
0
LINE
8
BLACK
6
CONTINUOUS
10
111.665
20
-105.54
11
111.676
21
-105.486
0
LINE
8
BLACK
6
CONTINUOUS
10
111.676
20
-105.486
11
111.706
21
-105.441
0
LINE
8
BLACK
6
CONTINUOUS
10
111.706
20
-105.441
11
111.751
21
-105.411
0
LINE
8
BLACK
6
CONTINUOUS
10
111.751
20
-105.411
11
111.805
21
-105.4
0
LINE
8
BLACK
6
CONTINUOUS
10
111.805
20
-105.4
11
112.145
21
-105.4
0
LINE
8
BLACK
6
CONTINUOUS
10
112.145
20
-105.4
11
112.199
21
-105.411
0
LINE
8
BLACK
6
CONTINUOUS
10
107.274
20
-104.22
11
107.443
21
-104.279
0
LINE
8
BLACK
6
CONTINUOUS
10
107.443
20
-104.279
11
107.594
21
-104.374
0
LINE
8
BLACK
6
CONTINUOUS
10
107.594
20
-104.374
11
107.721
21
-104.501
0
LINE
8
BLACK
6
CONTINUOUS
10
107.721
20
-104.501
11
107.816
21
-104.653
0
LINE
8
BLACK
6
CONTINUOUS
10
107.816
20
-104.653
11
107.876
21
-104.822
0
LINE
8
BLACK
6
CONTINUOUS
10
107.876
20
-104.822
11
107.896
21
-105
0
LINE
8
BLACK
6
CONTINUOUS
10
107.896
20
-105
11
107.876
21
-105.178
0
LINE
8
BLACK
6
CONTINUOUS
10
107.876
20
-105.178
11
107.816
21
-105.347
0
LINE
8
BLACK
6
CONTINUOUS
10
107.816
20
-105.347
11
107.721
21
-105.499
0
LINE
8
BLACK
6
CONTINUOUS
10
107.721
20
-105.499
11
107.594
21
-105.626
0
LINE
8
BLACK
6
CONTINUOUS
10
107.594
20
-105.626
11
107.443
21
-105.721
0
LINE
8
BLACK
6
CONTINUOUS
10
107.443
20
-105.721
11
107.274
21
-105.78
0
LINE
8
BLACK
6
CONTINUOUS
10
107.274
20
-105.78
11
107.096
21
-105.8
0
LINE
8
BLACK
6
CONTINUOUS
10
107.096
20
-105.8
11
106.918
21
-105.78
0
LINE
8
BLACK
6
CONTINUOUS
10
106.918
20
-105.78
11
106.748
21
-105.721
0
LINE
8
BLACK
6
CONTINUOUS
10
106.748
20
-105.721
11
106.597
21
-105.626
0
LINE
8
BLACK
6
CONTINUOUS
10
106.597
20
-105.626
11
106.47
21
-105.499
0
LINE
8
BLACK
6
CONTINUOUS
10
106.47
20
-105.499
11
106.375
21
-105.347
0
LINE
8
BLACK
6
CONTINUOUS
10
106.375
20
-105.347
11
106.316
21
-105.178
0
LINE
8
BLACK
6
CONTINUOUS
10
106.316
20
-105.178
11
106.295
21
-105
0
LINE
8
BLACK
6
CONTINUOUS
10
106.295
20
-105
11
106.316
21
-104.822
0
LINE
8
BLACK
6
CONTINUOUS
10
106.316
20
-104.822
11
106.375
21
-104.653
0
LINE
8
BLACK
6
CONTINUOUS
10
106.375
20
-104.653
11
106.47
21
-104.501
0
LINE
8
BLACK
6
CONTINUOUS
10
106.47
20
-104.501
11
106.597
21
-104.374
0
LINE
8
BLACK
6
CONTINUOUS
10
106.597
20
-104.374
11
106.748
21
-104.279
0
LINE
8
BLACK
6
CONTINUOUS
10
106.748
20
-104.279
11
106.918
21
-104.22
0
LINE
8
BLACK
6
CONTINUOUS
10
106.918
20
-104.22
11
107.096
21
-104.2
0
LINE
8
BLACK
6
CONTINUOUS
10
107.096
20
-104.2
11
107.274
21
-104.22
0
LINE
8
BLACK
6
CONTINUOUS
10
110.274
20
-104.22
11
110.443
21
-104.279
0
LINE
8
BLACK
6
CONTINUOUS
10
110.443
20
-104.279
11
110.594
21
-104.374
0
LINE
8
BLACK
6
CONTINUOUS
10
110.594
20
-104.374
11
110.721
21
-104.501
0
LINE
8
BLACK
6
CONTINUOUS
10
110.721
20
-104.501
11
110.816
21
-104.653
0
LINE
8
BLACK
6
CONTINUOUS
10
110.816
20
-104.653
11
110.876
21
-104.822
0
LINE
8
BLACK
6
CONTINUOUS
10
110.876
20
-104.822
11
110.896
21
-105
0
LINE
8
BLACK
6
CONTINUOUS
10
110.896
20
-105
11
110.876
21
-105.178
0
LINE
8
BLACK
6
CONTINUOUS
10
110.876
20
-105.178
11
110.816
21
-105.347
0
LINE
8
BLACK
6
CONTINUOUS
10
110.816
20
-105.347
11
110.721
21
-105.499
0
LINE
8
BLACK
6
CONTINUOUS
10
110.721
20
-105.499
11
110.594
21
-105.626
0
LINE
8
BLACK
6
CONTINUOUS
10
110.594
20
-105.626
11
110.443
21
-105.721
0
LINE
8
BLACK
6
CONTINUOUS
10
110.443
20
-105.721
11
110.274
21
-105.78
0
LINE
8
BLACK
6
CONTINUOUS
10
110.274
20
-105.78
11
110.096
21
-105.8
0
LINE
8
BLACK
6
CONTINUOUS
10
110.096
20
-105.8
11
109.918
21
-105.78
0
LINE
8
BLACK
6
CONTINUOUS
10
109.918
20
-105.78
11
109.748
21
-105.721
0
LINE
8
BLACK
6
CONTINUOUS
10
109.748
20
-105.721
11
109.597
21
-105.626
0
LINE
8
BLACK
6
CONTINUOUS
10
109.597
20
-105.626
11
109.47
21
-105.499
0
LINE
8
BLACK
6
CONTINUOUS
10
109.47
20
-105.499
11
109.375
21
-105.347
0
LINE
8
BLACK
6
CONTINUOUS
10
109.375
20
-105.347
11
109.316
21
-105.178
0
LINE
8
BLACK
6
CONTINUOUS
10
109.316
20
-105.178
11
109.295
21
-105
0
LINE
8
BLACK
6
CONTINUOUS
10
109.295
20
-105
11
109.316
21
-104.822
0
LINE
8
BLACK
6
CONTINUOUS
10
109.316
20
-104.822
11
109.375
21
-104.653
0
LINE
8
BLACK
6
CONTINUOUS
10
109.375
20
-104.653
11
109.47
21
-104.501
0
LINE
8
BLACK
6
CONTINUOUS
10
109.47
20
-104.501
11
109.597
21
-104.374
0
LINE
8
BLACK
6
CONTINUOUS
10
109.597
20
-104.374
11
109.748
21
-104.279
0
LINE
8
BLACK
6
CONTINUOUS
10
109.748
20
-104.279
11
109.918
21
-104.22
0
LINE
8
BLACK
6
CONTINUOUS
10
109.918
20
-104.22
11
110.096
21
-104.2
0
LINE
8
BLACK
6
CONTINUOUS
10
110.096
20
-104.2
11
110.274
21
-104.22
0
LINE
8
BLACK
6
CONTINUOUS
10
178.22
20
-104.861
11
178.269
21
-104.894
0
LINE
8
BLACK
6
CONTINUOUS
10
178.269
20
-104.894
11
178.301
21
-104.943
0
LINE
8
BLACK
6
CONTINUOUS
10
178.301
20
-104.943
11
178.312
21
-105
0
LINE
8
BLACK
6
CONTINUOUS
10
178.312
20
-105
11
178.312
21
-105.3
0
LINE
8
BLACK
6
CONTINUOUS
10
178.312
20
-105.3
11
178.301
21
-105.357
0
LINE
8
BLACK
6
CONTINUOUS
10
178.301
20
-105.357
11
178.269
21
-105.406
0
LINE
8
BLACK
6
CONTINUOUS
10
178.269
20
-105.406
11
178.22
21
-105.439
0
LINE
8
BLACK
6
CONTINUOUS
10
178.22
20
-105.439
11
178.162
21
-105.45
0
LINE
8
BLACK
6
CONTINUOUS
10
178.162
20
-105.45
11
176.987
21
-105.45
0
LINE
8
BLACK
6
CONTINUOUS
10
176.987
20
-105.45
11
176.93
21
-105.439
0
LINE
8
BLACK
6
CONTINUOUS
10
176.93
20
-105.439
11
176.881
21
-105.406
0
LINE
8
BLACK
6
CONTINUOUS
10
176.881
20
-105.406
11
176.849
21
-105.357
0
LINE
8
BLACK
6
CONTINUOUS
10
176.849
20
-105.357
11
176.838
21
-105.3
0
LINE
8
BLACK
6
CONTINUOUS
10
176.838
20
-105.3
11
176.838
21
-105
0
LINE
8
BLACK
6
CONTINUOUS
10
176.838
20
-105
11
176.849
21
-104.943
0
LINE
8
BLACK
6
CONTINUOUS
10
176.849
20
-104.943
11
176.881
21
-104.894
0
LINE
8
BLACK
6
CONTINUOUS
10
176.881
20
-104.894
11
176.93
21
-104.861
0
LINE
8
BLACK
6
CONTINUOUS
10
176.93
20
-104.861
11
176.987
21
-104.85
0
LINE
8
BLACK
6
CONTINUOUS
10
176.987
20
-104.85
11
178.162
21
-104.85
0
LINE
8
BLACK
6
CONTINUOUS
10
178.162
20
-104.85
11
178.22
21
-104.861
0
LINE
8
BLACK
6
CONTINUOUS
10
146.127
20
-104.615
11
146.191
21
-104.659
0
LINE
8
BLACK
6
CONTINUOUS
10
146.191
20
-104.659
11
146.235
21
-104.723
0
LINE
8
BLACK
6
CONTINUOUS
10
146.235
20
-104.723
11
146.25
21
-104.8
0
LINE
8
BLACK
6
CONTINUOUS
10
146.25
20
-104.8
11
146.25
21
-105.2
0
LINE
8
BLACK
6
CONTINUOUS
10
146.25
20
-105.2
11
146.235
21
-105.277
0
LINE
8
BLACK
6
CONTINUOUS
10
146.235
20
-105.277
11
146.191
21
-105.341
0
LINE
8
BLACK
6
CONTINUOUS
10
146.191
20
-105.341
11
146.127
21
-105.385
0
LINE
8
BLACK
6
CONTINUOUS
10
146.127
20
-105.385
11
146.05
21
-105.4
0
LINE
8
BLACK
6
CONTINUOUS
10
146.05
20
-105.4
11
145.5
21
-105.4
0
LINE
8
BLACK
6
CONTINUOUS
10
145.5
20
-105.4
11
145.423
21
-105.385
0
LINE
8
BLACK
6
CONTINUOUS
10
145.423
20
-105.385
11
145.359
21
-105.341
0
LINE
8
BLACK
6
CONTINUOUS
10
145.359
20
-105.341
11
145.315
21
-105.277
0
LINE
8
BLACK
6
CONTINUOUS
10
145.315
20
-105.277
11
145.3
21
-105.2
0
LINE
8
BLACK
6
CONTINUOUS
10
145.3
20
-105.2
11
145.3
21
-104.8
0
LINE
8
BLACK
6
CONTINUOUS
10
145.3
20
-104.8
11
145.315
21
-104.723
0
LINE
8
BLACK
6
CONTINUOUS
10
145.315
20
-104.723
11
145.359
21
-104.659
0
LINE
8
BLACK
6
CONTINUOUS
10
145.359
20
-104.659
11
145.423
21
-104.615
0
LINE
8
BLACK
6
CONTINUOUS
10
145.423
20
-104.615
11
145.5
21
-104.6
0
LINE
8
BLACK
6
CONTINUOUS
10
145.5
20
-104.6
11
146.05
21
-104.6
0
LINE
8
BLACK
6
CONTINUOUS
10
146.05
20
-104.6
11
146.127
21
-104.615
0
LINE
8
BLACK
6
CONTINUOUS
10
148.42
20
-104.811
11
148.469
21
-104.844
0
LINE
8
BLACK
6
CONTINUOUS
10
148.469
20
-104.844
11
148.501
21
-104.893
0
LINE
8
BLACK
6
CONTINUOUS
10
148.501
20
-104.893
11
148.512
21
-104.95
0
LINE
8
BLACK
6
CONTINUOUS
10
148.512
20
-104.95
11
148.512
21
-105.25
0
LINE
8
BLACK
6
CONTINUOUS
10
148.512
20
-105.25
11
148.501
21
-105.307
0
LINE
8
BLACK
6
CONTINUOUS
10
148.501
20
-105.307
11
148.469
21
-105.356
0
LINE
8
BLACK
6
CONTINUOUS
10
148.469
20
-105.356
11
148.42
21
-105.389
0
LINE
8
BLACK
6
CONTINUOUS
10
148.42
20
-105.389
11
148.362
21
-105.4
0
LINE
8
BLACK
6
CONTINUOUS
10
148.362
20
-105.4
11
147.188
21
-105.4
0
LINE
8
BLACK
6
CONTINUOUS
10
147.188
20
-105.4
11
147.13
21
-105.389
0
LINE
8
BLACK
6
CONTINUOUS
10
147.13
20
-105.389
11
147.081
21
-105.356
0
LINE
8
BLACK
6
CONTINUOUS
10
147.081
20
-105.356
11
147.049
21
-105.307
0
LINE
8
BLACK
6
CONTINUOUS
10
147.049
20
-105.307
11
147.037
21
-105.25
0
LINE
8
BLACK
6
CONTINUOUS
10
147.037
20
-105.25
11
147.037
21
-104.95
0
LINE
8
BLACK
6
CONTINUOUS
10
147.037
20
-104.95
11
147.049
21
-104.893
0
LINE
8
BLACK
6
CONTINUOUS
10
147.049
20
-104.893
11
147.081
21
-104.844
0
LINE
8
BLACK
6
CONTINUOUS
10
147.081
20
-104.844
11
147.13
21
-104.811
0
LINE
8
BLACK
6
CONTINUOUS
10
147.13
20
-104.811
11
147.188
21
-104.8
0
LINE
8
BLACK
6
CONTINUOUS
10
147.188
20
-104.8
11
148.362
21
-104.8
0
LINE
8
BLACK
6
CONTINUOUS
10
148.362
20
-104.8
11
148.42
21
-104.811
0
LINE
8
BLACK
6
CONTINUOUS
10
140.195
20
-105.17
11
139.745
21
-105.17
0
LINE
8
BLACK
6
CONTINUOUS
10
139.745
20
-105.17
11
139.745
21
-104.47
0
LINE
8
BLACK
6
CONTINUOUS
10
139.745
20
-104.47
11
140.195
21
-104.47
0
LINE
8
BLACK
6
CONTINUOUS
10
140.195
20
-104.47
11
140.195
21
-105.17
0
LINE
8
BLACK
6
CONTINUOUS
10
156.004
20
-105.163
11
155.496
21
-105.163
0
LINE
8
BLACK
6
CONTINUOUS
10
155.496
20
-105.163
11
155.496
21
-103.867
0
LINE
8
BLACK
6
CONTINUOUS
10
155.496
20
-103.867
11
156.004
21
-103.867
0
LINE
8
BLACK
6
CONTINUOUS
10
156.004
20
-103.867
11
156.004
21
-105.163
0
LINE
8
BLACK
6
CONTINUOUS
10
157.004
20
-105.163
11
156.496
21
-105.163
0
LINE
8
BLACK
6
CONTINUOUS
10
156.496
20
-105.163
11
156.496
21
-103.867
0
LINE
8
BLACK
6
CONTINUOUS
10
156.496
20
-103.867
11
157.004
21
-103.867
0
LINE
8
BLACK
6
CONTINUOUS
10
157.004
20
-103.867
11
157.004
21
-105.163
0
LINE
8
BLACK
6
CONTINUOUS
10
158.004
20
-105.163
11
157.496
21
-105.163
0
LINE
8
BLACK
6
CONTINUOUS
10
157.496
20
-105.163
11
157.496
21
-103.867
0
LINE
8
BLACK
6
CONTINUOUS
10
157.496
20
-103.867
11
158.004
21
-103.867
0
LINE
8
BLACK
6
CONTINUOUS
10
158.004
20
-103.867
11
158.004
21
-105.163
0
LINE
8
BLACK
6
CONTINUOUS
10
159.004
20
-105.163
11
158.496
21
-105.163
0
LINE
8
BLACK
6
CONTINUOUS
10
158.496
20
-105.163
11
158.496
21
-103.867
0
LINE
8
BLACK
6
CONTINUOUS
10
158.496
20
-103.867
11
159.004
21
-103.867
0
LINE
8
BLACK
6
CONTINUOUS
10
159.004
20
-103.867
11
159.004
21
-105.163
0
LINE
8
BLACK
6
CONTINUOUS
10
160.004
20
-105.163
11
159.496
21
-105.163
0
LINE
8
BLACK
6
CONTINUOUS
10
159.496
20
-105.163
11
159.496
21
-103.867
0
LINE
8
BLACK
6
CONTINUOUS
10
159.496
20
-103.867
11
160.004
21
-103.867
0
LINE
8
BLACK
6
CONTINUOUS
10
160.004
20
-103.867
11
160.004
21
-105.163
0
LINE
8
BLACK
6
CONTINUOUS
10
161.004
20
-105.163
11
160.496
21
-105.163
0
LINE
8
BLACK
6
CONTINUOUS
10
160.496
20
-105.163
11
160.496
21
-103.867
0
LINE
8
BLACK
6
CONTINUOUS
10
160.496
20
-103.867
11
161.004
21
-103.867
0
LINE
8
BLACK
6
CONTINUOUS
10
161.004
20
-103.867
11
161.004
21
-105.163
0
LINE
8
BLACK
6
CONTINUOUS
10
162.004
20
-105.163
11
161.496
21
-105.163
0
LINE
8
BLACK
6
CONTINUOUS
10
161.496
20
-105.163
11
161.496
21
-103.867
0
LINE
8
BLACK
6
CONTINUOUS
10
161.496
20
-103.867
11
162.004
21
-103.867
0
LINE
8
BLACK
6
CONTINUOUS
10
162.004
20
-103.867
11
162.004
21
-105.163
0
LINE
8
BLACK
6
CONTINUOUS
10
163.004
20
-105.163
11
162.496
21
-105.163
0
LINE
8
BLACK
6
CONTINUOUS
10
162.496
20
-105.163
11
162.496
21
-103.867
0
LINE
8
BLACK
6
CONTINUOUS
10
162.496
20
-103.867
11
163.004
21
-103.867
0
LINE
8
BLACK
6
CONTINUOUS
10
163.004
20
-103.867
11
163.004
21
-105.163
0
LINE
8
BLACK
6
CONTINUOUS
10
164.004
20
-105.163
11
163.496
21
-105.163
0
LINE
8
BLACK
6
CONTINUOUS
10
163.496
20
-105.163
11
163.496
21
-103.867
0
LINE
8
BLACK
6
CONTINUOUS
10
163.496
20
-103.867
11
164.004
21
-103.867
0
LINE
8
BLACK
6
CONTINUOUS
10
164.004
20
-103.867
11
164.004
21
-105.163
0
LINE
8
BLACK
6
CONTINUOUS
10
165.004
20
-105.163
11
164.496
21
-105.163
0
LINE
8
BLACK
6
CONTINUOUS
10
164.496
20
-105.163
11
164.496
21
-103.867
0
LINE
8
BLACK
6
CONTINUOUS
10
164.496
20
-103.867
11
165.004
21
-103.867
0
LINE
8
BLACK
6
CONTINUOUS
10
165.004
20
-103.867
11
165.004
21
-105.163
0
LINE
8
BLACK
6
CONTINUOUS
10
166.004
20
-105.163
11
165.496
21
-105.163
0
LINE
8
BLACK
6
CONTINUOUS
10
165.496
20
-105.163
11
165.496
21
-103.867
0
LINE
8
BLACK
6
CONTINUOUS
10
165.496
20
-103.867
11
166.004
21
-103.867
0
LINE
8
BLACK
6
CONTINUOUS
10
166.004
20
-103.867
11
166.004
21
-105.163
0
LINE
8
BLACK
6
CONTINUOUS
10
167.004
20
-105.163
11
166.496
21
-105.163
0
LINE
8
BLACK
6
CONTINUOUS
10
166.496
20
-105.163
11
166.496
21
-103.867
0
LINE
8
BLACK
6
CONTINUOUS
10
166.496
20
-103.867
11
167.004
21
-103.867
0
LINE
8
BLACK
6
CONTINUOUS
10
167.004
20
-103.867
11
167.004
21
-105.163
0
LINE
8
BLACK
6
CONTINUOUS
10
168.004
20
-105.163
11
167.496
21
-105.163
0
LINE
8
BLACK
6
CONTINUOUS
10
167.496
20
-105.163
11
167.496
21
-103.867
0
LINE
8
BLACK
6
CONTINUOUS
10
167.496
20
-103.867
11
168.004
21
-103.867
0
LINE
8
BLACK
6
CONTINUOUS
10
168.004
20
-103.867
11
168.004
21
-105.163
0
LINE
8
BLACK
6
CONTINUOUS
10
169.004
20
-105.163
11
168.496
21
-105.163
0
LINE
8
BLACK
6
CONTINUOUS
10
168.496
20
-105.163
11
168.496
21
-103.867
0
LINE
8
BLACK
6
CONTINUOUS
10
168.496
20
-103.867
11
169.004
21
-103.867
0
LINE
8
BLACK
6
CONTINUOUS
10
169.004
20
-103.867
11
169.004
21
-105.163
0
LINE
8
BLACK
6
CONTINUOUS
10
170.004
20
-105.163
11
169.496
21
-105.163
0
LINE
8
BLACK
6
CONTINUOUS
10
169.496
20
-105.163
11
169.496
21
-103.867
0
LINE
8
BLACK
6
CONTINUOUS
10
169.496
20
-103.867
11
170.004
21
-103.867
0
LINE
8
BLACK
6
CONTINUOUS
10
170.004
20
-103.867
11
170.004
21
-105.163
0
LINE
8
BLACK
6
CONTINUOUS
10
171.004
20
-105.163
11
170.496
21
-105.163
0
LINE
8
BLACK
6
CONTINUOUS
10
170.496
20
-105.163
11
170.496
21
-103.867
0
LINE
8
BLACK
6
CONTINUOUS
10
170.496
20
-103.867
11
171.004
21
-103.867
0
LINE
8
BLACK
6
CONTINUOUS
10
171.004
20
-103.867
11
171.004
21
-105.163
0
LINE
8
BLACK
6
CONTINUOUS
10
172.004
20
-105.163
11
171.496
21
-105.163
0
LINE
8
BLACK
6
CONTINUOUS
10
171.496
20
-105.163
11
171.496
21
-103.867
0
LINE
8
BLACK
6
CONTINUOUS
10
171.496
20
-103.867
11
172.004
21
-103.867
0
LINE
8
BLACK
6
CONTINUOUS
10
172.004
20
-103.867
11
172.004
21
-105.163
0
LINE
8
BLACK
6
CONTINUOUS
10
112.199
20
-104.451
11
112.244
21
-104.481
0
LINE
8
BLACK
6
CONTINUOUS
10
112.244
20
-104.481
11
112.274
21
-104.526
0
LINE
8
BLACK
6
CONTINUOUS
10
112.274
20
-104.526
11
112.285
21
-104.58
0
LINE
8
BLACK
6
CONTINUOUS
10
112.285
20
-104.58
11
112.285
21
-104.86
0
LINE
8
BLACK
6
CONTINUOUS
10
112.285
20
-104.86
11
112.274
21
-104.914
0
LINE
8
BLACK
6
CONTINUOUS
10
112.274
20
-104.914
11
112.244
21
-104.959
0
LINE
8
BLACK
6
CONTINUOUS
10
112.244
20
-104.959
11
112.199
21
-104.989
0
LINE
8
BLACK
6
CONTINUOUS
10
112.199
20
-104.989
11
112.145
21
-105
0
LINE
8
BLACK
6
CONTINUOUS
10
112.145
20
-105
11
111.805
21
-105
0
LINE
8
BLACK
6
CONTINUOUS
10
111.805
20
-105
11
111.751
21
-104.989
0
LINE
8
BLACK
6
CONTINUOUS
10
111.751
20
-104.989
11
111.706
21
-104.959
0
LINE
8
BLACK
6
CONTINUOUS
10
111.706
20
-104.959
11
111.676
21
-104.914
0
LINE
8
BLACK
6
CONTINUOUS
10
111.676
20
-104.914
11
111.665
21
-104.86
0
LINE
8
BLACK
6
CONTINUOUS
10
111.665
20
-104.86
11
111.665
21
-104.58
0
LINE
8
BLACK
6
CONTINUOUS
10
111.665
20
-104.58
11
111.676
21
-104.526
0
LINE
8
BLACK
6
CONTINUOUS
10
111.676
20
-104.526
11
111.706
21
-104.481
0
LINE
8
BLACK
6
CONTINUOUS
10
111.706
20
-104.481
11
111.751
21
-104.451
0
LINE
8
BLACK
6
CONTINUOUS
10
111.751
20
-104.451
11
111.805
21
-104.44
0
LINE
8
BLACK
6
CONTINUOUS
10
111.805
20
-104.44
11
112.145
21
-104.44
0
LINE
8
BLACK
6
CONTINUOUS
10
112.145
20
-104.44
11
112.199
21
-104.451
0
LINE
8
BLACK
6
CONTINUOUS
10
133.565
20
-104.78
11
133.115
21
-104.78
0
LINE
8
BLACK
6
CONTINUOUS
10
133.115
20
-104.78
11
133.115
21
-104.08
0
LINE
8
BLACK
6
CONTINUOUS
10
133.115
20
-104.08
11
133.565
21
-104.08
0
LINE
8
BLACK
6
CONTINUOUS
10
133.565
20
-104.08
11
133.565
21
-104.78
0
LINE
8
BLACK
6
CONTINUOUS
10
181.627
20
-103.942
11
181.691
21
-103.986
0
LINE
8
BLACK
6
CONTINUOUS
10
181.691
20
-103.986
11
181.735
21
-104.05
0
LINE
8
BLACK
6
CONTINUOUS
10
181.735
20
-104.05
11
181.75
21
-104.127
0
LINE
8
BLACK
6
CONTINUOUS
10
181.75
20
-104.127
11
181.75
21
-104.527
0
LINE
8
BLACK
6
CONTINUOUS
10
181.75
20
-104.527
11
181.735
21
-104.604
0
LINE
8
BLACK
6
CONTINUOUS
10
181.735
20
-104.604
11
181.691
21
-104.668
0
LINE
8
BLACK
6
CONTINUOUS
10
181.691
20
-104.668
11
181.627
21
-104.712
0
LINE
8
BLACK
6
CONTINUOUS
10
181.627
20
-104.712
11
181.55
21
-104.727
0
LINE
8
BLACK
6
CONTINUOUS
10
181.55
20
-104.727
11
181
21
-104.727
0
LINE
8
BLACK
6
CONTINUOUS
10
181
20
-104.727
11
180.923
21
-104.712
0
LINE
8
BLACK
6
CONTINUOUS
10
180.923
20
-104.712
11
180.859
21
-104.668
0
LINE
8
BLACK
6
CONTINUOUS
10
180.859
20
-104.668
11
180.815
21
-104.604
0
LINE
8
BLACK
6
CONTINUOUS
10
180.815
20
-104.604
11
180.8
21
-104.527
0
LINE
8
BLACK
6
CONTINUOUS
10
180.8
20
-104.527
11
180.8
21
-104.127
0
LINE
8
BLACK
6
CONTINUOUS
10
180.8
20
-104.127
11
180.815
21
-104.05
0
LINE
8
BLACK
6
CONTINUOUS
10
180.815
20
-104.05
11
180.859
21
-103.986
0
LINE
8
BLACK
6
CONTINUOUS
10
180.859
20
-103.986
11
180.923
21
-103.942
0
LINE
8
BLACK
6
CONTINUOUS
10
180.923
20
-103.942
11
181
21
-103.927
0
LINE
8
BLACK
6
CONTINUOUS
10
181
20
-103.927
11
181.55
21
-103.927
0
LINE
8
BLACK
6
CONTINUOUS
10
181.55
20
-103.927
11
181.627
21
-103.942
0
LINE
8
BLACK
6
CONTINUOUS
10
183.202
20
-103.942
11
183.266
21
-103.986
0
LINE
8
BLACK
6
CONTINUOUS
10
183.266
20
-103.986
11
183.31
21
-104.05
0
LINE
8
BLACK
6
CONTINUOUS
10
183.31
20
-104.05
11
183.325
21
-104.127
0
LINE
8
BLACK
6
CONTINUOUS
10
183.325
20
-104.127
11
183.325
21
-104.527
0
LINE
8
BLACK
6
CONTINUOUS
10
183.325
20
-104.527
11
183.31
21
-104.604
0
LINE
8
BLACK
6
CONTINUOUS
10
183.31
20
-104.604
11
183.266
21
-104.668
0
LINE
8
BLACK
6
CONTINUOUS
10
183.266
20
-104.668
11
183.202
21
-104.712
0
LINE
8
BLACK
6
CONTINUOUS
10
183.202
20
-104.712
11
183.125
21
-104.727
0
LINE
8
BLACK
6
CONTINUOUS
10
183.125
20
-104.727
11
182.575
21
-104.727
0
LINE
8
BLACK
6
CONTINUOUS
10
182.575
20
-104.727
11
182.498
21
-104.712
0
LINE
8
BLACK
6
CONTINUOUS
10
182.498
20
-104.712
11
182.434
21
-104.668
0
LINE
8
BLACK
6
CONTINUOUS
10
182.434
20
-104.668
11
182.39
21
-104.604
0
LINE
8
BLACK
6
CONTINUOUS
10
182.39
20
-104.604
11
182.375
21
-104.527
0
LINE
8
BLACK
6
CONTINUOUS
10
182.375
20
-104.527
11
182.375
21
-104.127
0
LINE
8
BLACK
6
CONTINUOUS
10
182.375
20
-104.127
11
182.39
21
-104.05
0
LINE
8
BLACK
6
CONTINUOUS
10
182.39
20
-104.05
11
182.434
21
-103.986
0
LINE
8
BLACK
6
CONTINUOUS
10
182.434
20
-103.986
11
182.498
21
-103.942
0
LINE
8
BLACK
6
CONTINUOUS
10
182.498
20
-103.942
11
182.575
21
-103.927
0
LINE
8
BLACK
6
CONTINUOUS
10
182.575
20
-103.927
11
183.125
21
-103.927
0
LINE
8
BLACK
6
CONTINUOUS
10
183.125
20
-103.927
11
183.202
21
-103.942
0
LINE
8
BLACK
6
CONTINUOUS
10
126.675
20
-104.66
11
126.225
21
-104.66
0
LINE
8
BLACK
6
CONTINUOUS
10
126.225
20
-104.66
11
126.225
21
-103.96
0
LINE
8
BLACK
6
CONTINUOUS
10
126.225
20
-103.96
11
126.675
21
-103.96
0
LINE
8
BLACK
6
CONTINUOUS
10
126.675
20
-103.96
11
126.675
21
-104.66
0
LINE
8
BLACK
6
CONTINUOUS
10
180.095
20
-103.911
11
180.144
21
-103.944
0
LINE
8
BLACK
6
CONTINUOUS
10
180.144
20
-103.944
11
180.176
21
-103.993
0
LINE
8
BLACK
6
CONTINUOUS
10
180.176
20
-103.993
11
180.188
21
-104.05
0
LINE
8
BLACK
6
CONTINUOUS
10
180.188
20
-104.05
11
180.188
21
-104.35
0
LINE
8
BLACK
6
CONTINUOUS
10
180.188
20
-104.35
11
180.176
21
-104.407
0
LINE
8
BLACK
6
CONTINUOUS
10
180.176
20
-104.407
11
180.144
21
-104.456
0
LINE
8
BLACK
6
CONTINUOUS
10
180.144
20
-104.456
11
180.095
21
-104.489
0
LINE
8
BLACK
6
CONTINUOUS
10
180.095
20
-104.489
11
180.037
21
-104.5
0
LINE
8
BLACK
6
CONTINUOUS
10
180.037
20
-104.5
11
178.862
21
-104.5
0
LINE
8
BLACK
6
CONTINUOUS
10
178.862
20
-104.5
11
178.805
21
-104.489
0
LINE
8
BLACK
6
CONTINUOUS
10
178.805
20
-104.489
11
178.756
21
-104.456
0
LINE
8
BLACK
6
CONTINUOUS
10
178.756
20
-104.456
11
178.724
21
-104.407
0
LINE
8
BLACK
6
CONTINUOUS
10
178.724
20
-104.407
11
178.713
21
-104.35
0
LINE
8
BLACK
6
CONTINUOUS
10
178.713
20
-104.35
11
178.713
21
-104.05
0
LINE
8
BLACK
6
CONTINUOUS
10
178.713
20
-104.05
11
178.724
21
-103.993
0
LINE
8
BLACK
6
CONTINUOUS
10
178.724
20
-103.993
11
178.756
21
-103.944
0
LINE
8
BLACK
6
CONTINUOUS
10
178.756
20
-103.944
11
178.805
21
-103.911
0
LINE
8
BLACK
6
CONTINUOUS
10
178.805
20
-103.911
11
178.862
21
-103.9
0
LINE
8
BLACK
6
CONTINUOUS
10
178.862
20
-103.9
11
180.037
21
-103.9
0
LINE
8
BLACK
6
CONTINUOUS
10
180.037
20
-103.9
11
180.095
21
-103.911
0
LINE
8
BLACK
6
CONTINUOUS
10
150.295
20
-103.861
11
150.344
21
-103.894
0
LINE
8
BLACK
6
CONTINUOUS
10
150.344
20
-103.894
11
150.376
21
-103.943
0
LINE
8
BLACK
6
CONTINUOUS
10
150.376
20
-103.943
11
150.387
21
-104
0
LINE
8
BLACK
6
CONTINUOUS
10
150.387
20
-104
11
150.387
21
-104.3
0
LINE
8
BLACK
6
CONTINUOUS
10
150.387
20
-104.3
11
150.376
21
-104.357
0
LINE
8
BLACK
6
CONTINUOUS
10
150.376
20
-104.357
11
150.344
21
-104.406
0
LINE
8
BLACK
6
CONTINUOUS
10
150.344
20
-104.406
11
150.295
21
-104.439
0
LINE
8
BLACK
6
CONTINUOUS
10
150.295
20
-104.439
11
150.237
21
-104.45
0
LINE
8
BLACK
6
CONTINUOUS
10
150.237
20
-104.45
11
149.062
21
-104.45
0
LINE
8
BLACK
6
CONTINUOUS
10
149.062
20
-104.45
11
149.005
21
-104.439
0
LINE
8
BLACK
6
CONTINUOUS
10
149.005
20
-104.439
11
148.956
21
-104.406
0
LINE
8
BLACK
6
CONTINUOUS
10
148.956
20
-104.406
11
148.924
21
-104.357
0
LINE
8
BLACK
6
CONTINUOUS
10
148.924
20
-104.357
11
148.912
21
-104.3
0
LINE
8
BLACK
6
CONTINUOUS
10
148.912
20
-104.3
11
148.912
21
-104
0
LINE
8
BLACK
6
CONTINUOUS
10
148.912
20
-104
11
148.924
21
-103.943
0
LINE
8
BLACK
6
CONTINUOUS
10
148.924
20
-103.943
11
148.956
21
-103.894
0
LINE
8
BLACK
6
CONTINUOUS
10
148.956
20
-103.894
11
149.005
21
-103.861
0
LINE
8
BLACK
6
CONTINUOUS
10
149.005
20
-103.861
11
149.062
21
-103.85
0
LINE
8
BLACK
6
CONTINUOUS
10
149.062
20
-103.85
11
150.237
21
-103.85
0
LINE
8
BLACK
6
CONTINUOUS
10
150.237
20
-103.85
11
150.295
21
-103.861
0
LINE
8
BLACK
6
CONTINUOUS
10
129.964
20
-103.731
11
130.009
21
-103.761
0
LINE
8
BLACK
6
CONTINUOUS
10
130.009
20
-103.761
11
130.039
21
-103.806
0
LINE
8
BLACK
6
CONTINUOUS
10
130.039
20
-103.806
11
130.05
21
-103.86
0
LINE
8
BLACK
6
CONTINUOUS
10
130.05
20
-103.86
11
130.05
21
-104.2
0
LINE
8
BLACK
6
CONTINUOUS
10
130.05
20
-104.2
11
130.039
21
-104.254
0
LINE
8
BLACK
6
CONTINUOUS
10
130.039
20
-104.254
11
130.009
21
-104.299
0
LINE
8
BLACK
6
CONTINUOUS
10
130.009
20
-104.299
11
129.964
21
-104.329
0
LINE
8
BLACK
6
CONTINUOUS
10
129.964
20
-104.329
11
129.91
21
-104.34
0
LINE
8
BLACK
6
CONTINUOUS
10
129.91
20
-104.34
11
129.63
21
-104.34
0
LINE
8
BLACK
6
CONTINUOUS
10
129.63
20
-104.34
11
129.576
21
-104.329
0
LINE
8
BLACK
6
CONTINUOUS
10
129.576
20
-104.329
11
129.531
21
-104.299
0
LINE
8
BLACK
6
CONTINUOUS
10
129.531
20
-104.299
11
129.501
21
-104.254
0
LINE
8
BLACK
6
CONTINUOUS
10
129.501
20
-104.254
11
129.49
21
-104.2
0
LINE
8
BLACK
6
CONTINUOUS
10
129.49
20
-104.2
11
129.49
21
-103.86
0
LINE
8
BLACK
6
CONTINUOUS
10
129.49
20
-103.86
11
129.501
21
-103.806
0
LINE
8
BLACK
6
CONTINUOUS
10
129.501
20
-103.806
11
129.531
21
-103.761
0
LINE
8
BLACK
6
CONTINUOUS
10
129.531
20
-103.761
11
129.576
21
-103.731
0
LINE
8
BLACK
6
CONTINUOUS
10
129.576
20
-103.731
11
129.63
21
-103.72
0
LINE
8
BLACK
6
CONTINUOUS
10
129.63
20
-103.72
11
129.91
21
-103.72
0
LINE
8
BLACK
6
CONTINUOUS
10
129.91
20
-103.72
11
129.964
21
-103.731
0
LINE
8
BLACK
6
CONTINUOUS
10
130.924
20
-103.731
11
130.969
21
-103.761
0
LINE
8
BLACK
6
CONTINUOUS
10
130.969
20
-103.761
11
130.999
21
-103.806
0
LINE
8
BLACK
6
CONTINUOUS
10
130.999
20
-103.806
11
131.01
21
-103.86
0
LINE
8
BLACK
6
CONTINUOUS
10
131.01
20
-103.86
11
131.01
21
-104.2
0
LINE
8
BLACK
6
CONTINUOUS
10
131.01
20
-104.2
11
130.999
21
-104.254
0
LINE
8
BLACK
6
CONTINUOUS
10
130.999
20
-104.254
11
130.969
21
-104.299
0
LINE
8
BLACK
6
CONTINUOUS
10
130.969
20
-104.299
11
130.924
21
-104.329
0
LINE
8
BLACK
6
CONTINUOUS
10
130.924
20
-104.329
11
130.87
21
-104.34
0
LINE
8
BLACK
6
CONTINUOUS
10
130.87
20
-104.34
11
130.59
21
-104.34
0
LINE
8
BLACK
6
CONTINUOUS
10
130.59
20
-104.34
11
130.536
21
-104.329
0
LINE
8
BLACK
6
CONTINUOUS
10
130.536
20
-104.329
11
130.491
21
-104.299
0
LINE
8
BLACK
6
CONTINUOUS
10
130.491
20
-104.299
11
130.461
21
-104.254
0
LINE
8
BLACK
6
CONTINUOUS
10
130.461
20
-104.254
11
130.45
21
-104.2
0
LINE
8
BLACK
6
CONTINUOUS
10
130.45
20
-104.2
11
130.45
21
-103.86
0
LINE
8
BLACK
6
CONTINUOUS
10
130.45
20
-103.86
11
130.461
21
-103.806
0
LINE
8
BLACK
6
CONTINUOUS
10
130.461
20
-103.806
11
130.491
21
-103.761
0
LINE
8
BLACK
6
CONTINUOUS
10
130.491
20
-103.761
11
130.536
21
-103.731
0
LINE
8
BLACK
6
CONTINUOUS
10
130.536
20
-103.731
11
130.59
21
-103.72
0
LINE
8
BLACK
6
CONTINUOUS
10
130.59
20
-103.72
11
130.87
21
-103.72
0
LINE
8
BLACK
6
CONTINUOUS
10
130.87
20
-103.72
11
130.924
21
-103.731
0
LINE
8
BLACK
6
CONTINUOUS
10
112.237
20
-103.4
11
112.28
21
-103.43
0
LINE
8
BLACK
6
CONTINUOUS
10
112.28
20
-103.43
11
112.31
21
-103.473
0
LINE
8
BLACK
6
CONTINUOUS
10
112.31
20
-103.473
11
112.32
21
-103.525
0
LINE
8
BLACK
6
CONTINUOUS
10
112.32
20
-103.525
11
112.32
21
-103.795
0
LINE
8
BLACK
6
CONTINUOUS
10
112.32
20
-103.795
11
112.31
21
-103.847
0
LINE
8
BLACK
6
CONTINUOUS
10
112.31
20
-103.847
11
112.28
21
-103.89
0
LINE
8
BLACK
6
CONTINUOUS
10
112.28
20
-103.89
11
112.237
21
-103.92
0
LINE
8
BLACK
6
CONTINUOUS
10
112.237
20
-103.92
11
112.185
21
-103.93
0
LINE
8
BLACK
6
CONTINUOUS
10
112.185
20
-103.93
11
111.815
21
-103.93
0
LINE
8
BLACK
6
CONTINUOUS
10
111.815
20
-103.93
11
111.763
21
-103.92
0
LINE
8
BLACK
6
CONTINUOUS
10
111.763
20
-103.92
11
111.72
21
-103.89
0
LINE
8
BLACK
6
CONTINUOUS
10
111.72
20
-103.89
11
111.69
21
-103.847
0
LINE
8
BLACK
6
CONTINUOUS
10
111.69
20
-103.847
11
111.68
21
-103.795
0
LINE
8
BLACK
6
CONTINUOUS
10
111.68
20
-103.795
11
111.68
21
-103.525
0
LINE
8
BLACK
6
CONTINUOUS
10
111.68
20
-103.525
11
111.69
21
-103.473
0
LINE
8
BLACK
6
CONTINUOUS
10
111.69
20
-103.473
11
111.72
21
-103.43
0
LINE
8
BLACK
6
CONTINUOUS
10
111.72
20
-103.43
11
111.763
21
-103.4
0
LINE
8
BLACK
6
CONTINUOUS
10
111.763
20
-103.4
11
111.815
21
-103.39
0
LINE
8
BLACK
6
CONTINUOUS
10
111.815
20
-103.39
11
112.185
21
-103.39
0
LINE
8
BLACK
6
CONTINUOUS
10
112.185
20
-103.39
11
112.237
21
-103.4
0
LINE
8
BLACK
6
CONTINUOUS
10
146.127
20
-102.965
11
146.191
21
-103.009
0
LINE
8
BLACK
6
CONTINUOUS
10
146.191
20
-103.009
11
146.235
21
-103.073
0
LINE
8
BLACK
6
CONTINUOUS
10
146.235
20
-103.073
11
146.25
21
-103.15
0
LINE
8
BLACK
6
CONTINUOUS
10
146.25
20
-103.15
11
146.25
21
-103.55
0
LINE
8
BLACK
6
CONTINUOUS
10
146.25
20
-103.55
11
146.235
21
-103.627
0
LINE
8
BLACK
6
CONTINUOUS
10
146.235
20
-103.627
11
146.191
21
-103.691
0
LINE
8
BLACK
6
CONTINUOUS
10
146.191
20
-103.691
11
146.127
21
-103.735
0
LINE
8
BLACK
6
CONTINUOUS
10
146.127
20
-103.735
11
146.05
21
-103.75
0
LINE
8
BLACK
6
CONTINUOUS
10
146.05
20
-103.75
11
145.5
21
-103.75
0
LINE
8
BLACK
6
CONTINUOUS
10
145.5
20
-103.75
11
145.423
21
-103.735
0
LINE
8
BLACK
6
CONTINUOUS
10
145.423
20
-103.735
11
145.359
21
-103.691
0
LINE
8
BLACK
6
CONTINUOUS
10
145.359
20
-103.691
11
145.315
21
-103.627
0
LINE
8
BLACK
6
CONTINUOUS
10
145.315
20
-103.627
11
145.3
21
-103.55
0
LINE
8
BLACK
6
CONTINUOUS
10
145.3
20
-103.55
11
145.3
21
-103.15
0
LINE
8
BLACK
6
CONTINUOUS
10
145.3
20
-103.15
11
145.315
21
-103.073
0
LINE
8
BLACK
6
CONTINUOUS
10
145.315
20
-103.073
11
145.359
21
-103.009
0
LINE
8
BLACK
6
CONTINUOUS
10
145.359
20
-103.009
11
145.423
21
-102.965
0
LINE
8
BLACK
6
CONTINUOUS
10
145.423
20
-102.965
11
145.5
21
-102.95
0
LINE
8
BLACK
6
CONTINUOUS
10
145.5
20
-102.95
11
146.05
21
-102.95
0
LINE
8
BLACK
6
CONTINUOUS
10
146.05
20
-102.95
11
146.127
21
-102.965
0
LINE
8
BLACK
6
CONTINUOUS
10
115.238
20
-102.987
11
115.244
21
-102.991
0
LINE
8
BLACK
6
CONTINUOUS
10
115.244
20
-102.991
11
115.248
21
-102.997
0
LINE
8
BLACK
6
CONTINUOUS
10
115.248
20
-102.997
11
115.25
21
-103.005
0
LINE
8
BLACK
6
CONTINUOUS
10
115.25
20
-103.005
11
115.25
21
-103.715
0
LINE
8
BLACK
6
CONTINUOUS
10
115.25
20
-103.715
11
115.248
21
-103.723
0
LINE
8
BLACK
6
CONTINUOUS
10
115.248
20
-103.723
11
115.244
21
-103.729
0
LINE
8
BLACK
6
CONTINUOUS
10
115.244
20
-103.729
11
115.238
21
-103.733
0
LINE
8
BLACK
6
CONTINUOUS
10
115.238
20
-103.733
11
115.23
21
-103.735
0
LINE
8
BLACK
6
CONTINUOUS
10
115.23
20
-103.735
11
114.87
21
-103.735
0
LINE
8
BLACK
6
CONTINUOUS
10
114.87
20
-103.735
11
114.862
21
-103.733
0
LINE
8
BLACK
6
CONTINUOUS
10
114.862
20
-103.733
11
114.856
21
-103.729
0
LINE
8
BLACK
6
CONTINUOUS
10
114.856
20
-103.729
11
114.852
21
-103.723
0
LINE
8
BLACK
6
CONTINUOUS
10
114.852
20
-103.723
11
114.85
21
-103.715
0
LINE
8
BLACK
6
CONTINUOUS
10
114.85
20
-103.715
11
114.85
21
-103.005
0
LINE
8
BLACK
6
CONTINUOUS
10
114.85
20
-103.005
11
114.852
21
-102.997
0
LINE
8
BLACK
6
CONTINUOUS
10
114.852
20
-102.997
11
114.856
21
-102.991
0
LINE
8
BLACK
6
CONTINUOUS
10
114.856
20
-102.991
11
114.862
21
-102.987
0
LINE
8
BLACK
6
CONTINUOUS
10
114.862
20
-102.987
11
114.87
21
-102.985
0
LINE
8
BLACK
6
CONTINUOUS
10
114.87
20
-102.985
11
115.23
21
-102.985
0
LINE
8
BLACK
6
CONTINUOUS
10
115.23
20
-102.985
11
115.238
21
-102.987
0
LINE
8
BLACK
6
CONTINUOUS
10
116.088
20
-102.987
11
116.094
21
-102.991
0
LINE
8
BLACK
6
CONTINUOUS
10
116.094
20
-102.991
11
116.098
21
-102.997
0
LINE
8
BLACK
6
CONTINUOUS
10
116.098
20
-102.997
11
116.1
21
-103.005
0
LINE
8
BLACK
6
CONTINUOUS
10
116.1
20
-103.005
11
116.1
21
-103.715
0
LINE
8
BLACK
6
CONTINUOUS
10
116.1
20
-103.715
11
116.098
21
-103.723
0
LINE
8
BLACK
6
CONTINUOUS
10
116.098
20
-103.723
11
116.094
21
-103.729
0
LINE
8
BLACK
6
CONTINUOUS
10
116.094
20
-103.729
11
116.088
21
-103.733
0
LINE
8
BLACK
6
CONTINUOUS
10
116.088
20
-103.733
11
116.08
21
-103.735
0
LINE
8
BLACK
6
CONTINUOUS
10
116.08
20
-103.735
11
115.72
21
-103.735
0
LINE
8
BLACK
6
CONTINUOUS
10
115.72
20
-103.735
11
115.712
21
-103.733
0
LINE
8
BLACK
6
CONTINUOUS
10
115.712
20
-103.733
11
115.706
21
-103.729
0
LINE
8
BLACK
6
CONTINUOUS
10
115.706
20
-103.729
11
115.702
21
-103.723
0
LINE
8
BLACK
6
CONTINUOUS
10
115.702
20
-103.723
11
115.7
21
-103.715
0
LINE
8
BLACK
6
CONTINUOUS
10
115.7
20
-103.715
11
115.7
21
-103.005
0
LINE
8
BLACK
6
CONTINUOUS
10
115.7
20
-103.005
11
115.702
21
-102.997
0
LINE
8
BLACK
6
CONTINUOUS
10
115.702
20
-102.997
11
115.706
21
-102.991
0
LINE
8
BLACK
6
CONTINUOUS
10
115.706
20
-102.991
11
115.712
21
-102.987
0
LINE
8
BLACK
6
CONTINUOUS
10
115.712
20
-102.987
11
115.72
21
-102.985
0
LINE
8
BLACK
6
CONTINUOUS
10
115.72
20
-102.985
11
116.08
21
-102.985
0
LINE
8
BLACK
6
CONTINUOUS
10
116.08
20
-102.985
11
116.088
21
-102.987
0
LINE
8
BLACK
6
CONTINUOUS
10
120.438
20
-102.972
11
120.444
21
-102.976
0
LINE
8
BLACK
6
CONTINUOUS
10
120.444
20
-102.976
11
120.448
21
-102.982
0
LINE
8
BLACK
6
CONTINUOUS
10
120.448
20
-102.982
11
120.45
21
-102.99
0
LINE
8
BLACK
6
CONTINUOUS
10
120.45
20
-102.99
11
120.45
21
-103.7
0
LINE
8
BLACK
6
CONTINUOUS
10
120.45
20
-103.7
11
120.448
21
-103.708
0
LINE
8
BLACK
6
CONTINUOUS
10
120.448
20
-103.708
11
120.444
21
-103.714
0
LINE
8
BLACK
6
CONTINUOUS
10
120.444
20
-103.714
11
120.438
21
-103.718
0
LINE
8
BLACK
6
CONTINUOUS
10
120.438
20
-103.718
11
120.43
21
-103.72
0
LINE
8
BLACK
6
CONTINUOUS
10
120.43
20
-103.72
11
120.07
21
-103.72
0
LINE
8
BLACK
6
CONTINUOUS
10
120.07
20
-103.72
11
120.062
21
-103.718
0
LINE
8
BLACK
6
CONTINUOUS
10
120.062
20
-103.718
11
120.056
21
-103.714
0
LINE
8
BLACK
6
CONTINUOUS
10
120.056
20
-103.714
11
120.052
21
-103.708
0
LINE
8
BLACK
6
CONTINUOUS
10
120.052
20
-103.708
11
120.05
21
-103.7
0
LINE
8
BLACK
6
CONTINUOUS
10
120.05
20
-103.7
11
120.05
21
-102.99
0
LINE
8
BLACK
6
CONTINUOUS
10
120.05
20
-102.99
11
120.052
21
-102.982
0
LINE
8
BLACK
6
CONTINUOUS
10
120.052
20
-102.982
11
120.056
21
-102.976
0
LINE
8
BLACK
6
CONTINUOUS
10
120.056
20
-102.976
11
120.062
21
-102.972
0
LINE
8
BLACK
6
CONTINUOUS
10
120.062
20
-102.972
11
120.07
21
-102.97
0
LINE
8
BLACK
6
CONTINUOUS
10
120.07
20
-102.97
11
120.43
21
-102.97
0
LINE
8
BLACK
6
CONTINUOUS
10
120.43
20
-102.97
11
120.438
21
-102.972
0
LINE
8
BLACK
6
CONTINUOUS
10
121.288
20
-102.972
11
121.294
21
-102.976
0
LINE
8
BLACK
6
CONTINUOUS
10
121.294
20
-102.976
11
121.298
21
-102.982
0
LINE
8
BLACK
6
CONTINUOUS
10
121.298
20
-102.982
11
121.3
21
-102.99
0
LINE
8
BLACK
6
CONTINUOUS
10
121.3
20
-102.99
11
121.3
21
-103.7
0
LINE
8
BLACK
6
CONTINUOUS
10
121.3
20
-103.7
11
121.298
21
-103.708
0
LINE
8
BLACK
6
CONTINUOUS
10
121.298
20
-103.708
11
121.294
21
-103.714
0
LINE
8
BLACK
6
CONTINUOUS
10
121.294
20
-103.714
11
121.288
21
-103.718
0
LINE
8
BLACK
6
CONTINUOUS
10
121.288
20
-103.718
11
121.28
21
-103.72
0
LINE
8
BLACK
6
CONTINUOUS
10
121.28
20
-103.72
11
120.92
21
-103.72
0
LINE
8
BLACK
6
CONTINUOUS
10
120.92
20
-103.72
11
120.912
21
-103.718
0
LINE
8
BLACK
6
CONTINUOUS
10
120.912
20
-103.718
11
120.906
21
-103.714
0
LINE
8
BLACK
6
CONTINUOUS
10
120.906
20
-103.714
11
120.902
21
-103.708
0
LINE
8
BLACK
6
CONTINUOUS
10
120.902
20
-103.708
11
120.9
21
-103.7
0
LINE
8
BLACK
6
CONTINUOUS
10
120.9
20
-103.7
11
120.9
21
-102.99
0
LINE
8
BLACK
6
CONTINUOUS
10
120.9
20
-102.99
11
120.902
21
-102.982
0
LINE
8
BLACK
6
CONTINUOUS
10
120.902
20
-102.982
11
120.906
21
-102.976
0
LINE
8
BLACK
6
CONTINUOUS
10
120.906
20
-102.976
11
120.912
21
-102.972
0
LINE
8
BLACK
6
CONTINUOUS
10
120.912
20
-102.972
11
120.92
21
-102.97
0
LINE
8
BLACK
6
CONTINUOUS
10
120.92
20
-102.97
11
121.28
21
-102.97
0
LINE
8
BLACK
6
CONTINUOUS
10
121.28
20
-102.97
11
121.288
21
-102.972
0
LINE
8
BLACK
6
CONTINUOUS
10
148.42
20
-102.911
11
148.469
21
-102.944
0
LINE
8
BLACK
6
CONTINUOUS
10
148.469
20
-102.944
11
148.501
21
-102.993
0
LINE
8
BLACK
6
CONTINUOUS
10
148.501
20
-102.993
11
148.512
21
-103.05
0
LINE
8
BLACK
6
CONTINUOUS
10
148.512
20
-103.05
11
148.512
21
-103.35
0
LINE
8
BLACK
6
CONTINUOUS
10
148.512
20
-103.35
11
148.501
21
-103.407
0
LINE
8
BLACK
6
CONTINUOUS
10
148.501
20
-103.407
11
148.469
21
-103.456
0
LINE
8
BLACK
6
CONTINUOUS
10
148.469
20
-103.456
11
148.42
21
-103.489
0
LINE
8
BLACK
6
CONTINUOUS
10
148.42
20
-103.489
11
148.362
21
-103.5
0
LINE
8
BLACK
6
CONTINUOUS
10
148.362
20
-103.5
11
147.188
21
-103.5
0
LINE
8
BLACK
6
CONTINUOUS
10
147.188
20
-103.5
11
147.13
21
-103.489
0
LINE
8
BLACK
6
CONTINUOUS
10
147.13
20
-103.489
11
147.081
21
-103.456
0
LINE
8
BLACK
6
CONTINUOUS
10
147.081
20
-103.456
11
147.049
21
-103.407
0
LINE
8
BLACK
6
CONTINUOUS
10
147.049
20
-103.407
11
147.037
21
-103.35
0
LINE
8
BLACK
6
CONTINUOUS
10
147.037
20
-103.35
11
147.037
21
-103.05
0
LINE
8
BLACK
6
CONTINUOUS
10
147.037
20
-103.05
11
147.049
21
-102.993
0
LINE
8
BLACK
6
CONTINUOUS
10
147.049
20
-102.993
11
147.081
21
-102.944
0
LINE
8
BLACK
6
CONTINUOUS
10
147.081
20
-102.944
11
147.13
21
-102.911
0
LINE
8
BLACK
6
CONTINUOUS
10
147.13
20
-102.911
11
147.188
21
-102.9
0
LINE
8
BLACK
6
CONTINUOUS
10
147.188
20
-102.9
11
148.362
21
-102.9
0
LINE
8
BLACK
6
CONTINUOUS
10
148.362
20
-102.9
11
148.42
21
-102.911
0
LINE
8
BLACK
6
CONTINUOUS
10
119.407
20
-102.76
11
119.45
21
-102.79
0
LINE
8
BLACK
6
CONTINUOUS
10
119.45
20
-102.79
11
119.48
21
-102.833
0
LINE
8
BLACK
6
CONTINUOUS
10
119.48
20
-102.833
11
119.49
21
-102.885
0
LINE
8
BLACK
6
CONTINUOUS
10
119.49
20
-102.885
11
119.49
21
-103.155
0
LINE
8
BLACK
6
CONTINUOUS
10
119.49
20
-103.155
11
119.48
21
-103.207
0
LINE
8
BLACK
6
CONTINUOUS
10
119.48
20
-103.207
11
119.45
21
-103.25
0
LINE
8
BLACK
6
CONTINUOUS
10
119.45
20
-103.25
11
119.407
21
-103.28
0
LINE
8
BLACK
6
CONTINUOUS
10
119.407
20
-103.28
11
119.355
21
-103.29
0
LINE
8
BLACK
6
CONTINUOUS
10
119.355
20
-103.29
11
118.985
21
-103.29
0
LINE
8
BLACK
6
CONTINUOUS
10
118.985
20
-103.29
11
118.933
21
-103.28
0
LINE
8
BLACK
6
CONTINUOUS
10
118.933
20
-103.28
11
118.89
21
-103.25
0
LINE
8
BLACK
6
CONTINUOUS
10
118.89
20
-103.25
11
118.86
21
-103.207
0
LINE
8
BLACK
6
CONTINUOUS
10
118.86
20
-103.207
11
118.85
21
-103.155
0
LINE
8
BLACK
6
CONTINUOUS
10
118.85
20
-103.155
11
118.85
21
-102.885
0
LINE
8
BLACK
6
CONTINUOUS
10
118.85
20
-102.885
11
118.86
21
-102.833
0
LINE
8
BLACK
6
CONTINUOUS
10
118.86
20
-102.833
11
118.89
21
-102.79
0
LINE
8
BLACK
6
CONTINUOUS
10
118.89
20
-102.79
11
118.933
21
-102.76
0
LINE
8
BLACK
6
CONTINUOUS
10
118.933
20
-102.76
11
118.985
21
-102.75
0
LINE
8
BLACK
6
CONTINUOUS
10
118.985
20
-102.75
11
119.355
21
-102.75
0
LINE
8
BLACK
6
CONTINUOUS
10
119.355
20
-102.75
11
119.407
21
-102.76
0
LINE
8
BLACK
6
CONTINUOUS
10
114.237
20
-102.75
11
114.28
21
-102.78
0
LINE
8
BLACK
6
CONTINUOUS
10
114.28
20
-102.78
11
114.31
21
-102.823
0
LINE
8
BLACK
6
CONTINUOUS
10
114.31
20
-102.823
11
114.32
21
-102.875
0
LINE
8
BLACK
6
CONTINUOUS
10
114.32
20
-102.875
11
114.32
21
-103.145
0
LINE
8
BLACK
6
CONTINUOUS
10
114.32
20
-103.145
11
114.31
21
-103.197
0
LINE
8
BLACK
6
CONTINUOUS
10
114.31
20
-103.197
11
114.28
21
-103.24
0
LINE
8
BLACK
6
CONTINUOUS
10
114.28
20
-103.24
11
114.237
21
-103.27
0
LINE
8
BLACK
6
CONTINUOUS
10
114.237
20
-103.27
11
114.185
21
-103.28
0
LINE
8
BLACK
6
CONTINUOUS
10
114.185
20
-103.28
11
113.815
21
-103.28
0
LINE
8
BLACK
6
CONTINUOUS
10
113.815
20
-103.28
11
113.763
21
-103.27
0
LINE
8
BLACK
6
CONTINUOUS
10
113.763
20
-103.27
11
113.72
21
-103.24
0
LINE
8
BLACK
6
CONTINUOUS
10
113.72
20
-103.24
11
113.69
21
-103.197
0
LINE
8
BLACK
6
CONTINUOUS
10
113.69
20
-103.197
11
113.68
21
-103.145
0
LINE
8
BLACK
6
CONTINUOUS
10
113.68
20
-103.145
11
113.68
21
-102.875
0
LINE
8
BLACK
6
CONTINUOUS
10
113.68
20
-102.875
11
113.69
21
-102.823
0
LINE
8
BLACK
6
CONTINUOUS
10
113.69
20
-102.823
11
113.72
21
-102.78
0
LINE
8
BLACK
6
CONTINUOUS
10
113.72
20
-102.78
11
113.763
21
-102.75
0
LINE
8
BLACK
6
CONTINUOUS
10
113.763
20
-102.75
11
113.815
21
-102.74
0
LINE
8
BLACK
6
CONTINUOUS
10
113.815
20
-102.74
11
114.185
21
-102.74
0
LINE
8
BLACK
6
CONTINUOUS
10
114.185
20
-102.74
11
114.237
21
-102.75
0
LINE
8
BLACK
6
CONTINUOUS
10
117.237
20
-102.75
11
117.28
21
-102.78
0
LINE
8
BLACK
6
CONTINUOUS
10
117.28
20
-102.78
11
117.31
21
-102.823
0
LINE
8
BLACK
6
CONTINUOUS
10
117.31
20
-102.823
11
117.32
21
-102.875
0
LINE
8
BLACK
6
CONTINUOUS
10
117.32
20
-102.875
11
117.32
21
-103.145
0
LINE
8
BLACK
6
CONTINUOUS
10
117.32
20
-103.145
11
117.31
21
-103.197
0
LINE
8
BLACK
6
CONTINUOUS
10
117.31
20
-103.197
11
117.28
21
-103.24
0
LINE
8
BLACK
6
CONTINUOUS
10
117.28
20
-103.24
11
117.237
21
-103.27
0
LINE
8
BLACK
6
CONTINUOUS
10
117.237
20
-103.27
11
117.185
21
-103.28
0
LINE
8
BLACK
6
CONTINUOUS
10
117.185
20
-103.28
11
116.815
21
-103.28
0
LINE
8
BLACK
6
CONTINUOUS
10
116.815
20
-103.28
11
116.763
21
-103.27
0
LINE
8
BLACK
6
CONTINUOUS
10
116.763
20
-103.27
11
116.72
21
-103.24
0
LINE
8
BLACK
6
CONTINUOUS
10
116.72
20
-103.24
11
116.69
21
-103.197
0
LINE
8
BLACK
6
CONTINUOUS
10
116.69
20
-103.197
11
116.68
21
-103.145
0
LINE
8
BLACK
6
CONTINUOUS
10
116.68
20
-103.145
11
116.68
21
-102.875
0
LINE
8
BLACK
6
CONTINUOUS
10
116.68
20
-102.875
11
116.69
21
-102.823
0
LINE
8
BLACK
6
CONTINUOUS
10
116.69
20
-102.823
11
116.72
21
-102.78
0
LINE
8
BLACK
6
CONTINUOUS
10
116.72
20
-102.78
11
116.763
21
-102.75
0
LINE
8
BLACK
6
CONTINUOUS
10
116.763
20
-102.75
11
116.815
21
-102.74
0
LINE
8
BLACK
6
CONTINUOUS
10
116.815
20
-102.74
11
117.185
21
-102.74
0
LINE
8
BLACK
6
CONTINUOUS
10
117.185
20
-102.74
11
117.237
21
-102.75
0
LINE
8
BLACK
6
CONTINUOUS
10
122.457
20
-102.7
11
122.5
21
-102.73
0
LINE
8
BLACK
6
CONTINUOUS
10
122.5
20
-102.73
11
122.53
21
-102.773
0
LINE
8
BLACK
6
CONTINUOUS
10
122.53
20
-102.773
11
122.54
21
-102.825
0
LINE
8
BLACK
6
CONTINUOUS
10
122.54
20
-102.825
11
122.54
21
-103.095
0
LINE
8
BLACK
6
CONTINUOUS
10
122.54
20
-103.095
11
122.53
21
-103.147
0
LINE
8
BLACK
6
CONTINUOUS
10
122.53
20
-103.147
11
122.5
21
-103.19
0
LINE
8
BLACK
6
CONTINUOUS
10
122.5
20
-103.19
11
122.457
21
-103.22
0
LINE
8
BLACK
6
CONTINUOUS
10
122.457
20
-103.22
11
122.405
21
-103.23
0
LINE
8
BLACK
6
CONTINUOUS
10
122.405
20
-103.23
11
122.035
21
-103.23
0
LINE
8
BLACK
6
CONTINUOUS
10
122.035
20
-103.23
11
121.983
21
-103.22
0
LINE
8
BLACK
6
CONTINUOUS
10
121.983
20
-103.22
11
121.94
21
-103.19
0
LINE
8
BLACK
6
CONTINUOUS
10
121.94
20
-103.19
11
121.91
21
-103.147
0
LINE
8
BLACK
6
CONTINUOUS
10
121.91
20
-103.147
11
121.9
21
-103.095
0
LINE
8
BLACK
6
CONTINUOUS
10
121.9
20
-103.095
11
121.9
21
-102.825
0
LINE
8
BLACK
6
CONTINUOUS
10
121.9
20
-102.825
11
121.91
21
-102.773
0
LINE
8
BLACK
6
CONTINUOUS
10
121.91
20
-102.773
11
121.94
21
-102.73
0
LINE
8
BLACK
6
CONTINUOUS
10
121.94
20
-102.73
11
121.983
21
-102.7
0
LINE
8
BLACK
6
CONTINUOUS
10
121.983
20
-102.7
11
122.035
21
-102.69
0
LINE
8
BLACK
6
CONTINUOUS
10
122.035
20
-102.69
11
122.405
21
-102.69
0
LINE
8
BLACK
6
CONTINUOUS
10
122.405
20
-102.69
11
122.457
21
-102.7
0
LINE
8
BLACK
6
CONTINUOUS
10
130.1
20
-103.2
11
129.3
21
-103.2
0
LINE
8
BLACK
6
CONTINUOUS
10
129.3
20
-103.2
11
129.3
21
-102.3
0
LINE
8
BLACK
6
CONTINUOUS
10
129.3
20
-102.3
11
130.1
21
-102.3
0
LINE
8
BLACK
6
CONTINUOUS
10
130.1
20
-102.3
11
130.1
21
-103.2
0
LINE
8
BLACK
6
CONTINUOUS
10
131.2
20
-103.2
11
130.4
21
-103.2
0
LINE
8
BLACK
6
CONTINUOUS
10
130.4
20
-103.2
11
130.4
21
-102.3
0
LINE
8
BLACK
6
CONTINUOUS
10
130.4
20
-102.3
11
131.2
21
-102.3
0
LINE
8
BLACK
6
CONTINUOUS
10
131.2
20
-102.3
11
131.2
21
-103.2
0
LINE
8
BLACK
6
CONTINUOUS
10
161.236
20
-101.992
11
161.309
21
-102.041
0
LINE
8
BLACK
6
CONTINUOUS
10
161.309
20
-102.041
11
161.358
21
-102.114
0
LINE
8
BLACK
6
CONTINUOUS
10
161.358
20
-102.114
11
161.375
21
-102.2
0
LINE
8
BLACK
6
CONTINUOUS
10
161.375
20
-102.2
11
161.375
21
-102.7
0
LINE
8
BLACK
6
CONTINUOUS
10
161.375
20
-102.7
11
161.358
21
-102.786
0
LINE
8
BLACK
6
CONTINUOUS
10
161.358
20
-102.786
11
161.309
21
-102.859
0
LINE
8
BLACK
6
CONTINUOUS
10
161.309
20
-102.859
11
161.236
21
-102.908
0
LINE
8
BLACK
6
CONTINUOUS
10
161.236
20
-102.908
11
161.15
21
-102.925
0
LINE
8
BLACK
6
CONTINUOUS
10
161.15
20
-102.925
11
160.7
21
-102.925
0
LINE
8
BLACK
6
CONTINUOUS
10
160.7
20
-102.925
11
160.614
21
-102.908
0
LINE
8
BLACK
6
CONTINUOUS
10
160.614
20
-102.908
11
160.541
21
-102.859
0
LINE
8
BLACK
6
CONTINUOUS
10
160.541
20
-102.859
11
160.492
21
-102.786
0
LINE
8
BLACK
6
CONTINUOUS
10
160.492
20
-102.786
11
160.475
21
-102.7
0
LINE
8
BLACK
6
CONTINUOUS
10
160.475
20
-102.7
11
160.475
21
-102.2
0
LINE
8
BLACK
6
CONTINUOUS
10
160.475
20
-102.2
11
160.492
21
-102.114
0
LINE
8
BLACK
6
CONTINUOUS
10
160.492
20
-102.114
11
160.541
21
-102.041
0
LINE
8
BLACK
6
CONTINUOUS
10
160.541
20
-102.041
11
160.614
21
-101.992
0
LINE
8
BLACK
6
CONTINUOUS
10
160.614
20
-101.992
11
160.7
21
-101.975
0
LINE
8
BLACK
6
CONTINUOUS
10
160.7
20
-101.975
11
161.15
21
-101.975
0
LINE
8
BLACK
6
CONTINUOUS
10
161.15
20
-101.975
11
161.236
21
-101.992
0
LINE
8
BLACK
6
CONTINUOUS
10
162.786
20
-101.992
11
162.859
21
-102.041
0
LINE
8
BLACK
6
CONTINUOUS
10
162.859
20
-102.041
11
162.908
21
-102.114
0
LINE
8
BLACK
6
CONTINUOUS
10
162.908
20
-102.114
11
162.925
21
-102.2
0
LINE
8
BLACK
6
CONTINUOUS
10
162.925
20
-102.2
11
162.925
21
-102.7
0
LINE
8
BLACK
6
CONTINUOUS
10
162.925
20
-102.7
11
162.908
21
-102.786
0
LINE
8
BLACK
6
CONTINUOUS
10
162.908
20
-102.786
11
162.859
21
-102.859
0
LINE
8
BLACK
6
CONTINUOUS
10
162.859
20
-102.859
11
162.786
21
-102.908
0
LINE
8
BLACK
6
CONTINUOUS
10
162.786
20
-102.908
11
162.7
21
-102.925
0
LINE
8
BLACK
6
CONTINUOUS
10
162.7
20
-102.925
11
162.25
21
-102.925
0
LINE
8
BLACK
6
CONTINUOUS
10
162.25
20
-102.925
11
162.164
21
-102.908
0
LINE
8
BLACK
6
CONTINUOUS
10
162.164
20
-102.908
11
162.091
21
-102.859
0
LINE
8
BLACK
6
CONTINUOUS
10
162.091
20
-102.859
11
162.042
21
-102.786
0
LINE
8
BLACK
6
CONTINUOUS
10
162.042
20
-102.786
11
162.025
21
-102.7
0
LINE
8
BLACK
6
CONTINUOUS
10
162.025
20
-102.7
11
162.025
21
-102.2
0
LINE
8
BLACK
6
CONTINUOUS
10
162.025
20
-102.2
11
162.042
21
-102.114
0
LINE
8
BLACK
6
CONTINUOUS
10
162.042
20
-102.114
11
162.091
21
-102.041
0
LINE
8
BLACK
6
CONTINUOUS
10
162.091
20
-102.041
11
162.164
21
-101.992
0
LINE
8
BLACK
6
CONTINUOUS
10
162.164
20
-101.992
11
162.25
21
-101.975
0
LINE
8
BLACK
6
CONTINUOUS
10
162.25
20
-101.975
11
162.7
21
-101.975
0
LINE
8
BLACK
6
CONTINUOUS
10
162.7
20
-101.975
11
162.786
21
-101.992
0
LINE
8
BLACK
6
CONTINUOUS
10
112.237
20
-102.38
11
112.28
21
-102.41
0
LINE
8
BLACK
6
CONTINUOUS
10
112.28
20
-102.41
11
112.31
21
-102.453
0
LINE
8
BLACK
6
CONTINUOUS
10
112.31
20
-102.453
11
112.32
21
-102.505
0
LINE
8
BLACK
6
CONTINUOUS
10
112.32
20
-102.505
11
112.32
21
-102.775
0
LINE
8
BLACK
6
CONTINUOUS
10
112.32
20
-102.775
11
112.31
21
-102.827
0
LINE
8
BLACK
6
CONTINUOUS
10
112.31
20
-102.827
11
112.28
21
-102.87
0
LINE
8
BLACK
6
CONTINUOUS
10
112.28
20
-102.87
11
112.237
21
-102.9
0
LINE
8
BLACK
6
CONTINUOUS
10
112.237
20
-102.9
11
112.185
21
-102.91
0
LINE
8
BLACK
6
CONTINUOUS
10
112.185
20
-102.91
11
111.815
21
-102.91
0
LINE
8
BLACK
6
CONTINUOUS
10
111.815
20
-102.91
11
111.763
21
-102.9
0
LINE
8
BLACK
6
CONTINUOUS
10
111.763
20
-102.9
11
111.72
21
-102.87
0
LINE
8
BLACK
6
CONTINUOUS
10
111.72
20
-102.87
11
111.69
21
-102.827
0
LINE
8
BLACK
6
CONTINUOUS
10
111.69
20
-102.827
11
111.68
21
-102.775
0
LINE
8
BLACK
6
CONTINUOUS
10
111.68
20
-102.775
11
111.68
21
-102.505
0
LINE
8
BLACK
6
CONTINUOUS
10
111.68
20
-102.505
11
111.69
21
-102.453
0
LINE
8
BLACK
6
CONTINUOUS
10
111.69
20
-102.453
11
111.72
21
-102.41
0
LINE
8
BLACK
6
CONTINUOUS
10
111.72
20
-102.41
11
111.763
21
-102.38
0
LINE
8
BLACK
6
CONTINUOUS
10
111.763
20
-102.38
11
111.815
21
-102.37
0
LINE
8
BLACK
6
CONTINUOUS
10
111.815
20
-102.37
11
112.185
21
-102.37
0
LINE
8
BLACK
6
CONTINUOUS
10
112.185
20
-102.37
11
112.237
21
-102.38
0
LINE
8
BLACK
6
CONTINUOUS
10
128.574
20
-102.291
11
128.619
21
-102.321
0
LINE
8
BLACK
6
CONTINUOUS
10
128.619
20
-102.321
11
128.649
21
-102.366
0
LINE
8
BLACK
6
CONTINUOUS
10
128.649
20
-102.366
11
128.66
21
-102.42
0
LINE
8
BLACK
6
CONTINUOUS
10
128.66
20
-102.42
11
128.66
21
-102.7
0
LINE
8
BLACK
6
CONTINUOUS
10
128.66
20
-102.7
11
128.649
21
-102.754
0
LINE
8
BLACK
6
CONTINUOUS
10
128.649
20
-102.754
11
128.619
21
-102.799
0
LINE
8
BLACK
6
CONTINUOUS
10
128.619
20
-102.799
11
128.574
21
-102.829
0
LINE
8
BLACK
6
CONTINUOUS
10
128.574
20
-102.829
11
128.52
21
-102.84
0
LINE
8
BLACK
6
CONTINUOUS
10
128.52
20
-102.84
11
128.18
21
-102.84
0
LINE
8
BLACK
6
CONTINUOUS
10
128.18
20
-102.84
11
128.126
21
-102.829
0
LINE
8
BLACK
6
CONTINUOUS
10
128.126
20
-102.829
11
128.081
21
-102.799
0
LINE
8
BLACK
6
CONTINUOUS
10
128.081
20
-102.799
11
128.051
21
-102.754
0
LINE
8
BLACK
6
CONTINUOUS
10
128.051
20
-102.754
11
128.04
21
-102.7
0
LINE
8
BLACK
6
CONTINUOUS
10
128.04
20
-102.7
11
128.04
21
-102.42
0
LINE
8
BLACK
6
CONTINUOUS
10
128.04
20
-102.42
11
128.051
21
-102.366
0
LINE
8
BLACK
6
CONTINUOUS
10
128.051
20
-102.366
11
128.081
21
-102.321
0
LINE
8
BLACK
6
CONTINUOUS
10
128.081
20
-102.321
11
128.126
21
-102.291
0
LINE
8
BLACK
6
CONTINUOUS
10
128.126
20
-102.291
11
128.18
21
-102.28
0
LINE
8
BLACK
6
CONTINUOUS
10
128.18
20
-102.28
11
128.52
21
-102.28
0
LINE
8
BLACK
6
CONTINUOUS
10
128.52
20
-102.28
11
128.574
21
-102.291
0
LINE
8
BLACK
6
CONTINUOUS
10
178.264
20
-102.201
11
178.309
21
-102.231
0
LINE
8
BLACK
6
CONTINUOUS
10
178.309
20
-102.231
11
178.339
21
-102.276
0
LINE
8
BLACK
6
CONTINUOUS
10
178.339
20
-102.276
11
178.35
21
-102.33
0
LINE
8
BLACK
6
CONTINUOUS
10
178.35
20
-102.33
11
178.35
21
-102.67
0
LINE
8
BLACK
6
CONTINUOUS
10
178.35
20
-102.67
11
178.339
21
-102.724
0
LINE
8
BLACK
6
CONTINUOUS
10
178.339
20
-102.724
11
178.309
21
-102.769
0
LINE
8
BLACK
6
CONTINUOUS
10
178.309
20
-102.769
11
178.264
21
-102.799
0
LINE
8
BLACK
6
CONTINUOUS
10
178.264
20
-102.799
11
178.21
21
-102.81
0
LINE
8
BLACK
6
CONTINUOUS
10
178.21
20
-102.81
11
177.93
21
-102.81
0
LINE
8
BLACK
6
CONTINUOUS
10
177.93
20
-102.81
11
177.876
21
-102.799
0
LINE
8
BLACK
6
CONTINUOUS
10
177.876
20
-102.799
11
177.831
21
-102.769
0
LINE
8
BLACK
6
CONTINUOUS
10
177.831
20
-102.769
11
177.801
21
-102.724
0
LINE
8
BLACK
6
CONTINUOUS
10
177.801
20
-102.724
11
177.79
21
-102.67
0
LINE
8
BLACK
6
CONTINUOUS
10
177.79
20
-102.67
11
177.79
21
-102.33
0
LINE
8
BLACK
6
CONTINUOUS
10
177.79
20
-102.33
11
177.801
21
-102.276
0
LINE
8
BLACK
6
CONTINUOUS
10
177.801
20
-102.276
11
177.831
21
-102.231
0
LINE
8
BLACK
6
CONTINUOUS
10
177.831
20
-102.231
11
177.876
21
-102.201
0
LINE
8
BLACK
6
CONTINUOUS
10
177.876
20
-102.201
11
177.93
21
-102.19
0
LINE
8
BLACK
6
CONTINUOUS
10
177.93
20
-102.19
11
178.21
21
-102.19
0
LINE
8
BLACK
6
CONTINUOUS
10
178.21
20
-102.19
11
178.264
21
-102.201
0
LINE
8
BLACK
6
CONTINUOUS
10
179.224
20
-102.201
11
179.269
21
-102.231
0
LINE
8
BLACK
6
CONTINUOUS
10
179.269
20
-102.231
11
179.299
21
-102.276
0
LINE
8
BLACK
6
CONTINUOUS
10
179.299
20
-102.276
11
179.31
21
-102.33
0
LINE
8
BLACK
6
CONTINUOUS
10
179.31
20
-102.33
11
179.31
21
-102.67
0
LINE
8
BLACK
6
CONTINUOUS
10
179.31
20
-102.67
11
179.299
21
-102.724
0
LINE
8
BLACK
6
CONTINUOUS
10
179.299
20
-102.724
11
179.269
21
-102.769
0
LINE
8
BLACK
6
CONTINUOUS
10
179.269
20
-102.769
11
179.224
21
-102.799
0
LINE
8
BLACK
6
CONTINUOUS
10
179.224
20
-102.799
11
179.17
21
-102.81
0
LINE
8
BLACK
6
CONTINUOUS
10
179.17
20
-102.81
11
178.89
21
-102.81
0
LINE
8
BLACK
6
CONTINUOUS
10
178.89
20
-102.81
11
178.836
21
-102.799
0
LINE
8
BLACK
6
CONTINUOUS
10
178.836
20
-102.799
11
178.791
21
-102.769
0
LINE
8
BLACK
6
CONTINUOUS
10
178.791
20
-102.769
11
178.761
21
-102.724
0
LINE
8
BLACK
6
CONTINUOUS
10
178.761
20
-102.724
11
178.75
21
-102.67
0
LINE
8
BLACK
6
CONTINUOUS
10
178.75
20
-102.67
11
178.75
21
-102.33
0
LINE
8
BLACK
6
CONTINUOUS
10
178.75
20
-102.33
11
178.761
21
-102.276
0
LINE
8
BLACK
6
CONTINUOUS
10
178.761
20
-102.276
11
178.791
21
-102.231
0
LINE
8
BLACK
6
CONTINUOUS
10
178.791
20
-102.231
11
178.836
21
-102.201
0
LINE
8
BLACK
6
CONTINUOUS
10
178.836
20
-102.201
11
178.89
21
-102.19
0
LINE
8
BLACK
6
CONTINUOUS
10
178.89
20
-102.19
11
179.17
21
-102.19
0
LINE
8
BLACK
6
CONTINUOUS
10
179.17
20
-102.19
11
179.224
21
-102.201
0
LINE
8
BLACK
6
CONTINUOUS
10
132.387
20
-101.83
11
132.43
21
-101.86
0
LINE
8
BLACK
6
CONTINUOUS
10
132.43
20
-101.86
11
132.46
21
-101.903
0
LINE
8
BLACK
6
CONTINUOUS
10
132.46
20
-101.903
11
132.47
21
-101.955
0
LINE
8
BLACK
6
CONTINUOUS
10
132.47
20
-101.955
11
132.47
21
-102.225
0
LINE
8
BLACK
6
CONTINUOUS
10
132.47
20
-102.225
11
132.46
21
-102.277
0
LINE
8
BLACK
6
CONTINUOUS
10
132.46
20
-102.277
11
132.43
21
-102.32
0
LINE
8
BLACK
6
CONTINUOUS
10
132.43
20
-102.32
11
132.387
21
-102.35
0
LINE
8
BLACK
6
CONTINUOUS
10
132.387
20
-102.35
11
132.335
21
-102.36
0
LINE
8
BLACK
6
CONTINUOUS
10
132.335
20
-102.36
11
131.965
21
-102.36
0
LINE
8
BLACK
6
CONTINUOUS
10
131.965
20
-102.36
11
131.913
21
-102.35
0
LINE
8
BLACK
6
CONTINUOUS
10
131.913
20
-102.35
11
131.87
21
-102.32
0
LINE
8
BLACK
6
CONTINUOUS
10
131.87
20
-102.32
11
131.84
21
-102.277
0
LINE
8
BLACK
6
CONTINUOUS
10
131.84
20
-102.277
11
131.83
21
-102.225
0
LINE
8
BLACK
6
CONTINUOUS
10
131.83
20
-102.225
11
131.83
21
-101.955
0
LINE
8
BLACK
6
CONTINUOUS
10
131.83
20
-101.955
11
131.84
21
-101.903
0
LINE
8
BLACK
6
CONTINUOUS
10
131.84
20
-101.903
11
131.87
21
-101.86
0
LINE
8
BLACK
6
CONTINUOUS
10
131.87
20
-101.86
11
131.913
21
-101.83
0
LINE
8
BLACK
6
CONTINUOUS
10
131.913
20
-101.83
11
131.965
21
-101.82
0
LINE
8
BLACK
6
CONTINUOUS
10
131.965
20
-101.82
11
132.335
21
-101.82
0
LINE
8
BLACK
6
CONTINUOUS
10
132.335
20
-101.82
11
132.387
21
-101.83
0
LINE
8
BLACK
6
CONTINUOUS
10
119.407
20
-101.74
11
119.45
21
-101.77
0
LINE
8
BLACK
6
CONTINUOUS
10
119.45
20
-101.77
11
119.48
21
-101.813
0
LINE
8
BLACK
6
CONTINUOUS
10
119.48
20
-101.813
11
119.49
21
-101.865
0
LINE
8
BLACK
6
CONTINUOUS
10
119.49
20
-101.865
11
119.49
21
-102.135
0
LINE
8
BLACK
6
CONTINUOUS
10
119.49
20
-102.135
11
119.48
21
-102.187
0
LINE
8
BLACK
6
CONTINUOUS
10
119.48
20
-102.187
11
119.45
21
-102.23
0
LINE
8
BLACK
6
CONTINUOUS
10
119.45
20
-102.23
11
119.407
21
-102.26
0
LINE
8
BLACK
6
CONTINUOUS
10
119.407
20
-102.26
11
119.355
21
-102.27
0
LINE
8
BLACK
6
CONTINUOUS
10
119.355
20
-102.27
11
118.985
21
-102.27
0
LINE
8
BLACK
6
CONTINUOUS
10
118.985
20
-102.27
11
118.933
21
-102.26
0
LINE
8
BLACK
6
CONTINUOUS
10
118.933
20
-102.26
11
118.89
21
-102.23
0
LINE
8
BLACK
6
CONTINUOUS
10
118.89
20
-102.23
11
118.86
21
-102.187
0
LINE
8
BLACK
6
CONTINUOUS
10
118.86
20
-102.187
11
118.85
21
-102.135
0
LINE
8
BLACK
6
CONTINUOUS
10
118.85
20
-102.135
11
118.85
21
-101.865
0
LINE
8
BLACK
6
CONTINUOUS
10
118.85
20
-101.865
11
118.86
21
-101.813
0
LINE
8
BLACK
6
CONTINUOUS
10
118.86
20
-101.813
11
118.89
21
-101.77
0
LINE
8
BLACK
6
CONTINUOUS
10
118.89
20
-101.77
11
118.933
21
-101.74
0
LINE
8
BLACK
6
CONTINUOUS
10
118.933
20
-101.74
11
118.985
21
-101.73
0
LINE
8
BLACK
6
CONTINUOUS
10
118.985
20
-101.73
11
119.355
21
-101.73
0
LINE
8
BLACK
6
CONTINUOUS
10
119.355
20
-101.73
11
119.407
21
-101.74
0
LINE
8
BLACK
6
CONTINUOUS
10
114.237
20
-101.73
11
114.28
21
-101.76
0
LINE
8
BLACK
6
CONTINUOUS
10
114.28
20
-101.76
11
114.31
21
-101.803
0
LINE
8
BLACK
6
CONTINUOUS
10
114.31
20
-101.803
11
114.32
21
-101.855
0
LINE
8
BLACK
6
CONTINUOUS
10
114.32
20
-101.855
11
114.32
21
-102.125
0
LINE
8
BLACK
6
CONTINUOUS
10
114.32
20
-102.125
11
114.31
21
-102.177
0
LINE
8
BLACK
6
CONTINUOUS
10
114.31
20
-102.177
11
114.28
21
-102.22
0
LINE
8
BLACK
6
CONTINUOUS
10
114.28
20
-102.22
11
114.237
21
-102.25
0
LINE
8
BLACK
6
CONTINUOUS
10
114.237
20
-102.25
11
114.185
21
-102.26
0
LINE
8
BLACK
6
CONTINUOUS
10
114.185
20
-102.26
11
113.815
21
-102.26
0
LINE
8
BLACK
6
CONTINUOUS
10
113.815
20
-102.26
11
113.763
21
-102.25
0
LINE
8
BLACK
6
CONTINUOUS
10
113.763
20
-102.25
11
113.72
21
-102.22
0
LINE
8
BLACK
6
CONTINUOUS
10
113.72
20
-102.22
11
113.69
21
-102.177
0
LINE
8
BLACK
6
CONTINUOUS
10
113.69
20
-102.177
11
113.68
21
-102.125
0
LINE
8
BLACK
6
CONTINUOUS
10
113.68
20
-102.125
11
113.68
21
-101.855
0
LINE
8
BLACK
6
CONTINUOUS
10
113.68
20
-101.855
11
113.69
21
-101.803
0
LINE
8
BLACK
6
CONTINUOUS
10
113.69
20
-101.803
11
113.72
21
-101.76
0
LINE
8
BLACK
6
CONTINUOUS
10
113.72
20
-101.76
11
113.763
21
-101.73
0
LINE
8
BLACK
6
CONTINUOUS
10
113.763
20
-101.73
11
113.815
21
-101.72
0
LINE
8
BLACK
6
CONTINUOUS
10
113.815
20
-101.72
11
114.185
21
-101.72
0
LINE
8
BLACK
6
CONTINUOUS
10
114.185
20
-101.72
11
114.237
21
-101.73
0
LINE
8
BLACK
6
CONTINUOUS
10
117.237
20
-101.73
11
117.28
21
-101.76
0
LINE
8
BLACK
6
CONTINUOUS
10
117.28
20
-101.76
11
117.31
21
-101.803
0
LINE
8
BLACK
6
CONTINUOUS
10
117.31
20
-101.803
11
117.32
21
-101.855
0
LINE
8
BLACK
6
CONTINUOUS
10
117.32
20
-101.855
11
117.32
21
-102.125
0
LINE
8
BLACK
6
CONTINUOUS
10
117.32
20
-102.125
11
117.31
21
-102.177
0
LINE
8
BLACK
6
CONTINUOUS
10
117.31
20
-102.177
11
117.28
21
-102.22
0
LINE
8
BLACK
6
CONTINUOUS
10
117.28
20
-102.22
11
117.237
21
-102.25
0
LINE
8
BLACK
6
CONTINUOUS
10
117.237
20
-102.25
11
117.185
21
-102.26
0
LINE
8
BLACK
6
CONTINUOUS
10
117.185
20
-102.26
11
116.815
21
-102.26
0
LINE
8
BLACK
6
CONTINUOUS
10
116.815
20
-102.26
11
116.763
21
-102.25
0
LINE
8
BLACK
6
CONTINUOUS
10
116.763
20
-102.25
11
116.72
21
-102.22
0
LINE
8
BLACK
6
CONTINUOUS
10
116.72
20
-102.22
11
116.69
21
-102.177
0
LINE
8
BLACK
6
CONTINUOUS
10
116.69
20
-102.177
11
116.68
21
-102.125
0
LINE
8
BLACK
6
CONTINUOUS
10
116.68
20
-102.125
11
116.68
21
-101.855
0
LINE
8
BLACK
6
CONTINUOUS
10
116.68
20
-101.855
11
116.69
21
-101.803
0
LINE
8
BLACK
6
CONTINUOUS
10
116.69
20
-101.803
11
116.72
21
-101.76
0
LINE
8
BLACK
6
CONTINUOUS
10
116.72
20
-101.76
11
116.763
21
-101.73
0
LINE
8
BLACK
6
CONTINUOUS
10
116.763
20
-101.73
11
116.815
21
-101.72
0
LINE
8
BLACK
6
CONTINUOUS
10
116.815
20
-101.72
11
117.185
21
-101.72
0
LINE
8
BLACK
6
CONTINUOUS
10
117.185
20
-101.72
11
117.237
21
-101.73
0
LINE
8
BLACK
6
CONTINUOUS
10
122.457
20
-101.68
11
122.5
21
-101.71
0
LINE
8
BLACK
6
CONTINUOUS
10
122.5
20
-101.71
11
122.53
21
-101.753
0
LINE
8
BLACK
6
CONTINUOUS
10
122.53
20
-101.753
11
122.54
21
-101.805
0
LINE
8
BLACK
6
CONTINUOUS
10
122.54
20
-101.805
11
122.54
21
-102.075
0
LINE
8
BLACK
6
CONTINUOUS
10
122.54
20
-102.075
11
122.53
21
-102.127
0
LINE
8
BLACK
6
CONTINUOUS
10
122.53
20
-102.127
11
122.5
21
-102.17
0
LINE
8
BLACK
6
CONTINUOUS
10
122.5
20
-102.17
11
122.457
21
-102.2
0
LINE
8
BLACK
6
CONTINUOUS
10
122.457
20
-102.2
11
122.405
21
-102.21
0
LINE
8
BLACK
6
CONTINUOUS
10
122.405
20
-102.21
11
122.035
21
-102.21
0
LINE
8
BLACK
6
CONTINUOUS
10
122.035
20
-102.21
11
121.983
21
-102.2
0
LINE
8
BLACK
6
CONTINUOUS
10
121.983
20
-102.2
11
121.94
21
-102.17
0
LINE
8
BLACK
6
CONTINUOUS
10
121.94
20
-102.17
11
121.91
21
-102.127
0
LINE
8
BLACK
6
CONTINUOUS
10
121.91
20
-102.127
11
121.9
21
-102.075
0
LINE
8
BLACK
6
CONTINUOUS
10
121.9
20
-102.075
11
121.9
21
-101.805
0
LINE
8
BLACK
6
CONTINUOUS
10
121.9
20
-101.805
11
121.91
21
-101.753
0
LINE
8
BLACK
6
CONTINUOUS
10
121.91
20
-101.753
11
121.94
21
-101.71
0
LINE
8
BLACK
6
CONTINUOUS
10
121.94
20
-101.71
11
121.983
21
-101.68
0
LINE
8
BLACK
6
CONTINUOUS
10
121.983
20
-101.68
11
122.035
21
-101.67
0
LINE
8
BLACK
6
CONTINUOUS
10
122.035
20
-101.67
11
122.405
21
-101.67
0
LINE
8
BLACK
6
CONTINUOUS
10
122.405
20
-101.67
11
122.457
21
-101.68
0
LINE
8
BLACK
6
CONTINUOUS
10
112.237
20
-101.4
11
112.28
21
-101.43
0
LINE
8
BLACK
6
CONTINUOUS
10
112.28
20
-101.43
11
112.31
21
-101.473
0
LINE
8
BLACK
6
CONTINUOUS
10
112.31
20
-101.473
11
112.32
21
-101.525
0
LINE
8
BLACK
6
CONTINUOUS
10
112.32
20
-101.525
11
112.32
21
-101.795
0
LINE
8
BLACK
6
CONTINUOUS
10
112.32
20
-101.795
11
112.31
21
-101.847
0
LINE
8
BLACK
6
CONTINUOUS
10
112.31
20
-101.847
11
112.28
21
-101.89
0
LINE
8
BLACK
6
CONTINUOUS
10
112.28
20
-101.89
11
112.237
21
-101.92
0
LINE
8
BLACK
6
CONTINUOUS
10
112.237
20
-101.92
11
112.185
21
-101.93
0
LINE
8
BLACK
6
CONTINUOUS
10
112.185
20
-101.93
11
111.815
21
-101.93
0
LINE
8
BLACK
6
CONTINUOUS
10
111.815
20
-101.93
11
111.763
21
-101.92
0
LINE
8
BLACK
6
CONTINUOUS
10
111.763
20
-101.92
11
111.72
21
-101.89
0
LINE
8
BLACK
6
CONTINUOUS
10
111.72
20
-101.89
11
111.69
21
-101.847
0
LINE
8
BLACK
6
CONTINUOUS
10
111.69
20
-101.847
11
111.68
21
-101.795
0
LINE
8
BLACK
6
CONTINUOUS
10
111.68
20
-101.795
11
111.68
21
-101.525
0
LINE
8
BLACK
6
CONTINUOUS
10
111.68
20
-101.525
11
111.69
21
-101.473
0
LINE
8
BLACK
6
CONTINUOUS
10
111.69
20
-101.473
11
111.72
21
-101.43
0
LINE
8
BLACK
6
CONTINUOUS
10
111.72
20
-101.43
11
111.763
21
-101.4
0
LINE
8
BLACK
6
CONTINUOUS
10
111.763
20
-101.4
11
111.815
21
-101.39
0
LINE
8
BLACK
6
CONTINUOUS
10
111.815
20
-101.39
11
112.185
21
-101.39
0
LINE
8
BLACK
6
CONTINUOUS
10
112.185
20
-101.39
11
112.237
21
-101.4
0
LINE
8
BLACK
6
CONTINUOUS
10
147.702
20
-100.965
11
147.766
21
-101.009
0
LINE
8
BLACK
6
CONTINUOUS
10
147.766
20
-101.009
11
147.81
21
-101.073
0
LINE
8
BLACK
6
CONTINUOUS
10
147.81
20
-101.073
11
147.825
21
-101.15
0
LINE
8
BLACK
6
CONTINUOUS
10
147.825
20
-101.15
11
147.825
21
-101.7
0
LINE
8
BLACK
6
CONTINUOUS
10
147.825
20
-101.7
11
147.81
21
-101.777
0
LINE
8
BLACK
6
CONTINUOUS
10
147.81
20
-101.777
11
147.766
21
-101.841
0
LINE
8
BLACK
6
CONTINUOUS
10
147.766
20
-101.841
11
147.702
21
-101.885
0
LINE
8
BLACK
6
CONTINUOUS
10
147.702
20
-101.885
11
147.625
21
-101.9
0
LINE
8
BLACK
6
CONTINUOUS
10
147.625
20
-101.9
11
147.225
21
-101.9
0
LINE
8
BLACK
6
CONTINUOUS
10
147.225
20
-101.9
11
147.148
21
-101.885
0
LINE
8
BLACK
6
CONTINUOUS
10
147.148
20
-101.885
11
147.084
21
-101.841
0
LINE
8
BLACK
6
CONTINUOUS
10
147.084
20
-101.841
11
147.04
21
-101.777
0
LINE
8
BLACK
6
CONTINUOUS
10
147.04
20
-101.777
11
147.025
21
-101.7
0
LINE
8
BLACK
6
CONTINUOUS
10
147.025
20
-101.7
11
147.025
21
-101.15
0
LINE
8
BLACK
6
CONTINUOUS
10
147.025
20
-101.15
11
147.04
21
-101.073
0
LINE
8
BLACK
6
CONTINUOUS
10
147.04
20
-101.073
11
147.084
21
-101.009
0
LINE
8
BLACK
6
CONTINUOUS
10
147.084
20
-101.009
11
147.148
21
-100.965
0
LINE
8
BLACK
6
CONTINUOUS
10
147.148
20
-100.965
11
147.225
21
-100.95
0
LINE
8
BLACK
6
CONTINUOUS
10
147.225
20
-100.95
11
147.625
21
-100.95
0
LINE
8
BLACK
6
CONTINUOUS
10
147.625
20
-100.95
11
147.702
21
-100.965
0
LINE
8
BLACK
6
CONTINUOUS
10
149.352
20
-100.965
11
149.416
21
-101.009
0
LINE
8
BLACK
6
CONTINUOUS
10
149.416
20
-101.009
11
149.46
21
-101.073
0
LINE
8
BLACK
6
CONTINUOUS
10
149.46
20
-101.073
11
149.475
21
-101.15
0
LINE
8
BLACK
6
CONTINUOUS
10
149.475
20
-101.15
11
149.475
21
-101.7
0
LINE
8
BLACK
6
CONTINUOUS
10
149.475
20
-101.7
11
149.46
21
-101.777
0
LINE
8
BLACK
6
CONTINUOUS
10
149.46
20
-101.777
11
149.416
21
-101.841
0
LINE
8
BLACK
6
CONTINUOUS
10
149.416
20
-101.841
11
149.352
21
-101.885
0
LINE
8
BLACK
6
CONTINUOUS
10
149.352
20
-101.885
11
149.275
21
-101.9
0
LINE
8
BLACK
6
CONTINUOUS
10
149.275
20
-101.9
11
148.875
21
-101.9
0
LINE
8
BLACK
6
CONTINUOUS
10
148.875
20
-101.9
11
148.798
21
-101.885
0
LINE
8
BLACK
6
CONTINUOUS
10
148.798
20
-101.885
11
148.734
21
-101.841
0
LINE
8
BLACK
6
CONTINUOUS
10
148.734
20
-101.841
11
148.69
21
-101.777
0
LINE
8
BLACK
6
CONTINUOUS
10
148.69
20
-101.777
11
148.675
21
-101.7
0
LINE
8
BLACK
6
CONTINUOUS
10
148.675
20
-101.7
11
148.675
21
-101.15
0
LINE
8
BLACK
6
CONTINUOUS
10
148.675
20
-101.15
11
148.69
21
-101.073
0
LINE
8
BLACK
6
CONTINUOUS
10
148.69
20
-101.073
11
148.734
21
-101.009
0
LINE
8
BLACK
6
CONTINUOUS
10
148.734
20
-101.009
11
148.798
21
-100.965
0
LINE
8
BLACK
6
CONTINUOUS
10
148.798
20
-100.965
11
148.875
21
-100.95
0
LINE
8
BLACK
6
CONTINUOUS
10
148.875
20
-100.95
11
149.275
21
-100.95
0
LINE
8
BLACK
6
CONTINUOUS
10
149.275
20
-100.95
11
149.352
21
-100.965
0
LINE
8
BLACK
6
CONTINUOUS
10
115.238
20
-101.137
11
115.244
21
-101.141
0
LINE
8
BLACK
6
CONTINUOUS
10
115.244
20
-101.141
11
115.248
21
-101.147
0
LINE
8
BLACK
6
CONTINUOUS
10
115.248
20
-101.147
11
115.25
21
-101.155
0
LINE
8
BLACK
6
CONTINUOUS
10
115.25
20
-101.155
11
115.25
21
-101.865
0
LINE
8
BLACK
6
CONTINUOUS
10
115.25
20
-101.865
11
115.248
21
-101.873
0
LINE
8
BLACK
6
CONTINUOUS
10
115.248
20
-101.873
11
115.244
21
-101.879
0
LINE
8
BLACK
6
CONTINUOUS
10
115.244
20
-101.879
11
115.238
21
-101.883
0
LINE
8
BLACK
6
CONTINUOUS
10
115.238
20
-101.883
11
115.23
21
-101.885
0
LINE
8
BLACK
6
CONTINUOUS
10
115.23
20
-101.885
11
114.87
21
-101.885
0
LINE
8
BLACK
6
CONTINUOUS
10
114.87
20
-101.885
11
114.862
21
-101.883
0
LINE
8
BLACK
6
CONTINUOUS
10
114.862
20
-101.883
11
114.856
21
-101.879
0
LINE
8
BLACK
6
CONTINUOUS
10
114.856
20
-101.879
11
114.852
21
-101.873
0
LINE
8
BLACK
6
CONTINUOUS
10
114.852
20
-101.873
11
114.85
21
-101.865
0
LINE
8
BLACK
6
CONTINUOUS
10
114.85
20
-101.865
11
114.85
21
-101.155
0
LINE
8
BLACK
6
CONTINUOUS
10
114.85
20
-101.155
11
114.852
21
-101.147
0
LINE
8
BLACK
6
CONTINUOUS
10
114.852
20
-101.147
11
114.856
21
-101.141
0
LINE
8
BLACK
6
CONTINUOUS
10
114.856
20
-101.141
11
114.862
21
-101.137
0
LINE
8
BLACK
6
CONTINUOUS
10
114.862
20
-101.137
11
114.87
21
-101.135
0
LINE
8
BLACK
6
CONTINUOUS
10
114.87
20
-101.135
11
115.23
21
-101.135
0
LINE
8
BLACK
6
CONTINUOUS
10
115.23
20
-101.135
11
115.238
21
-101.137
0
LINE
8
BLACK
6
CONTINUOUS
10
116.088
20
-101.137
11
116.094
21
-101.141
0
LINE
8
BLACK
6
CONTINUOUS
10
116.094
20
-101.141
11
116.098
21
-101.147
0
LINE
8
BLACK
6
CONTINUOUS
10
116.098
20
-101.147
11
116.1
21
-101.155
0
LINE
8
BLACK
6
CONTINUOUS
10
116.1
20
-101.155
11
116.1
21
-101.865
0
LINE
8
BLACK
6
CONTINUOUS
10
116.1
20
-101.865
11
116.098
21
-101.873
0
LINE
8
BLACK
6
CONTINUOUS
10
116.098
20
-101.873
11
116.094
21
-101.879
0
LINE
8
BLACK
6
CONTINUOUS
10
116.094
20
-101.879
11
116.088
21
-101.883
0
LINE
8
BLACK
6
CONTINUOUS
10
116.088
20
-101.883
11
116.08
21
-101.885
0
LINE
8
BLACK
6
CONTINUOUS
10
116.08
20
-101.885
11
115.72
21
-101.885
0
LINE
8
BLACK
6
CONTINUOUS
10
115.72
20
-101.885
11
115.712
21
-101.883
0
LINE
8
BLACK
6
CONTINUOUS
10
115.712
20
-101.883
11
115.706
21
-101.879
0
LINE
8
BLACK
6
CONTINUOUS
10
115.706
20
-101.879
11
115.702
21
-101.873
0
LINE
8
BLACK
6
CONTINUOUS
10
115.702
20
-101.873
11
115.7
21
-101.865
0
LINE
8
BLACK
6
CONTINUOUS
10
115.7
20
-101.865
11
115.7
21
-101.155
0
LINE
8
BLACK
6
CONTINUOUS
10
115.7
20
-101.155
11
115.702
21
-101.147
0
LINE
8
BLACK
6
CONTINUOUS
10
115.702
20
-101.147
11
115.706
21
-101.141
0
LINE
8
BLACK
6
CONTINUOUS
10
115.706
20
-101.141
11
115.712
21
-101.137
0
LINE
8
BLACK
6
CONTINUOUS
10
115.712
20
-101.137
11
115.72
21
-101.135
0
LINE
8
BLACK
6
CONTINUOUS
10
115.72
20
-101.135
11
116.08
21
-101.135
0
LINE
8
BLACK
6
CONTINUOUS
10
116.08
20
-101.135
11
116.088
21
-101.137
0
LINE
8
BLACK
6
CONTINUOUS
10
128.574
20
-101.331
11
128.619
21
-101.361
0
LINE
8
BLACK
6
CONTINUOUS
10
128.619
20
-101.361
11
128.649
21
-101.406
0
LINE
8
BLACK
6
CONTINUOUS
10
128.649
20
-101.406
11
128.66
21
-101.46
0
LINE
8
BLACK
6
CONTINUOUS
10
128.66
20
-101.46
11
128.66
21
-101.74
0
LINE
8
BLACK
6
CONTINUOUS
10
128.66
20
-101.74
11
128.649
21
-101.794
0
LINE
8
BLACK
6
CONTINUOUS
10
128.649
20
-101.794
11
128.619
21
-101.839
0
LINE
8
BLACK
6
CONTINUOUS
10
128.619
20
-101.839
11
128.574
21
-101.869
0
LINE
8
BLACK
6
CONTINUOUS
10
128.574
20
-101.869
11
128.52
21
-101.88
0
LINE
8
BLACK
6
CONTINUOUS
10
128.52
20
-101.88
11
128.18
21
-101.88
0
LINE
8
BLACK
6
CONTINUOUS
10
128.18
20
-101.88
11
128.126
21
-101.869
0
LINE
8
BLACK
6
CONTINUOUS
10
128.126
20
-101.869
11
128.081
21
-101.839
0
LINE
8
BLACK
6
CONTINUOUS
10
128.081
20
-101.839
11
128.051
21
-101.794
0
LINE
8
BLACK
6
CONTINUOUS
10
128.051
20
-101.794
11
128.04
21
-101.74
0
LINE
8
BLACK
6
CONTINUOUS
10
128.04
20
-101.74
11
128.04
21
-101.46
0
LINE
8
BLACK
6
CONTINUOUS
10
128.04
20
-101.46
11
128.051
21
-101.406
0
LINE
8
BLACK
6
CONTINUOUS
10
128.051
20
-101.406
11
128.081
21
-101.361
0
LINE
8
BLACK
6
CONTINUOUS
10
128.081
20
-101.361
11
128.126
21
-101.331
0
LINE
8
BLACK
6
CONTINUOUS
10
128.126
20
-101.331
11
128.18
21
-101.32
0
LINE
8
BLACK
6
CONTINUOUS
10
128.18
20
-101.32
11
128.52
21
-101.32
0
LINE
8
BLACK
6
CONTINUOUS
10
128.52
20
-101.32
11
128.574
21
-101.331
0
LINE
8
BLACK
6
CONTINUOUS
10
120.438
20
-101.122
11
120.444
21
-101.126
0
LINE
8
BLACK
6
CONTINUOUS
10
120.444
20
-101.126
11
120.448
21
-101.132
0
LINE
8
BLACK
6
CONTINUOUS
10
120.448
20
-101.132
11
120.45
21
-101.14
0
LINE
8
BLACK
6
CONTINUOUS
10
120.45
20
-101.14
11
120.45
21
-101.85
0
LINE
8
BLACK
6
CONTINUOUS
10
120.45
20
-101.85
11
120.448
21
-101.858
0
LINE
8
BLACK
6
CONTINUOUS
10
120.448
20
-101.858
11
120.444
21
-101.864
0
LINE
8
BLACK
6
CONTINUOUS
10
120.444
20
-101.864
11
120.438
21
-101.868
0
LINE
8
BLACK
6
CONTINUOUS
10
120.438
20
-101.868
11
120.43
21
-101.87
0
LINE
8
BLACK
6
CONTINUOUS
10
120.43
20
-101.87
11
120.07
21
-101.87
0
LINE
8
BLACK
6
CONTINUOUS
10
120.07
20
-101.87
11
120.062
21
-101.868
0
LINE
8
BLACK
6
CONTINUOUS
10
120.062
20
-101.868
11
120.056
21
-101.864
0
LINE
8
BLACK
6
CONTINUOUS
10
120.056
20
-101.864
11
120.052
21
-101.858
0
LINE
8
BLACK
6
CONTINUOUS
10
120.052
20
-101.858
11
120.05
21
-101.85
0
LINE
8
BLACK
6
CONTINUOUS
10
120.05
20
-101.85
11
120.05
21
-101.14
0
LINE
8
BLACK
6
CONTINUOUS
10
120.05
20
-101.14
11
120.052
21
-101.132
0
LINE
8
BLACK
6
CONTINUOUS
10
120.052
20
-101.132
11
120.056
21
-101.126
0
LINE
8
BLACK
6
CONTINUOUS
10
120.056
20
-101.126
11
120.062
21
-101.122
0
LINE
8
BLACK
6
CONTINUOUS
10
120.062
20
-101.122
11
120.07
21
-101.12
0
LINE
8
BLACK
6
CONTINUOUS
10
120.07
20
-101.12
11
120.43
21
-101.12
0
LINE
8
BLACK
6
CONTINUOUS
10
120.43
20
-101.12
11
120.438
21
-101.122
0
LINE
8
BLACK
6
CONTINUOUS
10
121.288
20
-101.122
11
121.294
21
-101.126
0
LINE
8
BLACK
6
CONTINUOUS
10
121.294
20
-101.126
11
121.298
21
-101.132
0
LINE
8
BLACK
6
CONTINUOUS
10
121.298
20
-101.132
11
121.3
21
-101.14
0
LINE
8
BLACK
6
CONTINUOUS
10
121.3
20
-101.14
11
121.3
21
-101.85
0
LINE
8
BLACK
6
CONTINUOUS
10
121.3
20
-101.85
11
121.298
21
-101.858
0
LINE
8
BLACK
6
CONTINUOUS
10
121.298
20
-101.858
11
121.294
21
-101.864
0
LINE
8
BLACK
6
CONTINUOUS
10
121.294
20
-101.864
11
121.288
21
-101.868
0
LINE
8
BLACK
6
CONTINUOUS
10
121.288
20
-101.868
11
121.28
21
-101.87
0
LINE
8
BLACK
6
CONTINUOUS
10
121.28
20
-101.87
11
120.92
21
-101.87
0
LINE
8
BLACK
6
CONTINUOUS
10
120.92
20
-101.87
11
120.912
21
-101.868
0
LINE
8
BLACK
6
CONTINUOUS
10
120.912
20
-101.868
11
120.906
21
-101.864
0
LINE
8
BLACK
6
CONTINUOUS
10
120.906
20
-101.864
11
120.902
21
-101.858
0
LINE
8
BLACK
6
CONTINUOUS
10
120.902
20
-101.858
11
120.9
21
-101.85
0
LINE
8
BLACK
6
CONTINUOUS
10
120.9
20
-101.85
11
120.9
21
-101.14
0
LINE
8
BLACK
6
CONTINUOUS
10
120.9
20
-101.14
11
120.902
21
-101.132
0
LINE
8
BLACK
6
CONTINUOUS
10
120.902
20
-101.132
11
120.906
21
-101.126
0
LINE
8
BLACK
6
CONTINUOUS
10
120.906
20
-101.126
11
120.912
21
-101.122
0
LINE
8
BLACK
6
CONTINUOUS
10
120.912
20
-101.122
11
120.92
21
-101.12
0
LINE
8
BLACK
6
CONTINUOUS
10
120.92
20
-101.12
11
121.28
21
-101.12
0
LINE
8
BLACK
6
CONTINUOUS
10
121.28
20
-101.12
11
121.288
21
-101.122
0
LINE
8
BLACK
6
CONTINUOUS
10
173.824
20
-101.261
11
173.869
21
-101.291
0
LINE
8
BLACK
6
CONTINUOUS
10
173.869
20
-101.291
11
173.899
21
-101.336
0
LINE
8
BLACK
6
CONTINUOUS
10
173.899
20
-101.336
11
173.91
21
-101.39
0
LINE
8
BLACK
6
CONTINUOUS
10
173.91
20
-101.39
11
173.91
21
-101.67
0
LINE
8
BLACK
6
CONTINUOUS
10
173.91
20
-101.67
11
173.899
21
-101.724
0
LINE
8
BLACK
6
CONTINUOUS
10
173.899
20
-101.724
11
173.869
21
-101.769
0
LINE
8
BLACK
6
CONTINUOUS
10
173.869
20
-101.769
11
173.824
21
-101.799
0
LINE
8
BLACK
6
CONTINUOUS
10
173.824
20
-101.799
11
173.77
21
-101.81
0
LINE
8
BLACK
6
CONTINUOUS
10
173.77
20
-101.81
11
173.43
21
-101.81
0
LINE
8
BLACK
6
CONTINUOUS
10
173.43
20
-101.81
11
173.376
21
-101.799
0
LINE
8
BLACK
6
CONTINUOUS
10
173.376
20
-101.799
11
173.331
21
-101.769
0
LINE
8
BLACK
6
CONTINUOUS
10
173.331
20
-101.769
11
173.301
21
-101.724
0
LINE
8
BLACK
6
CONTINUOUS
10
173.301
20
-101.724
11
173.29
21
-101.67
0
LINE
8
BLACK
6
CONTINUOUS
10
173.29
20
-101.67
11
173.29
21
-101.39
0
LINE
8
BLACK
6
CONTINUOUS
10
173.29
20
-101.39
11
173.301
21
-101.336
0
LINE
8
BLACK
6
CONTINUOUS
10
173.301
20
-101.336
11
173.331
21
-101.291
0
LINE
8
BLACK
6
CONTINUOUS
10
173.331
20
-101.291
11
173.376
21
-101.261
0
LINE
8
BLACK
6
CONTINUOUS
10
173.376
20
-101.261
11
173.43
21
-101.25
0
LINE
8
BLACK
6
CONTINUOUS
10
173.43
20
-101.25
11
173.77
21
-101.25
0
LINE
8
BLACK
6
CONTINUOUS
10
173.77
20
-101.25
11
173.824
21
-101.261
0
LINE
8
BLACK
6
CONTINUOUS
10
130.1
20
-101.8
11
129.3
21
-101.8
0
LINE
8
BLACK
6
CONTINUOUS
10
129.3
20
-101.8
11
129.3
21
-100.9
0
LINE
8
BLACK
6
CONTINUOUS
10
129.3
20
-100.9
11
130.1
21
-100.9
0
LINE
8
BLACK
6
CONTINUOUS
10
130.1
20
-100.9
11
130.1
21
-101.8
0
LINE
8
BLACK
6
CONTINUOUS
10
131.2
20
-101.8
11
130.4
21
-101.8
0
LINE
8
BLACK
6
CONTINUOUS
10
130.4
20
-101.8
11
130.4
21
-100.9
0
LINE
8
BLACK
6
CONTINUOUS
10
130.4
20
-100.9
11
131.2
21
-100.9
0
LINE
8
BLACK
6
CONTINUOUS
10
131.2
20
-100.9
11
131.2
21
-101.8
0
LINE
8
BLACK
6
CONTINUOUS
10
125.521
20
-100.717
11
125.594
21
-100.766
0
LINE
8
BLACK
6
CONTINUOUS
10
125.594
20
-100.766
11
125.643
21
-100.839
0
LINE
8
BLACK
6
CONTINUOUS
10
125.643
20
-100.839
11
125.66
21
-100.925
0
LINE
8
BLACK
6
CONTINUOUS
10
125.66
20
-100.925
11
125.66
21
-101.425
0
LINE
8
BLACK
6
CONTINUOUS
10
125.66
20
-101.425
11
125.643
21
-101.511
0
LINE
8
BLACK
6
CONTINUOUS
10
125.643
20
-101.511
11
125.594
21
-101.584
0
LINE
8
BLACK
6
CONTINUOUS
10
125.594
20
-101.584
11
125.521
21
-101.633
0
LINE
8
BLACK
6
CONTINUOUS
10
125.521
20
-101.633
11
125.435
21
-101.65
0
LINE
8
BLACK
6
CONTINUOUS
10
125.435
20
-101.65
11
124.985
21
-101.65
0
LINE
8
BLACK
6
CONTINUOUS
10
124.985
20
-101.65
11
124.899
21
-101.633
0
LINE
8
BLACK
6
CONTINUOUS
10
124.899
20
-101.633
11
124.826
21
-101.584
0
LINE
8
BLACK
6
CONTINUOUS
10
124.826
20
-101.584
11
124.777
21
-101.511
0
LINE
8
BLACK
6
CONTINUOUS
10
124.777
20
-101.511
11
124.76
21
-101.425
0
LINE
8
BLACK
6
CONTINUOUS
10
124.76
20
-101.425
11
124.76
21
-100.925
0
LINE
8
BLACK
6
CONTINUOUS
10
124.76
20
-100.925
11
124.777
21
-100.839
0
LINE
8
BLACK
6
CONTINUOUS
10
124.777
20
-100.839
11
124.826
21
-100.766
0
LINE
8
BLACK
6
CONTINUOUS
10
124.826
20
-100.766
11
124.899
21
-100.717
0
LINE
8
BLACK
6
CONTINUOUS
10
124.899
20
-100.717
11
124.985
21
-100.7
0
LINE
8
BLACK
6
CONTINUOUS
10
124.985
20
-100.7
11
125.435
21
-100.7
0
LINE
8
BLACK
6
CONTINUOUS
10
125.435
20
-100.7
11
125.521
21
-100.717
0
LINE
8
BLACK
6
CONTINUOUS
10
127.071
20
-100.717
11
127.144
21
-100.766
0
LINE
8
BLACK
6
CONTINUOUS
10
127.144
20
-100.766
11
127.193
21
-100.839
0
LINE
8
BLACK
6
CONTINUOUS
10
127.193
20
-100.839
11
127.21
21
-100.925
0
LINE
8
BLACK
6
CONTINUOUS
10
127.21
20
-100.925
11
127.21
21
-101.425
0
LINE
8
BLACK
6
CONTINUOUS
10
127.21
20
-101.425
11
127.193
21
-101.511
0
LINE
8
BLACK
6
CONTINUOUS
10
127.193
20
-101.511
11
127.144
21
-101.584
0
LINE
8
BLACK
6
CONTINUOUS
10
127.144
20
-101.584
11
127.071
21
-101.633
0
LINE
8
BLACK
6
CONTINUOUS
10
127.071
20
-101.633
11
126.985
21
-101.65
0
LINE
8
BLACK
6
CONTINUOUS
10
126.985
20
-101.65
11
126.535
21
-101.65
0
LINE
8
BLACK
6
CONTINUOUS
10
126.535
20
-101.65
11
126.449
21
-101.633
0
LINE
8
BLACK
6
CONTINUOUS
10
126.449
20
-101.633
11
126.376
21
-101.584
0
LINE
8
BLACK
6
CONTINUOUS
10
126.376
20
-101.584
11
126.327
21
-101.511
0
LINE
8
BLACK
6
CONTINUOUS
10
126.327
20
-101.511
11
126.31
21
-101.425
0
LINE
8
BLACK
6
CONTINUOUS
10
126.31
20
-101.425
11
126.31
21
-100.925
0
LINE
8
BLACK
6
CONTINUOUS
10
126.31
20
-100.925
11
126.327
21
-100.839
0
LINE
8
BLACK
6
CONTINUOUS
10
126.327
20
-100.839
11
126.376
21
-100.766
0
LINE
8
BLACK
6
CONTINUOUS
10
126.376
20
-100.766
11
126.449
21
-100.717
0
LINE
8
BLACK
6
CONTINUOUS
10
126.449
20
-100.717
11
126.535
21
-100.7
0
LINE
8
BLACK
6
CONTINUOUS
10
126.535
20
-100.7
11
126.985
21
-100.7
0
LINE
8
BLACK
6
CONTINUOUS
10
126.985
20
-100.7
11
127.071
21
-100.717
0
LINE
8
BLACK
6
CONTINUOUS
10
132.387
20
-100.81
11
132.43
21
-100.84
0
LINE
8
BLACK
6
CONTINUOUS
10
132.43
20
-100.84
11
132.46
21
-100.883
0
LINE
8
BLACK
6
CONTINUOUS
10
132.46
20
-100.883
11
132.47
21
-100.935
0
LINE
8
BLACK
6
CONTINUOUS
10
132.47
20
-100.935
11
132.47
21
-101.205
0
LINE
8
BLACK
6
CONTINUOUS
10
132.47
20
-101.205
11
132.46
21
-101.257
0
LINE
8
BLACK
6
CONTINUOUS
10
132.46
20
-101.257
11
132.43
21
-101.3
0
LINE
8
BLACK
6
CONTINUOUS
10
132.43
20
-101.3
11
132.387
21
-101.33
0
LINE
8
BLACK
6
CONTINUOUS
10
132.387
20
-101.33
11
132.335
21
-101.34
0
LINE
8
BLACK
6
CONTINUOUS
10
132.335
20
-101.34
11
131.965
21
-101.34
0
LINE
8
BLACK
6
CONTINUOUS
10
131.965
20
-101.34
11
131.913
21
-101.33
0
LINE
8
BLACK
6
CONTINUOUS
10
131.913
20
-101.33
11
131.87
21
-101.3
0
LINE
8
BLACK
6
CONTINUOUS
10
131.87
20
-101.3
11
131.84
21
-101.257
0
LINE
8
BLACK
6
CONTINUOUS
10
131.84
20
-101.257
11
131.83
21
-101.205
0
LINE
8
BLACK
6
CONTINUOUS
10
131.83
20
-101.205
11
131.83
21
-100.935
0
LINE
8
BLACK
6
CONTINUOUS
10
131.83
20
-100.935
11
131.84
21
-100.883
0
LINE
8
BLACK
6
CONTINUOUS
10
131.84
20
-100.883
11
131.87
21
-100.84
0
LINE
8
BLACK
6
CONTINUOUS
10
131.87
20
-100.84
11
131.913
21
-100.81
0
LINE
8
BLACK
6
CONTINUOUS
10
131.913
20
-100.81
11
131.965
21
-100.8
0
LINE
8
BLACK
6
CONTINUOUS
10
131.965
20
-100.8
11
132.335
21
-100.8
0
LINE
8
BLACK
6
CONTINUOUS
10
132.335
20
-100.8
11
132.387
21
-100.81
0
LINE
8
BLACK
6
CONTINUOUS
10
133.644
20
-100.551
11
133.689
21
-100.581
0
LINE
8
BLACK
6
CONTINUOUS
10
133.689
20
-100.581
11
133.719
21
-100.626
0
LINE
8
BLACK
6
CONTINUOUS
10
133.719
20
-100.626
11
133.73
21
-100.68
0
LINE
8
BLACK
6
CONTINUOUS
10
133.73
20
-100.68
11
133.73
21
-101.02
0
LINE
8
BLACK
6
CONTINUOUS
10
133.73
20
-101.02
11
133.719
21
-101.074
0
LINE
8
BLACK
6
CONTINUOUS
10
133.719
20
-101.074
11
133.689
21
-101.119
0
LINE
8
BLACK
6
CONTINUOUS
10
133.689
20
-101.119
11
133.644
21
-101.149
0
LINE
8
BLACK
6
CONTINUOUS
10
133.644
20
-101.149
11
133.59
21
-101.16
0
LINE
8
BLACK
6
CONTINUOUS
10
133.59
20
-101.16
11
133.31
21
-101.16
0
LINE
8
BLACK
6
CONTINUOUS
10
133.31
20
-101.16
11
133.256
21
-101.149
0
LINE
8
BLACK
6
CONTINUOUS
10
133.256
20
-101.149
11
133.211
21
-101.119
0
LINE
8
BLACK
6
CONTINUOUS
10
133.211
20
-101.119
11
133.181
21
-101.074
0
LINE
8
BLACK
6
CONTINUOUS
10
133.181
20
-101.074
11
133.17
21
-101.02
0
LINE
8
BLACK
6
CONTINUOUS
10
133.17
20
-101.02
11
133.17
21
-100.68
0
LINE
8
BLACK
6
CONTINUOUS
10
133.17
20
-100.68
11
133.181
21
-100.626
0
LINE
8
BLACK
6
CONTINUOUS
10
133.181
20
-100.626
11
133.211
21
-100.581
0
LINE
8
BLACK
6
CONTINUOUS
10
133.211
20
-100.581
11
133.256
21
-100.551
0
LINE
8
BLACK
6
CONTINUOUS
10
133.256
20
-100.551
11
133.31
21
-100.54
0
LINE
8
BLACK
6
CONTINUOUS
10
133.31
20
-100.54
11
133.59
21
-100.54
0
LINE
8
BLACK
6
CONTINUOUS
10
133.59
20
-100.54
11
133.644
21
-100.551
0
LINE
8
BLACK
6
CONTINUOUS
10
134.604
20
-100.551
11
134.649
21
-100.581
0
LINE
8
BLACK
6
CONTINUOUS
10
134.649
20
-100.581
11
134.679
21
-100.626
0
LINE
8
BLACK
6
CONTINUOUS
10
134.679
20
-100.626
11
134.69
21
-100.68
0
LINE
8
BLACK
6
CONTINUOUS
10
134.69
20
-100.68
11
134.69
21
-101.02
0
LINE
8
BLACK
6
CONTINUOUS
10
134.69
20
-101.02
11
134.679
21
-101.074
0
LINE
8
BLACK
6
CONTINUOUS
10
134.679
20
-101.074
11
134.649
21
-101.119
0
LINE
8
BLACK
6
CONTINUOUS
10
134.649
20
-101.119
11
134.604
21
-101.149
0
LINE
8
BLACK
6
CONTINUOUS
10
134.604
20
-101.149
11
134.55
21
-101.16
0
LINE
8
BLACK
6
CONTINUOUS
10
134.55
20
-101.16
11
134.27
21
-101.16
0
LINE
8
BLACK
6
CONTINUOUS
10
134.27
20
-101.16
11
134.216
21
-101.149
0
LINE
8
BLACK
6
CONTINUOUS
10
134.216
20
-101.149
11
134.171
21
-101.119
0
LINE
8
BLACK
6
CONTINUOUS
10
134.171
20
-101.119
11
134.141
21
-101.074
0
LINE
8
BLACK
6
CONTINUOUS
10
134.141
20
-101.074
11
134.13
21
-101.02
0
LINE
8
BLACK
6
CONTINUOUS
10
134.13
20
-101.02
11
134.13
21
-100.68
0
LINE
8
BLACK
6
CONTINUOUS
10
134.13
20
-100.68
11
134.141
21
-100.626
0
LINE
8
BLACK
6
CONTINUOUS
10
134.141
20
-100.626
11
134.171
21
-100.581
0
LINE
8
BLACK
6
CONTINUOUS
10
134.171
20
-100.581
11
134.216
21
-100.551
0
LINE
8
BLACK
6
CONTINUOUS
10
134.216
20
-100.551
11
134.27
21
-100.54
0
LINE
8
BLACK
6
CONTINUOUS
10
134.27
20
-100.54
11
134.55
21
-100.54
0
LINE
8
BLACK
6
CONTINUOUS
10
134.55
20
-100.54
11
134.604
21
-100.551
0
LINE
8
BLACK
6
CONTINUOUS
10
138.567
20
-100.62
11
138.61
21
-100.65
0
LINE
8
BLACK
6
CONTINUOUS
10
138.61
20
-100.65
11
138.64
21
-100.693
0
LINE
8
BLACK
6
CONTINUOUS
10
138.64
20
-100.693
11
138.65
21
-100.745
0
LINE
8
BLACK
6
CONTINUOUS
10
138.65
20
-100.745
11
138.65
21
-101.015
0
LINE
8
BLACK
6
CONTINUOUS
10
138.65
20
-101.015
11
138.64
21
-101.067
0
LINE
8
BLACK
6
CONTINUOUS
10
138.64
20
-101.067
11
138.61
21
-101.11
0
LINE
8
BLACK
6
CONTINUOUS
10
138.61
20
-101.11
11
138.567
21
-101.14
0
LINE
8
BLACK
6
CONTINUOUS
10
138.567
20
-101.14
11
138.515
21
-101.15
0
LINE
8
BLACK
6
CONTINUOUS
10
138.515
20
-101.15
11
138.145
21
-101.15
0
LINE
8
BLACK
6
CONTINUOUS
10
138.145
20
-101.15
11
138.093
21
-101.14
0
LINE
8
BLACK
6
CONTINUOUS
10
138.093
20
-101.14
11
138.05
21
-101.11
0
LINE
8
BLACK
6
CONTINUOUS
10
138.05
20
-101.11
11
138.02
21
-101.067
0
LINE
8
BLACK
6
CONTINUOUS
10
138.02
20
-101.067
11
138.01
21
-101.015
0
LINE
8
BLACK
6
CONTINUOUS
10
138.01
20
-101.015
11
138.01
21
-100.745
0
LINE
8
BLACK
6
CONTINUOUS
10
138.01
20
-100.745
11
138.02
21
-100.693
0
LINE
8
BLACK
6
CONTINUOUS
10
138.02
20
-100.693
11
138.05
21
-100.65
0
LINE
8
BLACK
6
CONTINUOUS
10
138.05
20
-100.65
11
138.093
21
-100.62
0
LINE
8
BLACK
6
CONTINUOUS
10
138.093
20
-100.62
11
138.145
21
-100.61
0
LINE
8
BLACK
6
CONTINUOUS
10
138.145
20
-100.61
11
138.515
21
-100.61
0
LINE
8
BLACK
6
CONTINUOUS
10
138.515
20
-100.61
11
138.567
21
-100.62
0
LINE
8
BLACK
6
CONTINUOUS
10
140.137
20
-100.6
11
140.18
21
-100.63
0
LINE
8
BLACK
6
CONTINUOUS
10
140.18
20
-100.63
11
140.21
21
-100.673
0
LINE
8
BLACK
6
CONTINUOUS
10
140.21
20
-100.673
11
140.22
21
-100.725
0
LINE
8
BLACK
6
CONTINUOUS
10
140.22
20
-100.725
11
140.22
21
-100.995
0
LINE
8
BLACK
6
CONTINUOUS
10
140.22
20
-100.995
11
140.21
21
-101.047
0
LINE
8
BLACK
6
CONTINUOUS
10
140.21
20
-101.047
11
140.18
21
-101.09
0
LINE
8
BLACK
6
CONTINUOUS
10
140.18
20
-101.09
11
140.137
21
-101.12
0
LINE
8
BLACK
6
CONTINUOUS
10
140.137
20
-101.12
11
140.085
21
-101.13
0
LINE
8
BLACK
6
CONTINUOUS
10
140.085
20
-101.13
11
139.715
21
-101.13
0
LINE
8
BLACK
6
CONTINUOUS
10
139.715
20
-101.13
11
139.663
21
-101.12
0
LINE
8
BLACK
6
CONTINUOUS
10
139.663
20
-101.12
11
139.62
21
-101.09
0
LINE
8
BLACK
6
CONTINUOUS
10
139.62
20
-101.09
11
139.59
21
-101.047
0
LINE
8
BLACK
6
CONTINUOUS
10
139.59
20
-101.047
11
139.58
21
-100.995
0
LINE
8
BLACK
6
CONTINUOUS
10
139.58
20
-100.995
11
139.58
21
-100.725
0
LINE
8
BLACK
6
CONTINUOUS
10
139.58
20
-100.725
11
139.59
21
-100.673
0
LINE
8
BLACK
6
CONTINUOUS
10
139.59
20
-100.673
11
139.62
21
-100.63
0
LINE
8
BLACK
6
CONTINUOUS
10
139.62
20
-100.63
11
139.663
21
-100.6
0
LINE
8
BLACK
6
CONTINUOUS
10
139.663
20
-100.6
11
139.715
21
-100.59
0
LINE
8
BLACK
6
CONTINUOUS
10
139.715
20
-100.59
11
140.085
21
-100.59
0
LINE
8
BLACK
6
CONTINUOUS
10
140.085
20
-100.59
11
140.137
21
-100.6
0
LINE
8
BLACK
6
CONTINUOUS
10
137.464
20
-100.561
11
137.509
21
-100.591
0
LINE
8
BLACK
6
CONTINUOUS
10
137.509
20
-100.591
11
137.539
21
-100.636
0
LINE
8
BLACK
6
CONTINUOUS
10
137.539
20
-100.636
11
137.55
21
-100.69
0
LINE
8
BLACK
6
CONTINUOUS
10
137.55
20
-100.69
11
137.55
21
-100.97
0
LINE
8
BLACK
6
CONTINUOUS
10
137.55
20
-100.97
11
137.539
21
-101.024
0
LINE
8
BLACK
6
CONTINUOUS
10
137.539
20
-101.024
11
137.509
21
-101.069
0
LINE
8
BLACK
6
CONTINUOUS
10
137.509
20
-101.069
11
137.464
21
-101.099
0
LINE
8
BLACK
6
CONTINUOUS
10
137.464
20
-101.099
11
137.41
21
-101.11
0
LINE
8
BLACK
6
CONTINUOUS
10
137.41
20
-101.11
11
137.07
21
-101.11
0
LINE
8
BLACK
6
CONTINUOUS
10
137.07
20
-101.11
11
137.016
21
-101.099
0
LINE
8
BLACK
6
CONTINUOUS
10
137.016
20
-101.099
11
136.971
21
-101.069
0
LINE
8
BLACK
6
CONTINUOUS
10
136.971
20
-101.069
11
136.941
21
-101.024
0
LINE
8
BLACK
6
CONTINUOUS
10
136.941
20
-101.024
11
136.93
21
-100.97
0
LINE
8
BLACK
6
CONTINUOUS
10
136.93
20
-100.97
11
136.93
21
-100.69
0
LINE
8
BLACK
6
CONTINUOUS
10
136.93
20
-100.69
11
136.941
21
-100.636
0
LINE
8
BLACK
6
CONTINUOUS
10
136.941
20
-100.636
11
136.971
21
-100.591
0
LINE
8
BLACK
6
CONTINUOUS
10
136.971
20
-100.591
11
137.016
21
-100.561
0
LINE
8
BLACK
6
CONTINUOUS
10
137.016
20
-100.561
11
137.07
21
-100.55
0
LINE
8
BLACK
6
CONTINUOUS
10
137.07
20
-100.55
11
137.41
21
-100.55
0
LINE
8
BLACK
6
CONTINUOUS
10
137.41
20
-100.55
11
137.464
21
-100.561
0
LINE
8
BLACK
6
CONTINUOUS
10
105.846
20
-97.9195
11
106.09
21
-97.9781
0
LINE
8
BLACK
6
CONTINUOUS
10
106.09
20
-97.9781
11
106.322
21
-98.0742
0
LINE
8
BLACK
6
CONTINUOUS
10
106.322
20
-98.0742
11
106.536
21
-98.2054
0
LINE
8
BLACK
6
CONTINUOUS
10
106.536
20
-98.2054
11
106.727
21
-98.3685
0
LINE
8
BLACK
6
CONTINUOUS
10
106.727
20
-98.3685
11
106.89
21
-98.5594
0
LINE
8
BLACK
6
CONTINUOUS
10
106.89
20
-98.5594
11
107.021
21
-98.7735
0
LINE
8
BLACK
6
CONTINUOUS
10
107.021
20
-98.7735
11
107.117
21
-99.0055
0
LINE
8
BLACK
6
CONTINUOUS
10
107.117
20
-99.0055
11
107.176
21
-99.2497
0
LINE
8
BLACK
6
CONTINUOUS
10
107.176
20
-99.2497
11
107.196
21
-99.5
0
LINE
8
BLACK
6
CONTINUOUS
10
107.196
20
-99.5
11
107.176
21
-99.7503
0
LINE
8
BLACK
6
CONTINUOUS
10
107.176
20
-99.7503
11
107.117
21
-99.9945
0
LINE
8
BLACK
6
CONTINUOUS
10
107.117
20
-99.9945
11
107.021
21
-100.226
0
LINE
8
BLACK
6
CONTINUOUS
10
107.021
20
-100.226
11
106.89
21
-100.441
0
LINE
8
BLACK
6
CONTINUOUS
10
106.89
20
-100.441
11
106.727
21
-100.632
0
LINE
8
BLACK
6
CONTINUOUS
10
106.727
20
-100.632
11
106.536
21
-100.795
0
LINE
8
BLACK
6
CONTINUOUS
10
106.536
20
-100.795
11
106.322
21
-100.926
0
LINE
8
BLACK
6
CONTINUOUS
10
106.322
20
-100.926
11
106.09
21
-101.022
0
LINE
8
BLACK
6
CONTINUOUS
10
106.09
20
-101.022
11
105.846
21
-101.081
0
LINE
8
BLACK
6
CONTINUOUS
10
105.846
20
-101.081
11
105.596
21
-101.1
0
LINE
8
BLACK
6
CONTINUOUS
10
105.596
20
-101.1
11
105.345
21
-101.081
0
LINE
8
BLACK
6
CONTINUOUS
10
105.345
20
-101.081
11
105.101
21
-101.022
0
LINE
8
BLACK
6
CONTINUOUS
10
105.101
20
-101.022
11
104.869
21
-100.926
0
LINE
8
BLACK
6
CONTINUOUS
10
104.869
20
-100.926
11
104.655
21
-100.795
0
LINE
8
BLACK
6
CONTINUOUS
10
104.655
20
-100.795
11
104.464
21
-100.632
0
LINE
8
BLACK
6
CONTINUOUS
10
104.464
20
-100.632
11
104.301
21
-100.441
0
LINE
8
BLACK
6
CONTINUOUS
10
104.301
20
-100.441
11
104.17
21
-100.226
0
LINE
8
BLACK
6
CONTINUOUS
10
104.17
20
-100.226
11
104.074
21
-99.9945
0
LINE
8
BLACK
6
CONTINUOUS
10
104.074
20
-99.9945
11
104.015
21
-99.7503
0
LINE
8
BLACK
6
CONTINUOUS
10
104.015
20
-99.7503
11
103.995
21
-99.5
0
LINE
8
BLACK
6
CONTINUOUS
10
103.995
20
-99.5
11
104.015
21
-99.2497
0
LINE
8
BLACK
6
CONTINUOUS
10
104.015
20
-99.2497
11
104.074
21
-99.0055
0
LINE
8
BLACK
6
CONTINUOUS
10
104.074
20
-99.0055
11
104.17
21
-98.7735
0
LINE
8
BLACK
6
CONTINUOUS
10
104.17
20
-98.7735
11
104.301
21
-98.5594
0
LINE
8
BLACK
6
CONTINUOUS
10
104.301
20
-98.5594
11
104.464
21
-98.3685
0
LINE
8
BLACK
6
CONTINUOUS
10
104.464
20
-98.3685
11
104.655
21
-98.2054
0
LINE
8
BLACK
6
CONTINUOUS
10
104.655
20
-98.2054
11
104.869
21
-98.0742
0
LINE
8
BLACK
6
CONTINUOUS
10
104.869
20
-98.0742
11
105.101
21
-97.9781
0
LINE
8
BLACK
6
CONTINUOUS
10
105.101
20
-97.9781
11
105.345
21
-97.9195
0
LINE
8
BLACK
6
CONTINUOUS
10
105.345
20
-97.9195
11
105.596
21
-97.8998
0
LINE
8
BLACK
6
CONTINUOUS
10
105.596
20
-97.8998
11
105.846
21
-97.9195
0
LINE
8
BLACK
6
CONTINUOUS
10
112.237
20
-100.38
11
112.28
21
-100.41
0
LINE
8
BLACK
6
CONTINUOUS
10
112.28
20
-100.41
11
112.31
21
-100.453
0
LINE
8
BLACK
6
CONTINUOUS
10
112.31
20
-100.453
11
112.32
21
-100.505
0
LINE
8
BLACK
6
CONTINUOUS
10
112.32
20
-100.505
11
112.32
21
-100.775
0
LINE
8
BLACK
6
CONTINUOUS
10
112.32
20
-100.775
11
112.31
21
-100.827
0
LINE
8
BLACK
6
CONTINUOUS
10
112.31
20
-100.827
11
112.28
21
-100.87
0
LINE
8
BLACK
6
CONTINUOUS
10
112.28
20
-100.87
11
112.237
21
-100.9
0
LINE
8
BLACK
6
CONTINUOUS
10
112.237
20
-100.9
11
112.185
21
-100.91
0
LINE
8
BLACK
6
CONTINUOUS
10
112.185
20
-100.91
11
111.815
21
-100.91
0
LINE
8
BLACK
6
CONTINUOUS
10
111.815
20
-100.91
11
111.763
21
-100.9
0
LINE
8
BLACK
6
CONTINUOUS
10
111.763
20
-100.9
11
111.72
21
-100.87
0
LINE
8
BLACK
6
CONTINUOUS
10
111.72
20
-100.87
11
111.69
21
-100.827
0
LINE
8
BLACK
6
CONTINUOUS
10
111.69
20
-100.827
11
111.68
21
-100.775
0
LINE
8
BLACK
6
CONTINUOUS
10
111.68
20
-100.775
11
111.68
21
-100.505
0
LINE
8
BLACK
6
CONTINUOUS
10
111.68
20
-100.505
11
111.69
21
-100.453
0
LINE
8
BLACK
6
CONTINUOUS
10
111.69
20
-100.453
11
111.72
21
-100.41
0
LINE
8
BLACK
6
CONTINUOUS
10
111.72
20
-100.41
11
111.763
21
-100.38
0
LINE
8
BLACK
6
CONTINUOUS
10
111.763
20
-100.38
11
111.815
21
-100.37
0
LINE
8
BLACK
6
CONTINUOUS
10
111.815
20
-100.37
11
112.185
21
-100.37
0
LINE
8
BLACK
6
CONTINUOUS
10
112.185
20
-100.37
11
112.237
21
-100.38
0
LINE
8
BLACK
6
CONTINUOUS
10
173.824
20
-100.301
11
173.869
21
-100.331
0
LINE
8
BLACK
6
CONTINUOUS
10
173.869
20
-100.331
11
173.899
21
-100.376
0
LINE
8
BLACK
6
CONTINUOUS
10
173.899
20
-100.376
11
173.91
21
-100.43
0
LINE
8
BLACK
6
CONTINUOUS
10
173.91
20
-100.43
11
173.91
21
-100.71
0
LINE
8
BLACK
6
CONTINUOUS
10
173.91
20
-100.71
11
173.899
21
-100.764
0
LINE
8
BLACK
6
CONTINUOUS
10
173.899
20
-100.764
11
173.869
21
-100.809
0
LINE
8
BLACK
6
CONTINUOUS
10
173.869
20
-100.809
11
173.824
21
-100.839
0
LINE
8
BLACK
6
CONTINUOUS
10
173.824
20
-100.839
11
173.77
21
-100.85
0
LINE
8
BLACK
6
CONTINUOUS
10
173.77
20
-100.85
11
173.43
21
-100.85
0
LINE
8
BLACK
6
CONTINUOUS
10
173.43
20
-100.85
11
173.376
21
-100.839
0
LINE
8
BLACK
6
CONTINUOUS
10
173.376
20
-100.839
11
173.331
21
-100.809
0
LINE
8
BLACK
6
CONTINUOUS
10
173.331
20
-100.809
11
173.301
21
-100.764
0
LINE
8
BLACK
6
CONTINUOUS
10
173.301
20
-100.764
11
173.29
21
-100.71
0
LINE
8
BLACK
6
CONTINUOUS
10
173.29
20
-100.71
11
173.29
21
-100.43
0
LINE
8
BLACK
6
CONTINUOUS
10
173.29
20
-100.43
11
173.301
21
-100.376
0
LINE
8
BLACK
6
CONTINUOUS
10
173.301
20
-100.376
11
173.331
21
-100.331
0
LINE
8
BLACK
6
CONTINUOUS
10
173.331
20
-100.331
11
173.376
21
-100.301
0
LINE
8
BLACK
6
CONTINUOUS
10
173.376
20
-100.301
11
173.43
21
-100.29
0
LINE
8
BLACK
6
CONTINUOUS
10
173.43
20
-100.29
11
173.77
21
-100.29
0
LINE
8
BLACK
6
CONTINUOUS
10
173.77
20
-100.29
11
173.824
21
-100.301
0
LINE
8
BLACK
6
CONTINUOUS
10
156.203
20
-100.705
11
155.797
21
-100.705
0
LINE
8
BLACK
6
CONTINUOUS
10
155.797
20
-100.705
11
155.797
21
-100.095
0
LINE
8
BLACK
6
CONTINUOUS
10
155.797
20
-100.095
11
156.203
21
-100.095
0
LINE
8
BLACK
6
CONTINUOUS
10
156.203
20
-100.095
11
156.203
21
-100.705
0
LINE
8
BLACK
6
CONTINUOUS
10
157.003
20
-100.705
11
156.597
21
-100.705
0
LINE
8
BLACK
6
CONTINUOUS
10
156.597
20
-100.705
11
156.597
21
-100.095
0
LINE
8
BLACK
6
CONTINUOUS
10
156.597
20
-100.095
11
157.003
21
-100.095
0
LINE
8
BLACK
6
CONTINUOUS
10
157.003
20
-100.095
11
157.003
21
-100.705
0
LINE
8
BLACK
6
CONTINUOUS
10
157.803
20
-100.705
11
157.397
21
-100.705
0
LINE
8
BLACK
6
CONTINUOUS
10
157.397
20
-100.705
11
157.397
21
-100.095
0
LINE
8
BLACK
6
CONTINUOUS
10
157.397
20
-100.095
11
157.803
21
-100.095
0
LINE
8
BLACK
6
CONTINUOUS
10
157.803
20
-100.095
11
157.803
21
-100.705
0
LINE
8
BLACK
6
CONTINUOUS
10
158.603
20
-100.705
11
158.197
21
-100.705
0
LINE
8
BLACK
6
CONTINUOUS
10
158.197
20
-100.705
11
158.197
21
-100.095
0
LINE
8
BLACK
6
CONTINUOUS
10
158.197
20
-100.095
11
158.603
21
-100.095
0
LINE
8
BLACK
6
CONTINUOUS
10
158.603
20
-100.095
11
158.603
21
-100.705
0
LINE
8
BLACK
6
CONTINUOUS
10
159.403
20
-100.705
11
158.997
21
-100.705
0
LINE
8
BLACK
6
CONTINUOUS
10
158.997
20
-100.705
11
158.997
21
-100.095
0
LINE
8
BLACK
6
CONTINUOUS
10
158.997
20
-100.095
11
159.403
21
-100.095
0
LINE
8
BLACK
6
CONTINUOUS
10
159.403
20
-100.095
11
159.403
21
-100.705
0
LINE
8
BLACK
6
CONTINUOUS
10
160.203
20
-100.705
11
159.797
21
-100.705
0
LINE
8
BLACK
6
CONTINUOUS
10
159.797
20
-100.705
11
159.797
21
-100.095
0
LINE
8
BLACK
6
CONTINUOUS
10
159.797
20
-100.095
11
160.203
21
-100.095
0
LINE
8
BLACK
6
CONTINUOUS
10
160.203
20
-100.095
11
160.203
21
-100.705
0
LINE
8
BLACK
6
CONTINUOUS
10
161.003
20
-100.705
11
160.597
21
-100.705
0
LINE
8
BLACK
6
CONTINUOUS
10
160.597
20
-100.705
11
160.597
21
-100.095
0
LINE
8
BLACK
6
CONTINUOUS
10
160.597
20
-100.095
11
161.003
21
-100.095
0
LINE
8
BLACK
6
CONTINUOUS
10
161.003
20
-100.095
11
161.003
21
-100.705
0
LINE
8
BLACK
6
CONTINUOUS
10
161.803
20
-100.705
11
161.397
21
-100.705
0
LINE
8
BLACK
6
CONTINUOUS
10
161.397
20
-100.705
11
161.397
21
-100.095
0
LINE
8
BLACK
6
CONTINUOUS
10
161.397
20
-100.095
11
161.803
21
-100.095
0
LINE
8
BLACK
6
CONTINUOUS
10
161.803
20
-100.095
11
161.803
21
-100.705
0
LINE
8
BLACK
6
CONTINUOUS
10
162.603
20
-100.705
11
162.197
21
-100.705
0
LINE
8
BLACK
6
CONTINUOUS
10
162.197
20
-100.705
11
162.197
21
-100.095
0
LINE
8
BLACK
6
CONTINUOUS
10
162.197
20
-100.095
11
162.603
21
-100.095
0
LINE
8
BLACK
6
CONTINUOUS
10
162.603
20
-100.095
11
162.603
21
-100.705
0
LINE
8
BLACK
6
CONTINUOUS
10
163.403
20
-100.705
11
162.997
21
-100.705
0
LINE
8
BLACK
6
CONTINUOUS
10
162.997
20
-100.705
11
162.997
21
-100.095
0
LINE
8
BLACK
6
CONTINUOUS
10
162.997
20
-100.095
11
163.403
21
-100.095
0
LINE
8
BLACK
6
CONTINUOUS
10
163.403
20
-100.095
11
163.403
21
-100.705
0
LINE
8
BLACK
6
CONTINUOUS
10
164.203
20
-100.705
11
163.797
21
-100.705
0
LINE
8
BLACK
6
CONTINUOUS
10
163.797
20
-100.705
11
163.797
21
-100.095
0
LINE
8
BLACK
6
CONTINUOUS
10
163.797
20
-100.095
11
164.203
21
-100.095
0
LINE
8
BLACK
6
CONTINUOUS
10
164.203
20
-100.095
11
164.203
21
-100.705
0
LINE
8
BLACK
6
CONTINUOUS
10
165.003
20
-100.705
11
164.597
21
-100.705
0
LINE
8
BLACK
6
CONTINUOUS
10
164.597
20
-100.705
11
164.597
21
-100.095
0
LINE
8
BLACK
6
CONTINUOUS
10
164.597
20
-100.095
11
165.003
21
-100.095
0
LINE
8
BLACK
6
CONTINUOUS
10
165.003
20
-100.095
11
165.003
21
-100.705
0
LINE
8
BLACK
6
CONTINUOUS
10
165.803
20
-100.705
11
165.397
21
-100.705
0
LINE
8
BLACK
6
CONTINUOUS
10
165.397
20
-100.705
11
165.397
21
-100.095
0
LINE
8
BLACK
6
CONTINUOUS
10
165.397
20
-100.095
11
165.803
21
-100.095
0
LINE
8
BLACK
6
CONTINUOUS
10
165.803
20
-100.095
11
165.803
21
-100.705
0
LINE
8
BLACK
6
CONTINUOUS
10
126.244
20
-99.5757
11
126.289
21
-99.606
0
LINE
8
BLACK
6
CONTINUOUS
10
126.289
20
-99.606
11
126.319
21
-99.6514
0
LINE
8
BLACK
6
CONTINUOUS
10
126.319
20
-99.6514
11
126.33
21
-99.705
0
LINE
8
BLACK
6
CONTINUOUS
10
126.33
20
-99.705
11
126.33
21
-100.045
0
LINE
8
BLACK
6
CONTINUOUS
10
126.33
20
-100.045
11
126.319
21
-100.099
0
LINE
8
BLACK
6
CONTINUOUS
10
126.319
20
-100.099
11
126.289
21
-100.144
0
LINE
8
BLACK
6
CONTINUOUS
10
126.289
20
-100.144
11
126.244
21
-100.174
0
LINE
8
BLACK
6
CONTINUOUS
10
126.244
20
-100.174
11
126.19
21
-100.185
0
LINE
8
BLACK
6
CONTINUOUS
10
126.19
20
-100.185
11
125.91
21
-100.185
0
LINE
8
BLACK
6
CONTINUOUS
10
125.91
20
-100.185
11
125.856
21
-100.174
0
LINE
8
BLACK
6
CONTINUOUS
10
125.856
20
-100.174
11
125.811
21
-100.144
0
LINE
8
BLACK
6
CONTINUOUS
10
125.811
20
-100.144
11
125.781
21
-100.099
0
LINE
8
BLACK
6
CONTINUOUS
10
125.781
20
-100.099
11
125.77
21
-100.045
0
LINE
8
BLACK
6
CONTINUOUS
10
125.77
20
-100.045
11
125.77
21
-99.705
0
LINE
8
BLACK
6
CONTINUOUS
10
125.77
20
-99.705
11
125.781
21
-99.6514
0
LINE
8
BLACK
6
CONTINUOUS
10
125.781
20
-99.6514
11
125.811
21
-99.606
0
LINE
8
BLACK
6
CONTINUOUS
10
125.811
20
-99.606
11
125.856
21
-99.5757
0
LINE
8
BLACK
6
CONTINUOUS
10
125.856
20
-99.5757
11
125.91
21
-99.565
0
LINE
8
BLACK
6
CONTINUOUS
10
125.91
20
-99.565
11
126.19
21
-99.565
0
LINE
8
BLACK
6
CONTINUOUS
10
126.19
20
-99.565
11
126.244
21
-99.5757
0
LINE
8
BLACK
6
CONTINUOUS
10
127.204
20
-99.5757
11
127.249
21
-99.606
0
LINE
8
BLACK
6
CONTINUOUS
10
127.249
20
-99.606
11
127.279
21
-99.6514
0
LINE
8
BLACK
6
CONTINUOUS
10
127.279
20
-99.6514
11
127.29
21
-99.705
0
LINE
8
BLACK
6
CONTINUOUS
10
127.29
20
-99.705
11
127.29
21
-100.045
0
LINE
8
BLACK
6
CONTINUOUS
10
127.29
20
-100.045
11
127.279
21
-100.099
0
LINE
8
BLACK
6
CONTINUOUS
10
127.279
20
-100.099
11
127.249
21
-100.144
0
LINE
8
BLACK
6
CONTINUOUS
10
127.249
20
-100.144
11
127.204
21
-100.174
0
LINE
8
BLACK
6
CONTINUOUS
10
127.204
20
-100.174
11
127.15
21
-100.185
0
LINE
8
BLACK
6
CONTINUOUS
10
127.15
20
-100.185
11
126.87
21
-100.185
0
LINE
8
BLACK
6
CONTINUOUS
10
126.87
20
-100.185
11
126.816
21
-100.174
0
LINE
8
BLACK
6
CONTINUOUS
10
126.816
20
-100.174
11
126.771
21
-100.144
0
LINE
8
BLACK
6
CONTINUOUS
10
126.771
20
-100.144
11
126.741
21
-100.099
0
LINE
8
BLACK
6
CONTINUOUS
10
126.741
20
-100.099
11
126.73
21
-100.045
0
LINE
8
BLACK
6
CONTINUOUS
10
126.73
20
-100.045
11
126.73
21
-99.705
0
LINE
8
BLACK
6
CONTINUOUS
10
126.73
20
-99.705
11
126.741
21
-99.6514
0
LINE
8
BLACK
6
CONTINUOUS
10
126.741
20
-99.6514
11
126.771
21
-99.606
0
LINE
8
BLACK
6
CONTINUOUS
10
126.771
20
-99.606
11
126.816
21
-99.5757
0
LINE
8
BLACK
6
CONTINUOUS
10
126.816
20
-99.5757
11
126.87
21
-99.565
0
LINE
8
BLACK
6
CONTINUOUS
10
126.87
20
-99.565
11
127.15
21
-99.565
0
LINE
8
BLACK
6
CONTINUOUS
10
127.15
20
-99.565
11
127.204
21
-99.5757
0
LINE
8
BLACK
6
CONTINUOUS
10
137.464
20
-99.6007
11
137.509
21
-99.631
0
LINE
8
BLACK
6
CONTINUOUS
10
137.509
20
-99.631
11
137.539
21
-99.6764
0
LINE
8
BLACK
6
CONTINUOUS
10
137.539
20
-99.6764
11
137.55
21
-99.73
0
LINE
8
BLACK
6
CONTINUOUS
10
137.55
20
-99.73
11
137.55
21
-100.01
0
LINE
8
BLACK
6
CONTINUOUS
10
137.55
20
-100.01
11
137.539
21
-100.064
0
LINE
8
BLACK
6
CONTINUOUS
10
137.539
20
-100.064
11
137.509
21
-100.109
0
LINE
8
BLACK
6
CONTINUOUS
10
137.509
20
-100.109
11
137.464
21
-100.139
0
LINE
8
BLACK
6
CONTINUOUS
10
137.464
20
-100.139
11
137.41
21
-100.15
0
LINE
8
BLACK
6
CONTINUOUS
10
137.41
20
-100.15
11
137.07
21
-100.15
0
LINE
8
BLACK
6
CONTINUOUS
10
137.07
20
-100.15
11
137.016
21
-100.139
0
LINE
8
BLACK
6
CONTINUOUS
10
137.016
20
-100.139
11
136.971
21
-100.109
0
LINE
8
BLACK
6
CONTINUOUS
10
136.971
20
-100.109
11
136.941
21
-100.064
0
LINE
8
BLACK
6
CONTINUOUS
10
136.941
20
-100.064
11
136.93
21
-100.01
0
LINE
8
BLACK
6
CONTINUOUS
10
136.93
20
-100.01
11
136.93
21
-99.73
0
LINE
8
BLACK
6
CONTINUOUS
10
136.93
20
-99.73
11
136.941
21
-99.6764
0
LINE
8
BLACK
6
CONTINUOUS
10
136.941
20
-99.6764
11
136.971
21
-99.631
0
LINE
8
BLACK
6
CONTINUOUS
10
136.971
20
-99.631
11
137.016
21
-99.6007
0
LINE
8
BLACK
6
CONTINUOUS
10
137.016
20
-99.6007
11
137.07
21
-99.59
0
LINE
8
BLACK
6
CONTINUOUS
10
137.07
20
-99.59
11
137.41
21
-99.59
0
LINE
8
BLACK
6
CONTINUOUS
10
137.41
20
-99.59
11
137.464
21
-99.6007
0
LINE
8
BLACK
6
CONTINUOUS
10
138.567
20
-99.6003
11
138.61
21
-99.6295
0
LINE
8
BLACK
6
CONTINUOUS
10
138.61
20
-99.6295
11
138.64
21
-99.6733
0
LINE
8
BLACK
6
CONTINUOUS
10
138.64
20
-99.6733
11
138.65
21
-99.725
0
LINE
8
BLACK
6
CONTINUOUS
10
138.65
20
-99.725
11
138.65
21
-99.995
0
LINE
8
BLACK
6
CONTINUOUS
10
138.65
20
-99.995
11
138.64
21
-100.047
0
LINE
8
BLACK
6
CONTINUOUS
10
138.64
20
-100.047
11
138.61
21
-100.09
0
LINE
8
BLACK
6
CONTINUOUS
10
138.61
20
-100.09
11
138.567
21
-100.12
0
LINE
8
BLACK
6
CONTINUOUS
10
138.567
20
-100.12
11
138.515
21
-100.13
0
LINE
8
BLACK
6
CONTINUOUS
10
138.515
20
-100.13
11
138.145
21
-100.13
0
LINE
8
BLACK
6
CONTINUOUS
10
138.145
20
-100.13
11
138.093
21
-100.12
0
LINE
8
BLACK
6
CONTINUOUS
10
138.093
20
-100.12
11
138.05
21
-100.09
0
LINE
8
BLACK
6
CONTINUOUS
10
138.05
20
-100.09
11
138.02
21
-100.047
0
LINE
8
BLACK
6
CONTINUOUS
10
138.02
20
-100.047
11
138.01
21
-99.995
0
LINE
8
BLACK
6
CONTINUOUS
10
138.01
20
-99.995
11
138.01
21
-99.725
0
LINE
8
BLACK
6
CONTINUOUS
10
138.01
20
-99.725
11
138.02
21
-99.6733
0
LINE
8
BLACK
6
CONTINUOUS
10
138.02
20
-99.6733
11
138.05
21
-99.6295
0
LINE
8
BLACK
6
CONTINUOUS
10
138.05
20
-99.6295
11
138.093
21
-99.6003
0
LINE
8
BLACK
6
CONTINUOUS
10
138.093
20
-99.6003
11
138.145
21
-99.59
0
LINE
8
BLACK
6
CONTINUOUS
10
138.145
20
-99.59
11
138.515
21
-99.59
0
LINE
8
BLACK
6
CONTINUOUS
10
138.515
20
-99.59
11
138.567
21
-99.6003
0
LINE
8
BLACK
6
CONTINUOUS
10
140.137
20
-99.5803
11
140.18
21
-99.6095
0
LINE
8
BLACK
6
CONTINUOUS
10
140.18
20
-99.6095
11
140.21
21
-99.6533
0
LINE
8
BLACK
6
CONTINUOUS
10
140.21
20
-99.6533
11
140.22
21
-99.705
0
LINE
8
BLACK
6
CONTINUOUS
10
140.22
20
-99.705
11
140.22
21
-99.975
0
LINE
8
BLACK
6
CONTINUOUS
10
140.22
20
-99.975
11
140.21
21
-100.027
0
LINE
8
BLACK
6
CONTINUOUS
10
140.21
20
-100.027
11
140.18
21
-100.07
0
LINE
8
BLACK
6
CONTINUOUS
10
140.18
20
-100.07
11
140.137
21
-100.1
0
LINE
8
BLACK
6
CONTINUOUS
10
140.137
20
-100.1
11
140.085
21
-100.11
0
LINE
8
BLACK
6
CONTINUOUS
10
140.085
20
-100.11
11
139.715
21
-100.11
0
LINE
8
BLACK
6
CONTINUOUS
10
139.715
20
-100.11
11
139.663
21
-100.1
0
LINE
8
BLACK
6
CONTINUOUS
10
139.663
20
-100.1
11
139.62
21
-100.07
0
LINE
8
BLACK
6
CONTINUOUS
10
139.62
20
-100.07
11
139.59
21
-100.027
0
LINE
8
BLACK
6
CONTINUOUS
10
139.59
20
-100.027
11
139.58
21
-99.975
0
LINE
8
BLACK
6
CONTINUOUS
10
139.58
20
-99.975
11
139.58
21
-99.705
0
LINE
8
BLACK
6
CONTINUOUS
10
139.58
20
-99.705
11
139.59
21
-99.6533
0
LINE
8
BLACK
6
CONTINUOUS
10
139.59
20
-99.6533
11
139.62
21
-99.6095
0
LINE
8
BLACK
6
CONTINUOUS
10
139.62
20
-99.6095
11
139.663
21
-99.5803
0
LINE
8
BLACK
6
CONTINUOUS
10
139.663
20
-99.5803
11
139.715
21
-99.57
0
LINE
8
BLACK
6
CONTINUOUS
10
139.715
20
-99.57
11
140.085
21
-99.57
0
LINE
8
BLACK
6
CONTINUOUS
10
140.085
20
-99.57
11
140.137
21
-99.5803
0
LINE
8
BLACK
6
CONTINUOUS
10
124.661
20
-99.0771
11
124.734
21
-99.1259
0
LINE
8
BLACK
6
CONTINUOUS
10
124.734
20
-99.1259
11
124.783
21
-99.1989
0
LINE
8
BLACK
6
CONTINUOUS
10
124.783
20
-99.1989
11
124.8
21
-99.285
0
LINE
8
BLACK
6
CONTINUOUS
10
124.8
20
-99.285
11
124.8
21
-99.735
0
LINE
8
BLACK
6
CONTINUOUS
10
124.8
20
-99.735
11
124.783
21
-99.8211
0
LINE
8
BLACK
6
CONTINUOUS
10
124.783
20
-99.8211
11
124.734
21
-99.8941
0
LINE
8
BLACK
6
CONTINUOUS
10
124.734
20
-99.8941
11
124.661
21
-99.9429
0
LINE
8
BLACK
6
CONTINUOUS
10
124.661
20
-99.9429
11
124.575
21
-99.96
0
LINE
8
BLACK
6
CONTINUOUS
10
124.575
20
-99.96
11
124.075
21
-99.96
0
LINE
8
BLACK
6
CONTINUOUS
10
124.075
20
-99.96
11
123.989
21
-99.9429
0
LINE
8
BLACK
6
CONTINUOUS
10
123.989
20
-99.9429
11
123.916
21
-99.8941
0
LINE
8
BLACK
6
CONTINUOUS
10
123.916
20
-99.8941
11
123.867
21
-99.8211
0
LINE
8
BLACK
6
CONTINUOUS
10
123.867
20
-99.8211
11
123.85
21
-99.735
0
LINE
8
BLACK
6
CONTINUOUS
10
123.85
20
-99.735
11
123.85
21
-99.285
0
LINE
8
BLACK
6
CONTINUOUS
10
123.85
20
-99.285
11
123.867
21
-99.1989
0
LINE
8
BLACK
6
CONTINUOUS
10
123.867
20
-99.1989
11
123.916
21
-99.1259
0
LINE
8
BLACK
6
CONTINUOUS
10
123.916
20
-99.1259
11
123.989
21
-99.0771
0
LINE
8
BLACK
6
CONTINUOUS
10
123.989
20
-99.0771
11
124.075
21
-99.06
0
LINE
8
BLACK
6
CONTINUOUS
10
124.075
20
-99.06
11
124.575
21
-99.06
0
LINE
8
BLACK
6
CONTINUOUS
10
124.575
20
-99.06
11
124.661
21
-99.0771
0
LINE
8
BLACK
6
CONTINUOUS
10
115.115
20
-99.91
11
114.665
21
-99.91
0
LINE
8
BLACK
6
CONTINUOUS
10
114.665
20
-99.91
11
114.665
21
-99.21
0
LINE
8
BLACK
6
CONTINUOUS
10
114.665
20
-99.21
11
115.115
21
-99.21
0
LINE
8
BLACK
6
CONTINUOUS
10
115.115
20
-99.21
11
115.115
21
-99.91
0
LINE
8
BLACK
6
CONTINUOUS
10
116.415
20
-99.91
11
115.965
21
-99.91
0
LINE
8
BLACK
6
CONTINUOUS
10
115.965
20
-99.91
11
115.965
21
-99.21
0
LINE
8
BLACK
6
CONTINUOUS
10
115.965
20
-99.21
11
116.415
21
-99.21
0
LINE
8
BLACK
6
CONTINUOUS
10
116.415
20
-99.21
11
116.415
21
-99.91
0
LINE
8
BLACK
6
CONTINUOUS
10
120.325
20
-99.875
11
119.875
21
-99.875
0
LINE
8
BLACK
6
CONTINUOUS
10
119.875
20
-99.875
11
119.875
21
-99.175
0
LINE
8
BLACK
6
CONTINUOUS
10
119.875
20
-99.175
11
120.325
21
-99.175
0
LINE
8
BLACK
6
CONTINUOUS
10
120.325
20
-99.175
11
120.325
21
-99.875
0
LINE
8
BLACK
6
CONTINUOUS
10
121.625
20
-99.875
11
121.175
21
-99.875
0
LINE
8
BLACK
6
CONTINUOUS
10
121.175
20
-99.875
11
121.175
21
-99.175
0
LINE
8
BLACK
6
CONTINUOUS
10
121.175
20
-99.175
11
121.625
21
-99.175
0
LINE
8
BLACK
6
CONTINUOUS
10
121.625
20
-99.175
11
121.625
21
-99.875
0
LINE
8
BLACK
6
CONTINUOUS
10
168.65
20
-99.85
11
168.45
21
-99.85
0
LINE
8
BLACK
6
CONTINUOUS
10
168.45
20
-99.85
11
168.45
21
-98.75
0
LINE
8
BLACK
6
CONTINUOUS
10
168.45
20
-98.75
11
168.65
21
-98.75
0
LINE
8
BLACK
6
CONTINUOUS
10
168.65
20
-98.75
11
168.65
21
-99.85
0
LINE
8
BLACK
6
CONTINUOUS
10
169.05
20
-99.85
11
168.85
21
-99.85
0
LINE
8
BLACK
6
CONTINUOUS
10
168.85
20
-99.85
11
168.85
21
-98.85
0
LINE
8
BLACK
6
CONTINUOUS
10
168.85
20
-98.85
11
169.05
21
-98.85
0
LINE
8
BLACK
6
CONTINUOUS
10
169.05
20
-98.85
11
169.05
21
-99.85
0
LINE
8
BLACK
6
CONTINUOUS
10
169.45
20
-99.85
11
169.25
21
-99.85
0
LINE
8
BLACK
6
CONTINUOUS
10
169.25
20
-99.85
11
169.25
21
-98.85
0
LINE
8
BLACK
6
CONTINUOUS
10
169.25
20
-98.85
11
169.45
21
-98.85
0
LINE
8
BLACK
6
CONTINUOUS
10
169.45
20
-98.85
11
169.45
21
-99.85
0
LINE
8
BLACK
6
CONTINUOUS
10
169.85
20
-99.85
11
169.65
21
-99.85
0
LINE
8
BLACK
6
CONTINUOUS
10
169.65
20
-99.85
11
169.65
21
-98.85
0
LINE
8
BLACK
6
CONTINUOUS
10
169.65
20
-98.85
11
169.85
21
-98.85
0
LINE
8
BLACK
6
CONTINUOUS
10
169.85
20
-98.85
11
169.85
21
-99.85
0
LINE
8
BLACK
6
CONTINUOUS
10
170.25
20
-99.85
11
170.05
21
-99.85
0
LINE
8
BLACK
6
CONTINUOUS
10
170.05
20
-99.85
11
170.05
21
-98.85
0
LINE
8
BLACK
6
CONTINUOUS
10
170.05
20
-98.85
11
170.25
21
-98.85
0
LINE
8
BLACK
6
CONTINUOUS
10
170.25
20
-98.85
11
170.25
21
-99.85
0
LINE
8
BLACK
6
CONTINUOUS
10
170.65
20
-99.85
11
170.45
21
-99.85
0
LINE
8
BLACK
6
CONTINUOUS
10
170.45
20
-99.85
11
170.45
21
-98.85
0
LINE
8
BLACK
6
CONTINUOUS
10
170.45
20
-98.85
11
170.65
21
-98.85
0
LINE
8
BLACK
6
CONTINUOUS
10
170.65
20
-98.85
11
170.65
21
-99.85
0
LINE
8
BLACK
6
CONTINUOUS
10
171.05
20
-99.85
11
170.85
21
-99.85
0
LINE
8
BLACK
6
CONTINUOUS
10
170.85
20
-99.85
11
170.85
21
-98.85
0
LINE
8
BLACK
6
CONTINUOUS
10
170.85
20
-98.85
11
171.05
21
-98.85
0
LINE
8
BLACK
6
CONTINUOUS
10
171.05
20
-98.85
11
171.05
21
-99.85
0
LINE
8
BLACK
6
CONTINUOUS
10
171.45
20
-99.85
11
171.25
21
-99.85
0
LINE
8
BLACK
6
CONTINUOUS
10
171.25
20
-99.85
11
171.25
21
-98.85
0
LINE
8
BLACK
6
CONTINUOUS
10
171.25
20
-98.85
11
171.45
21
-98.85
0
LINE
8
BLACK
6
CONTINUOUS
10
171.45
20
-98.85
11
171.45
21
-99.85
0
LINE
8
BLACK
6
CONTINUOUS
10
171.85
20
-99.85
11
171.65
21
-99.85
0
LINE
8
BLACK
6
CONTINUOUS
10
171.65
20
-99.85
11
171.65
21
-98.85
0
LINE
8
BLACK
6
CONTINUOUS
10
171.65
20
-98.85
11
171.85
21
-98.85
0
LINE
8
BLACK
6
CONTINUOUS
10
171.85
20
-98.85
11
171.85
21
-99.85
0
LINE
8
BLACK
6
CONTINUOUS
10
172.25
20
-99.85
11
172.05
21
-99.85
0
LINE
8
BLACK
6
CONTINUOUS
10
172.05
20
-99.85
11
172.05
21
-98.85
0
LINE
8
BLACK
6
CONTINUOUS
10
172.05
20
-98.85
11
172.25
21
-98.85
0
LINE
8
BLACK
6
CONTINUOUS
10
172.25
20
-98.85
11
172.25
21
-99.85
0
LINE
8
BLACK
6
CONTINUOUS
10
128.674
20
-98.2807
11
128.698
21
-98.297
0
LINE
8
BLACK
6
CONTINUOUS
10
128.698
20
-98.297
11
128.714
21
-98.3213
0
LINE
8
BLACK
6
CONTINUOUS
10
128.714
20
-98.3213
11
128.72
21
-98.35
0
LINE
8
BLACK
6
CONTINUOUS
10
128.72
20
-98.35
11
128.72
21
-99.75
0
LINE
8
BLACK
6
CONTINUOUS
10
128.72
20
-99.75
11
128.714
21
-99.7787
0
LINE
8
BLACK
6
CONTINUOUS
10
128.714
20
-99.7787
11
128.698
21
-99.803
0
LINE
8
BLACK
6
CONTINUOUS
10
128.698
20
-99.803
11
128.674
21
-99.8193
0
LINE
8
BLACK
6
CONTINUOUS
10
128.674
20
-99.8193
11
128.645
21
-99.825
0
LINE
8
BLACK
6
CONTINUOUS
10
128.645
20
-99.825
11
128.495
21
-99.825
0
LINE
8
BLACK
6
CONTINUOUS
10
128.495
20
-99.825
11
128.466
21
-99.8193
0
LINE
8
BLACK
6
CONTINUOUS
10
128.466
20
-99.8193
11
128.442
21
-99.803
0
LINE
8
BLACK
6
CONTINUOUS
10
128.442
20
-99.803
11
128.426
21
-99.7787
0
LINE
8
BLACK
6
CONTINUOUS
10
128.426
20
-99.7787
11
128.42
21
-99.75
0
LINE
8
BLACK
6
CONTINUOUS
10
128.42
20
-99.75
11
128.42
21
-98.35
0
LINE
8
BLACK
6
CONTINUOUS
10
128.42
20
-98.35
11
128.426
21
-98.3213
0
LINE
8
BLACK
6
CONTINUOUS
10
128.426
20
-98.3213
11
128.442
21
-98.297
0
LINE
8
BLACK
6
CONTINUOUS
10
128.442
20
-98.297
11
128.466
21
-98.2807
0
LINE
8
BLACK
6
CONTINUOUS
10
128.466
20
-98.2807
11
128.495
21
-98.275
0
LINE
8
BLACK
6
CONTINUOUS
10
128.495
20
-98.275
11
128.645
21
-98.275
0
LINE
8
BLACK
6
CONTINUOUS
10
128.645
20
-98.275
11
128.674
21
-98.2807
0
LINE
8
BLACK
6
CONTINUOUS
10
129.174
20
-98.2807
11
129.198
21
-98.297
0
LINE
8
BLACK
6
CONTINUOUS
10
129.198
20
-98.297
11
129.214
21
-98.3213
0
LINE
8
BLACK
6
CONTINUOUS
10
129.214
20
-98.3213
11
129.22
21
-98.35
0
LINE
8
BLACK
6
CONTINUOUS
10
129.22
20
-98.35
11
129.22
21
-99.75
0
LINE
8
BLACK
6
CONTINUOUS
10
129.22
20
-99.75
11
129.214
21
-99.7787
0
LINE
8
BLACK
6
CONTINUOUS
10
129.214
20
-99.7787
11
129.198
21
-99.803
0
LINE
8
BLACK
6
CONTINUOUS
10
129.198
20
-99.803
11
129.174
21
-99.8193
0
LINE
8
BLACK
6
CONTINUOUS
10
129.174
20
-99.8193
11
129.145
21
-99.825
0
LINE
8
BLACK
6
CONTINUOUS
10
129.145
20
-99.825
11
128.995
21
-99.825
0
LINE
8
BLACK
6
CONTINUOUS
10
128.995
20
-99.825
11
128.966
21
-99.8193
0
LINE
8
BLACK
6
CONTINUOUS
10
128.966
20
-99.8193
11
128.942
21
-99.803
0
LINE
8
BLACK
6
CONTINUOUS
10
128.942
20
-99.803
11
128.926
21
-99.7787
0
LINE
8
BLACK
6
CONTINUOUS
10
128.926
20
-99.7787
11
128.92
21
-99.75
0
LINE
8
BLACK
6
CONTINUOUS
10
128.92
20
-99.75
11
128.92
21
-98.35
0
LINE
8
BLACK
6
CONTINUOUS
10
128.92
20
-98.35
11
128.926
21
-98.3213
0
LINE
8
BLACK
6
CONTINUOUS
10
128.926
20
-98.3213
11
128.942
21
-98.297
0
LINE
8
BLACK
6
CONTINUOUS
10
128.942
20
-98.297
11
128.966
21
-98.2807
0
LINE
8
BLACK
6
CONTINUOUS
10
128.966
20
-98.2807
11
128.995
21
-98.275
0
LINE
8
BLACK
6
CONTINUOUS
10
128.995
20
-98.275
11
129.145
21
-98.275
0
LINE
8
BLACK
6
CONTINUOUS
10
129.145
20
-98.275
11
129.174
21
-98.2807
0
LINE
8
BLACK
6
CONTINUOUS
10
129.674
20
-98.2807
11
129.698
21
-98.297
0
LINE
8
BLACK
6
CONTINUOUS
10
129.698
20
-98.297
11
129.714
21
-98.3213
0
LINE
8
BLACK
6
CONTINUOUS
10
129.714
20
-98.3213
11
129.72
21
-98.35
0
LINE
8
BLACK
6
CONTINUOUS
10
129.72
20
-98.35
11
129.72
21
-99.75
0
LINE
8
BLACK
6
CONTINUOUS
10
129.72
20
-99.75
11
129.714
21
-99.7787
0
LINE
8
BLACK
6
CONTINUOUS
10
129.714
20
-99.7787
11
129.698
21
-99.803
0
LINE
8
BLACK
6
CONTINUOUS
10
129.698
20
-99.803
11
129.674
21
-99.8193
0
LINE
8
BLACK
6
CONTINUOUS
10
129.674
20
-99.8193
11
129.645
21
-99.825
0
LINE
8
BLACK
6
CONTINUOUS
10
129.645
20
-99.825
11
129.495
21
-99.825
0
LINE
8
BLACK
6
CONTINUOUS
10
129.495
20
-99.825
11
129.466
21
-99.8193
0
LINE
8
BLACK
6
CONTINUOUS
10
129.466
20
-99.8193
11
129.442
21
-99.803
0
LINE
8
BLACK
6
CONTINUOUS
10
129.442
20
-99.803
11
129.426
21
-99.7787
0
LINE
8
BLACK
6
CONTINUOUS
10
129.426
20
-99.7787
11
129.42
21
-99.75
0
LINE
8
BLACK
6
CONTINUOUS
10
129.42
20
-99.75
11
129.42
21
-98.35
0
LINE
8
BLACK
6
CONTINUOUS
10
129.42
20
-98.35
11
129.426
21
-98.3213
0
LINE
8
BLACK
6
CONTINUOUS
10
129.426
20
-98.3213
11
129.442
21
-98.297
0
LINE
8
BLACK
6
CONTINUOUS
10
129.442
20
-98.297
11
129.466
21
-98.2807
0
LINE
8
BLACK
6
CONTINUOUS
10
129.466
20
-98.2807
11
129.495
21
-98.275
0
LINE
8
BLACK
6
CONTINUOUS
10
129.495
20
-98.275
11
129.645
21
-98.275
0
LINE
8
BLACK
6
CONTINUOUS
10
129.645
20
-98.275
11
129.674
21
-98.2807
0
LINE
8
BLACK
6
CONTINUOUS
10
130.174
20
-98.2807
11
130.198
21
-98.297
0
LINE
8
BLACK
6
CONTINUOUS
10
130.198
20
-98.297
11
130.214
21
-98.3213
0
LINE
8
BLACK
6
CONTINUOUS
10
130.214
20
-98.3213
11
130.22
21
-98.35
0
LINE
8
BLACK
6
CONTINUOUS
10
130.22
20
-98.35
11
130.22
21
-99.75
0
LINE
8
BLACK
6
CONTINUOUS
10
130.22
20
-99.75
11
130.214
21
-99.7787
0
LINE
8
BLACK
6
CONTINUOUS
10
130.214
20
-99.7787
11
130.198
21
-99.803
0
LINE
8
BLACK
6
CONTINUOUS
10
130.198
20
-99.803
11
130.174
21
-99.8193
0
LINE
8
BLACK
6
CONTINUOUS
10
130.174
20
-99.8193
11
130.145
21
-99.825
0
LINE
8
BLACK
6
CONTINUOUS
10
130.145
20
-99.825
11
129.995
21
-99.825
0
LINE
8
BLACK
6
CONTINUOUS
10
129.995
20
-99.825
11
129.966
21
-99.8193
0
LINE
8
BLACK
6
CONTINUOUS
10
129.966
20
-99.8193
11
129.942
21
-99.803
0
LINE
8
BLACK
6
CONTINUOUS
10
129.942
20
-99.803
11
129.926
21
-99.7787
0
LINE
8
BLACK
6
CONTINUOUS
10
129.926
20
-99.7787
11
129.92
21
-99.75
0
LINE
8
BLACK
6
CONTINUOUS
10
129.92
20
-99.75
11
129.92
21
-98.35
0
LINE
8
BLACK
6
CONTINUOUS
10
129.92
20
-98.35
11
129.926
21
-98.3213
0
LINE
8
BLACK
6
CONTINUOUS
10
129.926
20
-98.3213
11
129.942
21
-98.297
0
LINE
8
BLACK
6
CONTINUOUS
10
129.942
20
-98.297
11
129.966
21
-98.2807
0
LINE
8
BLACK
6
CONTINUOUS
10
129.966
20
-98.2807
11
129.995
21
-98.275
0
LINE
8
BLACK
6
CONTINUOUS
10
129.995
20
-98.275
11
130.145
21
-98.275
0
LINE
8
BLACK
6
CONTINUOUS
10
130.145
20
-98.275
11
130.174
21
-98.2807
0
LINE
8
BLACK
6
CONTINUOUS
10
130.674
20
-98.2807
11
130.698
21
-98.297
0
LINE
8
BLACK
6
CONTINUOUS
10
130.698
20
-98.297
11
130.714
21
-98.3213
0
LINE
8
BLACK
6
CONTINUOUS
10
130.714
20
-98.3213
11
130.72
21
-98.35
0
LINE
8
BLACK
6
CONTINUOUS
10
130.72
20
-98.35
11
130.72
21
-99.75
0
LINE
8
BLACK
6
CONTINUOUS
10
130.72
20
-99.75
11
130.714
21
-99.7787
0
LINE
8
BLACK
6
CONTINUOUS
10
130.714
20
-99.7787
11
130.698
21
-99.803
0
LINE
8
BLACK
6
CONTINUOUS
10
130.698
20
-99.803
11
130.674
21
-99.8193
0
LINE
8
BLACK
6
CONTINUOUS
10
130.674
20
-99.8193
11
130.645
21
-99.825
0
LINE
8
BLACK
6
CONTINUOUS
10
130.645
20
-99.825
11
130.495
21
-99.825
0
LINE
8
BLACK
6
CONTINUOUS
10
130.495
20
-99.825
11
130.466
21
-99.8193
0
LINE
8
BLACK
6
CONTINUOUS
10
130.466
20
-99.8193
11
130.442
21
-99.803
0
LINE
8
BLACK
6
CONTINUOUS
10
130.442
20
-99.803
11
130.426
21
-99.7787
0
LINE
8
BLACK
6
CONTINUOUS
10
130.426
20
-99.7787
11
130.42
21
-99.75
0
LINE
8
BLACK
6
CONTINUOUS
10
130.42
20
-99.75
11
130.42
21
-98.35
0
LINE
8
BLACK
6
CONTINUOUS
10
130.42
20
-98.35
11
130.426
21
-98.3213
0
LINE
8
BLACK
6
CONTINUOUS
10
130.426
20
-98.3213
11
130.442
21
-98.297
0
LINE
8
BLACK
6
CONTINUOUS
10
130.442
20
-98.297
11
130.466
21
-98.2807
0
LINE
8
BLACK
6
CONTINUOUS
10
130.466
20
-98.2807
11
130.495
21
-98.275
0
LINE
8
BLACK
6
CONTINUOUS
10
130.495
20
-98.275
11
130.645
21
-98.275
0
LINE
8
BLACK
6
CONTINUOUS
10
130.645
20
-98.275
11
130.674
21
-98.2807
0
LINE
8
BLACK
6
CONTINUOUS
10
131.174
20
-98.2807
11
131.198
21
-98.297
0
LINE
8
BLACK
6
CONTINUOUS
10
131.198
20
-98.297
11
131.214
21
-98.3213
0
LINE
8
BLACK
6
CONTINUOUS
10
131.214
20
-98.3213
11
131.22
21
-98.35
0
LINE
8
BLACK
6
CONTINUOUS
10
131.22
20
-98.35
11
131.22
21
-99.75
0
LINE
8
BLACK
6
CONTINUOUS
10
131.22
20
-99.75
11
131.214
21
-99.7787
0
LINE
8
BLACK
6
CONTINUOUS
10
131.214
20
-99.7787
11
131.198
21
-99.803
0
LINE
8
BLACK
6
CONTINUOUS
10
131.198
20
-99.803
11
131.174
21
-99.8193
0
LINE
8
BLACK
6
CONTINUOUS
10
131.174
20
-99.8193
11
131.145
21
-99.825
0
LINE
8
BLACK
6
CONTINUOUS
10
131.145
20
-99.825
11
130.995
21
-99.825
0
LINE
8
BLACK
6
CONTINUOUS
10
130.995
20
-99.825
11
130.966
21
-99.8193
0
LINE
8
BLACK
6
CONTINUOUS
10
130.966
20
-99.8193
11
130.942
21
-99.803
0
LINE
8
BLACK
6
CONTINUOUS
10
130.942
20
-99.803
11
130.926
21
-99.7787
0
LINE
8
BLACK
6
CONTINUOUS
10
130.926
20
-99.7787
11
130.92
21
-99.75
0
LINE
8
BLACK
6
CONTINUOUS
10
130.92
20
-99.75
11
130.92
21
-98.35
0
LINE
8
BLACK
6
CONTINUOUS
10
130.92
20
-98.35
11
130.926
21
-98.3213
0
LINE
8
BLACK
6
CONTINUOUS
10
130.926
20
-98.3213
11
130.942
21
-98.297
0
LINE
8
BLACK
6
CONTINUOUS
10
130.942
20
-98.297
11
130.966
21
-98.2807
0
LINE
8
BLACK
6
CONTINUOUS
10
130.966
20
-98.2807
11
130.995
21
-98.275
0
LINE
8
BLACK
6
CONTINUOUS
10
130.995
20
-98.275
11
131.145
21
-98.275
0
LINE
8
BLACK
6
CONTINUOUS
10
131.145
20
-98.275
11
131.174
21
-98.2807
0
LINE
8
BLACK
6
CONTINUOUS
10
131.674
20
-98.2807
11
131.698
21
-98.297
0
LINE
8
BLACK
6
CONTINUOUS
10
131.698
20
-98.297
11
131.714
21
-98.3213
0
LINE
8
BLACK
6
CONTINUOUS
10
131.714
20
-98.3213
11
131.72
21
-98.35
0
LINE
8
BLACK
6
CONTINUOUS
10
131.72
20
-98.35
11
131.72
21
-99.75
0
LINE
8
BLACK
6
CONTINUOUS
10
131.72
20
-99.75
11
131.714
21
-99.7787
0
LINE
8
BLACK
6
CONTINUOUS
10
131.714
20
-99.7787
11
131.698
21
-99.803
0
LINE
8
BLACK
6
CONTINUOUS
10
131.698
20
-99.803
11
131.674
21
-99.8193
0
LINE
8
BLACK
6
CONTINUOUS
10
131.674
20
-99.8193
11
131.645
21
-99.825
0
LINE
8
BLACK
6
CONTINUOUS
10
131.645
20
-99.825
11
131.495
21
-99.825
0
LINE
8
BLACK
6
CONTINUOUS
10
131.495
20
-99.825
11
131.466
21
-99.8193
0
LINE
8
BLACK
6
CONTINUOUS
10
131.466
20
-99.8193
11
131.442
21
-99.803
0
LINE
8
BLACK
6
CONTINUOUS
10
131.442
20
-99.803
11
131.426
21
-99.7787
0
LINE
8
BLACK
6
CONTINUOUS
10
131.426
20
-99.7787
11
131.42
21
-99.75
0
LINE
8
BLACK
6
CONTINUOUS
10
131.42
20
-99.75
11
131.42
21
-98.35
0
LINE
8
BLACK
6
CONTINUOUS
10
131.42
20
-98.35
11
131.426
21
-98.3213
0
LINE
8
BLACK
6
CONTINUOUS
10
131.426
20
-98.3213
11
131.442
21
-98.297
0
LINE
8
BLACK
6
CONTINUOUS
10
131.442
20
-98.297
11
131.466
21
-98.2807
0
LINE
8
BLACK
6
CONTINUOUS
10
131.466
20
-98.2807
11
131.495
21
-98.275
0
LINE
8
BLACK
6
CONTINUOUS
10
131.495
20
-98.275
11
131.645
21
-98.275
0
LINE
8
BLACK
6
CONTINUOUS
10
131.645
20
-98.275
11
131.674
21
-98.2807
0
LINE
8
BLACK
6
CONTINUOUS
10
132.174
20
-98.2807
11
132.198
21
-98.297
0
LINE
8
BLACK
6
CONTINUOUS
10
132.198
20
-98.297
11
132.214
21
-98.3213
0
LINE
8
BLACK
6
CONTINUOUS
10
132.214
20
-98.3213
11
132.22
21
-98.35
0
LINE
8
BLACK
6
CONTINUOUS
10
132.22
20
-98.35
11
132.22
21
-99.75
0
LINE
8
BLACK
6
CONTINUOUS
10
132.22
20
-99.75
11
132.214
21
-99.7787
0
LINE
8
BLACK
6
CONTINUOUS
10
132.214
20
-99.7787
11
132.198
21
-99.803
0
LINE
8
BLACK
6
CONTINUOUS
10
132.198
20
-99.803
11
132.174
21
-99.8193
0
LINE
8
BLACK
6
CONTINUOUS
10
132.174
20
-99.8193
11
132.145
21
-99.825
0
LINE
8
BLACK
6
CONTINUOUS
10
132.145
20
-99.825
11
131.995
21
-99.825
0
LINE
8
BLACK
6
CONTINUOUS
10
131.995
20
-99.825
11
131.966
21
-99.8193
0
LINE
8
BLACK
6
CONTINUOUS
10
131.966
20
-99.8193
11
131.942
21
-99.803
0
LINE
8
BLACK
6
CONTINUOUS
10
131.942
20
-99.803
11
131.926
21
-99.7787
0
LINE
8
BLACK
6
CONTINUOUS
10
131.926
20
-99.7787
11
131.92
21
-99.75
0
LINE
8
BLACK
6
CONTINUOUS
10
131.92
20
-99.75
11
131.92
21
-98.35
0
LINE
8
BLACK
6
CONTINUOUS
10
131.92
20
-98.35
11
131.926
21
-98.3213
0
LINE
8
BLACK
6
CONTINUOUS
10
131.926
20
-98.3213
11
131.942
21
-98.297
0
LINE
8
BLACK
6
CONTINUOUS
10
131.942
20
-98.297
11
131.966
21
-98.2807
0
LINE
8
BLACK
6
CONTINUOUS
10
131.966
20
-98.2807
11
131.995
21
-98.275
0
LINE
8
BLACK
6
CONTINUOUS
10
131.995
20
-98.275
11
132.145
21
-98.275
0
LINE
8
BLACK
6
CONTINUOUS
10
132.145
20
-98.275
11
132.174
21
-98.2807
0
LINE
8
BLACK
6
CONTINUOUS
10
132.674
20
-98.2807
11
132.698
21
-98.297
0
LINE
8
BLACK
6
CONTINUOUS
10
132.698
20
-98.297
11
132.714
21
-98.3213
0
LINE
8
BLACK
6
CONTINUOUS
10
132.714
20
-98.3213
11
132.72
21
-98.35
0
LINE
8
BLACK
6
CONTINUOUS
10
132.72
20
-98.35
11
132.72
21
-99.75
0
LINE
8
BLACK
6
CONTINUOUS
10
132.72
20
-99.75
11
132.714
21
-99.7787
0
LINE
8
BLACK
6
CONTINUOUS
10
132.714
20
-99.7787
11
132.698
21
-99.803
0
LINE
8
BLACK
6
CONTINUOUS
10
132.698
20
-99.803
11
132.674
21
-99.8193
0
LINE
8
BLACK
6
CONTINUOUS
10
132.674
20
-99.8193
11
132.645
21
-99.825
0
LINE
8
BLACK
6
CONTINUOUS
10
132.645
20
-99.825
11
132.495
21
-99.825
0
LINE
8
BLACK
6
CONTINUOUS
10
132.495
20
-99.825
11
132.466
21
-99.8193
0
LINE
8
BLACK
6
CONTINUOUS
10
132.466
20
-99.8193
11
132.442
21
-99.803
0
LINE
8
BLACK
6
CONTINUOUS
10
132.442
20
-99.803
11
132.426
21
-99.7787
0
LINE
8
BLACK
6
CONTINUOUS
10
132.426
20
-99.7787
11
132.42
21
-99.75
0
LINE
8
BLACK
6
CONTINUOUS
10
132.42
20
-99.75
11
132.42
21
-98.35
0
LINE
8
BLACK
6
CONTINUOUS
10
132.42
20
-98.35
11
132.426
21
-98.3213
0
LINE
8
BLACK
6
CONTINUOUS
10
132.426
20
-98.3213
11
132.442
21
-98.297
0
LINE
8
BLACK
6
CONTINUOUS
10
132.442
20
-98.297
11
132.466
21
-98.2807
0
LINE
8
BLACK
6
CONTINUOUS
10
132.466
20
-98.2807
11
132.495
21
-98.275
0
LINE
8
BLACK
6
CONTINUOUS
10
132.495
20
-98.275
11
132.645
21
-98.275
0
LINE
8
BLACK
6
CONTINUOUS
10
132.645
20
-98.275
11
132.674
21
-98.2807
0
LINE
8
BLACK
6
CONTINUOUS
10
133.174
20
-98.2807
11
133.198
21
-98.297
0
LINE
8
BLACK
6
CONTINUOUS
10
133.198
20
-98.297
11
133.214
21
-98.3213
0
LINE
8
BLACK
6
CONTINUOUS
10
133.214
20
-98.3213
11
133.22
21
-98.35
0
LINE
8
BLACK
6
CONTINUOUS
10
133.22
20
-98.35
11
133.22
21
-99.75
0
LINE
8
BLACK
6
CONTINUOUS
10
133.22
20
-99.75
11
133.214
21
-99.7787
0
LINE
8
BLACK
6
CONTINUOUS
10
133.214
20
-99.7787
11
133.198
21
-99.803
0
LINE
8
BLACK
6
CONTINUOUS
10
133.198
20
-99.803
11
133.174
21
-99.8193
0
LINE
8
BLACK
6
CONTINUOUS
10
133.174
20
-99.8193
11
133.145
21
-99.825
0
LINE
8
BLACK
6
CONTINUOUS
10
133.145
20
-99.825
11
132.995
21
-99.825
0
LINE
8
BLACK
6
CONTINUOUS
10
132.995
20
-99.825
11
132.966
21
-99.8193
0
LINE
8
BLACK
6
CONTINUOUS
10
132.966
20
-99.8193
11
132.942
21
-99.803
0
LINE
8
BLACK
6
CONTINUOUS
10
132.942
20
-99.803
11
132.926
21
-99.7787
0
LINE
8
BLACK
6
CONTINUOUS
10
132.926
20
-99.7787
11
132.92
21
-99.75
0
LINE
8
BLACK
6
CONTINUOUS
10
132.92
20
-99.75
11
132.92
21
-98.35
0
LINE
8
BLACK
6
CONTINUOUS
10
132.92
20
-98.35
11
132.926
21
-98.3213
0
LINE
8
BLACK
6
CONTINUOUS
10
132.926
20
-98.3213
11
132.942
21
-98.297
0
LINE
8
BLACK
6
CONTINUOUS
10
132.942
20
-98.297
11
132.966
21
-98.2807
0
LINE
8
BLACK
6
CONTINUOUS
10
132.966
20
-98.2807
11
132.995
21
-98.275
0
LINE
8
BLACK
6
CONTINUOUS
10
132.995
20
-98.275
11
133.145
21
-98.275
0
LINE
8
BLACK
6
CONTINUOUS
10
133.145
20
-98.275
11
133.174
21
-98.2807
0
LINE
8
BLACK
6
CONTINUOUS
10
133.674
20
-98.2807
11
133.698
21
-98.297
0
LINE
8
BLACK
6
CONTINUOUS
10
133.698
20
-98.297
11
133.714
21
-98.3213
0
LINE
8
BLACK
6
CONTINUOUS
10
133.714
20
-98.3213
11
133.72
21
-98.35
0
LINE
8
BLACK
6
CONTINUOUS
10
133.72
20
-98.35
11
133.72
21
-99.75
0
LINE
8
BLACK
6
CONTINUOUS
10
133.72
20
-99.75
11
133.714
21
-99.7787
0
LINE
8
BLACK
6
CONTINUOUS
10
133.714
20
-99.7787
11
133.698
21
-99.803
0
LINE
8
BLACK
6
CONTINUOUS
10
133.698
20
-99.803
11
133.674
21
-99.8193
0
LINE
8
BLACK
6
CONTINUOUS
10
133.674
20
-99.8193
11
133.645
21
-99.825
0
LINE
8
BLACK
6
CONTINUOUS
10
133.645
20
-99.825
11
133.495
21
-99.825
0
LINE
8
BLACK
6
CONTINUOUS
10
133.495
20
-99.825
11
133.466
21
-99.8193
0
LINE
8
BLACK
6
CONTINUOUS
10
133.466
20
-99.8193
11
133.442
21
-99.803
0
LINE
8
BLACK
6
CONTINUOUS
10
133.442
20
-99.803
11
133.426
21
-99.7787
0
LINE
8
BLACK
6
CONTINUOUS
10
133.426
20
-99.7787
11
133.42
21
-99.75
0
LINE
8
BLACK
6
CONTINUOUS
10
133.42
20
-99.75
11
133.42
21
-98.35
0
LINE
8
BLACK
6
CONTINUOUS
10
133.42
20
-98.35
11
133.426
21
-98.3213
0
LINE
8
BLACK
6
CONTINUOUS
10
133.426
20
-98.3213
11
133.442
21
-98.297
0
LINE
8
BLACK
6
CONTINUOUS
10
133.442
20
-98.297
11
133.466
21
-98.2807
0
LINE
8
BLACK
6
CONTINUOUS
10
133.466
20
-98.2807
11
133.495
21
-98.275
0
LINE
8
BLACK
6
CONTINUOUS
10
133.495
20
-98.275
11
133.645
21
-98.275
0
LINE
8
BLACK
6
CONTINUOUS
10
133.645
20
-98.275
11
133.674
21
-98.2807
0
LINE
8
BLACK
6
CONTINUOUS
10
134.174
20
-98.2807
11
134.198
21
-98.297
0
LINE
8
BLACK
6
CONTINUOUS
10
134.198
20
-98.297
11
134.214
21
-98.3213
0
LINE
8
BLACK
6
CONTINUOUS
10
134.214
20
-98.3213
11
134.22
21
-98.35
0
LINE
8
BLACK
6
CONTINUOUS
10
134.22
20
-98.35
11
134.22
21
-99.75
0
LINE
8
BLACK
6
CONTINUOUS
10
134.22
20
-99.75
11
134.214
21
-99.7787
0
LINE
8
BLACK
6
CONTINUOUS
10
134.214
20
-99.7787
11
134.198
21
-99.803
0
LINE
8
BLACK
6
CONTINUOUS
10
134.198
20
-99.803
11
134.174
21
-99.8193
0
LINE
8
BLACK
6
CONTINUOUS
10
134.174
20
-99.8193
11
134.145
21
-99.825
0
LINE
8
BLACK
6
CONTINUOUS
10
134.145
20
-99.825
11
133.995
21
-99.825
0
LINE
8
BLACK
6
CONTINUOUS
10
133.995
20
-99.825
11
133.966
21
-99.8193
0
LINE
8
BLACK
6
CONTINUOUS
10
133.966
20
-99.8193
11
133.942
21
-99.803
0
LINE
8
BLACK
6
CONTINUOUS
10
133.942
20
-99.803
11
133.926
21
-99.7787
0
LINE
8
BLACK
6
CONTINUOUS
10
133.926
20
-99.7787
11
133.92
21
-99.75
0
LINE
8
BLACK
6
CONTINUOUS
10
133.92
20
-99.75
11
133.92
21
-98.35
0
LINE
8
BLACK
6
CONTINUOUS
10
133.92
20
-98.35
11
133.926
21
-98.3213
0
LINE
8
BLACK
6
CONTINUOUS
10
133.926
20
-98.3213
11
133.942
21
-98.297
0
LINE
8
BLACK
6
CONTINUOUS
10
133.942
20
-98.297
11
133.966
21
-98.2807
0
LINE
8
BLACK
6
CONTINUOUS
10
133.966
20
-98.2807
11
133.995
21
-98.275
0
LINE
8
BLACK
6
CONTINUOUS
10
133.995
20
-98.275
11
134.145
21
-98.275
0
LINE
8
BLACK
6
CONTINUOUS
10
134.145
20
-98.275
11
134.174
21
-98.2807
0
LINE
8
BLACK
6
CONTINUOUS
10
134.674
20
-98.2807
11
134.698
21
-98.297
0
LINE
8
BLACK
6
CONTINUOUS
10
134.698
20
-98.297
11
134.714
21
-98.3213
0
LINE
8
BLACK
6
CONTINUOUS
10
134.714
20
-98.3213
11
134.72
21
-98.35
0
LINE
8
BLACK
6
CONTINUOUS
10
134.72
20
-98.35
11
134.72
21
-99.75
0
LINE
8
BLACK
6
CONTINUOUS
10
134.72
20
-99.75
11
134.714
21
-99.7787
0
LINE
8
BLACK
6
CONTINUOUS
10
134.714
20
-99.7787
11
134.698
21
-99.803
0
LINE
8
BLACK
6
CONTINUOUS
10
134.698
20
-99.803
11
134.674
21
-99.8193
0
LINE
8
BLACK
6
CONTINUOUS
10
134.674
20
-99.8193
11
134.645
21
-99.825
0
LINE
8
BLACK
6
CONTINUOUS
10
134.645
20
-99.825
11
134.495
21
-99.825
0
LINE
8
BLACK
6
CONTINUOUS
10
134.495
20
-99.825
11
134.466
21
-99.8193
0
LINE
8
BLACK
6
CONTINUOUS
10
134.466
20
-99.8193
11
134.442
21
-99.803
0
LINE
8
BLACK
6
CONTINUOUS
10
134.442
20
-99.803
11
134.426
21
-99.7787
0
LINE
8
BLACK
6
CONTINUOUS
10
134.426
20
-99.7787
11
134.42
21
-99.75
0
LINE
8
BLACK
6
CONTINUOUS
10
134.42
20
-99.75
11
134.42
21
-98.35
0
LINE
8
BLACK
6
CONTINUOUS
10
134.42
20
-98.35
11
134.426
21
-98.3213
0
LINE
8
BLACK
6
CONTINUOUS
10
134.426
20
-98.3213
11
134.442
21
-98.297
0
LINE
8
BLACK
6
CONTINUOUS
10
134.442
20
-98.297
11
134.466
21
-98.2807
0
LINE
8
BLACK
6
CONTINUOUS
10
134.466
20
-98.2807
11
134.495
21
-98.275
0
LINE
8
BLACK
6
CONTINUOUS
10
134.495
20
-98.275
11
134.645
21
-98.275
0
LINE
8
BLACK
6
CONTINUOUS
10
134.645
20
-98.275
11
134.674
21
-98.2807
0
LINE
8
BLACK
6
CONTINUOUS
10
135.174
20
-98.2807
11
135.198
21
-98.297
0
LINE
8
BLACK
6
CONTINUOUS
10
135.198
20
-98.297
11
135.214
21
-98.3213
0
LINE
8
BLACK
6
CONTINUOUS
10
135.214
20
-98.3213
11
135.22
21
-98.35
0
LINE
8
BLACK
6
CONTINUOUS
10
135.22
20
-98.35
11
135.22
21
-99.75
0
LINE
8
BLACK
6
CONTINUOUS
10
135.22
20
-99.75
11
135.214
21
-99.7787
0
LINE
8
BLACK
6
CONTINUOUS
10
135.214
20
-99.7787
11
135.198
21
-99.803
0
LINE
8
BLACK
6
CONTINUOUS
10
135.198
20
-99.803
11
135.174
21
-99.8193
0
LINE
8
BLACK
6
CONTINUOUS
10
135.174
20
-99.8193
11
135.145
21
-99.825
0
LINE
8
BLACK
6
CONTINUOUS
10
135.145
20
-99.825
11
134.995
21
-99.825
0
LINE
8
BLACK
6
CONTINUOUS
10
134.995
20
-99.825
11
134.966
21
-99.8193
0
LINE
8
BLACK
6
CONTINUOUS
10
134.966
20
-99.8193
11
134.942
21
-99.803
0
LINE
8
BLACK
6
CONTINUOUS
10
134.942
20
-99.803
11
134.926
21
-99.7787
0
LINE
8
BLACK
6
CONTINUOUS
10
134.926
20
-99.7787
11
134.92
21
-99.75
0
LINE
8
BLACK
6
CONTINUOUS
10
134.92
20
-99.75
11
134.92
21
-98.35
0
LINE
8
BLACK
6
CONTINUOUS
10
134.92
20
-98.35
11
134.926
21
-98.3213
0
LINE
8
BLACK
6
CONTINUOUS
10
134.926
20
-98.3213
11
134.942
21
-98.297
0
LINE
8
BLACK
6
CONTINUOUS
10
134.942
20
-98.297
11
134.966
21
-98.2807
0
LINE
8
BLACK
6
CONTINUOUS
10
134.966
20
-98.2807
11
134.995
21
-98.275
0
LINE
8
BLACK
6
CONTINUOUS
10
134.995
20
-98.275
11
135.145
21
-98.275
0
LINE
8
BLACK
6
CONTINUOUS
10
135.145
20
-98.275
11
135.174
21
-98.2807
0
LINE
8
BLACK
6
CONTINUOUS
10
135.674
20
-98.2807
11
135.698
21
-98.297
0
LINE
8
BLACK
6
CONTINUOUS
10
135.698
20
-98.297
11
135.714
21
-98.3213
0
LINE
8
BLACK
6
CONTINUOUS
10
135.714
20
-98.3213
11
135.72
21
-98.35
0
LINE
8
BLACK
6
CONTINUOUS
10
135.72
20
-98.35
11
135.72
21
-99.75
0
LINE
8
BLACK
6
CONTINUOUS
10
135.72
20
-99.75
11
135.714
21
-99.7787
0
LINE
8
BLACK
6
CONTINUOUS
10
135.714
20
-99.7787
11
135.698
21
-99.803
0
LINE
8
BLACK
6
CONTINUOUS
10
135.698
20
-99.803
11
135.674
21
-99.8193
0
LINE
8
BLACK
6
CONTINUOUS
10
135.674
20
-99.8193
11
135.645
21
-99.825
0
LINE
8
BLACK
6
CONTINUOUS
10
135.645
20
-99.825
11
135.495
21
-99.825
0
LINE
8
BLACK
6
CONTINUOUS
10
135.495
20
-99.825
11
135.466
21
-99.8193
0
LINE
8
BLACK
6
CONTINUOUS
10
135.466
20
-99.8193
11
135.442
21
-99.803
0
LINE
8
BLACK
6
CONTINUOUS
10
135.442
20
-99.803
11
135.426
21
-99.7787
0
LINE
8
BLACK
6
CONTINUOUS
10
135.426
20
-99.7787
11
135.42
21
-99.75
0
LINE
8
BLACK
6
CONTINUOUS
10
135.42
20
-99.75
11
135.42
21
-98.35
0
LINE
8
BLACK
6
CONTINUOUS
10
135.42
20
-98.35
11
135.426
21
-98.3213
0
LINE
8
BLACK
6
CONTINUOUS
10
135.426
20
-98.3213
11
135.442
21
-98.297
0
LINE
8
BLACK
6
CONTINUOUS
10
135.442
20
-98.297
11
135.466
21
-98.2807
0
LINE
8
BLACK
6
CONTINUOUS
10
135.466
20
-98.2807
11
135.495
21
-98.275
0
LINE
8
BLACK
6
CONTINUOUS
10
135.495
20
-98.275
11
135.645
21
-98.275
0
LINE
8
BLACK
6
CONTINUOUS
10
135.645
20
-98.275
11
135.674
21
-98.2807
0
LINE
8
BLACK
6
CONTINUOUS
10
136.174
20
-98.2807
11
136.198
21
-98.297
0
LINE
8
BLACK
6
CONTINUOUS
10
136.198
20
-98.297
11
136.214
21
-98.3213
0
LINE
8
BLACK
6
CONTINUOUS
10
136.214
20
-98.3213
11
136.22
21
-98.35
0
LINE
8
BLACK
6
CONTINUOUS
10
136.22
20
-98.35
11
136.22
21
-99.75
0
LINE
8
BLACK
6
CONTINUOUS
10
136.22
20
-99.75
11
136.214
21
-99.7787
0
LINE
8
BLACK
6
CONTINUOUS
10
136.214
20
-99.7787
11
136.198
21
-99.803
0
LINE
8
BLACK
6
CONTINUOUS
10
136.198
20
-99.803
11
136.174
21
-99.8193
0
LINE
8
BLACK
6
CONTINUOUS
10
136.174
20
-99.8193
11
136.145
21
-99.825
0
LINE
8
BLACK
6
CONTINUOUS
10
136.145
20
-99.825
11
135.995
21
-99.825
0
LINE
8
BLACK
6
CONTINUOUS
10
135.995
20
-99.825
11
135.966
21
-99.8193
0
LINE
8
BLACK
6
CONTINUOUS
10
135.966
20
-99.8193
11
135.942
21
-99.803
0
LINE
8
BLACK
6
CONTINUOUS
10
135.942
20
-99.803
11
135.926
21
-99.7787
0
LINE
8
BLACK
6
CONTINUOUS
10
135.926
20
-99.7787
11
135.92
21
-99.75
0
LINE
8
BLACK
6
CONTINUOUS
10
135.92
20
-99.75
11
135.92
21
-98.35
0
LINE
8
BLACK
6
CONTINUOUS
10
135.92
20
-98.35
11
135.926
21
-98.3213
0
LINE
8
BLACK
6
CONTINUOUS
10
135.926
20
-98.3213
11
135.942
21
-98.297
0
LINE
8
BLACK
6
CONTINUOUS
10
135.942
20
-98.297
11
135.966
21
-98.2807
0
LINE
8
BLACK
6
CONTINUOUS
10
135.966
20
-98.2807
11
135.995
21
-98.275
0
LINE
8
BLACK
6
CONTINUOUS
10
135.995
20
-98.275
11
136.145
21
-98.275
0
LINE
8
BLACK
6
CONTINUOUS
10
136.145
20
-98.275
11
136.174
21
-98.2807
0
LINE
8
BLACK
6
CONTINUOUS
10
159.003
20
-99.8048
11
158.597
21
-99.8048
0
LINE
8
BLACK
6
CONTINUOUS
10
158.597
20
-99.8048
11
158.597
21
-99.1952
0
LINE
8
BLACK
6
CONTINUOUS
10
158.597
20
-99.1952
11
159.003
21
-99.1952
0
LINE
8
BLACK
6
CONTINUOUS
10
159.003
20
-99.1952
11
159.003
21
-99.8048
0
LINE
8
BLACK
6
CONTINUOUS
10
159.803
20
-99.8048
11
159.397
21
-99.8048
0
LINE
8
BLACK
6
CONTINUOUS
10
159.397
20
-99.8048
11
159.397
21
-99.1952
0
LINE
8
BLACK
6
CONTINUOUS
10
159.397
20
-99.1952
11
159.803
21
-99.1952
0
LINE
8
BLACK
6
CONTINUOUS
10
159.803
20
-99.1952
11
159.803
21
-99.8048
0
LINE
8
BLACK
6
CONTINUOUS
10
160.603
20
-99.8048
11
160.197
21
-99.8048
0
LINE
8
BLACK
6
CONTINUOUS
10
160.197
20
-99.8048
11
160.197
21
-99.1952
0
LINE
8
BLACK
6
CONTINUOUS
10
160.197
20
-99.1952
11
160.603
21
-99.1952
0
LINE
8
BLACK
6
CONTINUOUS
10
160.603
20
-99.1952
11
160.603
21
-99.8048
0
LINE
8
BLACK
6
CONTINUOUS
10
161.403
20
-99.8048
11
160.997
21
-99.8048
0
LINE
8
BLACK
6
CONTINUOUS
10
160.997
20
-99.8048
11
160.997
21
-99.1952
0
LINE
8
BLACK
6
CONTINUOUS
10
160.997
20
-99.1952
11
161.403
21
-99.1952
0
LINE
8
BLACK
6
CONTINUOUS
10
161.403
20
-99.1952
11
161.403
21
-99.8048
0
LINE
8
BLACK
6
CONTINUOUS
10
162.203
20
-99.8048
11
161.797
21
-99.8048
0
LINE
8
BLACK
6
CONTINUOUS
10
161.797
20
-99.8048
11
161.797
21
-99.1952
0
LINE
8
BLACK
6
CONTINUOUS
10
161.797
20
-99.1952
11
162.203
21
-99.1952
0
LINE
8
BLACK
6
CONTINUOUS
10
162.203
20
-99.1952
11
162.203
21
-99.8048
0
LINE
8
BLACK
6
CONTINUOUS
10
163.003
20
-99.8048
11
162.597
21
-99.8048
0
LINE
8
BLACK
6
CONTINUOUS
10
162.597
20
-99.8048
11
162.597
21
-99.1952
0
LINE
8
BLACK
6
CONTINUOUS
10
162.597
20
-99.1952
11
163.003
21
-99.1952
0
LINE
8
BLACK
6
CONTINUOUS
10
163.003
20
-99.1952
11
163.003
21
-99.8048
0
LINE
8
BLACK
6
CONTINUOUS
10
165.755
20
-99.6032
11
165.145
21
-99.6032
0
LINE
8
BLACK
6
CONTINUOUS
10
165.145
20
-99.6032
11
165.145
21
-99.1968
0
LINE
8
BLACK
6
CONTINUOUS
10
165.145
20
-99.1968
11
165.755
21
-99.1968
0
LINE
8
BLACK
6
CONTINUOUS
10
165.755
20
-99.1968
11
165.755
21
-99.6032
0
LINE
8
BLACK
6
CONTINUOUS
10
182.866
20
-98.7021
11
182.939
21
-98.7509
0
LINE
8
BLACK
6
CONTINUOUS
10
182.939
20
-98.7509
11
182.988
21
-98.8239
0
LINE
8
BLACK
6
CONTINUOUS
10
182.988
20
-98.8239
11
183.005
21
-98.91
0
LINE
8
BLACK
6
CONTINUOUS
10
183.005
20
-98.91
11
183.005
21
-99.36
0
LINE
8
BLACK
6
CONTINUOUS
10
183.005
20
-99.36
11
182.988
21
-99.4461
0
LINE
8
BLACK
6
CONTINUOUS
10
182.988
20
-99.4461
11
182.939
21
-99.5191
0
LINE
8
BLACK
6
CONTINUOUS
10
182.939
20
-99.5191
11
182.866
21
-99.5679
0
LINE
8
BLACK
6
CONTINUOUS
10
182.866
20
-99.5679
11
182.78
21
-99.585
0
LINE
8
BLACK
6
CONTINUOUS
10
182.78
20
-99.585
11
182.28
21
-99.585
0
LINE
8
BLACK
6
CONTINUOUS
10
182.28
20
-99.585
11
182.194
21
-99.5679
0
LINE
8
BLACK
6
CONTINUOUS
10
182.194
20
-99.5679
11
182.121
21
-99.5191
0
LINE
8
BLACK
6
CONTINUOUS
10
182.121
20
-99.5191
11
182.072
21
-99.4461
0
LINE
8
BLACK
6
CONTINUOUS
10
182.072
20
-99.4461
11
182.055
21
-99.36
0
LINE
8
BLACK
6
CONTINUOUS
10
182.055
20
-99.36
11
182.055
21
-98.91
0
LINE
8
BLACK
6
CONTINUOUS
10
182.055
20
-98.91
11
182.072
21
-98.8239
0
LINE
8
BLACK
6
CONTINUOUS
10
182.072
20
-98.8239
11
182.121
21
-98.7509
0
LINE
8
BLACK
6
CONTINUOUS
10
182.121
20
-98.7509
11
182.194
21
-98.7021
0
LINE
8
BLACK
6
CONTINUOUS
10
182.194
20
-98.7021
11
182.28
21
-98.685
0
LINE
8
BLACK
6
CONTINUOUS
10
182.28
20
-98.685
11
182.78
21
-98.685
0
LINE
8
BLACK
6
CONTINUOUS
10
182.78
20
-98.685
11
182.866
21
-98.7021
0
LINE
8
BLACK
6
CONTINUOUS
10
175.052
20
-98.6402
11
175.116
21
-98.6836
0
LINE
8
BLACK
6
CONTINUOUS
10
175.116
20
-98.6836
11
175.16
21
-98.7485
0
LINE
8
BLACK
6
CONTINUOUS
10
175.16
20
-98.7485
11
175.175
21
-98.825
0
LINE
8
BLACK
6
CONTINUOUS
10
175.175
20
-98.825
11
175.175
21
-99.375
0
LINE
8
BLACK
6
CONTINUOUS
10
175.175
20
-99.375
11
175.16
21
-99.4515
0
LINE
8
BLACK
6
CONTINUOUS
10
175.16
20
-99.4515
11
175.116
21
-99.5164
0
LINE
8
BLACK
6
CONTINUOUS
10
175.116
20
-99.5164
11
175.052
21
-99.5598
0
LINE
8
BLACK
6
CONTINUOUS
10
175.052
20
-99.5598
11
174.975
21
-99.575
0
LINE
8
BLACK
6
CONTINUOUS
10
174.975
20
-99.575
11
174.575
21
-99.575
0
LINE
8
BLACK
6
CONTINUOUS
10
174.575
20
-99.575
11
174.498
21
-99.5598
0
LINE
8
BLACK
6
CONTINUOUS
10
174.498
20
-99.5598
11
174.434
21
-99.5164
0
LINE
8
BLACK
6
CONTINUOUS
10
174.434
20
-99.5164
11
174.39
21
-99.4515
0
LINE
8
BLACK
6
CONTINUOUS
10
174.39
20
-99.4515
11
174.375
21
-99.375
0
LINE
8
BLACK
6
CONTINUOUS
10
174.375
20
-99.375
11
174.375
21
-98.825
0
LINE
8
BLACK
6
CONTINUOUS
10
174.375
20
-98.825
11
174.39
21
-98.7485
0
LINE
8
BLACK
6
CONTINUOUS
10
174.39
20
-98.7485
11
174.434
21
-98.6836
0
LINE
8
BLACK
6
CONTINUOUS
10
174.434
20
-98.6836
11
174.498
21
-98.6402
0
LINE
8
BLACK
6
CONTINUOUS
10
174.498
20
-98.6402
11
174.575
21
-98.625
0
LINE
8
BLACK
6
CONTINUOUS
10
174.575
20
-98.625
11
174.975
21
-98.625
0
LINE
8
BLACK
6
CONTINUOUS
10
174.975
20
-98.625
11
175.052
21
-98.6402
0
LINE
8
BLACK
6
CONTINUOUS
10
176.702
20
-98.6402
11
176.766
21
-98.6836
0
LINE
8
BLACK
6
CONTINUOUS
10
176.766
20
-98.6836
11
176.81
21
-98.7485
0
LINE
8
BLACK
6
CONTINUOUS
10
176.81
20
-98.7485
11
176.825
21
-98.825
0
LINE
8
BLACK
6
CONTINUOUS
10
176.825
20
-98.825
11
176.825
21
-99.375
0
LINE
8
BLACK
6
CONTINUOUS
10
176.825
20
-99.375
11
176.81
21
-99.4515
0
LINE
8
BLACK
6
CONTINUOUS
10
176.81
20
-99.4515
11
176.766
21
-99.5164
0
LINE
8
BLACK
6
CONTINUOUS
10
176.766
20
-99.5164
11
176.702
21
-99.5598
0
LINE
8
BLACK
6
CONTINUOUS
10
176.702
20
-99.5598
11
176.625
21
-99.575
0
LINE
8
BLACK
6
CONTINUOUS
10
176.625
20
-99.575
11
176.225
21
-99.575
0
LINE
8
BLACK
6
CONTINUOUS
10
176.225
20
-99.575
11
176.148
21
-99.5598
0
LINE
8
BLACK
6
CONTINUOUS
10
176.148
20
-99.5598
11
176.084
21
-99.5164
0
LINE
8
BLACK
6
CONTINUOUS
10
176.084
20
-99.5164
11
176.04
21
-99.4515
0
LINE
8
BLACK
6
CONTINUOUS
10
176.04
20
-99.4515
11
176.025
21
-99.375
0
LINE
8
BLACK
6
CONTINUOUS
10
176.025
20
-99.375
11
176.025
21
-98.825
0
LINE
8
BLACK
6
CONTINUOUS
10
176.025
20
-98.825
11
176.04
21
-98.7485
0
LINE
8
BLACK
6
CONTINUOUS
10
176.04
20
-98.7485
11
176.084
21
-98.6836
0
LINE
8
BLACK
6
CONTINUOUS
10
176.084
20
-98.6836
11
176.148
21
-98.6402
0
LINE
8
BLACK
6
CONTINUOUS
10
176.148
20
-98.6402
11
176.225
21
-98.625
0
LINE
8
BLACK
6
CONTINUOUS
10
176.225
20
-98.625
11
176.625
21
-98.625
0
LINE
8
BLACK
6
CONTINUOUS
10
176.625
20
-98.625
11
176.702
21
-98.6402
0
LINE
8
BLACK
6
CONTINUOUS
10
181.244
20
-98.9107
11
181.289
21
-98.941
0
LINE
8
BLACK
6
CONTINUOUS
10
181.289
20
-98.941
11
181.319
21
-98.9864
0
LINE
8
BLACK
6
CONTINUOUS
10
181.319
20
-98.9864
11
181.33
21
-99.04
0
LINE
8
BLACK
6
CONTINUOUS
10
181.33
20
-99.04
11
181.33
21
-99.32
0
LINE
8
BLACK
6
CONTINUOUS
10
181.33
20
-99.32
11
181.319
21
-99.3736
0
LINE
8
BLACK
6
CONTINUOUS
10
181.319
20
-99.3736
11
181.289
21
-99.419
0
LINE
8
BLACK
6
CONTINUOUS
10
181.289
20
-99.419
11
181.244
21
-99.4493
0
LINE
8
BLACK
6
CONTINUOUS
10
181.244
20
-99.4493
11
181.19
21
-99.46
0
LINE
8
BLACK
6
CONTINUOUS
10
181.19
20
-99.46
11
180.85
21
-99.46
0
LINE
8
BLACK
6
CONTINUOUS
10
180.85
20
-99.46
11
180.796
21
-99.4493
0
LINE
8
BLACK
6
CONTINUOUS
10
180.796
20
-99.4493
11
180.751
21
-99.419
0
LINE
8
BLACK
6
CONTINUOUS
10
180.751
20
-99.419
11
180.721
21
-99.3736
0
LINE
8
BLACK
6
CONTINUOUS
10
180.721
20
-99.3736
11
180.71
21
-99.32
0
LINE
8
BLACK
6
CONTINUOUS
10
180.71
20
-99.32
11
180.71
21
-99.04
0
LINE
8
BLACK
6
CONTINUOUS
10
180.71
20
-99.04
11
180.721
21
-98.9864
0
LINE
8
BLACK
6
CONTINUOUS
10
180.721
20
-98.9864
11
180.751
21
-98.941
0
LINE
8
BLACK
6
CONTINUOUS
10
180.751
20
-98.941
11
180.796
21
-98.9107
0
LINE
8
BLACK
6
CONTINUOUS
10
180.796
20
-98.9107
11
180.85
21
-98.9
0
LINE
8
BLACK
6
CONTINUOUS
10
180.85
20
-98.9
11
181.19
21
-98.9
0
LINE
8
BLACK
6
CONTINUOUS
10
181.19
20
-98.9
11
181.244
21
-98.9107
0
LINE
8
BLACK
6
CONTINUOUS
10
143.864
20
-98.7007
11
143.909
21
-98.731
0
LINE
8
BLACK
6
CONTINUOUS
10
143.909
20
-98.731
11
143.939
21
-98.7764
0
LINE
8
BLACK
6
CONTINUOUS
10
143.939
20
-98.7764
11
143.95
21
-98.83
0
LINE
8
BLACK
6
CONTINUOUS
10
143.95
20
-98.83
11
143.95
21
-99.17
0
LINE
8
BLACK
6
CONTINUOUS
10
143.95
20
-99.17
11
143.939
21
-99.2236
0
LINE
8
BLACK
6
CONTINUOUS
10
143.939
20
-99.2236
11
143.909
21
-99.269
0
LINE
8
BLACK
6
CONTINUOUS
10
143.909
20
-99.269
11
143.864
21
-99.2993
0
LINE
8
BLACK
6
CONTINUOUS
10
143.864
20
-99.2993
11
143.81
21
-99.31
0
LINE
8
BLACK
6
CONTINUOUS
10
143.81
20
-99.31
11
143.53
21
-99.31
0
LINE
8
BLACK
6
CONTINUOUS
10
143.53
20
-99.31
11
143.476
21
-99.2993
0
LINE
8
BLACK
6
CONTINUOUS
10
143.476
20
-99.2993
11
143.431
21
-99.269
0
LINE
8
BLACK
6
CONTINUOUS
10
143.431
20
-99.269
11
143.401
21
-99.2236
0
LINE
8
BLACK
6
CONTINUOUS
10
143.401
20
-99.2236
11
143.39
21
-99.17
0
LINE
8
BLACK
6
CONTINUOUS
10
143.39
20
-99.17
11
143.39
21
-98.83
0
LINE
8
BLACK
6
CONTINUOUS
10
143.39
20
-98.83
11
143.401
21
-98.7764
0
LINE
8
BLACK
6
CONTINUOUS
10
143.401
20
-98.7764
11
143.431
21
-98.731
0
LINE
8
BLACK
6
CONTINUOUS
10
143.431
20
-98.731
11
143.476
21
-98.7007
0
LINE
8
BLACK
6
CONTINUOUS
10
143.476
20
-98.7007
11
143.53
21
-98.69
0
LINE
8
BLACK
6
CONTINUOUS
10
143.53
20
-98.69
11
143.81
21
-98.69
0
LINE
8
BLACK
6
CONTINUOUS
10
143.81
20
-98.69
11
143.864
21
-98.7007
0
LINE
8
BLACK
6
CONTINUOUS
10
144.824
20
-98.7007
11
144.869
21
-98.731
0
LINE
8
BLACK
6
CONTINUOUS
10
144.869
20
-98.731
11
144.899
21
-98.7764
0
LINE
8
BLACK
6
CONTINUOUS
10
144.899
20
-98.7764
11
144.91
21
-98.83
0
LINE
8
BLACK
6
CONTINUOUS
10
144.91
20
-98.83
11
144.91
21
-99.17
0
LINE
8
BLACK
6
CONTINUOUS
10
144.91
20
-99.17
11
144.899
21
-99.2236
0
LINE
8
BLACK
6
CONTINUOUS
10
144.899
20
-99.2236
11
144.869
21
-99.269
0
LINE
8
BLACK
6
CONTINUOUS
10
144.869
20
-99.269
11
144.824
21
-99.2993
0
LINE
8
BLACK
6
CONTINUOUS
10
144.824
20
-99.2993
11
144.77
21
-99.31
0
LINE
8
BLACK
6
CONTINUOUS
10
144.77
20
-99.31
11
144.49
21
-99.31
0
LINE
8
BLACK
6
CONTINUOUS
10
144.49
20
-99.31
11
144.436
21
-99.2993
0
LINE
8
BLACK
6
CONTINUOUS
10
144.436
20
-99.2993
11
144.391
21
-99.269
0
LINE
8
BLACK
6
CONTINUOUS
10
144.391
20
-99.269
11
144.361
21
-99.2236
0
LINE
8
BLACK
6
CONTINUOUS
10
144.361
20
-99.2236
11
144.35
21
-99.17
0
LINE
8
BLACK
6
CONTINUOUS
10
144.35
20
-99.17
11
144.35
21
-98.83
0
LINE
8
BLACK
6
CONTINUOUS
10
144.35
20
-98.83
11
144.361
21
-98.7764
0
LINE
8
BLACK
6
CONTINUOUS
10
144.361
20
-98.7764
11
144.391
21
-98.731
0
LINE
8
BLACK
6
CONTINUOUS
10
144.391
20
-98.731
11
144.436
21
-98.7007
0
LINE
8
BLACK
6
CONTINUOUS
10
144.436
20
-98.7007
11
144.49
21
-98.69
0
LINE
8
BLACK
6
CONTINUOUS
10
144.49
20
-98.69
11
144.77
21
-98.69
0
LINE
8
BLACK
6
CONTINUOUS
10
144.77
20
-98.69
11
144.824
21
-98.7007
0
LINE
8
BLACK
6
CONTINUOUS
10
178.65
20
-99.275
11
178.35
21
-99.275
0
LINE
8
BLACK
6
CONTINUOUS
10
178.35
20
-99.275
11
178.35
21
-98.925
0
LINE
8
BLACK
6
CONTINUOUS
10
178.35
20
-98.925
11
178.65
21
-98.925
0
LINE
8
BLACK
6
CONTINUOUS
10
178.65
20
-98.925
11
178.65
21
-99.275
0
LINE
8
BLACK
6
CONTINUOUS
10
179.15
20
-99.275
11
178.85
21
-99.275
0
LINE
8
BLACK
6
CONTINUOUS
10
178.85
20
-99.275
11
178.85
21
-98.925
0
LINE
8
BLACK
6
CONTINUOUS
10
178.85
20
-98.925
11
179.15
21
-98.925
0
LINE
8
BLACK
6
CONTINUOUS
10
179.15
20
-98.925
11
179.15
21
-99.275
0
LINE
8
BLACK
6
CONTINUOUS
10
178.125
20
-99.2
11
177.775
21
-99.2
0
LINE
8
BLACK
6
CONTINUOUS
10
177.775
20
-99.2
11
177.775
21
-98.9
0
LINE
8
BLACK
6
CONTINUOUS
10
177.775
20
-98.9
11
178.125
21
-98.9
0
LINE
8
BLACK
6
CONTINUOUS
10
178.125
20
-98.9
11
178.125
21
-99.2
0
LINE
8
BLACK
6
CONTINUOUS
10
179.725
20
-99.2
11
179.375
21
-99.2
0
LINE
8
BLACK
6
CONTINUOUS
10
179.375
20
-99.2
11
179.375
21
-98.9
0
LINE
8
BLACK
6
CONTINUOUS
10
179.375
20
-98.9
11
179.725
21
-98.9
0
LINE
8
BLACK
6
CONTINUOUS
10
179.725
20
-98.9
11
179.725
21
-99.2
0
LINE
8
BLACK
6
CONTINUOUS
10
165.755
20
-98.8032
11
165.145
21
-98.8032
0
LINE
8
BLACK
6
CONTINUOUS
10
165.145
20
-98.8032
11
165.145
21
-98.3968
0
LINE
8
BLACK
6
CONTINUOUS
10
165.145
20
-98.3968
11
165.755
21
-98.3968
0
LINE
8
BLACK
6
CONTINUOUS
10
165.755
20
-98.3968
11
165.755
21
-98.8032
0
LINE
8
BLACK
6
CONTINUOUS
10
178.125
20
-98.7
11
177.775
21
-98.7
0
LINE
8
BLACK
6
CONTINUOUS
10
177.775
20
-98.7
11
177.775
21
-98.4
0
LINE
8
BLACK
6
CONTINUOUS
10
177.775
20
-98.4
11
178.125
21
-98.4
0
LINE
8
BLACK
6
CONTINUOUS
10
178.125
20
-98.4
11
178.125
21
-98.7
0
LINE
8
BLACK
6
CONTINUOUS
10
179.725
20
-98.7
11
179.375
21
-98.7
0
LINE
8
BLACK
6
CONTINUOUS
10
179.375
20
-98.7
11
179.375
21
-98.4
0
LINE
8
BLACK
6
CONTINUOUS
10
179.375
20
-98.4
11
179.725
21
-98.4
0
LINE
8
BLACK
6
CONTINUOUS
10
179.725
20
-98.4
11
179.725
21
-98.7
0
LINE
8
BLACK
6
CONTINUOUS
10
181.244
20
-97.9507
11
181.289
21
-97.981
0
LINE
8
BLACK
6
CONTINUOUS
10
181.289
20
-97.981
11
181.319
21
-98.0264
0
LINE
8
BLACK
6
CONTINUOUS
10
181.319
20
-98.0264
11
181.33
21
-98.08
0
LINE
8
BLACK
6
CONTINUOUS
10
181.33
20
-98.08
11
181.33
21
-98.36
0
LINE
8
BLACK
6
CONTINUOUS
10
181.33
20
-98.36
11
181.319
21
-98.4136
0
LINE
8
BLACK
6
CONTINUOUS
10
181.319
20
-98.4136
11
181.289
21
-98.459
0
LINE
8
BLACK
6
CONTINUOUS
10
181.289
20
-98.459
11
181.244
21
-98.4893
0
LINE
8
BLACK
6
CONTINUOUS
10
181.244
20
-98.4893
11
181.19
21
-98.5
0
LINE
8
BLACK
6
CONTINUOUS
10
181.19
20
-98.5
11
180.85
21
-98.5
0
LINE
8
BLACK
6
CONTINUOUS
10
180.85
20
-98.5
11
180.796
21
-98.4893
0
LINE
8
BLACK
6
CONTINUOUS
10
180.796
20
-98.4893
11
180.751
21
-98.459
0
LINE
8
BLACK
6
CONTINUOUS
10
180.751
20
-98.459
11
180.721
21
-98.4136
0
LINE
8
BLACK
6
CONTINUOUS
10
180.721
20
-98.4136
11
180.71
21
-98.36
0
LINE
8
BLACK
6
CONTINUOUS
10
180.71
20
-98.36
11
180.71
21
-98.08
0
LINE
8
BLACK
6
CONTINUOUS
10
180.71
20
-98.08
11
180.721
21
-98.0264
0
LINE
8
BLACK
6
CONTINUOUS
10
180.721
20
-98.0264
11
180.751
21
-97.981
0
LINE
8
BLACK
6
CONTINUOUS
10
180.751
20
-97.981
11
180.796
21
-97.9507
0
LINE
8
BLACK
6
CONTINUOUS
10
180.796
20
-97.9507
11
180.85
21
-97.94
0
LINE
8
BLACK
6
CONTINUOUS
10
180.85
20
-97.94
11
181.19
21
-97.94
0
LINE
8
BLACK
6
CONTINUOUS
10
181.19
20
-97.94
11
181.244
21
-97.9507
0
LINE
8
BLACK
6
CONTINUOUS
10
173.587
20
-97.9503
11
173.63
21
-97.9795
0
LINE
8
BLACK
6
CONTINUOUS
10
173.63
20
-97.9795
11
173.66
21
-98.0233
0
LINE
8
BLACK
6
CONTINUOUS
10
173.66
20
-98.0233
11
173.67
21
-98.075
0
LINE
8
BLACK
6
CONTINUOUS
10
173.67
20
-98.075
11
173.67
21
-98.345
0
LINE
8
BLACK
6
CONTINUOUS
10
173.67
20
-98.345
11
173.66
21
-98.3967
0
LINE
8
BLACK
6
CONTINUOUS
10
173.66
20
-98.3967
11
173.63
21
-98.4405
0
LINE
8
BLACK
6
CONTINUOUS
10
173.63
20
-98.4405
11
173.587
21
-98.4697
0
LINE
8
BLACK
6
CONTINUOUS
10
173.587
20
-98.4697
11
173.535
21
-98.48
0
LINE
8
BLACK
6
CONTINUOUS
10
173.535
20
-98.48
11
173.165
21
-98.48
0
LINE
8
BLACK
6
CONTINUOUS
10
173.165
20
-98.48
11
173.113
21
-98.4697
0
LINE
8
BLACK
6
CONTINUOUS
10
173.113
20
-98.4697
11
173.07
21
-98.4405
0
LINE
8
BLACK
6
CONTINUOUS
10
173.07
20
-98.4405
11
173.04
21
-98.3967
0
LINE
8
BLACK
6
CONTINUOUS
10
173.04
20
-98.3967
11
173.03
21
-98.345
0
LINE
8
BLACK
6
CONTINUOUS
10
173.03
20
-98.345
11
173.03
21
-98.075
0
LINE
8
BLACK
6
CONTINUOUS
10
173.03
20
-98.075
11
173.04
21
-98.0233
0
LINE
8
BLACK
6
CONTINUOUS
10
173.04
20
-98.0233
11
173.07
21
-97.9795
0
LINE
8
BLACK
6
CONTINUOUS
10
173.07
20
-97.9795
11
173.113
21
-97.9503
0
LINE
8
BLACK
6
CONTINUOUS
10
173.113
20
-97.9503
11
173.165
21
-97.94
0
LINE
8
BLACK
6
CONTINUOUS
10
173.165
20
-97.94
11
173.535
21
-97.94
0
LINE
8
BLACK
6
CONTINUOUS
10
173.535
20
-97.94
11
173.587
21
-97.9503
0
LINE
8
BLACK
6
CONTINUOUS
10
124.661
20
-97.5271
11
124.734
21
-97.5759
0
LINE
8
BLACK
6
CONTINUOUS
10
124.734
20
-97.5759
11
124.783
21
-97.6489
0
LINE
8
BLACK
6
CONTINUOUS
10
124.783
20
-97.6489
11
124.8
21
-97.735
0
LINE
8
BLACK
6
CONTINUOUS
10
124.8
20
-97.735
11
124.8
21
-98.185
0
LINE
8
BLACK
6
CONTINUOUS
10
124.8
20
-98.185
11
124.783
21
-98.2711
0
LINE
8
BLACK
6
CONTINUOUS
10
124.783
20
-98.2711
11
124.734
21
-98.3441
0
LINE
8
BLACK
6
CONTINUOUS
10
124.734
20
-98.3441
11
124.661
21
-98.3929
0
LINE
8
BLACK
6
CONTINUOUS
10
124.661
20
-98.3929
11
124.575
21
-98.41
0
LINE
8
BLACK
6
CONTINUOUS
10
124.575
20
-98.41
11
124.075
21
-98.41
0
LINE
8
BLACK
6
CONTINUOUS
10
124.075
20
-98.41
11
123.989
21
-98.3929
0
LINE
8
BLACK
6
CONTINUOUS
10
123.989
20
-98.3929
11
123.916
21
-98.3441
0
LINE
8
BLACK
6
CONTINUOUS
10
123.916
20
-98.3441
11
123.867
21
-98.2711
0
LINE
8
BLACK
6
CONTINUOUS
10
123.867
20
-98.2711
11
123.85
21
-98.185
0
LINE
8
BLACK
6
CONTINUOUS
10
123.85
20
-98.185
11
123.85
21
-97.735
0
LINE
8
BLACK
6
CONTINUOUS
10
123.85
20
-97.735
11
123.867
21
-97.6489
0
LINE
8
BLACK
6
CONTINUOUS
10
123.867
20
-97.6489
11
123.916
21
-97.5759
0
LINE
8
BLACK
6
CONTINUOUS
10
123.916
20
-97.5759
11
123.989
21
-97.5271
0
LINE
8
BLACK
6
CONTINUOUS
10
123.989
20
-97.5271
11
124.075
21
-97.51
0
LINE
8
BLACK
6
CONTINUOUS
10
124.075
20
-97.51
11
124.575
21
-97.51
0
LINE
8
BLACK
6
CONTINUOUS
10
124.575
20
-97.51
11
124.661
21
-97.5271
0
LINE
8
BLACK
6
CONTINUOUS
10
164.855
20
-98.4032
11
164.245
21
-98.4032
0
LINE
8
BLACK
6
CONTINUOUS
10
164.245
20
-98.4032
11
164.245
21
-97.9968
0
LINE
8
BLACK
6
CONTINUOUS
10
164.245
20
-97.9968
11
164.855
21
-97.9968
0
LINE
8
BLACK
6
CONTINUOUS
10
164.855
20
-97.9968
11
164.855
21
-98.4032
0
LINE
8
BLACK
6
CONTINUOUS
10
178.125
20
-98.2
11
177.775
21
-98.2
0
LINE
8
BLACK
6
CONTINUOUS
10
177.775
20
-98.2
11
177.775
21
-97.9
0
LINE
8
BLACK
6
CONTINUOUS
10
177.775
20
-97.9
11
178.125
21
-97.9
0
LINE
8
BLACK
6
CONTINUOUS
10
178.125
20
-97.9
11
178.125
21
-98.2
0
LINE
8
BLACK
6
CONTINUOUS
10
179.725
20
-98.2
11
179.375
21
-98.2
0
LINE
8
BLACK
6
CONTINUOUS
10
179.375
20
-98.2
11
179.375
21
-97.9
0
LINE
8
BLACK
6
CONTINUOUS
10
179.375
20
-97.9
11
179.725
21
-97.9
0
LINE
8
BLACK
6
CONTINUOUS
10
179.725
20
-97.9
11
179.725
21
-98.2
0
LINE
8
BLACK
6
CONTINUOUS
10
168.65
20
-98.05
11
168.45
21
-98.05
0
LINE
8
BLACK
6
CONTINUOUS
10
168.45
20
-98.05
11
168.45
21
-97.05
0
LINE
8
BLACK
6
CONTINUOUS
10
168.45
20
-97.05
11
168.65
21
-97.05
0
LINE
8
BLACK
6
CONTINUOUS
10
168.65
20
-97.05
11
168.65
21
-98.05
0
LINE
8
BLACK
6
CONTINUOUS
10
169.05
20
-98.05
11
168.85
21
-98.05
0
LINE
8
BLACK
6
CONTINUOUS
10
168.85
20
-98.05
11
168.85
21
-97.05
0
LINE
8
BLACK
6
CONTINUOUS
10
168.85
20
-97.05
11
169.05
21
-97.05
0
LINE
8
BLACK
6
CONTINUOUS
10
169.05
20
-97.05
11
169.05
21
-98.05
0
LINE
8
BLACK
6
CONTINUOUS
10
169.45
20
-98.05
11
169.25
21
-98.05
0
LINE
8
BLACK
6
CONTINUOUS
10
169.25
20
-98.05
11
169.25
21
-97.05
0
LINE
8
BLACK
6
CONTINUOUS
10
169.25
20
-97.05
11
169.45
21
-97.05
0
LINE
8
BLACK
6
CONTINUOUS
10
169.45
20
-97.05
11
169.45
21
-98.05
0
LINE
8
BLACK
6
CONTINUOUS
10
169.85
20
-98.05
11
169.65
21
-98.05
0
LINE
8
BLACK
6
CONTINUOUS
10
169.65
20
-98.05
11
169.65
21
-97.05
0
LINE
8
BLACK
6
CONTINUOUS
10
169.65
20
-97.05
11
169.85
21
-97.05
0
LINE
8
BLACK
6
CONTINUOUS
10
169.85
20
-97.05
11
169.85
21
-98.05
0
LINE
8
BLACK
6
CONTINUOUS
10
170.25
20
-98.05
11
170.05
21
-98.05
0
LINE
8
BLACK
6
CONTINUOUS
10
170.05
20
-98.05
11
170.05
21
-97.05
0
LINE
8
BLACK
6
CONTINUOUS
10
170.05
20
-97.05
11
170.25
21
-97.05
0
LINE
8
BLACK
6
CONTINUOUS
10
170.25
20
-97.05
11
170.25
21
-98.05
0
LINE
8
BLACK
6
CONTINUOUS
10
170.65
20
-98.05
11
170.45
21
-98.05
0
LINE
8
BLACK
6
CONTINUOUS
10
170.45
20
-98.05
11
170.45
21
-97.05
0
LINE
8
BLACK
6
CONTINUOUS
10
170.45
20
-97.05
11
170.65
21
-97.05
0
LINE
8
BLACK
6
CONTINUOUS
10
170.65
20
-97.05
11
170.65
21
-98.05
0
LINE
8
BLACK
6
CONTINUOUS
10
171.05
20
-98.05
11
170.85
21
-98.05
0
LINE
8
BLACK
6
CONTINUOUS
10
170.85
20
-98.05
11
170.85
21
-97.05
0
LINE
8
BLACK
6
CONTINUOUS
10
170.85
20
-97.05
11
171.05
21
-97.05
0
LINE
8
BLACK
6
CONTINUOUS
10
171.05
20
-97.05
11
171.05
21
-98.05
0
LINE
8
BLACK
6
CONTINUOUS
10
171.45
20
-98.05
11
171.25
21
-98.05
0
LINE
8
BLACK
6
CONTINUOUS
10
171.25
20
-98.05
11
171.25
21
-97.05
0
LINE
8
BLACK
6
CONTINUOUS
10
171.25
20
-97.05
11
171.45
21
-97.05
0
LINE
8
BLACK
6
CONTINUOUS
10
171.45
20
-97.05
11
171.45
21
-98.05
0
LINE
8
BLACK
6
CONTINUOUS
10
171.85
20
-98.05
11
171.65
21
-98.05
0
LINE
8
BLACK
6
CONTINUOUS
10
171.65
20
-98.05
11
171.65
21
-97.05
0
LINE
8
BLACK
6
CONTINUOUS
10
171.65
20
-97.05
11
171.85
21
-97.05
0
LINE
8
BLACK
6
CONTINUOUS
10
171.85
20
-97.05
11
171.85
21
-98.05
0
LINE
8
BLACK
6
CONTINUOUS
10
172.25
20
-98.05
11
172.05
21
-98.05
0
LINE
8
BLACK
6
CONTINUOUS
10
172.05
20
-98.05
11
172.05
21
-97.05
0
LINE
8
BLACK
6
CONTINUOUS
10
172.05
20
-97.05
11
172.25
21
-97.05
0
LINE
8
BLACK
6
CONTINUOUS
10
172.25
20
-97.05
11
172.25
21
-98.05
0
LINE
8
BLACK
6
CONTINUOUS
10
182.866
20
-97.1521
11
182.939
21
-97.2009
0
LINE
8
BLACK
6
CONTINUOUS
10
182.939
20
-97.2009
11
182.988
21
-97.2739
0
LINE
8
BLACK
6
CONTINUOUS
10
182.988
20
-97.2739
11
183.005
21
-97.36
0
LINE
8
BLACK
6
CONTINUOUS
10
183.005
20
-97.36
11
183.005
21
-97.81
0
LINE
8
BLACK
6
CONTINUOUS
10
183.005
20
-97.81
11
182.988
21
-97.8961
0
LINE
8
BLACK
6
CONTINUOUS
10
182.988
20
-97.8961
11
182.939
21
-97.9691
0
LINE
8
BLACK
6
CONTINUOUS
10
182.939
20
-97.9691
11
182.866
21
-98.0179
0
LINE
8
BLACK
6
CONTINUOUS
10
182.866
20
-98.0179
11
182.78
21
-98.035
0
LINE
8
BLACK
6
CONTINUOUS
10
182.78
20
-98.035
11
182.28
21
-98.035
0
LINE
8
BLACK
6
CONTINUOUS
10
182.28
20
-98.035
11
182.194
21
-98.0179
0
LINE
8
BLACK
6
CONTINUOUS
10
182.194
20
-98.0179
11
182.121
21
-97.9691
0
LINE
8
BLACK
6
CONTINUOUS
10
182.121
20
-97.9691
11
182.072
21
-97.8961
0
LINE
8
BLACK
6
CONTINUOUS
10
182.072
20
-97.8961
11
182.055
21
-97.81
0
LINE
8
BLACK
6
CONTINUOUS
10
182.055
20
-97.81
11
182.055
21
-97.36
0
LINE
8
BLACK
6
CONTINUOUS
10
182.055
20
-97.36
11
182.072
21
-97.2739
0
LINE
8
BLACK
6
CONTINUOUS
10
182.072
20
-97.2739
11
182.121
21
-97.2009
0
LINE
8
BLACK
6
CONTINUOUS
10
182.121
20
-97.2009
11
182.194
21
-97.1521
0
LINE
8
BLACK
6
CONTINUOUS
10
182.194
20
-97.1521
11
182.28
21
-97.135
0
LINE
8
BLACK
6
CONTINUOUS
10
182.28
20
-97.135
11
182.78
21
-97.135
0
LINE
8
BLACK
6
CONTINUOUS
10
182.78
20
-97.135
11
182.866
21
-97.1521
0
LINE
8
BLACK
6
CONTINUOUS
10
113.694
20
-97.4807
11
113.739
21
-97.511
0
LINE
8
BLACK
6
CONTINUOUS
10
113.739
20
-97.511
11
113.769
21
-97.5564
0
LINE
8
BLACK
6
CONTINUOUS
10
113.769
20
-97.5564
11
113.78
21
-97.61
0
LINE
8
BLACK
6
CONTINUOUS
10
113.78
20
-97.61
11
113.78
21
-97.89
0
LINE
8
BLACK
6
CONTINUOUS
10
113.78
20
-97.89
11
113.769
21
-97.9436
0
LINE
8
BLACK
6
CONTINUOUS
10
113.769
20
-97.9436
11
113.739
21
-97.989
0
LINE
8
BLACK
6
CONTINUOUS
10
113.739
20
-97.989
11
113.694
21
-98.0193
0
LINE
8
BLACK
6
CONTINUOUS
10
113.694
20
-98.0193
11
113.64
21
-98.03
0
LINE
8
BLACK
6
CONTINUOUS
10
113.64
20
-98.03
11
113.3
21
-98.03
0
LINE
8
BLACK
6
CONTINUOUS
10
113.3
20
-98.03
11
113.246
21
-98.0193
0
LINE
8
BLACK
6
CONTINUOUS
10
113.246
20
-98.0193
11
113.201
21
-97.989
0
LINE
8
BLACK
6
CONTINUOUS
10
113.201
20
-97.989
11
113.171
21
-97.9436
0
LINE
8
BLACK
6
CONTINUOUS
10
113.171
20
-97.9436
11
113.16
21
-97.89
0
LINE
8
BLACK
6
CONTINUOUS
10
113.16
20
-97.89
11
113.16
21
-97.61
0
LINE
8
BLACK
6
CONTINUOUS
10
113.16
20
-97.61
11
113.171
21
-97.5564
0
LINE
8
BLACK
6
CONTINUOUS
10
113.171
20
-97.5564
11
113.201
21
-97.511
0
LINE
8
BLACK
6
CONTINUOUS
10
113.201
20
-97.511
11
113.246
21
-97.4807
0
LINE
8
BLACK
6
CONTINUOUS
10
113.246
20
-97.4807
11
113.3
21
-97.47
0
LINE
8
BLACK
6
CONTINUOUS
10
113.3
20
-97.47
11
113.64
21
-97.47
0
LINE
8
BLACK
6
CONTINUOUS
10
113.64
20
-97.47
11
113.694
21
-97.4807
0
LINE
8
BLACK
6
CONTINUOUS
10
165.755
20
-98.0032
11
165.145
21
-98.0032
0
LINE
8
BLACK
6
CONTINUOUS
10
165.145
20
-98.0032
11
165.145
21
-97.5968
0
LINE
8
BLACK
6
CONTINUOUS
10
165.145
20
-97.5968
11
165.755
21
-97.5968
0
LINE
8
BLACK
6
CONTINUOUS
10
165.755
20
-97.5968
11
165.755
21
-98.0032
0
LINE
8
BLACK
6
CONTINUOUS
10
175.052
20
-97.0402
11
175.116
21
-97.0836
0
LINE
8
BLACK
6
CONTINUOUS
10
175.116
20
-97.0836
11
175.16
21
-97.1485
0
LINE
8
BLACK
6
CONTINUOUS
10
175.16
20
-97.1485
11
175.175
21
-97.225
0
LINE
8
BLACK
6
CONTINUOUS
10
175.175
20
-97.225
11
175.175
21
-97.775
0
LINE
8
BLACK
6
CONTINUOUS
10
175.175
20
-97.775
11
175.16
21
-97.8515
0
LINE
8
BLACK
6
CONTINUOUS
10
175.16
20
-97.8515
11
175.116
21
-97.9164
0
LINE
8
BLACK
6
CONTINUOUS
10
175.116
20
-97.9164
11
175.052
21
-97.9598
0
LINE
8
BLACK
6
CONTINUOUS
10
175.052
20
-97.9598
11
174.975
21
-97.975
0
LINE
8
BLACK
6
CONTINUOUS
10
174.975
20
-97.975
11
174.575
21
-97.975
0
LINE
8
BLACK
6
CONTINUOUS
10
174.575
20
-97.975
11
174.498
21
-97.9598
0
LINE
8
BLACK
6
CONTINUOUS
10
174.498
20
-97.9598
11
174.434
21
-97.9164
0
LINE
8
BLACK
6
CONTINUOUS
10
174.434
20
-97.9164
11
174.39
21
-97.8515
0
LINE
8
BLACK
6
CONTINUOUS
10
174.39
20
-97.8515
11
174.375
21
-97.775
0
LINE
8
BLACK
6
CONTINUOUS
10
174.375
20
-97.775
11
174.375
21
-97.225
0
LINE
8
BLACK
6
CONTINUOUS
10
174.375
20
-97.225
11
174.39
21
-97.1485
0
LINE
8
BLACK
6
CONTINUOUS
10
174.39
20
-97.1485
11
174.434
21
-97.0836
0
LINE
8
BLACK
6
CONTINUOUS
10
174.434
20
-97.0836
11
174.498
21
-97.0402
0
LINE
8
BLACK
6
CONTINUOUS
10
174.498
20
-97.0402
11
174.575
21
-97.025
0
LINE
8
BLACK
6
CONTINUOUS
10
174.575
20
-97.025
11
174.975
21
-97.025
0
LINE
8
BLACK
6
CONTINUOUS
10
174.975
20
-97.025
11
175.052
21
-97.0402
0
LINE
8
BLACK
6
CONTINUOUS
10
176.702
20
-97.0402
11
176.766
21
-97.0836
0
LINE
8
BLACK
6
CONTINUOUS
10
176.766
20
-97.0836
11
176.81
21
-97.1485
0
LINE
8
BLACK
6
CONTINUOUS
10
176.81
20
-97.1485
11
176.825
21
-97.225
0
LINE
8
BLACK
6
CONTINUOUS
10
176.825
20
-97.225
11
176.825
21
-97.775
0
LINE
8
BLACK
6
CONTINUOUS
10
176.825
20
-97.775
11
176.81
21
-97.8515
0
LINE
8
BLACK
6
CONTINUOUS
10
176.81
20
-97.8515
11
176.766
21
-97.9164
0
LINE
8
BLACK
6
CONTINUOUS
10
176.766
20
-97.9164
11
176.702
21
-97.9598
0
LINE
8
BLACK
6
CONTINUOUS
10
176.702
20
-97.9598
11
176.625
21
-97.975
0
LINE
8
BLACK
6
CONTINUOUS
10
176.625
20
-97.975
11
176.225
21
-97.975
0
LINE
8
BLACK
6
CONTINUOUS
10
176.225
20
-97.975
11
176.148
21
-97.9598
0
LINE
8
BLACK
6
CONTINUOUS
10
176.148
20
-97.9598
11
176.084
21
-97.9164
0
LINE
8
BLACK
6
CONTINUOUS
10
176.084
20
-97.9164
11
176.04
21
-97.8515
0
LINE
8
BLACK
6
CONTINUOUS
10
176.04
20
-97.8515
11
176.025
21
-97.775
0
LINE
8
BLACK
6
CONTINUOUS
10
176.025
20
-97.775
11
176.025
21
-97.225
0
LINE
8
BLACK
6
CONTINUOUS
10
176.025
20
-97.225
11
176.04
21
-97.1485
0
LINE
8
BLACK
6
CONTINUOUS
10
176.04
20
-97.1485
11
176.084
21
-97.0836
0
LINE
8
BLACK
6
CONTINUOUS
10
176.084
20
-97.0836
11
176.148
21
-97.0402
0
LINE
8
BLACK
6
CONTINUOUS
10
176.148
20
-97.0402
11
176.225
21
-97.025
0
LINE
8
BLACK
6
CONTINUOUS
10
176.225
20
-97.025
11
176.625
21
-97.025
0
LINE
8
BLACK
6
CONTINUOUS
10
176.625
20
-97.025
11
176.702
21
-97.0402
0
LINE
8
BLACK
6
CONTINUOUS
10
118.984
20
-97.4157
11
119.029
21
-97.446
0
LINE
8
BLACK
6
CONTINUOUS
10
119.029
20
-97.446
11
119.059
21
-97.4914
0
LINE
8
BLACK
6
CONTINUOUS
10
119.059
20
-97.4914
11
119.07
21
-97.545
0
LINE
8
BLACK
6
CONTINUOUS
10
119.07
20
-97.545
11
119.07
21
-97.825
0
LINE
8
BLACK
6
CONTINUOUS
10
119.07
20
-97.825
11
119.059
21
-97.8786
0
LINE
8
BLACK
6
CONTINUOUS
10
119.059
20
-97.8786
11
119.029
21
-97.924
0
LINE
8
BLACK
6
CONTINUOUS
10
119.029
20
-97.924
11
118.984
21
-97.9543
0
LINE
8
BLACK
6
CONTINUOUS
10
118.984
20
-97.9543
11
118.93
21
-97.965
0
LINE
8
BLACK
6
CONTINUOUS
10
118.93
20
-97.965
11
118.59
21
-97.965
0
LINE
8
BLACK
6
CONTINUOUS
10
118.59
20
-97.965
11
118.536
21
-97.9543
0
LINE
8
BLACK
6
CONTINUOUS
10
118.536
20
-97.9543
11
118.491
21
-97.924
0
LINE
8
BLACK
6
CONTINUOUS
10
118.491
20
-97.924
11
118.461
21
-97.8786
0
LINE
8
BLACK
6
CONTINUOUS
10
118.461
20
-97.8786
11
118.45
21
-97.825
0
LINE
8
BLACK
6
CONTINUOUS
10
118.45
20
-97.825
11
118.45
21
-97.545
0
LINE
8
BLACK
6
CONTINUOUS
10
118.45
20
-97.545
11
118.461
21
-97.4914
0
LINE
8
BLACK
6
CONTINUOUS
10
118.461
20
-97.4914
11
118.491
21
-97.446
0
LINE
8
BLACK
6
CONTINUOUS
10
118.491
20
-97.446
11
118.536
21
-97.4157
0
LINE
8
BLACK
6
CONTINUOUS
10
118.536
20
-97.4157
11
118.59
21
-97.405
0
LINE
8
BLACK
6
CONTINUOUS
10
118.59
20
-97.405
11
118.93
21
-97.405
0
LINE
8
BLACK
6
CONTINUOUS
10
118.93
20
-97.405
11
118.984
21
-97.4157
0
LINE
8
BLACK
6
CONTINUOUS
10
115.765
20
-97.91
11
115.315
21
-97.91
0
LINE
8
BLACK
6
CONTINUOUS
10
115.315
20
-97.91
11
115.315
21
-97.21
0
LINE
8
BLACK
6
CONTINUOUS
10
115.315
20
-97.21
11
115.765
21
-97.21
0
LINE
8
BLACK
6
CONTINUOUS
10
115.765
20
-97.21
11
115.765
21
-97.91
0
LINE
8
BLACK
6
CONTINUOUS
10
120.975
20
-97.875
11
120.525
21
-97.875
0
LINE
8
BLACK
6
CONTINUOUS
10
120.525
20
-97.875
11
120.525
21
-97.175
0
LINE
8
BLACK
6
CONTINUOUS
10
120.525
20
-97.175
11
120.975
21
-97.175
0
LINE
8
BLACK
6
CONTINUOUS
10
120.975
20
-97.175
11
120.975
21
-97.875
0
LINE
8
BLACK
6
CONTINUOUS
10
178.125
20
-97.7
11
177.775
21
-97.7
0
LINE
8
BLACK
6
CONTINUOUS
10
177.775
20
-97.7
11
177.775
21
-97.4
0
LINE
8
BLACK
6
CONTINUOUS
10
177.775
20
-97.4
11
178.125
21
-97.4
0
LINE
8
BLACK
6
CONTINUOUS
10
178.125
20
-97.4
11
178.125
21
-97.7
0
LINE
8
BLACK
6
CONTINUOUS
10
179.725
20
-97.7
11
179.375
21
-97.7
0
LINE
8
BLACK
6
CONTINUOUS
10
179.375
20
-97.7
11
179.375
21
-97.4
0
LINE
8
BLACK
6
CONTINUOUS
10
179.375
20
-97.4
11
179.725
21
-97.4
0
LINE
8
BLACK
6
CONTINUOUS
10
179.725
20
-97.4
11
179.725
21
-97.7
0
LINE
8
BLACK
6
CONTINUOUS
10
178.65
20
-97.675
11
178.35
21
-97.675
0
LINE
8
BLACK
6
CONTINUOUS
10
178.35
20
-97.675
11
178.35
21
-97.325
0
LINE
8
BLACK
6
CONTINUOUS
10
178.35
20
-97.325
11
178.65
21
-97.325
0
LINE
8
BLACK
6
CONTINUOUS
10
178.65
20
-97.325
11
178.65
21
-97.675
0
LINE
8
BLACK
6
CONTINUOUS
10
179.15
20
-97.675
11
178.85
21
-97.675
0
LINE
8
BLACK
6
CONTINUOUS
10
178.85
20
-97.675
11
178.85
21
-97.325
0
LINE
8
BLACK
6
CONTINUOUS
10
178.85
20
-97.325
11
179.15
21
-97.325
0
LINE
8
BLACK
6
CONTINUOUS
10
179.15
20
-97.325
11
179.15
21
-97.675
0
LINE
8
BLACK
6
CONTINUOUS
10
142.397
20
-97.1303
11
142.44
21
-97.1595
0
LINE
8
BLACK
6
CONTINUOUS
10
142.44
20
-97.1595
11
142.47
21
-97.2033
0
LINE
8
BLACK
6
CONTINUOUS
10
142.47
20
-97.2033
11
142.48
21
-97.255
0
LINE
8
BLACK
6
CONTINUOUS
10
142.48
20
-97.255
11
142.48
21
-97.525
0
LINE
8
BLACK
6
CONTINUOUS
10
142.48
20
-97.525
11
142.47
21
-97.5767
0
LINE
8
BLACK
6
CONTINUOUS
10
142.47
20
-97.5767
11
142.44
21
-97.6205
0
LINE
8
BLACK
6
CONTINUOUS
10
142.44
20
-97.6205
11
142.397
21
-97.6497
0
LINE
8
BLACK
6
CONTINUOUS
10
142.397
20
-97.6497
11
142.345
21
-97.66
0
LINE
8
BLACK
6
CONTINUOUS
10
142.345
20
-97.66
11
141.975
21
-97.66
0
LINE
8
BLACK
6
CONTINUOUS
10
141.975
20
-97.66
11
141.923
21
-97.6497
0
LINE
8
BLACK
6
CONTINUOUS
10
141.923
20
-97.6497
11
141.88
21
-97.6205
0
LINE
8
BLACK
6
CONTINUOUS
10
141.88
20
-97.6205
11
141.85
21
-97.5767
0
LINE
8
BLACK
6
CONTINUOUS
10
141.85
20
-97.5767
11
141.84
21
-97.525
0
LINE
8
BLACK
6
CONTINUOUS
10
141.84
20
-97.525
11
141.84
21
-97.255
0
LINE
8
BLACK
6
CONTINUOUS
10
141.84
20
-97.255
11
141.85
21
-97.2033
0
LINE
8
BLACK
6
CONTINUOUS
10
141.85
20
-97.2033
11
141.88
21
-97.1595
0
LINE
8
BLACK
6
CONTINUOUS
10
141.88
20
-97.1595
11
141.923
21
-97.1303
0
LINE
8
BLACK
6
CONTINUOUS
10
141.923
20
-97.1303
11
141.975
21
-97.12
0
LINE
8
BLACK
6
CONTINUOUS
10
141.975
20
-97.12
11
142.345
21
-97.12
0
LINE
8
BLACK
6
CONTINUOUS
10
142.345
20
-97.12
11
142.397
21
-97.1303
0
LINE
8
BLACK
6
CONTINUOUS
10
164.855
20
-97.6032
11
164.245
21
-97.6032
0
LINE
8
BLACK
6
CONTINUOUS
10
164.245
20
-97.6032
11
164.245
21
-97.1968
0
LINE
8
BLACK
6
CONTINUOUS
10
164.245
20
-97.1968
11
164.855
21
-97.1968
0
LINE
8
BLACK
6
CONTINUOUS
10
164.855
20
-97.1968
11
164.855
21
-97.6032
0
LINE
8
BLACK
6
CONTINUOUS
10
139.899
20
-97.0357
11
139.944
21
-97.066
0
LINE
8
BLACK
6
CONTINUOUS
10
139.944
20
-97.066
11
139.974
21
-97.1114
0
LINE
8
BLACK
6
CONTINUOUS
10
139.974
20
-97.1114
11
139.985
21
-97.165
0
LINE
8
BLACK
6
CONTINUOUS
10
139.985
20
-97.165
11
139.985
21
-97.445
0
LINE
8
BLACK
6
CONTINUOUS
10
139.985
20
-97.445
11
139.974
21
-97.4986
0
LINE
8
BLACK
6
CONTINUOUS
10
139.974
20
-97.4986
11
139.944
21
-97.544
0
LINE
8
BLACK
6
CONTINUOUS
10
139.944
20
-97.544
11
139.899
21
-97.5743
0
LINE
8
BLACK
6
CONTINUOUS
10
139.899
20
-97.5743
11
139.845
21
-97.585
0
LINE
8
BLACK
6
CONTINUOUS
10
139.845
20
-97.585
11
139.505
21
-97.585
0
LINE
8
BLACK
6
CONTINUOUS
10
139.505
20
-97.585
11
139.451
21
-97.5743
0
LINE
8
BLACK
6
CONTINUOUS
10
139.451
20
-97.5743
11
139.406
21
-97.544
0
LINE
8
BLACK
6
CONTINUOUS
10
139.406
20
-97.544
11
139.376
21
-97.4986
0
LINE
8
BLACK
6
CONTINUOUS
10
139.376
20
-97.4986
11
139.365
21
-97.445
0
LINE
8
BLACK
6
CONTINUOUS
10
139.365
20
-97.445
11
139.365
21
-97.165
0
LINE
8
BLACK
6
CONTINUOUS
10
139.365
20
-97.165
11
139.376
21
-97.1114
0
LINE
8
BLACK
6
CONTINUOUS
10
139.376
20
-97.1114
11
139.406
21
-97.066
0
LINE
8
BLACK
6
CONTINUOUS
10
139.406
20
-97.066
11
139.451
21
-97.0357
0
LINE
8
BLACK
6
CONTINUOUS
10
139.451
20
-97.0357
11
139.505
21
-97.025
0
LINE
8
BLACK
6
CONTINUOUS
10
139.505
20
-97.025
11
139.845
21
-97.025
0
LINE
8
BLACK
6
CONTINUOUS
10
139.845
20
-97.025
11
139.899
21
-97.0357
0
LINE
8
BLACK
6
CONTINUOUS
10
173.587
20
-96.9303
11
173.63
21
-96.9595
0
LINE
8
BLACK
6
CONTINUOUS
10
173.63
20
-96.9595
11
173.66
21
-97.0033
0
LINE
8
BLACK
6
CONTINUOUS
10
173.66
20
-97.0033
11
173.67
21
-97.055
0
LINE
8
BLACK
6
CONTINUOUS
10
173.67
20
-97.055
11
173.67
21
-97.325
0
LINE
8
BLACK
6
CONTINUOUS
10
173.67
20
-97.325
11
173.66
21
-97.3767
0
LINE
8
BLACK
6
CONTINUOUS
10
173.66
20
-97.3767
11
173.63
21
-97.4205
0
LINE
8
BLACK
6
CONTINUOUS
10
173.63
20
-97.4205
11
173.587
21
-97.4497
0
LINE
8
BLACK
6
CONTINUOUS
10
173.587
20
-97.4497
11
173.535
21
-97.46
0
LINE
8
BLACK
6
CONTINUOUS
10
173.535
20
-97.46
11
173.165
21
-97.46
0
LINE
8
BLACK
6
CONTINUOUS
10
173.165
20
-97.46
11
173.113
21
-97.4497
0
LINE
8
BLACK
6
CONTINUOUS
10
173.113
20
-97.4497
11
173.07
21
-97.4205
0
LINE
8
BLACK
6
CONTINUOUS
10
173.07
20
-97.4205
11
173.04
21
-97.3767
0
LINE
8
BLACK
6
CONTINUOUS
10
173.04
20
-97.3767
11
173.03
21
-97.325
0
LINE
8
BLACK
6
CONTINUOUS
10
173.03
20
-97.325
11
173.03
21
-97.055
0
LINE
8
BLACK
6
CONTINUOUS
10
173.03
20
-97.055
11
173.04
21
-97.0033
0
LINE
8
BLACK
6
CONTINUOUS
10
173.04
20
-97.0033
11
173.07
21
-96.9595
0
LINE
8
BLACK
6
CONTINUOUS
10
173.07
20
-96.9595
11
173.113
21
-96.9303
0
LINE
8
BLACK
6
CONTINUOUS
10
173.113
20
-96.9303
11
173.165
21
-96.92
0
LINE
8
BLACK
6
CONTINUOUS
10
173.165
20
-96.92
11
173.535
21
-96.92
0
LINE
8
BLACK
6
CONTINUOUS
10
173.535
20
-96.92
11
173.587
21
-96.9303
0
LINE
8
BLACK
6
CONTINUOUS
10
127.374
20
-96.9807
11
127.398
21
-96.997
0
LINE
8
BLACK
6
CONTINUOUS
10
127.398
20
-96.997
11
127.414
21
-97.0213
0
LINE
8
BLACK
6
CONTINUOUS
10
127.414
20
-97.0213
11
127.42
21
-97.05
0
LINE
8
BLACK
6
CONTINUOUS
10
127.42
20
-97.05
11
127.42
21
-97.2
0
LINE
8
BLACK
6
CONTINUOUS
10
127.42
20
-97.2
11
127.414
21
-97.2287
0
LINE
8
BLACK
6
CONTINUOUS
10
127.414
20
-97.2287
11
127.398
21
-97.253
0
LINE
8
BLACK
6
CONTINUOUS
10
127.398
20
-97.253
11
127.374
21
-97.2693
0
LINE
8
BLACK
6
CONTINUOUS
10
127.374
20
-97.2693
11
127.345
21
-97.275
0
LINE
8
BLACK
6
CONTINUOUS
10
127.345
20
-97.275
11
125.945
21
-97.275
0
LINE
8
BLACK
6
CONTINUOUS
10
125.945
20
-97.275
11
125.916
21
-97.2693
0
LINE
8
BLACK
6
CONTINUOUS
10
125.916
20
-97.2693
11
125.892
21
-97.253
0
LINE
8
BLACK
6
CONTINUOUS
10
125.892
20
-97.253
11
125.876
21
-97.2287
0
LINE
8
BLACK
6
CONTINUOUS
10
125.876
20
-97.2287
11
125.87
21
-97.2
0
LINE
8
BLACK
6
CONTINUOUS
10
125.87
20
-97.2
11
125.87
21
-97.05
0
LINE
8
BLACK
6
CONTINUOUS
10
125.87
20
-97.05
11
125.876
21
-97.0213
0
LINE
8
BLACK
6
CONTINUOUS
10
125.876
20
-97.0213
11
125.892
21
-96.997
0
LINE
8
BLACK
6
CONTINUOUS
10
125.892
20
-96.997
11
125.916
21
-96.9807
0
LINE
8
BLACK
6
CONTINUOUS
10
125.916
20
-96.9807
11
125.945
21
-96.975
0
LINE
8
BLACK
6
CONTINUOUS
10
125.945
20
-96.975
11
127.345
21
-96.975
0
LINE
8
BLACK
6
CONTINUOUS
10
127.345
20
-96.975
11
127.374
21
-96.9807
0
LINE
8
BLACK
6
CONTINUOUS
10
138.724
20
-96.9807
11
138.748
21
-96.997
0
LINE
8
BLACK
6
CONTINUOUS
10
138.748
20
-96.997
11
138.764
21
-97.0213
0
LINE
8
BLACK
6
CONTINUOUS
10
138.764
20
-97.0213
11
138.77
21
-97.05
0
LINE
8
BLACK
6
CONTINUOUS
10
138.77
20
-97.05
11
138.77
21
-97.2
0
LINE
8
BLACK
6
CONTINUOUS
10
138.77
20
-97.2
11
138.764
21
-97.2287
0
LINE
8
BLACK
6
CONTINUOUS
10
138.764
20
-97.2287
11
138.748
21
-97.253
0
LINE
8
BLACK
6
CONTINUOUS
10
138.748
20
-97.253
11
138.724
21
-97.2693
0
LINE
8
BLACK
6
CONTINUOUS
10
138.724
20
-97.2693
11
138.695
21
-97.275
0
LINE
8
BLACK
6
CONTINUOUS
10
138.695
20
-97.275
11
137.295
21
-97.275
0
LINE
8
BLACK
6
CONTINUOUS
10
137.295
20
-97.275
11
137.266
21
-97.2693
0
LINE
8
BLACK
6
CONTINUOUS
10
137.266
20
-97.2693
11
137.242
21
-97.253
0
LINE
8
BLACK
6
CONTINUOUS
10
137.242
20
-97.253
11
137.226
21
-97.2287
0
LINE
8
BLACK
6
CONTINUOUS
10
137.226
20
-97.2287
11
137.22
21
-97.2
0
LINE
8
BLACK
6
CONTINUOUS
10
137.22
20
-97.2
11
137.22
21
-97.05
0
LINE
8
BLACK
6
CONTINUOUS
10
137.22
20
-97.05
11
137.226
21
-97.0213
0
LINE
8
BLACK
6
CONTINUOUS
10
137.226
20
-97.0213
11
137.242
21
-96.997
0
LINE
8
BLACK
6
CONTINUOUS
10
137.242
20
-96.997
11
137.266
21
-96.9807
0
LINE
8
BLACK
6
CONTINUOUS
10
137.266
20
-96.9807
11
137.295
21
-96.975
0
LINE
8
BLACK
6
CONTINUOUS
10
137.295
20
-96.975
11
138.695
21
-96.975
0
LINE
8
BLACK
6
CONTINUOUS
10
138.695
20
-96.975
11
138.724
21
-96.9807
0
LINE
8
BLACK
6
CONTINUOUS
10
165.755
20
-97.2032
11
165.145
21
-97.2032
0
LINE
8
BLACK
6
CONTINUOUS
10
165.145
20
-97.2032
11
165.145
21
-96.7968
0
LINE
8
BLACK
6
CONTINUOUS
10
165.145
20
-96.7968
11
165.755
21
-96.7968
0
LINE
8
BLACK
6
CONTINUOUS
10
165.755
20
-96.7968
11
165.755
21
-97.2032
0
LINE
8
BLACK
6
CONTINUOUS
10
156.455
20
-97.2032
11
155.845
21
-97.2032
0
LINE
8
BLACK
6
CONTINUOUS
10
155.845
20
-97.2032
11
155.845
21
-96.7968
0
LINE
8
BLACK
6
CONTINUOUS
10
155.845
20
-96.7968
11
156.455
21
-96.7968
0
LINE
8
BLACK
6
CONTINUOUS
10
156.455
20
-96.7968
11
156.455
21
-97.2032
0
LINE
8
BLACK
6
CONTINUOUS
10
113.694
20
-96.5207
11
113.739
21
-96.551
0
LINE
8
BLACK
6
CONTINUOUS
10
113.739
20
-96.551
11
113.769
21
-96.5964
0
LINE
8
BLACK
6
CONTINUOUS
10
113.769
20
-96.5964
11
113.78
21
-96.65
0
LINE
8
BLACK
6
CONTINUOUS
10
113.78
20
-96.65
11
113.78
21
-96.93
0
LINE
8
BLACK
6
CONTINUOUS
10
113.78
20
-96.93
11
113.769
21
-96.9836
0
LINE
8
BLACK
6
CONTINUOUS
10
113.769
20
-96.9836
11
113.739
21
-97.029
0
LINE
8
BLACK
6
CONTINUOUS
10
113.739
20
-97.029
11
113.694
21
-97.0593
0
LINE
8
BLACK
6
CONTINUOUS
10
113.694
20
-97.0593
11
113.64
21
-97.07
0
LINE
8
BLACK
6
CONTINUOUS
10
113.64
20
-97.07
11
113.3
21
-97.07
0
LINE
8
BLACK
6
CONTINUOUS
10
113.3
20
-97.07
11
113.246
21
-97.0593
0
LINE
8
BLACK
6
CONTINUOUS
10
113.246
20
-97.0593
11
113.201
21
-97.029
0
LINE
8
BLACK
6
CONTINUOUS
10
113.201
20
-97.029
11
113.171
21
-96.9836
0
LINE
8
BLACK
6
CONTINUOUS
10
113.171
20
-96.9836
11
113.16
21
-96.93
0
LINE
8
BLACK
6
CONTINUOUS
10
113.16
20
-96.93
11
113.16
21
-96.65
0
LINE
8
BLACK
6
CONTINUOUS
10
113.16
20
-96.65
11
113.171
21
-96.5964
0
LINE
8
BLACK
6
CONTINUOUS
10
113.171
20
-96.5964
11
113.201
21
-96.551
0
LINE
8
BLACK
6
CONTINUOUS
10
113.201
20
-96.551
11
113.246
21
-96.5207
0
LINE
8
BLACK
6
CONTINUOUS
10
113.246
20
-96.5207
11
113.3
21
-96.51
0
LINE
8
BLACK
6
CONTINUOUS
10
113.3
20
-96.51
11
113.64
21
-96.51
0
LINE
8
BLACK
6
CONTINUOUS
10
113.64
20
-96.51
11
113.694
21
-96.5207
0
LINE
8
BLACK
6
CONTINUOUS
10
118.984
20
-96.4557
11
119.029
21
-96.486
0
LINE
8
BLACK
6
CONTINUOUS
10
119.029
20
-96.486
11
119.059
21
-96.5314
0
LINE
8
BLACK
6
CONTINUOUS
10
119.059
20
-96.5314
11
119.07
21
-96.585
0
LINE
8
BLACK
6
CONTINUOUS
10
119.07
20
-96.585
11
119.07
21
-96.865
0
LINE
8
BLACK
6
CONTINUOUS
10
119.07
20
-96.865
11
119.059
21
-96.9186
0
LINE
8
BLACK
6
CONTINUOUS
10
119.059
20
-96.9186
11
119.029
21
-96.964
0
LINE
8
BLACK
6
CONTINUOUS
10
119.029
20
-96.964
11
118.984
21
-96.9943
0
LINE
8
BLACK
6
CONTINUOUS
10
118.984
20
-96.9943
11
118.93
21
-97.005
0
LINE
8
BLACK
6
CONTINUOUS
10
118.93
20
-97.005
11
118.59
21
-97.005
0
LINE
8
BLACK
6
CONTINUOUS
10
118.59
20
-97.005
11
118.536
21
-96.9943
0
LINE
8
BLACK
6
CONTINUOUS
10
118.536
20
-96.9943
11
118.491
21
-96.964
0
LINE
8
BLACK
6
CONTINUOUS
10
118.491
20
-96.964
11
118.461
21
-96.9186
0
LINE
8
BLACK
6
CONTINUOUS
10
118.461
20
-96.9186
11
118.45
21
-96.865
0
LINE
8
BLACK
6
CONTINUOUS
10
118.45
20
-96.865
11
118.45
21
-96.585
0
LINE
8
BLACK
6
CONTINUOUS
10
118.45
20
-96.585
11
118.461
21
-96.5314
0
LINE
8
BLACK
6
CONTINUOUS
10
118.461
20
-96.5314
11
118.491
21
-96.486
0
LINE
8
BLACK
6
CONTINUOUS
10
118.491
20
-96.486
11
118.536
21
-96.4557
0
LINE
8
BLACK
6
CONTINUOUS
10
118.536
20
-96.4557
11
118.59
21
-96.445
0
LINE
8
BLACK
6
CONTINUOUS
10
118.59
20
-96.445
11
118.93
21
-96.445
0
LINE
8
BLACK
6
CONTINUOUS
10
118.93
20
-96.445
11
118.984
21
-96.4557
0
LINE
8
BLACK
6
CONTINUOUS
10
143.648
20
-96.4995
11
143.688
21
-96.5266
0
LINE
8
BLACK
6
CONTINUOUS
10
143.688
20
-96.5266
11
143.715
21
-96.5672
0
LINE
8
BLACK
6
CONTINUOUS
10
143.715
20
-96.5672
11
143.725
21
-96.615
0
LINE
8
BLACK
6
CONTINUOUS
10
143.725
20
-96.615
11
143.725
21
-96.865
0
LINE
8
BLACK
6
CONTINUOUS
10
143.725
20
-96.865
11
143.715
21
-96.9128
0
LINE
8
BLACK
6
CONTINUOUS
10
143.715
20
-96.9128
11
143.688
21
-96.9534
0
LINE
8
BLACK
6
CONTINUOUS
10
143.688
20
-96.9534
11
143.648
21
-96.9805
0
LINE
8
BLACK
6
CONTINUOUS
10
143.648
20
-96.9805
11
143.6
21
-96.99
0
LINE
8
BLACK
6
CONTINUOUS
10
143.6
20
-96.99
11
143.2
21
-96.99
0
LINE
8
BLACK
6
CONTINUOUS
10
143.2
20
-96.99
11
143.152
21
-96.9805
0
LINE
8
BLACK
6
CONTINUOUS
10
143.152
20
-96.9805
11
143.112
21
-96.9534
0
LINE
8
BLACK
6
CONTINUOUS
10
143.112
20
-96.9534
11
143.085
21
-96.9128
0
LINE
8
BLACK
6
CONTINUOUS
10
143.085
20
-96.9128
11
143.075
21
-96.865
0
LINE
8
BLACK
6
CONTINUOUS
10
143.075
20
-96.865
11
143.075
21
-96.615
0
LINE
8
BLACK
6
CONTINUOUS
10
143.075
20
-96.615
11
143.085
21
-96.5672
0
LINE
8
BLACK
6
CONTINUOUS
10
143.085
20
-96.5672
11
143.112
21
-96.5266
0
LINE
8
BLACK
6
CONTINUOUS
10
143.112
20
-96.5266
11
143.152
21
-96.4995
0
LINE
8
BLACK
6
CONTINUOUS
10
143.152
20
-96.4995
11
143.2
21
-96.49
0
LINE
8
BLACK
6
CONTINUOUS
10
143.2
20
-96.49
11
143.6
21
-96.49
0
LINE
8
BLACK
6
CONTINUOUS
10
143.6
20
-96.49
11
143.648
21
-96.4995
0
LINE
8
BLACK
6
CONTINUOUS
10
151.148
20
-96.4995
11
151.188
21
-96.5266
0
LINE
8
BLACK
6
CONTINUOUS
10
151.188
20
-96.5266
11
151.215
21
-96.5672
0
LINE
8
BLACK
6
CONTINUOUS
10
151.215
20
-96.5672
11
151.225
21
-96.615
0
LINE
8
BLACK
6
CONTINUOUS
10
151.225
20
-96.615
11
151.225
21
-96.865
0
LINE
8
BLACK
6
CONTINUOUS
10
151.225
20
-96.865
11
151.215
21
-96.9128
0
LINE
8
BLACK
6
CONTINUOUS
10
151.215
20
-96.9128
11
151.188
21
-96.9534
0
LINE
8
BLACK
6
CONTINUOUS
10
151.188
20
-96.9534
11
151.148
21
-96.9805
0
LINE
8
BLACK
6
CONTINUOUS
10
151.148
20
-96.9805
11
151.1
21
-96.99
0
LINE
8
BLACK
6
CONTINUOUS
10
151.1
20
-96.99
11
150.7
21
-96.99
0
LINE
8
BLACK
6
CONTINUOUS
10
150.7
20
-96.99
11
150.652
21
-96.9805
0
LINE
8
BLACK
6
CONTINUOUS
10
150.652
20
-96.9805
11
150.612
21
-96.9534
0
LINE
8
BLACK
6
CONTINUOUS
10
150.612
20
-96.9534
11
150.585
21
-96.9128
0
LINE
8
BLACK
6
CONTINUOUS
10
150.585
20
-96.9128
11
150.575
21
-96.865
0
LINE
8
BLACK
6
CONTINUOUS
10
150.575
20
-96.865
11
150.575
21
-96.615
0
LINE
8
BLACK
6
CONTINUOUS
10
150.575
20
-96.615
11
150.585
21
-96.5672
0
LINE
8
BLACK
6
CONTINUOUS
10
150.585
20
-96.5672
11
150.612
21
-96.5266
0
LINE
8
BLACK
6
CONTINUOUS
10
150.612
20
-96.5266
11
150.652
21
-96.4995
0
LINE
8
BLACK
6
CONTINUOUS
10
150.652
20
-96.4995
11
150.7
21
-96.49
0
LINE
8
BLACK
6
CONTINUOUS
10
150.7
20
-96.49
11
151.1
21
-96.49
0
LINE
8
BLACK
6
CONTINUOUS
10
151.1
20
-96.49
11
151.148
21
-96.4995
0
LINE
8
BLACK
6
CONTINUOUS
10
148.85
20
-96.985
11
145.45
21
-96.985
0
LINE
8
BLACK
6
CONTINUOUS
10
145.45
20
-96.985
11
145.45
21
-92.685
0
LINE
8
BLACK
6
CONTINUOUS
10
145.45
20
-92.685
11
148.85
21
-92.685
0
LINE
8
BLACK
6
CONTINUOUS
10
148.85
20
-92.685
11
148.85
21
-96.985
0
LINE
8
BLACK
6
CONTINUOUS
10
124.799
20
-96.4157
11
124.844
21
-96.446
0
LINE
8
BLACK
6
CONTINUOUS
10
124.844
20
-96.446
11
124.874
21
-96.4914
0
LINE
8
BLACK
6
CONTINUOUS
10
124.874
20
-96.4914
11
124.885
21
-96.545
0
LINE
8
BLACK
6
CONTINUOUS
10
124.885
20
-96.545
11
124.885
21
-96.825
0
LINE
8
BLACK
6
CONTINUOUS
10
124.885
20
-96.825
11
124.874
21
-96.8786
0
LINE
8
BLACK
6
CONTINUOUS
10
124.874
20
-96.8786
11
124.844
21
-96.924
0
LINE
8
BLACK
6
CONTINUOUS
10
124.844
20
-96.924
11
124.799
21
-96.9543
0
LINE
8
BLACK
6
CONTINUOUS
10
124.799
20
-96.9543
11
124.745
21
-96.965
0
LINE
8
BLACK
6
CONTINUOUS
10
124.745
20
-96.965
11
124.405
21
-96.965
0
LINE
8
BLACK
6
CONTINUOUS
10
124.405
20
-96.965
11
124.351
21
-96.9543
0
LINE
8
BLACK
6
CONTINUOUS
10
124.351
20
-96.9543
11
124.306
21
-96.924
0
LINE
8
BLACK
6
CONTINUOUS
10
124.306
20
-96.924
11
124.276
21
-96.8786
0
LINE
8
BLACK
6
CONTINUOUS
10
124.276
20
-96.8786
11
124.265
21
-96.825
0
LINE
8
BLACK
6
CONTINUOUS
10
124.265
20
-96.825
11
124.265
21
-96.545
0
LINE
8
BLACK
6
CONTINUOUS
10
124.265
20
-96.545
11
124.276
21
-96.4914
0
LINE
8
BLACK
6
CONTINUOUS
10
124.276
20
-96.4914
11
124.306
21
-96.446
0
LINE
8
BLACK
6
CONTINUOUS
10
124.306
20
-96.446
11
124.351
21
-96.4157
0
LINE
8
BLACK
6
CONTINUOUS
10
124.351
20
-96.4157
11
124.405
21
-96.405
0
LINE
8
BLACK
6
CONTINUOUS
10
124.405
20
-96.405
11
124.745
21
-96.405
0
LINE
8
BLACK
6
CONTINUOUS
10
124.745
20
-96.405
11
124.799
21
-96.4157
0
LINE
8
BLACK
6
CONTINUOUS
10
157.355
20
-96.8032
11
156.745
21
-96.8032
0
LINE
8
BLACK
6
CONTINUOUS
10
156.745
20
-96.8032
11
156.745
21
-96.3968
0
LINE
8
BLACK
6
CONTINUOUS
10
156.745
20
-96.3968
11
157.355
21
-96.3968
0
LINE
8
BLACK
6
CONTINUOUS
10
157.355
20
-96.3968
11
157.355
21
-96.8032
0
LINE
8
BLACK
6
CONTINUOUS
10
164.855
20
-96.8032
11
164.245
21
-96.8032
0
LINE
8
BLACK
6
CONTINUOUS
10
164.245
20
-96.8032
11
164.245
21
-96.3968
0
LINE
8
BLACK
6
CONTINUOUS
10
164.245
20
-96.3968
11
164.855
21
-96.3968
0
LINE
8
BLACK
6
CONTINUOUS
10
164.855
20
-96.3968
11
164.855
21
-96.8032
0
LINE
8
BLACK
6
CONTINUOUS
10
127.374
20
-96.4807
11
127.398
21
-96.497
0
LINE
8
BLACK
6
CONTINUOUS
10
127.398
20
-96.497
11
127.414
21
-96.5213
0
LINE
8
BLACK
6
CONTINUOUS
10
127.414
20
-96.5213
11
127.42
21
-96.55
0
LINE
8
BLACK
6
CONTINUOUS
10
127.42
20
-96.55
11
127.42
21
-96.7
0
LINE
8
BLACK
6
CONTINUOUS
10
127.42
20
-96.7
11
127.414
21
-96.7287
0
LINE
8
BLACK
6
CONTINUOUS
10
127.414
20
-96.7287
11
127.398
21
-96.753
0
LINE
8
BLACK
6
CONTINUOUS
10
127.398
20
-96.753
11
127.374
21
-96.7693
0
LINE
8
BLACK
6
CONTINUOUS
10
127.374
20
-96.7693
11
127.345
21
-96.775
0
LINE
8
BLACK
6
CONTINUOUS
10
127.345
20
-96.775
11
125.945
21
-96.775
0
LINE
8
BLACK
6
CONTINUOUS
10
125.945
20
-96.775
11
125.916
21
-96.7693
0
LINE
8
BLACK
6
CONTINUOUS
10
125.916
20
-96.7693
11
125.892
21
-96.753
0
LINE
8
BLACK
6
CONTINUOUS
10
125.892
20
-96.753
11
125.876
21
-96.7287
0
LINE
8
BLACK
6
CONTINUOUS
10
125.876
20
-96.7287
11
125.87
21
-96.7
0
LINE
8
BLACK
6
CONTINUOUS
10
125.87
20
-96.7
11
125.87
21
-96.55
0
LINE
8
BLACK
6
CONTINUOUS
10
125.87
20
-96.55
11
125.876
21
-96.5213
0
LINE
8
BLACK
6
CONTINUOUS
10
125.876
20
-96.5213
11
125.892
21
-96.497
0
LINE
8
BLACK
6
CONTINUOUS
10
125.892
20
-96.497
11
125.916
21
-96.4807
0
LINE
8
BLACK
6
CONTINUOUS
10
125.916
20
-96.4807
11
125.945
21
-96.475
0
LINE
8
BLACK
6
CONTINUOUS
10
125.945
20
-96.475
11
127.345
21
-96.475
0
LINE
8
BLACK
6
CONTINUOUS
10
127.345
20
-96.475
11
127.374
21
-96.4807
0
LINE
8
BLACK
6
CONTINUOUS
10
138.724
20
-96.4807
11
138.748
21
-96.497
0
LINE
8
BLACK
6
CONTINUOUS
10
138.748
20
-96.497
11
138.764
21
-96.5213
0
LINE
8
BLACK
6
CONTINUOUS
10
138.764
20
-96.5213
11
138.77
21
-96.55
0
LINE
8
BLACK
6
CONTINUOUS
10
138.77
20
-96.55
11
138.77
21
-96.7
0
LINE
8
BLACK
6
CONTINUOUS
10
138.77
20
-96.7
11
138.764
21
-96.7287
0
LINE
8
BLACK
6
CONTINUOUS
10
138.764
20
-96.7287
11
138.748
21
-96.753
0
LINE
8
BLACK
6
CONTINUOUS
10
138.748
20
-96.753
11
138.724
21
-96.7693
0
LINE
8
BLACK
6
CONTINUOUS
10
138.724
20
-96.7693
11
138.695
21
-96.775
0
LINE
8
BLACK
6
CONTINUOUS
10
138.695
20
-96.775
11
137.295
21
-96.775
0
LINE
8
BLACK
6
CONTINUOUS
10
137.295
20
-96.775
11
137.266
21
-96.7693
0
LINE
8
BLACK
6
CONTINUOUS
10
137.266
20
-96.7693
11
137.242
21
-96.753
0
LINE
8
BLACK
6
CONTINUOUS
10
137.242
20
-96.753
11
137.226
21
-96.7287
0
LINE
8
BLACK
6
CONTINUOUS
10
137.226
20
-96.7287
11
137.22
21
-96.7
0
LINE
8
BLACK
6
CONTINUOUS
10
137.22
20
-96.7
11
137.22
21
-96.55
0
LINE
8
BLACK
6
CONTINUOUS
10
137.22
20
-96.55
11
137.226
21
-96.5213
0
LINE
8
BLACK
6
CONTINUOUS
10
137.226
20
-96.5213
11
137.242
21
-96.497
0
LINE
8
BLACK
6
CONTINUOUS
10
137.242
20
-96.497
11
137.266
21
-96.4807
0
LINE
8
BLACK
6
CONTINUOUS
10
137.266
20
-96.4807
11
137.295
21
-96.475
0
LINE
8
BLACK
6
CONTINUOUS
10
137.295
20
-96.475
11
138.695
21
-96.475
0
LINE
8
BLACK
6
CONTINUOUS
10
138.695
20
-96.475
11
138.724
21
-96.4807
0
LINE
8
BLACK
6
CONTINUOUS
10
142.397
20
-96.1103
11
142.44
21
-96.1395
0
LINE
8
BLACK
6
CONTINUOUS
10
142.44
20
-96.1395
11
142.47
21
-96.1833
0
LINE
8
BLACK
6
CONTINUOUS
10
142.47
20
-96.1833
11
142.48
21
-96.235
0
LINE
8
BLACK
6
CONTINUOUS
10
142.48
20
-96.235
11
142.48
21
-96.505
0
LINE
8
BLACK
6
CONTINUOUS
10
142.48
20
-96.505
11
142.47
21
-96.5567
0
LINE
8
BLACK
6
CONTINUOUS
10
142.47
20
-96.5567
11
142.44
21
-96.6005
0
LINE
8
BLACK
6
CONTINUOUS
10
142.44
20
-96.6005
11
142.397
21
-96.6297
0
LINE
8
BLACK
6
CONTINUOUS
10
142.397
20
-96.6297
11
142.345
21
-96.64
0
LINE
8
BLACK
6
CONTINUOUS
10
142.345
20
-96.64
11
141.975
21
-96.64
0
LINE
8
BLACK
6
CONTINUOUS
10
141.975
20
-96.64
11
141.923
21
-96.6297
0
LINE
8
BLACK
6
CONTINUOUS
10
141.923
20
-96.6297
11
141.88
21
-96.6005
0
LINE
8
BLACK
6
CONTINUOUS
10
141.88
20
-96.6005
11
141.85
21
-96.5567
0
LINE
8
BLACK
6
CONTINUOUS
10
141.85
20
-96.5567
11
141.84
21
-96.505
0
LINE
8
BLACK
6
CONTINUOUS
10
141.84
20
-96.505
11
141.84
21
-96.235
0
LINE
8
BLACK
6
CONTINUOUS
10
141.84
20
-96.235
11
141.85
21
-96.1833
0
LINE
8
BLACK
6
CONTINUOUS
10
141.85
20
-96.1833
11
141.88
21
-96.1395
0
LINE
8
BLACK
6
CONTINUOUS
10
141.88
20
-96.1395
11
141.923
21
-96.1103
0
LINE
8
BLACK
6
CONTINUOUS
10
141.923
20
-96.1103
11
141.975
21
-96.1
0
LINE
8
BLACK
6
CONTINUOUS
10
141.975
20
-96.1
11
142.345
21
-96.1
0
LINE
8
BLACK
6
CONTINUOUS
10
142.345
20
-96.1
11
142.397
21
-96.1103
0
LINE
8
BLACK
6
CONTINUOUS
10
139.899
20
-96.0757
11
139.944
21
-96.106
0
LINE
8
BLACK
6
CONTINUOUS
10
139.944
20
-96.106
11
139.974
21
-96.1514
0
LINE
8
BLACK
6
CONTINUOUS
10
139.974
20
-96.1514
11
139.985
21
-96.205
0
LINE
8
BLACK
6
CONTINUOUS
10
139.985
20
-96.205
11
139.985
21
-96.485
0
LINE
8
BLACK
6
CONTINUOUS
10
139.985
20
-96.485
11
139.974
21
-96.5386
0
LINE
8
BLACK
6
CONTINUOUS
10
139.974
20
-96.5386
11
139.944
21
-96.584
0
LINE
8
BLACK
6
CONTINUOUS
10
139.944
20
-96.584
11
139.899
21
-96.6143
0
LINE
8
BLACK
6
CONTINUOUS
10
139.899
20
-96.6143
11
139.845
21
-96.625
0
LINE
8
BLACK
6
CONTINUOUS
10
139.845
20
-96.625
11
139.505
21
-96.625
0
LINE
8
BLACK
6
CONTINUOUS
10
139.505
20
-96.625
11
139.451
21
-96.6143
0
LINE
8
BLACK
6
CONTINUOUS
10
139.451
20
-96.6143
11
139.406
21
-96.584
0
LINE
8
BLACK
6
CONTINUOUS
10
139.406
20
-96.584
11
139.376
21
-96.5386
0
LINE
8
BLACK
6
CONTINUOUS
10
139.376
20
-96.5386
11
139.365
21
-96.485
0
LINE
8
BLACK
6
CONTINUOUS
10
139.365
20
-96.485
11
139.365
21
-96.205
0
LINE
8
BLACK
6
CONTINUOUS
10
139.365
20
-96.205
11
139.376
21
-96.1514
0
LINE
8
BLACK
6
CONTINUOUS
10
139.376
20
-96.1514
11
139.406
21
-96.106
0
LINE
8
BLACK
6
CONTINUOUS
10
139.406
20
-96.106
11
139.451
21
-96.0757
0
LINE
8
BLACK
6
CONTINUOUS
10
139.451
20
-96.0757
11
139.505
21
-96.065
0
LINE
8
BLACK
6
CONTINUOUS
10
139.505
20
-96.065
11
139.845
21
-96.065
0
LINE
8
BLACK
6
CONTINUOUS
10
139.845
20
-96.065
11
139.899
21
-96.0757
0
LINE
8
BLACK
6
CONTINUOUS
10
156.455
20
-96.4032
11
155.845
21
-96.4032
0
LINE
8
BLACK
6
CONTINUOUS
10
155.845
20
-96.4032
11
155.845
21
-95.9968
0
LINE
8
BLACK
6
CONTINUOUS
10
155.845
20
-95.9968
11
156.455
21
-95.9968
0
LINE
8
BLACK
6
CONTINUOUS
10
156.455
20
-95.9968
11
156.455
21
-96.4032
0
LINE
8
BLACK
6
CONTINUOUS
10
165.755
20
-96.4032
11
165.145
21
-96.4032
0
LINE
8
BLACK
6
CONTINUOUS
10
165.145
20
-96.4032
11
165.145
21
-95.9968
0
LINE
8
BLACK
6
CONTINUOUS
10
165.145
20
-95.9968
11
165.755
21
-95.9968
0
LINE
8
BLACK
6
CONTINUOUS
10
165.755
20
-95.9968
11
165.755
21
-96.4032
0
LINE
8
BLACK
6
CONTINUOUS
10
114.69
20
-96.3225
11
114.34
21
-96.3225
0
LINE
8
BLACK
6
CONTINUOUS
10
114.34
20
-96.3225
11
114.34
21
-95.6725
0
LINE
8
BLACK
6
CONTINUOUS
10
114.34
20
-95.6725
11
114.69
21
-95.6725
0
LINE
8
BLACK
6
CONTINUOUS
10
114.69
20
-95.6725
11
114.69
21
-96.3225
0
LINE
8
BLACK
6
CONTINUOUS
10
115.34
20
-96.3225
11
114.99
21
-96.3225
0
LINE
8
BLACK
6
CONTINUOUS
10
114.99
20
-96.3225
11
114.99
21
-95.6725
0
LINE
8
BLACK
6
CONTINUOUS
10
114.99
20
-95.6725
11
115.34
21
-95.6725
0
LINE
8
BLACK
6
CONTINUOUS
10
115.34
20
-95.6725
11
115.34
21
-96.3225
0
LINE
8
BLACK
6
CONTINUOUS
10
115.99
20
-96.3225
11
115.64
21
-96.3225
0
LINE
8
BLACK
6
CONTINUOUS
10
115.64
20
-96.3225
11
115.64
21
-95.6725
0
LINE
8
BLACK
6
CONTINUOUS
10
115.64
20
-95.6725
11
115.99
21
-95.6725
0
LINE
8
BLACK
6
CONTINUOUS
10
115.99
20
-95.6725
11
115.99
21
-96.3225
0
LINE
8
BLACK
6
CONTINUOUS
10
116.64
20
-96.3225
11
116.29
21
-96.3225
0
LINE
8
BLACK
6
CONTINUOUS
10
116.29
20
-96.3225
11
116.29
21
-95.6725
0
LINE
8
BLACK
6
CONTINUOUS
10
116.29
20
-95.6725
11
116.64
21
-95.6725
0
LINE
8
BLACK
6
CONTINUOUS
10
116.64
20
-95.6725
11
116.64
21
-96.3225
0
LINE
8
BLACK
6
CONTINUOUS
10
127.374
20
-95.9807
11
127.398
21
-95.997
0
LINE
8
BLACK
6
CONTINUOUS
10
127.398
20
-95.997
11
127.414
21
-96.0213
0
LINE
8
BLACK
6
CONTINUOUS
10
127.414
20
-96.0213
11
127.42
21
-96.05
0
LINE
8
BLACK
6
CONTINUOUS
10
127.42
20
-96.05
11
127.42
21
-96.2
0
LINE
8
BLACK
6
CONTINUOUS
10
127.42
20
-96.2
11
127.414
21
-96.2287
0
LINE
8
BLACK
6
CONTINUOUS
10
127.414
20
-96.2287
11
127.398
21
-96.253
0
LINE
8
BLACK
6
CONTINUOUS
10
127.398
20
-96.253
11
127.374
21
-96.2693
0
LINE
8
BLACK
6
CONTINUOUS
10
127.374
20
-96.2693
11
127.345
21
-96.275
0
LINE
8
BLACK
6
CONTINUOUS
10
127.345
20
-96.275
11
125.945
21
-96.275
0
LINE
8
BLACK
6
CONTINUOUS
10
125.945
20
-96.275
11
125.916
21
-96.2693
0
LINE
8
BLACK
6
CONTINUOUS
10
125.916
20
-96.2693
11
125.892
21
-96.253
0
LINE
8
BLACK
6
CONTINUOUS
10
125.892
20
-96.253
11
125.876
21
-96.2287
0
LINE
8
BLACK
6
CONTINUOUS
10
125.876
20
-96.2287
11
125.87
21
-96.2
0
LINE
8
BLACK
6
CONTINUOUS
10
125.87
20
-96.2
11
125.87
21
-96.05
0
LINE
8
BLACK
6
CONTINUOUS
10
125.87
20
-96.05
11
125.876
21
-96.0213
0
LINE
8
BLACK
6
CONTINUOUS
10
125.876
20
-96.0213
11
125.892
21
-95.997
0
LINE
8
BLACK
6
CONTINUOUS
10
125.892
20
-95.997
11
125.916
21
-95.9807
0
LINE
8
BLACK
6
CONTINUOUS
10
125.916
20
-95.9807
11
125.945
21
-95.975
0
LINE
8
BLACK
6
CONTINUOUS
10
125.945
20
-95.975
11
127.345
21
-95.975
0
LINE
8
BLACK
6
CONTINUOUS
10
127.345
20
-95.975
11
127.374
21
-95.9807
0
LINE
8
BLACK
6
CONTINUOUS
10
138.724
20
-95.9807
11
138.748
21
-95.997
0
LINE
8
BLACK
6
CONTINUOUS
10
138.748
20
-95.997
11
138.764
21
-96.0213
0
LINE
8
BLACK
6
CONTINUOUS
10
138.764
20
-96.0213
11
138.77
21
-96.05
0
LINE
8
BLACK
6
CONTINUOUS
10
138.77
20
-96.05
11
138.77
21
-96.2
0
LINE
8
BLACK
6
CONTINUOUS
10
138.77
20
-96.2
11
138.764
21
-96.2287
0
LINE
8
BLACK
6
CONTINUOUS
10
138.764
20
-96.2287
11
138.748
21
-96.253
0
LINE
8
BLACK
6
CONTINUOUS
10
138.748
20
-96.253
11
138.724
21
-96.2693
0
LINE
8
BLACK
6
CONTINUOUS
10
138.724
20
-96.2693
11
138.695
21
-96.275
0
LINE
8
BLACK
6
CONTINUOUS
10
138.695
20
-96.275
11
137.295
21
-96.275
0
LINE
8
BLACK
6
CONTINUOUS
10
137.295
20
-96.275
11
137.266
21
-96.2693
0
LINE
8
BLACK
6
CONTINUOUS
10
137.266
20
-96.2693
11
137.242
21
-96.253
0
LINE
8
BLACK
6
CONTINUOUS
10
137.242
20
-96.253
11
137.226
21
-96.2287
0
LINE
8
BLACK
6
CONTINUOUS
10
137.226
20
-96.2287
11
137.22
21
-96.2
0
LINE
8
BLACK
6
CONTINUOUS
10
137.22
20
-96.2
11
137.22
21
-96.05
0
LINE
8
BLACK
6
CONTINUOUS
10
137.22
20
-96.05
11
137.226
21
-96.0213
0
LINE
8
BLACK
6
CONTINUOUS
10
137.226
20
-96.0213
11
137.242
21
-95.997
0
LINE
8
BLACK
6
CONTINUOUS
10
137.242
20
-95.997
11
137.266
21
-95.9807
0
LINE
8
BLACK
6
CONTINUOUS
10
137.266
20
-95.9807
11
137.295
21
-95.975
0
LINE
8
BLACK
6
CONTINUOUS
10
137.295
20
-95.975
11
138.695
21
-95.975
0
LINE
8
BLACK
6
CONTINUOUS
10
138.695
20
-95.975
11
138.724
21
-95.9807
0
LINE
8
BLACK
6
CONTINUOUS
10
119.975
20
-96.2625
11
119.625
21
-96.2625
0
LINE
8
BLACK
6
CONTINUOUS
10
119.625
20
-96.2625
11
119.625
21
-95.6125
0
LINE
8
BLACK
6
CONTINUOUS
10
119.625
20
-95.6125
11
119.975
21
-95.6125
0
LINE
8
BLACK
6
CONTINUOUS
10
119.975
20
-95.6125
11
119.975
21
-96.2625
0
LINE
8
BLACK
6
CONTINUOUS
10
120.625
20
-96.2625
11
120.275
21
-96.2625
0
LINE
8
BLACK
6
CONTINUOUS
10
120.275
20
-96.2625
11
120.275
21
-95.6125
0
LINE
8
BLACK
6
CONTINUOUS
10
120.275
20
-95.6125
11
120.625
21
-95.6125
0
LINE
8
BLACK
6
CONTINUOUS
10
120.625
20
-95.6125
11
120.625
21
-96.2625
0
LINE
8
BLACK
6
CONTINUOUS
10
121.275
20
-96.2625
11
120.925
21
-96.2625
0
LINE
8
BLACK
6
CONTINUOUS
10
120.925
20
-96.2625
11
120.925
21
-95.6125
0
LINE
8
BLACK
6
CONTINUOUS
10
120.925
20
-95.6125
11
121.275
21
-95.6125
0
LINE
8
BLACK
6
CONTINUOUS
10
121.275
20
-95.6125
11
121.275
21
-96.2625
0
LINE
8
BLACK
6
CONTINUOUS
10
121.925
20
-96.2625
11
121.575
21
-96.2625
0
LINE
8
BLACK
6
CONTINUOUS
10
121.575
20
-96.2625
11
121.575
21
-95.6125
0
LINE
8
BLACK
6
CONTINUOUS
10
121.575
20
-95.6125
11
121.925
21
-95.6125
0
LINE
8
BLACK
6
CONTINUOUS
10
121.925
20
-95.6125
11
121.925
21
-96.2625
0
LINE
8
BLACK
6
CONTINUOUS
10
124.799
20
-95.4557
11
124.844
21
-95.486
0
LINE
8
BLACK
6
CONTINUOUS
10
124.844
20
-95.486
11
124.874
21
-95.5314
0
LINE
8
BLACK
6
CONTINUOUS
10
124.874
20
-95.5314
11
124.885
21
-95.585
0
LINE
8
BLACK
6
CONTINUOUS
10
124.885
20
-95.585
11
124.885
21
-95.865
0
LINE
8
BLACK
6
CONTINUOUS
10
124.885
20
-95.865
11
124.874
21
-95.9186
0
LINE
8
BLACK
6
CONTINUOUS
10
124.874
20
-95.9186
11
124.844
21
-95.964
0
LINE
8
BLACK
6
CONTINUOUS
10
124.844
20
-95.964
11
124.799
21
-95.9943
0
LINE
8
BLACK
6
CONTINUOUS
10
124.799
20
-95.9943
11
124.745
21
-96.005
0
LINE
8
BLACK
6
CONTINUOUS
10
124.745
20
-96.005
11
124.405
21
-96.005
0
LINE
8
BLACK
6
CONTINUOUS
10
124.405
20
-96.005
11
124.351
21
-95.9943
0
LINE
8
BLACK
6
CONTINUOUS
10
124.351
20
-95.9943
11
124.306
21
-95.964
0
LINE
8
BLACK
6
CONTINUOUS
10
124.306
20
-95.964
11
124.276
21
-95.9186
0
LINE
8
BLACK
6
CONTINUOUS
10
124.276
20
-95.9186
11
124.265
21
-95.865
0
LINE
8
BLACK
6
CONTINUOUS
10
124.265
20
-95.865
11
124.265
21
-95.585
0
LINE
8
BLACK
6
CONTINUOUS
10
124.265
20
-95.585
11
124.276
21
-95.5314
0
LINE
8
BLACK
6
CONTINUOUS
10
124.276
20
-95.5314
11
124.306
21
-95.486
0
LINE
8
BLACK
6
CONTINUOUS
10
124.306
20
-95.486
11
124.351
21
-95.4557
0
LINE
8
BLACK
6
CONTINUOUS
10
124.351
20
-95.4557
11
124.405
21
-95.445
0
LINE
8
BLACK
6
CONTINUOUS
10
124.405
20
-95.445
11
124.745
21
-95.445
0
LINE
8
BLACK
6
CONTINUOUS
10
124.745
20
-95.445
11
124.799
21
-95.4557
0
LINE
8
BLACK
6
CONTINUOUS
10
157.355
20
-96.0032
11
156.745
21
-96.0032
0
LINE
8
BLACK
6
CONTINUOUS
10
156.745
20
-96.0032
11
156.745
21
-95.5968
0
LINE
8
BLACK
6
CONTINUOUS
10
156.745
20
-95.5968
11
157.355
21
-95.5968
0
LINE
8
BLACK
6
CONTINUOUS
10
157.355
20
-95.5968
11
157.355
21
-96.0032
0
LINE
8
BLACK
6
CONTINUOUS
10
164.855
20
-96.0032
11
164.245
21
-96.0032
0
LINE
8
BLACK
6
CONTINUOUS
10
164.245
20
-96.0032
11
164.245
21
-95.5968
0
LINE
8
BLACK
6
CONTINUOUS
10
164.245
20
-95.5968
11
164.855
21
-95.5968
0
LINE
8
BLACK
6
CONTINUOUS
10
164.855
20
-95.5968
11
164.855
21
-96.0032
0
LINE
8
BLACK
6
CONTINUOUS
10
127.374
20
-95.4807
11
127.398
21
-95.497
0
LINE
8
BLACK
6
CONTINUOUS
10
127.398
20
-95.497
11
127.414
21
-95.5213
0
LINE
8
BLACK
6
CONTINUOUS
10
127.414
20
-95.5213
11
127.42
21
-95.55
0
LINE
8
BLACK
6
CONTINUOUS
10
127.42
20
-95.55
11
127.42
21
-95.7
0
LINE
8
BLACK
6
CONTINUOUS
10
127.42
20
-95.7
11
127.414
21
-95.7287
0
LINE
8
BLACK
6
CONTINUOUS
10
127.414
20
-95.7287
11
127.398
21
-95.753
0
LINE
8
BLACK
6
CONTINUOUS
10
127.398
20
-95.753
11
127.374
21
-95.7693
0
LINE
8
BLACK
6
CONTINUOUS
10
127.374
20
-95.7693
11
127.345
21
-95.775
0
LINE
8
BLACK
6
CONTINUOUS
10
127.345
20
-95.775
11
125.945
21
-95.775
0
LINE
8
BLACK
6
CONTINUOUS
10
125.945
20
-95.775
11
125.916
21
-95.7693
0
LINE
8
BLACK
6
CONTINUOUS
10
125.916
20
-95.7693
11
125.892
21
-95.753
0
LINE
8
BLACK
6
CONTINUOUS
10
125.892
20
-95.753
11
125.876
21
-95.7287
0
LINE
8
BLACK
6
CONTINUOUS
10
125.876
20
-95.7287
11
125.87
21
-95.7
0
LINE
8
BLACK
6
CONTINUOUS
10
125.87
20
-95.7
11
125.87
21
-95.55
0
LINE
8
BLACK
6
CONTINUOUS
10
125.87
20
-95.55
11
125.876
21
-95.5213
0
LINE
8
BLACK
6
CONTINUOUS
10
125.876
20
-95.5213
11
125.892
21
-95.497
0
LINE
8
BLACK
6
CONTINUOUS
10
125.892
20
-95.497
11
125.916
21
-95.4807
0
LINE
8
BLACK
6
CONTINUOUS
10
125.916
20
-95.4807
11
125.945
21
-95.475
0
LINE
8
BLACK
6
CONTINUOUS
10
125.945
20
-95.475
11
127.345
21
-95.475
0
LINE
8
BLACK
6
CONTINUOUS
10
127.345
20
-95.475
11
127.374
21
-95.4807
0
LINE
8
BLACK
6
CONTINUOUS
10
138.724
20
-95.4807
11
138.748
21
-95.497
0
LINE
8
BLACK
6
CONTINUOUS
10
138.748
20
-95.497
11
138.764
21
-95.5213
0
LINE
8
BLACK
6
CONTINUOUS
10
138.764
20
-95.5213
11
138.77
21
-95.55
0
LINE
8
BLACK
6
CONTINUOUS
10
138.77
20
-95.55
11
138.77
21
-95.7
0
LINE
8
BLACK
6
CONTINUOUS
10
138.77
20
-95.7
11
138.764
21
-95.7287
0
LINE
8
BLACK
6
CONTINUOUS
10
138.764
20
-95.7287
11
138.748
21
-95.753
0
LINE
8
BLACK
6
CONTINUOUS
10
138.748
20
-95.753
11
138.724
21
-95.7693
0
LINE
8
BLACK
6
CONTINUOUS
10
138.724
20
-95.7693
11
138.695
21
-95.775
0
LINE
8
BLACK
6
CONTINUOUS
10
138.695
20
-95.775
11
137.295
21
-95.775
0
LINE
8
BLACK
6
CONTINUOUS
10
137.295
20
-95.775
11
137.266
21
-95.7693
0
LINE
8
BLACK
6
CONTINUOUS
10
137.266
20
-95.7693
11
137.242
21
-95.753
0
LINE
8
BLACK
6
CONTINUOUS
10
137.242
20
-95.753
11
137.226
21
-95.7287
0
LINE
8
BLACK
6
CONTINUOUS
10
137.226
20
-95.7287
11
137.22
21
-95.7
0
LINE
8
BLACK
6
CONTINUOUS
10
137.22
20
-95.7
11
137.22
21
-95.55
0
LINE
8
BLACK
6
CONTINUOUS
10
137.22
20
-95.55
11
137.226
21
-95.5213
0
LINE
8
BLACK
6
CONTINUOUS
10
137.226
20
-95.5213
11
137.242
21
-95.497
0
LINE
8
BLACK
6
CONTINUOUS
10
137.242
20
-95.497
11
137.266
21
-95.4807
0
LINE
8
BLACK
6
CONTINUOUS
10
137.266
20
-95.4807
11
137.295
21
-95.475
0
LINE
8
BLACK
6
CONTINUOUS
10
137.295
20
-95.475
11
138.695
21
-95.475
0
LINE
8
BLACK
6
CONTINUOUS
10
138.695
20
-95.475
11
138.724
21
-95.4807
0
LINE
8
BLACK
6
CONTINUOUS
10
143.648
20
-95.2295
11
143.688
21
-95.2566
0
LINE
8
BLACK
6
CONTINUOUS
10
143.688
20
-95.2566
11
143.715
21
-95.2972
0
LINE
8
BLACK
6
CONTINUOUS
10
143.715
20
-95.2972
11
143.725
21
-95.345
0
LINE
8
BLACK
6
CONTINUOUS
10
143.725
20
-95.345
11
143.725
21
-95.595
0
LINE
8
BLACK
6
CONTINUOUS
10
143.725
20
-95.595
11
143.715
21
-95.6428
0
LINE
8
BLACK
6
CONTINUOUS
10
143.715
20
-95.6428
11
143.688
21
-95.6834
0
LINE
8
BLACK
6
CONTINUOUS
10
143.688
20
-95.6834
11
143.648
21
-95.7105
0
LINE
8
BLACK
6
CONTINUOUS
10
143.648
20
-95.7105
11
143.6
21
-95.72
0
LINE
8
BLACK
6
CONTINUOUS
10
143.6
20
-95.72
11
143.2
21
-95.72
0
LINE
8
BLACK
6
CONTINUOUS
10
143.2
20
-95.72
11
143.152
21
-95.7105
0
LINE
8
BLACK
6
CONTINUOUS
10
143.152
20
-95.7105
11
143.112
21
-95.6834
0
LINE
8
BLACK
6
CONTINUOUS
10
143.112
20
-95.6834
11
143.085
21
-95.6428
0
LINE
8
BLACK
6
CONTINUOUS
10
143.085
20
-95.6428
11
143.075
21
-95.595
0
LINE
8
BLACK
6
CONTINUOUS
10
143.075
20
-95.595
11
143.075
21
-95.345
0
LINE
8
BLACK
6
CONTINUOUS
10
143.075
20
-95.345
11
143.085
21
-95.2972
0
LINE
8
BLACK
6
CONTINUOUS
10
143.085
20
-95.2972
11
143.112
21
-95.2566
0
LINE
8
BLACK
6
CONTINUOUS
10
143.112
20
-95.2566
11
143.152
21
-95.2295
0
LINE
8
BLACK
6
CONTINUOUS
10
143.152
20
-95.2295
11
143.2
21
-95.22
0
LINE
8
BLACK
6
CONTINUOUS
10
143.2
20
-95.22
11
143.6
21
-95.22
0
LINE
8
BLACK
6
CONTINUOUS
10
143.6
20
-95.22
11
143.648
21
-95.2295
0
LINE
8
BLACK
6
CONTINUOUS
10
151.148
20
-95.2295
11
151.188
21
-95.2566
0
LINE
8
BLACK
6
CONTINUOUS
10
151.188
20
-95.2566
11
151.215
21
-95.2972
0
LINE
8
BLACK
6
CONTINUOUS
10
151.215
20
-95.2972
11
151.225
21
-95.345
0
LINE
8
BLACK
6
CONTINUOUS
10
151.225
20
-95.345
11
151.225
21
-95.595
0
LINE
8
BLACK
6
CONTINUOUS
10
151.225
20
-95.595
11
151.215
21
-95.6428
0
LINE
8
BLACK
6
CONTINUOUS
10
151.215
20
-95.6428
11
151.188
21
-95.6834
0
LINE
8
BLACK
6
CONTINUOUS
10
151.188
20
-95.6834
11
151.148
21
-95.7105
0
LINE
8
BLACK
6
CONTINUOUS
10
151.148
20
-95.7105
11
151.1
21
-95.72
0
LINE
8
BLACK
6
CONTINUOUS
10
151.1
20
-95.72
11
150.7
21
-95.72
0
LINE
8
BLACK
6
CONTINUOUS
10
150.7
20
-95.72
11
150.652
21
-95.7105
0
LINE
8
BLACK
6
CONTINUOUS
10
150.652
20
-95.7105
11
150.612
21
-95.6834
0
LINE
8
BLACK
6
CONTINUOUS
10
150.612
20
-95.6834
11
150.585
21
-95.6428
0
LINE
8
BLACK
6
CONTINUOUS
10
150.585
20
-95.6428
11
150.575
21
-95.595
0
LINE
8
BLACK
6
CONTINUOUS
10
150.575
20
-95.595
11
150.575
21
-95.345
0
LINE
8
BLACK
6
CONTINUOUS
10
150.575
20
-95.345
11
150.585
21
-95.2972
0
LINE
8
BLACK
6
CONTINUOUS
10
150.585
20
-95.2972
11
150.612
21
-95.2566
0
LINE
8
BLACK
6
CONTINUOUS
10
150.612
20
-95.2566
11
150.652
21
-95.2295
0
LINE
8
BLACK
6
CONTINUOUS
10
150.652
20
-95.2295
11
150.7
21
-95.22
0
LINE
8
BLACK
6
CONTINUOUS
10
150.7
20
-95.22
11
151.1
21
-95.22
0
LINE
8
BLACK
6
CONTINUOUS
10
151.1
20
-95.22
11
151.148
21
-95.2295
0
LINE
8
BLACK
6
CONTINUOUS
10
156.455
20
-95.6032
11
155.845
21
-95.6032
0
LINE
8
BLACK
6
CONTINUOUS
10
155.845
20
-95.6032
11
155.845
21
-95.1968
0
LINE
8
BLACK
6
CONTINUOUS
10
155.845
20
-95.1968
11
156.455
21
-95.1968
0
LINE
8
BLACK
6
CONTINUOUS
10
156.455
20
-95.1968
11
156.455
21
-95.6032
0
LINE
8
BLACK
6
CONTINUOUS
10
127.374
20
-94.9807
11
127.398
21
-94.997
0
LINE
8
BLACK
6
CONTINUOUS
10
127.398
20
-94.997
11
127.414
21
-95.0213
0
LINE
8
BLACK
6
CONTINUOUS
10
127.414
20
-95.0213
11
127.42
21
-95.05
0
LINE
8
BLACK
6
CONTINUOUS
10
127.42
20
-95.05
11
127.42
21
-95.2
0
LINE
8
BLACK
6
CONTINUOUS
10
127.42
20
-95.2
11
127.414
21
-95.2287
0
LINE
8
BLACK
6
CONTINUOUS
10
127.414
20
-95.2287
11
127.398
21
-95.253
0
LINE
8
BLACK
6
CONTINUOUS
10
127.398
20
-95.253
11
127.374
21
-95.2693
0
LINE
8
BLACK
6
CONTINUOUS
10
127.374
20
-95.2693
11
127.345
21
-95.275
0
LINE
8
BLACK
6
CONTINUOUS
10
127.345
20
-95.275
11
125.945
21
-95.275
0
LINE
8
BLACK
6
CONTINUOUS
10
125.945
20
-95.275
11
125.916
21
-95.2693
0
LINE
8
BLACK
6
CONTINUOUS
10
125.916
20
-95.2693
11
125.892
21
-95.253
0
LINE
8
BLACK
6
CONTINUOUS
10
125.892
20
-95.253
11
125.876
21
-95.2287
0
LINE
8
BLACK
6
CONTINUOUS
10
125.876
20
-95.2287
11
125.87
21
-95.2
0
LINE
8
BLACK
6
CONTINUOUS
10
125.87
20
-95.2
11
125.87
21
-95.05
0
LINE
8
BLACK
6
CONTINUOUS
10
125.87
20
-95.05
11
125.876
21
-95.0213
0
LINE
8
BLACK
6
CONTINUOUS
10
125.876
20
-95.0213
11
125.892
21
-94.997
0
LINE
8
BLACK
6
CONTINUOUS
10
125.892
20
-94.997
11
125.916
21
-94.9807
0
LINE
8
BLACK
6
CONTINUOUS
10
125.916
20
-94.9807
11
125.945
21
-94.975
0
LINE
8
BLACK
6
CONTINUOUS
10
125.945
20
-94.975
11
127.345
21
-94.975
0
LINE
8
BLACK
6
CONTINUOUS
10
127.345
20
-94.975
11
127.374
21
-94.9807
0
LINE
8
BLACK
6
CONTINUOUS
10
138.724
20
-94.9807
11
138.748
21
-94.997
0
LINE
8
BLACK
6
CONTINUOUS
10
138.748
20
-94.997
11
138.764
21
-95.0213
0
LINE
8
BLACK
6
CONTINUOUS
10
138.764
20
-95.0213
11
138.77
21
-95.05
0
LINE
8
BLACK
6
CONTINUOUS
10
138.77
20
-95.05
11
138.77
21
-95.2
0
LINE
8
BLACK
6
CONTINUOUS
10
138.77
20
-95.2
11
138.764
21
-95.2287
0
LINE
8
BLACK
6
CONTINUOUS
10
138.764
20
-95.2287
11
138.748
21
-95.253
0
LINE
8
BLACK
6
CONTINUOUS
10
138.748
20
-95.253
11
138.724
21
-95.2693
0
LINE
8
BLACK
6
CONTINUOUS
10
138.724
20
-95.2693
11
138.695
21
-95.275
0
LINE
8
BLACK
6
CONTINUOUS
10
138.695
20
-95.275
11
137.295
21
-95.275
0
LINE
8
BLACK
6
CONTINUOUS
10
137.295
20
-95.275
11
137.266
21
-95.2693
0
LINE
8
BLACK
6
CONTINUOUS
10
137.266
20
-95.2693
11
137.242
21
-95.253
0
LINE
8
BLACK
6
CONTINUOUS
10
137.242
20
-95.253
11
137.226
21
-95.2287
0
LINE
8
BLACK
6
CONTINUOUS
10
137.226
20
-95.2287
11
137.22
21
-95.2
0
LINE
8
BLACK
6
CONTINUOUS
10
137.22
20
-95.2
11
137.22
21
-95.05
0
LINE
8
BLACK
6
CONTINUOUS
10
137.22
20
-95.05
11
137.226
21
-95.0213
0
LINE
8
BLACK
6
CONTINUOUS
10
137.226
20
-95.0213
11
137.242
21
-94.997
0
LINE
8
BLACK
6
CONTINUOUS
10
137.242
20
-94.997
11
137.266
21
-94.9807
0
LINE
8
BLACK
6
CONTINUOUS
10
137.266
20
-94.9807
11
137.295
21
-94.975
0
LINE
8
BLACK
6
CONTINUOUS
10
137.295
20
-94.975
11
138.695
21
-94.975
0
LINE
8
BLACK
6
CONTINUOUS
10
138.695
20
-94.975
11
138.724
21
-94.9807
0
LINE
8
BLACK
6
CONTINUOUS
10
116.69
20
-95.2225
11
114.29
21
-95.2225
0
LINE
8
BLACK
6
CONTINUOUS
10
114.29
20
-95.2225
11
114.29
21
-93.6725
0
LINE
8
BLACK
6
CONTINUOUS
10
114.29
20
-93.6725
11
116.69
21
-93.6725
0
LINE
8
BLACK
6
CONTINUOUS
10
116.69
20
-93.6725
11
116.69
21
-95.2225
0
LINE
8
BLACK
6
CONTINUOUS
10
157.355
20
-95.2032
11
156.745
21
-95.2032
0
LINE
8
BLACK
6
CONTINUOUS
10
156.745
20
-95.2032
11
156.745
21
-94.7968
0
LINE
8
BLACK
6
CONTINUOUS
10
156.745
20
-94.7968
11
157.355
21
-94.7968
0
LINE
8
BLACK
6
CONTINUOUS
10
157.355
20
-94.7968
11
157.355
21
-95.2032
0
LINE
8
BLACK
6
CONTINUOUS
10
164.855
20
-95.2032
11
164.245
21
-95.2032
0
LINE
8
BLACK
6
CONTINUOUS
10
164.245
20
-95.2032
11
164.245
21
-94.7968
0
LINE
8
BLACK
6
CONTINUOUS
10
164.245
20
-94.7968
11
164.855
21
-94.7968
0
LINE
8
BLACK
6
CONTINUOUS
10
164.855
20
-94.7968
11
164.855
21
-95.2032
0
LINE
8
BLACK
6
CONTINUOUS
10
121.975
20
-95.1625
11
119.575
21
-95.1625
0
LINE
8
BLACK
6
CONTINUOUS
10
119.575
20
-95.1625
11
119.575
21
-93.6125
0
LINE
8
BLACK
6
CONTINUOUS
10
119.575
20
-93.6125
11
121.975
21
-93.6125
0
LINE
8
BLACK
6
CONTINUOUS
10
121.975
20
-93.6125
11
121.975
21
-95.1625
0
LINE
8
BLACK
6
CONTINUOUS
10
109.387
20
-94.6103
11
109.43
21
-94.6395
0
LINE
8
BLACK
6
CONTINUOUS
10
109.43
20
-94.6395
11
109.46
21
-94.6833
0
LINE
8
BLACK
6
CONTINUOUS
10
109.46
20
-94.6833
11
109.47
21
-94.735
0
LINE
8
BLACK
6
CONTINUOUS
10
109.47
20
-94.735
11
109.47
21
-95.005
0
LINE
8
BLACK
6
CONTINUOUS
10
109.47
20
-95.005
11
109.46
21
-95.0567
0
LINE
8
BLACK
6
CONTINUOUS
10
109.46
20
-95.0567
11
109.43
21
-95.1005
0
LINE
8
BLACK
6
CONTINUOUS
10
109.43
20
-95.1005
11
109.387
21
-95.1297
0
LINE
8
BLACK
6
CONTINUOUS
10
109.387
20
-95.1297
11
109.335
21
-95.14
0
LINE
8
BLACK
6
CONTINUOUS
10
109.335
20
-95.14
11
108.965
21
-95.14
0
LINE
8
BLACK
6
CONTINUOUS
10
108.965
20
-95.14
11
108.913
21
-95.1297
0
LINE
8
BLACK
6
CONTINUOUS
10
108.913
20
-95.1297
11
108.87
21
-95.1005
0
LINE
8
BLACK
6
CONTINUOUS
10
108.87
20
-95.1005
11
108.84
21
-95.0567
0
LINE
8
BLACK
6
CONTINUOUS
10
108.84
20
-95.0567
11
108.83
21
-95.005
0
LINE
8
BLACK
6
CONTINUOUS
10
108.83
20
-95.005
11
108.83
21
-94.735
0
LINE
8
BLACK
6
CONTINUOUS
10
108.83
20
-94.735
11
108.84
21
-94.6833
0
LINE
8
BLACK
6
CONTINUOUS
10
108.84
20
-94.6833
11
108.87
21
-94.6395
0
LINE
8
BLACK
6
CONTINUOUS
10
108.87
20
-94.6395
11
108.913
21
-94.6103
0
LINE
8
BLACK
6
CONTINUOUS
10
108.913
20
-94.6103
11
108.965
21
-94.6
0
LINE
8
BLACK
6
CONTINUOUS
10
108.965
20
-94.6
11
109.335
21
-94.6
0
LINE
8
BLACK
6
CONTINUOUS
10
109.335
20
-94.6
11
109.387
21
-94.6103
0
LINE
8
BLACK
6
CONTINUOUS
10
110.987
20
-94.6003
11
111.03
21
-94.6295
0
LINE
8
BLACK
6
CONTINUOUS
10
111.03
20
-94.6295
11
111.06
21
-94.6733
0
LINE
8
BLACK
6
CONTINUOUS
10
111.06
20
-94.6733
11
111.07
21
-94.725
0
LINE
8
BLACK
6
CONTINUOUS
10
111.07
20
-94.725
11
111.07
21
-94.995
0
LINE
8
BLACK
6
CONTINUOUS
10
111.07
20
-94.995
11
111.06
21
-95.0467
0
LINE
8
BLACK
6
CONTINUOUS
10
111.06
20
-95.0467
11
111.03
21
-95.0905
0
LINE
8
BLACK
6
CONTINUOUS
10
111.03
20
-95.0905
11
110.987
21
-95.1197
0
LINE
8
BLACK
6
CONTINUOUS
10
110.987
20
-95.1197
11
110.935
21
-95.13
0
LINE
8
BLACK
6
CONTINUOUS
10
110.935
20
-95.13
11
110.565
21
-95.13
0
LINE
8
BLACK
6
CONTINUOUS
10
110.565
20
-95.13
11
110.513
21
-95.1197
0
LINE
8
BLACK
6
CONTINUOUS
10
110.513
20
-95.1197
11
110.47
21
-95.0905
0
LINE
8
BLACK
6
CONTINUOUS
10
110.47
20
-95.0905
11
110.44
21
-95.0467
0
LINE
8
BLACK
6
CONTINUOUS
10
110.44
20
-95.0467
11
110.43
21
-94.995
0
LINE
8
BLACK
6
CONTINUOUS
10
110.43
20
-94.995
11
110.43
21
-94.725
0
LINE
8
BLACK
6
CONTINUOUS
10
110.43
20
-94.725
11
110.44
21
-94.6733
0
LINE
8
BLACK
6
CONTINUOUS
10
110.44
20
-94.6733
11
110.47
21
-94.6295
0
LINE
8
BLACK
6
CONTINUOUS
10
110.47
20
-94.6295
11
110.513
21
-94.6003
0
LINE
8
BLACK
6
CONTINUOUS
10
110.513
20
-94.6003
11
110.565
21
-94.59
0
LINE
8
BLACK
6
CONTINUOUS
10
110.565
20
-94.59
11
110.935
21
-94.59
0
LINE
8
BLACK
6
CONTINUOUS
10
110.935
20
-94.59
11
110.987
21
-94.6003
0
LINE
8
BLACK
6
CONTINUOUS
10
112.724
20
-94.5607
11
112.769
21
-94.591
0
LINE
8
BLACK
6
CONTINUOUS
10
112.769
20
-94.591
11
112.799
21
-94.6364
0
LINE
8
BLACK
6
CONTINUOUS
10
112.799
20
-94.6364
11
112.81
21
-94.69
0
LINE
8
BLACK
6
CONTINUOUS
10
112.81
20
-94.69
11
112.81
21
-94.97
0
LINE
8
BLACK
6
CONTINUOUS
10
112.81
20
-94.97
11
112.799
21
-95.0236
0
LINE
8
BLACK
6
CONTINUOUS
10
112.799
20
-95.0236
11
112.769
21
-95.069
0
LINE
8
BLACK
6
CONTINUOUS
10
112.769
20
-95.069
11
112.724
21
-95.0993
0
LINE
8
BLACK
6
CONTINUOUS
10
112.724
20
-95.0993
11
112.67
21
-95.11
0
LINE
8
BLACK
6
CONTINUOUS
10
112.67
20
-95.11
11
112.33
21
-95.11
0
LINE
8
BLACK
6
CONTINUOUS
10
112.33
20
-95.11
11
112.276
21
-95.0993
0
LINE
8
BLACK
6
CONTINUOUS
10
112.276
20
-95.0993
11
112.231
21
-95.069
0
LINE
8
BLACK
6
CONTINUOUS
10
112.231
20
-95.069
11
112.201
21
-95.0236
0
LINE
8
BLACK
6
CONTINUOUS
10
112.201
20
-95.0236
11
112.19
21
-94.97
0
LINE
8
BLACK
6
CONTINUOUS
10
112.19
20
-94.97
11
112.19
21
-94.69
0
LINE
8
BLACK
6
CONTINUOUS
10
112.19
20
-94.69
11
112.201
21
-94.6364
0
LINE
8
BLACK
6
CONTINUOUS
10
112.201
20
-94.6364
11
112.231
21
-94.591
0
LINE
8
BLACK
6
CONTINUOUS
10
112.231
20
-94.591
11
112.276
21
-94.5607
0
LINE
8
BLACK
6
CONTINUOUS
10
112.276
20
-94.5607
11
112.33
21
-94.55
0
LINE
8
BLACK
6
CONTINUOUS
10
112.33
20
-94.55
11
112.67
21
-94.55
0
LINE
8
BLACK
6
CONTINUOUS
10
112.67
20
-94.55
11
112.724
21
-94.5607
0
LINE
8
BLACK
6
CONTINUOUS
10
170.014
20
-94.4007
11
170.059
21
-94.431
0
LINE
8
BLACK
6
CONTINUOUS
10
170.059
20
-94.431
11
170.089
21
-94.4764
0
LINE
8
BLACK
6
CONTINUOUS
10
170.089
20
-94.4764
11
170.1
21
-94.53
0
LINE
8
BLACK
6
CONTINUOUS
10
170.1
20
-94.53
11
170.1
21
-94.87
0
LINE
8
BLACK
6
CONTINUOUS
10
170.1
20
-94.87
11
170.089
21
-94.9236
0
LINE
8
BLACK
6
CONTINUOUS
10
170.089
20
-94.9236
11
170.059
21
-94.969
0
LINE
8
BLACK
6
CONTINUOUS
10
170.059
20
-94.969
11
170.014
21
-94.9993
0
LINE
8
BLACK
6
CONTINUOUS
10
170.014
20
-94.9993
11
169.96
21
-95.01
0
LINE
8
BLACK
6
CONTINUOUS
10
169.96
20
-95.01
11
169.68
21
-95.01
0
LINE
8
BLACK
6
CONTINUOUS
10
169.68
20
-95.01
11
169.626
21
-94.9993
0
LINE
8
BLACK
6
CONTINUOUS
10
169.626
20
-94.9993
11
169.581
21
-94.969
0
LINE
8
BLACK
6
CONTINUOUS
10
169.581
20
-94.969
11
169.551
21
-94.9236
0
LINE
8
BLACK
6
CONTINUOUS
10
169.551
20
-94.9236
11
169.54
21
-94.87
0
LINE
8
BLACK
6
CONTINUOUS
10
169.54
20
-94.87
11
169.54
21
-94.53
0
LINE
8
BLACK
6
CONTINUOUS
10
169.54
20
-94.53
11
169.551
21
-94.4764
0
LINE
8
BLACK
6
CONTINUOUS
10
169.551
20
-94.4764
11
169.581
21
-94.431
0
LINE
8
BLACK
6
CONTINUOUS
10
169.581
20
-94.431
11
169.626
21
-94.4007
0
LINE
8
BLACK
6
CONTINUOUS
10
169.626
20
-94.4007
11
169.68
21
-94.39
0
LINE
8
BLACK
6
CONTINUOUS
10
169.68
20
-94.39
11
169.96
21
-94.39
0
LINE
8
BLACK
6
CONTINUOUS
10
169.96
20
-94.39
11
170.014
21
-94.4007
0
LINE
8
BLACK
6
CONTINUOUS
10
170.974
20
-94.4007
11
171.019
21
-94.431
0
LINE
8
BLACK
6
CONTINUOUS
10
171.019
20
-94.431
11
171.049
21
-94.4764
0
LINE
8
BLACK
6
CONTINUOUS
10
171.049
20
-94.4764
11
171.06
21
-94.53
0
LINE
8
BLACK
6
CONTINUOUS
10
171.06
20
-94.53
11
171.06
21
-94.87
0
LINE
8
BLACK
6
CONTINUOUS
10
171.06
20
-94.87
11
171.049
21
-94.9236
0
LINE
8
BLACK
6
CONTINUOUS
10
171.049
20
-94.9236
11
171.019
21
-94.969
0
LINE
8
BLACK
6
CONTINUOUS
10
171.019
20
-94.969
11
170.974
21
-94.9993
0
LINE
8
BLACK
6
CONTINUOUS
10
170.974
20
-94.9993
11
170.92
21
-95.01
0
LINE
8
BLACK
6
CONTINUOUS
10
170.92
20
-95.01
11
170.64
21
-95.01
0
LINE
8
BLACK
6
CONTINUOUS
10
170.64
20
-95.01
11
170.586
21
-94.9993
0
LINE
8
BLACK
6
CONTINUOUS
10
170.586
20
-94.9993
11
170.541
21
-94.969
0
LINE
8
BLACK
6
CONTINUOUS
10
170.541
20
-94.969
11
170.511
21
-94.9236
0
LINE
8
BLACK
6
CONTINUOUS
10
170.511
20
-94.9236
11
170.5
21
-94.87
0
LINE
8
BLACK
6
CONTINUOUS
10
170.5
20
-94.87
11
170.5
21
-94.53
0
LINE
8
BLACK
6
CONTINUOUS
10
170.5
20
-94.53
11
170.511
21
-94.4764
0
LINE
8
BLACK
6
CONTINUOUS
10
170.511
20
-94.4764
11
170.541
21
-94.431
0
LINE
8
BLACK
6
CONTINUOUS
10
170.541
20
-94.431
11
170.586
21
-94.4007
0
LINE
8
BLACK
6
CONTINUOUS
10
170.586
20
-94.4007
11
170.64
21
-94.39
0
LINE
8
BLACK
6
CONTINUOUS
10
170.64
20
-94.39
11
170.92
21
-94.39
0
LINE
8
BLACK
6
CONTINUOUS
10
170.92
20
-94.39
11
170.974
21
-94.4007
0
LINE
8
BLACK
6
CONTINUOUS
10
156.455
20
-94.8032
11
155.845
21
-94.8032
0
LINE
8
BLACK
6
CONTINUOUS
10
155.845
20
-94.8032
11
155.845
21
-94.3968
0
LINE
8
BLACK
6
CONTINUOUS
10
155.845
20
-94.3968
11
156.455
21
-94.3968
0
LINE
8
BLACK
6
CONTINUOUS
10
156.455
20
-94.3968
11
156.455
21
-94.8032
0
LINE
8
BLACK
6
CONTINUOUS
10
165.755
20
-94.8032
11
165.145
21
-94.8032
0
LINE
8
BLACK
6
CONTINUOUS
10
165.145
20
-94.8032
11
165.145
21
-94.3968
0
LINE
8
BLACK
6
CONTINUOUS
10
165.145
20
-94.3968
11
165.755
21
-94.3968
0
LINE
8
BLACK
6
CONTINUOUS
10
165.755
20
-94.3968
11
165.755
21
-94.8032
0
LINE
8
BLACK
6
CONTINUOUS
10
127.374
20
-94.4807
11
127.398
21
-94.497
0
LINE
8
BLACK
6
CONTINUOUS
10
127.398
20
-94.497
11
127.414
21
-94.5213
0
LINE
8
BLACK
6
CONTINUOUS
10
127.414
20
-94.5213
11
127.42
21
-94.55
0
LINE
8
BLACK
6
CONTINUOUS
10
127.42
20
-94.55
11
127.42
21
-94.7
0
LINE
8
BLACK
6
CONTINUOUS
10
127.42
20
-94.7
11
127.414
21
-94.7287
0
LINE
8
BLACK
6
CONTINUOUS
10
127.414
20
-94.7287
11
127.398
21
-94.753
0
LINE
8
BLACK
6
CONTINUOUS
10
127.398
20
-94.753
11
127.374
21
-94.7693
0
LINE
8
BLACK
6
CONTINUOUS
10
127.374
20
-94.7693
11
127.345
21
-94.775
0
LINE
8
BLACK
6
CONTINUOUS
10
127.345
20
-94.775
11
125.945
21
-94.775
0
LINE
8
BLACK
6
CONTINUOUS
10
125.945
20
-94.775
11
125.916
21
-94.7693
0
LINE
8
BLACK
6
CONTINUOUS
10
125.916
20
-94.7693
11
125.892
21
-94.753
0
LINE
8
BLACK
6
CONTINUOUS
10
125.892
20
-94.753
11
125.876
21
-94.7287
0
LINE
8
BLACK
6
CONTINUOUS
10
125.876
20
-94.7287
11
125.87
21
-94.7
0
LINE
8
BLACK
6
CONTINUOUS
10
125.87
20
-94.7
11
125.87
21
-94.55
0
LINE
8
BLACK
6
CONTINUOUS
10
125.87
20
-94.55
11
125.876
21
-94.5213
0
LINE
8
BLACK
6
CONTINUOUS
10
125.876
20
-94.5213
11
125.892
21
-94.497
0
LINE
8
BLACK
6
CONTINUOUS
10
125.892
20
-94.497
11
125.916
21
-94.4807
0
LINE
8
BLACK
6
CONTINUOUS
10
125.916
20
-94.4807
11
125.945
21
-94.475
0
LINE
8
BLACK
6
CONTINUOUS
10
125.945
20
-94.475
11
127.345
21
-94.475
0
LINE
8
BLACK
6
CONTINUOUS
10
127.345
20
-94.475
11
127.374
21
-94.4807
0
LINE
8
BLACK
6
CONTINUOUS
10
138.724
20
-94.4807
11
138.748
21
-94.497
0
LINE
8
BLACK
6
CONTINUOUS
10
138.748
20
-94.497
11
138.764
21
-94.5213
0
LINE
8
BLACK
6
CONTINUOUS
10
138.764
20
-94.5213
11
138.77
21
-94.55
0
LINE
8
BLACK
6
CONTINUOUS
10
138.77
20
-94.55
11
138.77
21
-94.7
0
LINE
8
BLACK
6
CONTINUOUS
10
138.77
20
-94.7
11
138.764
21
-94.7287
0
LINE
8
BLACK
6
CONTINUOUS
10
138.764
20
-94.7287
11
138.748
21
-94.753
0
LINE
8
BLACK
6
CONTINUOUS
10
138.748
20
-94.753
11
138.724
21
-94.7693
0
LINE
8
BLACK
6
CONTINUOUS
10
138.724
20
-94.7693
11
138.695
21
-94.775
0
LINE
8
BLACK
6
CONTINUOUS
10
138.695
20
-94.775
11
137.295
21
-94.775
0
LINE
8
BLACK
6
CONTINUOUS
10
137.295
20
-94.775
11
137.266
21
-94.7693
0
LINE
8
BLACK
6
CONTINUOUS
10
137.266
20
-94.7693
11
137.242
21
-94.753
0
LINE
8
BLACK
6
CONTINUOUS
10
137.242
20
-94.753
11
137.226
21
-94.7287
0
LINE
8
BLACK
6
CONTINUOUS
10
137.226
20
-94.7287
11
137.22
21
-94.7
0
LINE
8
BLACK
6
CONTINUOUS
10
137.22
20
-94.7
11
137.22
21
-94.55
0
LINE
8
BLACK
6
CONTINUOUS
10
137.22
20
-94.55
11
137.226
21
-94.5213
0
LINE
8
BLACK
6
CONTINUOUS
10
137.226
20
-94.5213
11
137.242
21
-94.497
0
LINE
8
BLACK
6
CONTINUOUS
10
137.242
20
-94.497
11
137.266
21
-94.4807
0
LINE
8
BLACK
6
CONTINUOUS
10
137.266
20
-94.4807
11
137.295
21
-94.475
0
LINE
8
BLACK
6
CONTINUOUS
10
137.295
20
-94.475
11
138.695
21
-94.475
0
LINE
8
BLACK
6
CONTINUOUS
10
138.695
20
-94.475
11
138.724
21
-94.4807
0
LINE
8
BLACK
6
CONTINUOUS
10
143.648
20
-93.9595
11
143.688
21
-93.9866
0
LINE
8
BLACK
6
CONTINUOUS
10
143.688
20
-93.9866
11
143.715
21
-94.0272
0
LINE
8
BLACK
6
CONTINUOUS
10
143.715
20
-94.0272
11
143.725
21
-94.075
0
LINE
8
BLACK
6
CONTINUOUS
10
143.725
20
-94.075
11
143.725
21
-94.325
0
LINE
8
BLACK
6
CONTINUOUS
10
143.725
20
-94.325
11
143.715
21
-94.3728
0
LINE
8
BLACK
6
CONTINUOUS
10
143.715
20
-94.3728
11
143.688
21
-94.4134
0
LINE
8
BLACK
6
CONTINUOUS
10
143.688
20
-94.4134
11
143.648
21
-94.4405
0
LINE
8
BLACK
6
CONTINUOUS
10
143.648
20
-94.4405
11
143.6
21
-94.45
0
LINE
8
BLACK
6
CONTINUOUS
10
143.6
20
-94.45
11
143.2
21
-94.45
0
LINE
8
BLACK
6
CONTINUOUS
10
143.2
20
-94.45
11
143.152
21
-94.4405
0
LINE
8
BLACK
6
CONTINUOUS
10
143.152
20
-94.4405
11
143.112
21
-94.4134
0
LINE
8
BLACK
6
CONTINUOUS
10
143.112
20
-94.4134
11
143.085
21
-94.3728
0
LINE
8
BLACK
6
CONTINUOUS
10
143.085
20
-94.3728
11
143.075
21
-94.325
0
LINE
8
BLACK
6
CONTINUOUS
10
143.075
20
-94.325
11
143.075
21
-94.075
0
LINE
8
BLACK
6
CONTINUOUS
10
143.075
20
-94.075
11
143.085
21
-94.0272
0
LINE
8
BLACK
6
CONTINUOUS
10
143.085
20
-94.0272
11
143.112
21
-93.9866
0
LINE
8
BLACK
6
CONTINUOUS
10
143.112
20
-93.9866
11
143.152
21
-93.9595
0
LINE
8
BLACK
6
CONTINUOUS
10
143.152
20
-93.9595
11
143.2
21
-93.95
0
LINE
8
BLACK
6
CONTINUOUS
10
143.2
20
-93.95
11
143.6
21
-93.95
0
LINE
8
BLACK
6
CONTINUOUS
10
143.6
20
-93.95
11
143.648
21
-93.9595
0
LINE
8
BLACK
6
CONTINUOUS
10
151.148
20
-93.9595
11
151.188
21
-93.9866
0
LINE
8
BLACK
6
CONTINUOUS
10
151.188
20
-93.9866
11
151.215
21
-94.0272
0
LINE
8
BLACK
6
CONTINUOUS
10
151.215
20
-94.0272
11
151.225
21
-94.075
0
LINE
8
BLACK
6
CONTINUOUS
10
151.225
20
-94.075
11
151.225
21
-94.325
0
LINE
8
BLACK
6
CONTINUOUS
10
151.225
20
-94.325
11
151.215
21
-94.3728
0
LINE
8
BLACK
6
CONTINUOUS
10
151.215
20
-94.3728
11
151.188
21
-94.4134
0
LINE
8
BLACK
6
CONTINUOUS
10
151.188
20
-94.4134
11
151.148
21
-94.4405
0
LINE
8
BLACK
6
CONTINUOUS
10
151.148
20
-94.4405
11
151.1
21
-94.45
0
LINE
8
BLACK
6
CONTINUOUS
10
151.1
20
-94.45
11
150.7
21
-94.45
0
LINE
8
BLACK
6
CONTINUOUS
10
150.7
20
-94.45
11
150.652
21
-94.4405
0
LINE
8
BLACK
6
CONTINUOUS
10
150.652
20
-94.4405
11
150.612
21
-94.4134
0
LINE
8
BLACK
6
CONTINUOUS
10
150.612
20
-94.4134
11
150.585
21
-94.3728
0
LINE
8
BLACK
6
CONTINUOUS
10
150.585
20
-94.3728
11
150.575
21
-94.325
0
LINE
8
BLACK
6
CONTINUOUS
10
150.575
20
-94.325
11
150.575
21
-94.075
0
LINE
8
BLACK
6
CONTINUOUS
10
150.575
20
-94.075
11
150.585
21
-94.0272
0
LINE
8
BLACK
6
CONTINUOUS
10
150.585
20
-94.0272
11
150.612
21
-93.9866
0
LINE
8
BLACK
6
CONTINUOUS
10
150.612
20
-93.9866
11
150.652
21
-93.9595
0
LINE
8
BLACK
6
CONTINUOUS
10
150.652
20
-93.9595
11
150.7
21
-93.95
0
LINE
8
BLACK
6
CONTINUOUS
10
150.7
20
-93.95
11
151.1
21
-93.95
0
LINE
8
BLACK
6
CONTINUOUS
10
151.1
20
-93.95
11
151.148
21
-93.9595
0
LINE
8
BLACK
6
CONTINUOUS
10
157.355
20
-94.4032
11
156.745
21
-94.4032
0
LINE
8
BLACK
6
CONTINUOUS
10
156.745
20
-94.4032
11
156.745
21
-93.9968
0
LINE
8
BLACK
6
CONTINUOUS
10
156.745
20
-93.9968
11
157.355
21
-93.9968
0
LINE
8
BLACK
6
CONTINUOUS
10
157.355
20
-93.9968
11
157.355
21
-94.4032
0
LINE
8
BLACK
6
CONTINUOUS
10
164.855
20
-94.4032
11
164.245
21
-94.4032
0
LINE
8
BLACK
6
CONTINUOUS
10
164.245
20
-94.4032
11
164.245
21
-93.9968
0
LINE
8
BLACK
6
CONTINUOUS
10
164.245
20
-93.9968
11
164.855
21
-93.9968
0
LINE
8
BLACK
6
CONTINUOUS
10
164.855
20
-93.9968
11
164.855
21
-94.4032
0
LINE
8
BLACK
6
CONTINUOUS
10
127.374
20
-93.9807
11
127.398
21
-93.997
0
LINE
8
BLACK
6
CONTINUOUS
10
127.398
20
-93.997
11
127.414
21
-94.0213
0
LINE
8
BLACK
6
CONTINUOUS
10
127.414
20
-94.0213
11
127.42
21
-94.05
0
LINE
8
BLACK
6
CONTINUOUS
10
127.42
20
-94.05
11
127.42
21
-94.2
0
LINE
8
BLACK
6
CONTINUOUS
10
127.42
20
-94.2
11
127.414
21
-94.2287
0
LINE
8
BLACK
6
CONTINUOUS
10
127.414
20
-94.2287
11
127.398
21
-94.253
0
LINE
8
BLACK
6
CONTINUOUS
10
127.398
20
-94.253
11
127.374
21
-94.2693
0
LINE
8
BLACK
6
CONTINUOUS
10
127.374
20
-94.2693
11
127.345
21
-94.275
0
LINE
8
BLACK
6
CONTINUOUS
10
127.345
20
-94.275
11
125.945
21
-94.275
0
LINE
8
BLACK
6
CONTINUOUS
10
125.945
20
-94.275
11
125.916
21
-94.2693
0
LINE
8
BLACK
6
CONTINUOUS
10
125.916
20
-94.2693
11
125.892
21
-94.253
0
LINE
8
BLACK
6
CONTINUOUS
10
125.892
20
-94.253
11
125.876
21
-94.2287
0
LINE
8
BLACK
6
CONTINUOUS
10
125.876
20
-94.2287
11
125.87
21
-94.2
0
LINE
8
BLACK
6
CONTINUOUS
10
125.87
20
-94.2
11
125.87
21
-94.05
0
LINE
8
BLACK
6
CONTINUOUS
10
125.87
20
-94.05
11
125.876
21
-94.0213
0
LINE
8
BLACK
6
CONTINUOUS
10
125.876
20
-94.0213
11
125.892
21
-93.997
0
LINE
8
BLACK
6
CONTINUOUS
10
125.892
20
-93.997
11
125.916
21
-93.9807
0
LINE
8
BLACK
6
CONTINUOUS
10
125.916
20
-93.9807
11
125.945
21
-93.975
0
LINE
8
BLACK
6
CONTINUOUS
10
125.945
20
-93.975
11
127.345
21
-93.975
0
LINE
8
BLACK
6
CONTINUOUS
10
127.345
20
-93.975
11
127.374
21
-93.9807
0
LINE
8
BLACK
6
CONTINUOUS
10
138.724
20
-93.9807
11
138.748
21
-93.997
0
LINE
8
BLACK
6
CONTINUOUS
10
138.748
20
-93.997
11
138.764
21
-94.0213
0
LINE
8
BLACK
6
CONTINUOUS
10
138.764
20
-94.0213
11
138.77
21
-94.05
0
LINE
8
BLACK
6
CONTINUOUS
10
138.77
20
-94.05
11
138.77
21
-94.2
0
LINE
8
BLACK
6
CONTINUOUS
10
138.77
20
-94.2
11
138.764
21
-94.2287
0
LINE
8
BLACK
6
CONTINUOUS
10
138.764
20
-94.2287
11
138.748
21
-94.253
0
LINE
8
BLACK
6
CONTINUOUS
10
138.748
20
-94.253
11
138.724
21
-94.2693
0
LINE
8
BLACK
6
CONTINUOUS
10
138.724
20
-94.2693
11
138.695
21
-94.275
0
LINE
8
BLACK
6
CONTINUOUS
10
138.695
20
-94.275
11
137.295
21
-94.275
0
LINE
8
BLACK
6
CONTINUOUS
10
137.295
20
-94.275
11
137.266
21
-94.2693
0
LINE
8
BLACK
6
CONTINUOUS
10
137.266
20
-94.2693
11
137.242
21
-94.253
0
LINE
8
BLACK
6
CONTINUOUS
10
137.242
20
-94.253
11
137.226
21
-94.2287
0
LINE
8
BLACK
6
CONTINUOUS
10
137.226
20
-94.2287
11
137.22
21
-94.2
0
LINE
8
BLACK
6
CONTINUOUS
10
137.22
20
-94.2
11
137.22
21
-94.05
0
LINE
8
BLACK
6
CONTINUOUS
10
137.22
20
-94.05
11
137.226
21
-94.0213
0
LINE
8
BLACK
6
CONTINUOUS
10
137.226
20
-94.0213
11
137.242
21
-93.997
0
LINE
8
BLACK
6
CONTINUOUS
10
137.242
20
-93.997
11
137.266
21
-93.9807
0
LINE
8
BLACK
6
CONTINUOUS
10
137.266
20
-93.9807
11
137.295
21
-93.975
0
LINE
8
BLACK
6
CONTINUOUS
10
137.295
20
-93.975
11
138.695
21
-93.975
0
LINE
8
BLACK
6
CONTINUOUS
10
138.695
20
-93.975
11
138.724
21
-93.9807
0
LINE
8
BLACK
6
CONTINUOUS
10
112.724
20
-93.6007
11
112.769
21
-93.631
0
LINE
8
BLACK
6
CONTINUOUS
10
112.769
20
-93.631
11
112.799
21
-93.6764
0
LINE
8
BLACK
6
CONTINUOUS
10
112.799
20
-93.6764
11
112.81
21
-93.73
0
LINE
8
BLACK
6
CONTINUOUS
10
112.81
20
-93.73
11
112.81
21
-94.01
0
LINE
8
BLACK
6
CONTINUOUS
10
112.81
20
-94.01
11
112.799
21
-94.0636
0
LINE
8
BLACK
6
CONTINUOUS
10
112.799
20
-94.0636
11
112.769
21
-94.109
0
LINE
8
BLACK
6
CONTINUOUS
10
112.769
20
-94.109
11
112.724
21
-94.1393
0
LINE
8
BLACK
6
CONTINUOUS
10
112.724
20
-94.1393
11
112.67
21
-94.15
0
LINE
8
BLACK
6
CONTINUOUS
10
112.67
20
-94.15
11
112.33
21
-94.15
0
LINE
8
BLACK
6
CONTINUOUS
10
112.33
20
-94.15
11
112.276
21
-94.1393
0
LINE
8
BLACK
6
CONTINUOUS
10
112.276
20
-94.1393
11
112.231
21
-94.109
0
LINE
8
BLACK
6
CONTINUOUS
10
112.231
20
-94.109
11
112.201
21
-94.0636
0
LINE
8
BLACK
6
CONTINUOUS
10
112.201
20
-94.0636
11
112.19
21
-94.01
0
LINE
8
BLACK
6
CONTINUOUS
10
112.19
20
-94.01
11
112.19
21
-93.73
0
LINE
8
BLACK
6
CONTINUOUS
10
112.19
20
-93.73
11
112.201
21
-93.6764
0
LINE
8
BLACK
6
CONTINUOUS
10
112.201
20
-93.6764
11
112.231
21
-93.631
0
LINE
8
BLACK
6
CONTINUOUS
10
112.231
20
-93.631
11
112.276
21
-93.6007
0
LINE
8
BLACK
6
CONTINUOUS
10
112.276
20
-93.6007
11
112.33
21
-93.59
0
LINE
8
BLACK
6
CONTINUOUS
10
112.33
20
-93.59
11
112.67
21
-93.59
0
LINE
8
BLACK
6
CONTINUOUS
10
112.67
20
-93.59
11
112.724
21
-93.6007
0
LINE
8
BLACK
6
CONTINUOUS
10
109.387
20
-93.5903
11
109.43
21
-93.6195
0
LINE
8
BLACK
6
CONTINUOUS
10
109.43
20
-93.6195
11
109.46
21
-93.6633
0
LINE
8
BLACK
6
CONTINUOUS
10
109.46
20
-93.6633
11
109.47
21
-93.715
0
LINE
8
BLACK
6
CONTINUOUS
10
109.47
20
-93.715
11
109.47
21
-93.985
0
LINE
8
BLACK
6
CONTINUOUS
10
109.47
20
-93.985
11
109.46
21
-94.0367
0
LINE
8
BLACK
6
CONTINUOUS
10
109.46
20
-94.0367
11
109.43
21
-94.0805
0
LINE
8
BLACK
6
CONTINUOUS
10
109.43
20
-94.0805
11
109.387
21
-94.1097
0
LINE
8
BLACK
6
CONTINUOUS
10
109.387
20
-94.1097
11
109.335
21
-94.12
0
LINE
8
BLACK
6
CONTINUOUS
10
109.335
20
-94.12
11
108.965
21
-94.12
0
LINE
8
BLACK
6
CONTINUOUS
10
108.965
20
-94.12
11
108.913
21
-94.1097
0
LINE
8
BLACK
6
CONTINUOUS
10
108.913
20
-94.1097
11
108.87
21
-94.0805
0
LINE
8
BLACK
6
CONTINUOUS
10
108.87
20
-94.0805
11
108.84
21
-94.0367
0
LINE
8
BLACK
6
CONTINUOUS
10
108.84
20
-94.0367
11
108.83
21
-93.985
0
LINE
8
BLACK
6
CONTINUOUS
10
108.83
20
-93.985
11
108.83
21
-93.715
0
LINE
8
BLACK
6
CONTINUOUS
10
108.83
20
-93.715
11
108.84
21
-93.6633
0
LINE
8
BLACK
6
CONTINUOUS
10
108.84
20
-93.6633
11
108.87
21
-93.6195
0
LINE
8
BLACK
6
CONTINUOUS
10
108.87
20
-93.6195
11
108.913
21
-93.5903
0
LINE
8
BLACK
6
CONTINUOUS
10
108.913
20
-93.5903
11
108.965
21
-93.58
0
LINE
8
BLACK
6
CONTINUOUS
10
108.965
20
-93.58
11
109.335
21
-93.58
0
LINE
8
BLACK
6
CONTINUOUS
10
109.335
20
-93.58
11
109.387
21
-93.5903
0
LINE
8
BLACK
6
CONTINUOUS
10
110.987
20
-93.5803
11
111.03
21
-93.6095
0
LINE
8
BLACK
6
CONTINUOUS
10
111.03
20
-93.6095
11
111.06
21
-93.6533
0
LINE
8
BLACK
6
CONTINUOUS
10
111.06
20
-93.6533
11
111.07
21
-93.705
0
LINE
8
BLACK
6
CONTINUOUS
10
111.07
20
-93.705
11
111.07
21
-93.975
0
LINE
8
BLACK
6
CONTINUOUS
10
111.07
20
-93.975
11
111.06
21
-94.0267
0
LINE
8
BLACK
6
CONTINUOUS
10
111.06
20
-94.0267
11
111.03
21
-94.0705
0
LINE
8
BLACK
6
CONTINUOUS
10
111.03
20
-94.0705
11
110.987
21
-94.0997
0
LINE
8
BLACK
6
CONTINUOUS
10
110.987
20
-94.0997
11
110.935
21
-94.11
0
LINE
8
BLACK
6
CONTINUOUS
10
110.935
20
-94.11
11
110.565
21
-94.11
0
LINE
8
BLACK
6
CONTINUOUS
10
110.565
20
-94.11
11
110.513
21
-94.0997
0
LINE
8
BLACK
6
CONTINUOUS
10
110.513
20
-94.0997
11
110.47
21
-94.0705
0
LINE
8
BLACK
6
CONTINUOUS
10
110.47
20
-94.0705
11
110.44
21
-94.0267
0
LINE
8
BLACK
6
CONTINUOUS
10
110.44
20
-94.0267
11
110.43
21
-93.975
0
LINE
8
BLACK
6
CONTINUOUS
10
110.43
20
-93.975
11
110.43
21
-93.705
0
LINE
8
BLACK
6
CONTINUOUS
10
110.43
20
-93.705
11
110.44
21
-93.6533
0
LINE
8
BLACK
6
CONTINUOUS
10
110.44
20
-93.6533
11
110.47
21
-93.6095
0
LINE
8
BLACK
6
CONTINUOUS
10
110.47
20
-93.6095
11
110.513
21
-93.5803
0
LINE
8
BLACK
6
CONTINUOUS
10
110.513
20
-93.5803
11
110.565
21
-93.57
0
LINE
8
BLACK
6
CONTINUOUS
10
110.565
20
-93.57
11
110.935
21
-93.57
0
LINE
8
BLACK
6
CONTINUOUS
10
110.935
20
-93.57
11
110.987
21
-93.5803
0
LINE
8
BLACK
6
CONTINUOUS
10
159.003
20
-94.1048
11
158.597
21
-94.1048
0
LINE
8
BLACK
6
CONTINUOUS
10
158.597
20
-94.1048
11
158.597
21
-93.4952
0
LINE
8
BLACK
6
CONTINUOUS
10
158.597
20
-93.4952
11
159.003
21
-93.4952
0
LINE
8
BLACK
6
CONTINUOUS
10
159.003
20
-93.4952
11
159.003
21
-94.1048
0
LINE
8
BLACK
6
CONTINUOUS
10
159.803
20
-94.1048
11
159.397
21
-94.1048
0
LINE
8
BLACK
6
CONTINUOUS
10
159.397
20
-94.1048
11
159.397
21
-93.4952
0
LINE
8
BLACK
6
CONTINUOUS
10
159.397
20
-93.4952
11
159.803
21
-93.4952
0
LINE
8
BLACK
6
CONTINUOUS
10
159.803
20
-93.4952
11
159.803
21
-94.1048
0
LINE
8
BLACK
6
CONTINUOUS
10
160.603
20
-94.1048
11
160.197
21
-94.1048
0
LINE
8
BLACK
6
CONTINUOUS
10
160.197
20
-94.1048
11
160.197
21
-93.4952
0
LINE
8
BLACK
6
CONTINUOUS
10
160.197
20
-93.4952
11
160.603
21
-93.4952
0
LINE
8
BLACK
6
CONTINUOUS
10
160.603
20
-93.4952
11
160.603
21
-94.1048
0
LINE
8
BLACK
6
CONTINUOUS
10
161.403
20
-94.1048
11
160.997
21
-94.1048
0
LINE
8
BLACK
6
CONTINUOUS
10
160.997
20
-94.1048
11
160.997
21
-93.4952
0
LINE
8
BLACK
6
CONTINUOUS
10
160.997
20
-93.4952
11
161.403
21
-93.4952
0
LINE
8
BLACK
6
CONTINUOUS
10
161.403
20
-93.4952
11
161.403
21
-94.1048
0
LINE
8
BLACK
6
CONTINUOUS
10
162.203
20
-94.1048
11
161.797
21
-94.1048
0
LINE
8
BLACK
6
CONTINUOUS
10
161.797
20
-94.1048
11
161.797
21
-93.4952
0
LINE
8
BLACK
6
CONTINUOUS
10
161.797
20
-93.4952
11
162.203
21
-93.4952
0
LINE
8
BLACK
6
CONTINUOUS
10
162.203
20
-93.4952
11
162.203
21
-94.1048
0
LINE
8
BLACK
6
CONTINUOUS
10
163.003
20
-94.1048
11
162.597
21
-94.1048
0
LINE
8
BLACK
6
CONTINUOUS
10
162.597
20
-94.1048
11
162.597
21
-93.4952
0
LINE
8
BLACK
6
CONTINUOUS
10
162.597
20
-93.4952
11
163.003
21
-93.4952
0
LINE
8
BLACK
6
CONTINUOUS
10
163.003
20
-93.4952
11
163.003
21
-94.1048
0
LINE
8
BLACK
6
CONTINUOUS
10
156.455
20
-94.0032
11
155.845
21
-94.0032
0
LINE
8
BLACK
6
CONTINUOUS
10
155.845
20
-94.0032
11
155.845
21
-93.5968
0
LINE
8
BLACK
6
CONTINUOUS
10
155.845
20
-93.5968
11
156.455
21
-93.5968
0
LINE
8
BLACK
6
CONTINUOUS
10
156.455
20
-93.5968
11
156.455
21
-94.0032
0
LINE
8
BLACK
6
CONTINUOUS
10
165.755
20
-94.0032
11
165.145
21
-94.0032
0
LINE
8
BLACK
6
CONTINUOUS
10
165.145
20
-94.0032
11
165.145
21
-93.5968
0
LINE
8
BLACK
6
CONTINUOUS
10
165.145
20
-93.5968
11
165.755
21
-93.5968
0
LINE
8
BLACK
6
CONTINUOUS
10
165.755
20
-93.5968
11
165.755
21
-94.0032
0
LINE
8
BLACK
6
CONTINUOUS
10
127.374
20
-93.4807
11
127.398
21
-93.497
0
LINE
8
BLACK
6
CONTINUOUS
10
127.398
20
-93.497
11
127.414
21
-93.5213
0
LINE
8
BLACK
6
CONTINUOUS
10
127.414
20
-93.5213
11
127.42
21
-93.55
0
LINE
8
BLACK
6
CONTINUOUS
10
127.42
20
-93.55
11
127.42
21
-93.7
0
LINE
8
BLACK
6
CONTINUOUS
10
127.42
20
-93.7
11
127.414
21
-93.7287
0
LINE
8
BLACK
6
CONTINUOUS
10
127.414
20
-93.7287
11
127.398
21
-93.753
0
LINE
8
BLACK
6
CONTINUOUS
10
127.398
20
-93.753
11
127.374
21
-93.7693
0
LINE
8
BLACK
6
CONTINUOUS
10
127.374
20
-93.7693
11
127.345
21
-93.775
0
LINE
8
BLACK
6
CONTINUOUS
10
127.345
20
-93.775
11
125.945
21
-93.775
0
LINE
8
BLACK
6
CONTINUOUS
10
125.945
20
-93.775
11
125.916
21
-93.7693
0
LINE
8
BLACK
6
CONTINUOUS
10
125.916
20
-93.7693
11
125.892
21
-93.753
0
LINE
8
BLACK
6
CONTINUOUS
10
125.892
20
-93.753
11
125.876
21
-93.7287
0
LINE
8
BLACK
6
CONTINUOUS
10
125.876
20
-93.7287
11
125.87
21
-93.7
0
LINE
8
BLACK
6
CONTINUOUS
10
125.87
20
-93.7
11
125.87
21
-93.55
0
LINE
8
BLACK
6
CONTINUOUS
10
125.87
20
-93.55
11
125.876
21
-93.5213
0
LINE
8
BLACK
6
CONTINUOUS
10
125.876
20
-93.5213
11
125.892
21
-93.497
0
LINE
8
BLACK
6
CONTINUOUS
10
125.892
20
-93.497
11
125.916
21
-93.4807
0
LINE
8
BLACK
6
CONTINUOUS
10
125.916
20
-93.4807
11
125.945
21
-93.475
0
LINE
8
BLACK
6
CONTINUOUS
10
125.945
20
-93.475
11
127.345
21
-93.475
0
LINE
8
BLACK
6
CONTINUOUS
10
127.345
20
-93.475
11
127.374
21
-93.4807
0
LINE
8
BLACK
6
CONTINUOUS
10
138.724
20
-93.4807
11
138.748
21
-93.497
0
LINE
8
BLACK
6
CONTINUOUS
10
138.748
20
-93.497
11
138.764
21
-93.5213
0
LINE
8
BLACK
6
CONTINUOUS
10
138.764
20
-93.5213
11
138.77
21
-93.55
0
LINE
8
BLACK
6
CONTINUOUS
10
138.77
20
-93.55
11
138.77
21
-93.7
0
LINE
8
BLACK
6
CONTINUOUS
10
138.77
20
-93.7
11
138.764
21
-93.7287
0
LINE
8
BLACK
6
CONTINUOUS
10
138.764
20
-93.7287
11
138.748
21
-93.753
0
LINE
8
BLACK
6
CONTINUOUS
10
138.748
20
-93.753
11
138.724
21
-93.7693
0
LINE
8
BLACK
6
CONTINUOUS
10
138.724
20
-93.7693
11
138.695
21
-93.775
0
LINE
8
BLACK
6
CONTINUOUS
10
138.695
20
-93.775
11
137.295
21
-93.775
0
LINE
8
BLACK
6
CONTINUOUS
10
137.295
20
-93.775
11
137.266
21
-93.7693
0
LINE
8
BLACK
6
CONTINUOUS
10
137.266
20
-93.7693
11
137.242
21
-93.753
0
LINE
8
BLACK
6
CONTINUOUS
10
137.242
20
-93.753
11
137.226
21
-93.7287
0
LINE
8
BLACK
6
CONTINUOUS
10
137.226
20
-93.7287
11
137.22
21
-93.7
0
LINE
8
BLACK
6
CONTINUOUS
10
137.22
20
-93.7
11
137.22
21
-93.55
0
LINE
8
BLACK
6
CONTINUOUS
10
137.22
20
-93.55
11
137.226
21
-93.5213
0
LINE
8
BLACK
6
CONTINUOUS
10
137.226
20
-93.5213
11
137.242
21
-93.497
0
LINE
8
BLACK
6
CONTINUOUS
10
137.242
20
-93.497
11
137.266
21
-93.4807
0
LINE
8
BLACK
6
CONTINUOUS
10
137.266
20
-93.4807
11
137.295
21
-93.475
0
LINE
8
BLACK
6
CONTINUOUS
10
137.295
20
-93.475
11
138.695
21
-93.475
0
LINE
8
BLACK
6
CONTINUOUS
10
138.695
20
-93.475
11
138.724
21
-93.4807
0
LINE
8
BLACK
6
CONTINUOUS
10
157.355
20
-93.6032
11
156.745
21
-93.6032
0
LINE
8
BLACK
6
CONTINUOUS
10
156.745
20
-93.6032
11
156.745
21
-93.1968
0
LINE
8
BLACK
6
CONTINUOUS
10
156.745
20
-93.1968
11
157.355
21
-93.1968
0
LINE
8
BLACK
6
CONTINUOUS
10
157.355
20
-93.1968
11
157.355
21
-93.6032
0
LINE
8
BLACK
6
CONTINUOUS
10
164.855
20
-93.6032
11
164.245
21
-93.6032
0
LINE
8
BLACK
6
CONTINUOUS
10
164.245
20
-93.6032
11
164.245
21
-93.1968
0
LINE
8
BLACK
6
CONTINUOUS
10
164.245
20
-93.1968
11
164.855
21
-93.1968
0
LINE
8
BLACK
6
CONTINUOUS
10
164.855
20
-93.1968
11
164.855
21
-93.6032
0
LINE
8
BLACK
6
CONTINUOUS
10
127.374
20
-92.9807
11
127.398
21
-92.997
0
LINE
8
BLACK
6
CONTINUOUS
10
127.398
20
-92.997
11
127.414
21
-93.0213
0
LINE
8
BLACK
6
CONTINUOUS
10
127.414
20
-93.0213
11
127.42
21
-93.05
0
LINE
8
BLACK
6
CONTINUOUS
10
127.42
20
-93.05
11
127.42
21
-93.2
0
LINE
8
BLACK
6
CONTINUOUS
10
127.42
20
-93.2
11
127.414
21
-93.2287
0
LINE
8
BLACK
6
CONTINUOUS
10
127.414
20
-93.2287
11
127.398
21
-93.253
0
LINE
8
BLACK
6
CONTINUOUS
10
127.398
20
-93.253
11
127.374
21
-93.2693
0
LINE
8
BLACK
6
CONTINUOUS
10
127.374
20
-93.2693
11
127.345
21
-93.275
0
LINE
8
BLACK
6
CONTINUOUS
10
127.345
20
-93.275
11
125.945
21
-93.275
0
LINE
8
BLACK
6
CONTINUOUS
10
125.945
20
-93.275
11
125.916
21
-93.2693
0
LINE
8
BLACK
6
CONTINUOUS
10
125.916
20
-93.2693
11
125.892
21
-93.253
0
LINE
8
BLACK
6
CONTINUOUS
10
125.892
20
-93.253
11
125.876
21
-93.2287
0
LINE
8
BLACK
6
CONTINUOUS
10
125.876
20
-93.2287
11
125.87
21
-93.2
0
LINE
8
BLACK
6
CONTINUOUS
10
125.87
20
-93.2
11
125.87
21
-93.05
0
LINE
8
BLACK
6
CONTINUOUS
10
125.87
20
-93.05
11
125.876
21
-93.0213
0
LINE
8
BLACK
6
CONTINUOUS
10
125.876
20
-93.0213
11
125.892
21
-92.997
0
LINE
8
BLACK
6
CONTINUOUS
10
125.892
20
-92.997
11
125.916
21
-92.9807
0
LINE
8
BLACK
6
CONTINUOUS
10
125.916
20
-92.9807
11
125.945
21
-92.975
0
LINE
8
BLACK
6
CONTINUOUS
10
125.945
20
-92.975
11
127.345
21
-92.975
0
LINE
8
BLACK
6
CONTINUOUS
10
127.345
20
-92.975
11
127.374
21
-92.9807
0
LINE
8
BLACK
6
CONTINUOUS
10
138.724
20
-92.9807
11
138.748
21
-92.997
0
LINE
8
BLACK
6
CONTINUOUS
10
138.748
20
-92.997
11
138.764
21
-93.0213
0
LINE
8
BLACK
6
CONTINUOUS
10
138.764
20
-93.0213
11
138.77
21
-93.05
0
LINE
8
BLACK
6
CONTINUOUS
10
138.77
20
-93.05
11
138.77
21
-93.2
0
LINE
8
BLACK
6
CONTINUOUS
10
138.77
20
-93.2
11
138.764
21
-93.2287
0
LINE
8
BLACK
6
CONTINUOUS
10
138.764
20
-93.2287
11
138.748
21
-93.253
0
LINE
8
BLACK
6
CONTINUOUS
10
138.748
20
-93.253
11
138.724
21
-93.2693
0
LINE
8
BLACK
6
CONTINUOUS
10
138.724
20
-93.2693
11
138.695
21
-93.275
0
LINE
8
BLACK
6
CONTINUOUS
10
138.695
20
-93.275
11
137.295
21
-93.275
0
LINE
8
BLACK
6
CONTINUOUS
10
137.295
20
-93.275
11
137.266
21
-93.2693
0
LINE
8
BLACK
6
CONTINUOUS
10
137.266
20
-93.2693
11
137.242
21
-93.253
0
LINE
8
BLACK
6
CONTINUOUS
10
137.242
20
-93.253
11
137.226
21
-93.2287
0
LINE
8
BLACK
6
CONTINUOUS
10
137.226
20
-93.2287
11
137.22
21
-93.2
0
LINE
8
BLACK
6
CONTINUOUS
10
137.22
20
-93.2
11
137.22
21
-93.05
0
LINE
8
BLACK
6
CONTINUOUS
10
137.22
20
-93.05
11
137.226
21
-93.0213
0
LINE
8
BLACK
6
CONTINUOUS
10
137.226
20
-93.0213
11
137.242
21
-92.997
0
LINE
8
BLACK
6
CONTINUOUS
10
137.242
20
-92.997
11
137.266
21
-92.9807
0
LINE
8
BLACK
6
CONTINUOUS
10
137.266
20
-92.9807
11
137.295
21
-92.975
0
LINE
8
BLACK
6
CONTINUOUS
10
137.295
20
-92.975
11
138.695
21
-92.975
0
LINE
8
BLACK
6
CONTINUOUS
10
138.695
20
-92.975
11
138.724
21
-92.9807
0
LINE
8
BLACK
6
CONTINUOUS
10
114.69
20
-93.2225
11
114.34
21
-93.2225
0
LINE
8
BLACK
6
CONTINUOUS
10
114.34
20
-93.2225
11
114.34
21
-92.5725
0
LINE
8
BLACK
6
CONTINUOUS
10
114.34
20
-92.5725
11
114.69
21
-92.5725
0
LINE
8
BLACK
6
CONTINUOUS
10
114.69
20
-92.5725
11
114.69
21
-93.2225
0
LINE
8
BLACK
6
CONTINUOUS
10
115.34
20
-93.2225
11
114.99
21
-93.2225
0
LINE
8
BLACK
6
CONTINUOUS
10
114.99
20
-93.2225
11
114.99
21
-92.5725
0
LINE
8
BLACK
6
CONTINUOUS
10
114.99
20
-92.5725
11
115.34
21
-92.5725
0
LINE
8
BLACK
6
CONTINUOUS
10
115.34
20
-92.5725
11
115.34
21
-93.2225
0
LINE
8
BLACK
6
CONTINUOUS
10
115.99
20
-93.2225
11
115.64
21
-93.2225
0
LINE
8
BLACK
6
CONTINUOUS
10
115.64
20
-93.2225
11
115.64
21
-92.5725
0
LINE
8
BLACK
6
CONTINUOUS
10
115.64
20
-92.5725
11
115.99
21
-92.5725
0
LINE
8
BLACK
6
CONTINUOUS
10
115.99
20
-92.5725
11
115.99
21
-93.2225
0
LINE
8
BLACK
6
CONTINUOUS
10
116.64
20
-93.2225
11
116.29
21
-93.2225
0
LINE
8
BLACK
6
CONTINUOUS
10
116.29
20
-93.2225
11
116.29
21
-92.5725
0
LINE
8
BLACK
6
CONTINUOUS
10
116.29
20
-92.5725
11
116.64
21
-92.5725
0
LINE
8
BLACK
6
CONTINUOUS
10
116.64
20
-92.5725
11
116.64
21
-93.2225
0
LINE
8
BLACK
6
CONTINUOUS
10
156.455
20
-93.2032
11
155.845
21
-93.2032
0
LINE
8
BLACK
6
CONTINUOUS
10
155.845
20
-93.2032
11
155.845
21
-92.7968
0
LINE
8
BLACK
6
CONTINUOUS
10
155.845
20
-92.7968
11
156.455
21
-92.7968
0
LINE
8
BLACK
6
CONTINUOUS
10
156.455
20
-92.7968
11
156.455
21
-93.2032
0
LINE
8
BLACK
6
CONTINUOUS
10
165.755
20
-93.2032
11
165.145
21
-93.2032
0
LINE
8
BLACK
6
CONTINUOUS
10
165.145
20
-93.2032
11
165.145
21
-92.7968
0
LINE
8
BLACK
6
CONTINUOUS
10
165.145
20
-92.7968
11
165.755
21
-92.7968
0
LINE
8
BLACK
6
CONTINUOUS
10
165.755
20
-92.7968
11
165.755
21
-93.2032
0
LINE
8
BLACK
6
CONTINUOUS
10
143.648
20
-92.6895
11
143.688
21
-92.7166
0
LINE
8
BLACK
6
CONTINUOUS
10
143.688
20
-92.7166
11
143.715
21
-92.7572
0
LINE
8
BLACK
6
CONTINUOUS
10
143.715
20
-92.7572
11
143.725
21
-92.805
0
LINE
8
BLACK
6
CONTINUOUS
10
143.725
20
-92.805
11
143.725
21
-93.055
0
LINE
8
BLACK
6
CONTINUOUS
10
143.725
20
-93.055
11
143.715
21
-93.1028
0
LINE
8
BLACK
6
CONTINUOUS
10
143.715
20
-93.1028
11
143.688
21
-93.1434
0
LINE
8
BLACK
6
CONTINUOUS
10
143.688
20
-93.1434
11
143.648
21
-93.1705
0
LINE
8
BLACK
6
CONTINUOUS
10
143.648
20
-93.1705
11
143.6
21
-93.18
0
LINE
8
BLACK
6
CONTINUOUS
10
143.6
20
-93.18
11
143.2
21
-93.18
0
LINE
8
BLACK
6
CONTINUOUS
10
143.2
20
-93.18
11
143.152
21
-93.1705
0
LINE
8
BLACK
6
CONTINUOUS
10
143.152
20
-93.1705
11
143.112
21
-93.1434
0
LINE
8
BLACK
6
CONTINUOUS
10
143.112
20
-93.1434
11
143.085
21
-93.1028
0
LINE
8
BLACK
6
CONTINUOUS
10
143.085
20
-93.1028
11
143.075
21
-93.055
0
LINE
8
BLACK
6
CONTINUOUS
10
143.075
20
-93.055
11
143.075
21
-92.805
0
LINE
8
BLACK
6
CONTINUOUS
10
143.075
20
-92.805
11
143.085
21
-92.7572
0
LINE
8
BLACK
6
CONTINUOUS
10
143.085
20
-92.7572
11
143.112
21
-92.7166
0
LINE
8
BLACK
6
CONTINUOUS
10
143.112
20
-92.7166
11
143.152
21
-92.6895
0
LINE
8
BLACK
6
CONTINUOUS
10
143.152
20
-92.6895
11
143.2
21
-92.68
0
LINE
8
BLACK
6
CONTINUOUS
10
143.2
20
-92.68
11
143.6
21
-92.68
0
LINE
8
BLACK
6
CONTINUOUS
10
143.6
20
-92.68
11
143.648
21
-92.6895
0
LINE
8
BLACK
6
CONTINUOUS
10
151.148
20
-92.6895
11
151.188
21
-92.7166
0
LINE
8
BLACK
6
CONTINUOUS
10
151.188
20
-92.7166
11
151.215
21
-92.7572
0
LINE
8
BLACK
6
CONTINUOUS
10
151.215
20
-92.7572
11
151.225
21
-92.805
0
LINE
8
BLACK
6
CONTINUOUS
10
151.225
20
-92.805
11
151.225
21
-93.055
0
LINE
8
BLACK
6
CONTINUOUS
10
151.225
20
-93.055
11
151.215
21
-93.1028
0
LINE
8
BLACK
6
CONTINUOUS
10
151.215
20
-93.1028
11
151.188
21
-93.1434
0
LINE
8
BLACK
6
CONTINUOUS
10
151.188
20
-93.1434
11
151.148
21
-93.1705
0
LINE
8
BLACK
6
CONTINUOUS
10
151.148
20
-93.1705
11
151.1
21
-93.18
0
LINE
8
BLACK
6
CONTINUOUS
10
151.1
20
-93.18
11
150.7
21
-93.18
0
LINE
8
BLACK
6
CONTINUOUS
10
150.7
20
-93.18
11
150.652
21
-93.1705
0
LINE
8
BLACK
6
CONTINUOUS
10
150.652
20
-93.1705
11
150.612
21
-93.1434
0
LINE
8
BLACK
6
CONTINUOUS
10
150.612
20
-93.1434
11
150.585
21
-93.1028
0
LINE
8
BLACK
6
CONTINUOUS
10
150.585
20
-93.1028
11
150.575
21
-93.055
0
LINE
8
BLACK
6
CONTINUOUS
10
150.575
20
-93.055
11
150.575
21
-92.805
0
LINE
8
BLACK
6
CONTINUOUS
10
150.575
20
-92.805
11
150.585
21
-92.7572
0
LINE
8
BLACK
6
CONTINUOUS
10
150.585
20
-92.7572
11
150.612
21
-92.7166
0
LINE
8
BLACK
6
CONTINUOUS
10
150.612
20
-92.7166
11
150.652
21
-92.6895
0
LINE
8
BLACK
6
CONTINUOUS
10
150.652
20
-92.6895
11
150.7
21
-92.68
0
LINE
8
BLACK
6
CONTINUOUS
10
150.7
20
-92.68
11
151.1
21
-92.68
0
LINE
8
BLACK
6
CONTINUOUS
10
151.1
20
-92.68
11
151.148
21
-92.6895
0
LINE
8
BLACK
6
CONTINUOUS
10
119.975
20
-93.1625
11
119.625
21
-93.1625
0
LINE
8
BLACK
6
CONTINUOUS
10
119.625
20
-93.1625
11
119.625
21
-92.5125
0
LINE
8
BLACK
6
CONTINUOUS
10
119.625
20
-92.5125
11
119.975
21
-92.5125
0
LINE
8
BLACK
6
CONTINUOUS
10
119.975
20
-92.5125
11
119.975
21
-93.1625
0
LINE
8
BLACK
6
CONTINUOUS
10
120.625
20
-93.1625
11
120.275
21
-93.1625
0
LINE
8
BLACK
6
CONTINUOUS
10
120.275
20
-93.1625
11
120.275
21
-92.5125
0
LINE
8
BLACK
6
CONTINUOUS
10
120.275
20
-92.5125
11
120.625
21
-92.5125
0
LINE
8
BLACK
6
CONTINUOUS
10
120.625
20
-92.5125
11
120.625
21
-93.1625
0
LINE
8
BLACK
6
CONTINUOUS
10
121.275
20
-93.1625
11
120.925
21
-93.1625
0
LINE
8
BLACK
6
CONTINUOUS
10
120.925
20
-93.1625
11
120.925
21
-92.5125
0
LINE
8
BLACK
6
CONTINUOUS
10
120.925
20
-92.5125
11
121.275
21
-92.5125
0
LINE
8
BLACK
6
CONTINUOUS
10
121.275
20
-92.5125
11
121.275
21
-93.1625
0
LINE
8
BLACK
6
CONTINUOUS
10
121.925
20
-93.1625
11
121.575
21
-93.1625
0
LINE
8
BLACK
6
CONTINUOUS
10
121.575
20
-93.1625
11
121.575
21
-92.5125
0
LINE
8
BLACK
6
CONTINUOUS
10
121.575
20
-92.5125
11
121.925
21
-92.5125
0
LINE
8
BLACK
6
CONTINUOUS
10
121.925
20
-92.5125
11
121.925
21
-93.1625
0
LINE
8
BLACK
6
CONTINUOUS
10
110.974
20
-92.3507
11
111.019
21
-92.381
0
LINE
8
BLACK
6
CONTINUOUS
10
111.019
20
-92.381
11
111.049
21
-92.4264
0
LINE
8
BLACK
6
CONTINUOUS
10
111.049
20
-92.4264
11
111.06
21
-92.48
0
LINE
8
BLACK
6
CONTINUOUS
10
111.06
20
-92.48
11
111.06
21
-92.76
0
LINE
8
BLACK
6
CONTINUOUS
10
111.06
20
-92.76
11
111.049
21
-92.8136
0
LINE
8
BLACK
6
CONTINUOUS
10
111.049
20
-92.8136
11
111.019
21
-92.859
0
LINE
8
BLACK
6
CONTINUOUS
10
111.019
20
-92.859
11
110.974
21
-92.8893
0
LINE
8
BLACK
6
CONTINUOUS
10
110.974
20
-92.8893
11
110.92
21
-92.9
0
LINE
8
BLACK
6
CONTINUOUS
10
110.92
20
-92.9
11
110.58
21
-92.9
0
LINE
8
BLACK
6
CONTINUOUS
10
110.58
20
-92.9
11
110.526
21
-92.8893
0
LINE
8
BLACK
6
CONTINUOUS
10
110.526
20
-92.8893
11
110.481
21
-92.859
0
LINE
8
BLACK
6
CONTINUOUS
10
110.481
20
-92.859
11
110.451
21
-92.8136
0
LINE
8
BLACK
6
CONTINUOUS
10
110.451
20
-92.8136
11
110.44
21
-92.76
0
LINE
8
BLACK
6
CONTINUOUS
10
110.44
20
-92.76
11
110.44
21
-92.48
0
LINE
8
BLACK
6
CONTINUOUS
10
110.44
20
-92.48
11
110.451
21
-92.4264
0
LINE
8
BLACK
6
CONTINUOUS
10
110.451
20
-92.4264
11
110.481
21
-92.381
0
LINE
8
BLACK
6
CONTINUOUS
10
110.481
20
-92.381
11
110.526
21
-92.3507
0
LINE
8
BLACK
6
CONTINUOUS
10
110.526
20
-92.3507
11
110.58
21
-92.34
0
LINE
8
BLACK
6
CONTINUOUS
10
110.58
20
-92.34
11
110.92
21
-92.34
0
LINE
8
BLACK
6
CONTINUOUS
10
110.92
20
-92.34
11
110.974
21
-92.3507
0
LINE
8
BLACK
6
CONTINUOUS
10
170.513
20
-92.097
11
170.553
21
-92.1241
0
LINE
8
BLACK
6
CONTINUOUS
10
170.553
20
-92.1241
11
170.58
21
-92.1647
0
LINE
8
BLACK
6
CONTINUOUS
10
170.58
20
-92.1647
11
170.59
21
-92.2125
0
LINE
8
BLACK
6
CONTINUOUS
10
170.59
20
-92.2125
11
170.59
21
-92.7375
0
LINE
8
BLACK
6
CONTINUOUS
10
170.59
20
-92.7375
11
170.58
21
-92.7853
0
LINE
8
BLACK
6
CONTINUOUS
10
170.58
20
-92.7853
11
170.553
21
-92.8259
0
LINE
8
BLACK
6
CONTINUOUS
10
170.553
20
-92.8259
11
170.513
21
-92.853
0
LINE
8
BLACK
6
CONTINUOUS
10
170.513
20
-92.853
11
170.465
21
-92.8625
0
LINE
8
BLACK
6
CONTINUOUS
10
170.465
20
-92.8625
11
170.215
21
-92.8625
0
LINE
8
BLACK
6
CONTINUOUS
10
170.215
20
-92.8625
11
170.167
21
-92.853
0
LINE
8
BLACK
6
CONTINUOUS
10
170.167
20
-92.853
11
170.127
21
-92.8259
0
LINE
8
BLACK
6
CONTINUOUS
10
170.127
20
-92.8259
11
170.1
21
-92.7853
0
LINE
8
BLACK
6
CONTINUOUS
10
170.1
20
-92.7853
11
170.09
21
-92.7375
0
LINE
8
BLACK
6
CONTINUOUS
10
170.09
20
-92.7375
11
170.09
21
-92.2125
0
LINE
8
BLACK
6
CONTINUOUS
10
170.09
20
-92.2125
11
170.1
21
-92.1647
0
LINE
8
BLACK
6
CONTINUOUS
10
170.1
20
-92.1647
11
170.127
21
-92.1241
0
LINE
8
BLACK
6
CONTINUOUS
10
170.127
20
-92.1241
11
170.167
21
-92.097
0
LINE
8
BLACK
6
CONTINUOUS
10
170.167
20
-92.097
11
170.215
21
-92.0875
0
LINE
8
BLACK
6
CONTINUOUS
10
170.215
20
-92.0875
11
170.465
21
-92.0875
0
LINE
8
BLACK
6
CONTINUOUS
10
170.465
20
-92.0875
11
170.513
21
-92.097
0
LINE
8
BLACK
6
CONTINUOUS
10
171.783
20
-92.097
11
171.823
21
-92.1241
0
LINE
8
BLACK
6
CONTINUOUS
10
171.823
20
-92.1241
11
171.85
21
-92.1647
0
LINE
8
BLACK
6
CONTINUOUS
10
171.85
20
-92.1647
11
171.86
21
-92.2125
0
LINE
8
BLACK
6
CONTINUOUS
10
171.86
20
-92.2125
11
171.86
21
-92.7375
0
LINE
8
BLACK
6
CONTINUOUS
10
171.86
20
-92.7375
11
171.85
21
-92.7853
0
LINE
8
BLACK
6
CONTINUOUS
10
171.85
20
-92.7853
11
171.823
21
-92.8259
0
LINE
8
BLACK
6
CONTINUOUS
10
171.823
20
-92.8259
11
171.783
21
-92.853
0
LINE
8
BLACK
6
CONTINUOUS
10
171.783
20
-92.853
11
171.735
21
-92.8625
0
LINE
8
BLACK
6
CONTINUOUS
10
171.735
20
-92.8625
11
171.485
21
-92.8625
0
LINE
8
BLACK
6
CONTINUOUS
10
171.485
20
-92.8625
11
171.437
21
-92.853
0
LINE
8
BLACK
6
CONTINUOUS
10
171.437
20
-92.853
11
171.397
21
-92.8259
0
LINE
8
BLACK
6
CONTINUOUS
10
171.397
20
-92.8259
11
171.37
21
-92.7853
0
LINE
8
BLACK
6
CONTINUOUS
10
171.37
20
-92.7853
11
171.36
21
-92.7375
0
LINE
8
BLACK
6
CONTINUOUS
10
171.36
20
-92.7375
11
171.36
21
-92.2125
0
LINE
8
BLACK
6
CONTINUOUS
10
171.36
20
-92.2125
11
171.37
21
-92.1647
0
LINE
8
BLACK
6
CONTINUOUS
10
171.37
20
-92.1647
11
171.397
21
-92.1241
0
LINE
8
BLACK
6
CONTINUOUS
10
171.397
20
-92.1241
11
171.437
21
-92.097
0
LINE
8
BLACK
6
CONTINUOUS
10
171.437
20
-92.097
11
171.485
21
-92.0875
0
LINE
8
BLACK
6
CONTINUOUS
10
171.485
20
-92.0875
11
171.735
21
-92.0875
0
LINE
8
BLACK
6
CONTINUOUS
10
171.735
20
-92.0875
11
171.783
21
-92.097
0
LINE
8
BLACK
6
CONTINUOUS
10
173.053
20
-92.097
11
173.093
21
-92.1241
0
LINE
8
BLACK
6
CONTINUOUS
10
173.093
20
-92.1241
11
173.12
21
-92.1647
0
LINE
8
BLACK
6
CONTINUOUS
10
173.12
20
-92.1647
11
173.13
21
-92.2125
0
LINE
8
BLACK
6
CONTINUOUS
10
173.13
20
-92.2125
11
173.13
21
-92.7375
0
LINE
8
BLACK
6
CONTINUOUS
10
173.13
20
-92.7375
11
173.12
21
-92.7853
0
LINE
8
BLACK
6
CONTINUOUS
10
173.12
20
-92.7853
11
173.093
21
-92.8259
0
LINE
8
BLACK
6
CONTINUOUS
10
173.093
20
-92.8259
11
173.053
21
-92.853
0
LINE
8
BLACK
6
CONTINUOUS
10
173.053
20
-92.853
11
173.005
21
-92.8625
0
LINE
8
BLACK
6
CONTINUOUS
10
173.005
20
-92.8625
11
172.755
21
-92.8625
0
LINE
8
BLACK
6
CONTINUOUS
10
172.755
20
-92.8625
11
172.707
21
-92.853
0
LINE
8
BLACK
6
CONTINUOUS
10
172.707
20
-92.853
11
172.667
21
-92.8259
0
LINE
8
BLACK
6
CONTINUOUS
10
172.667
20
-92.8259
11
172.64
21
-92.7853
0
LINE
8
BLACK
6
CONTINUOUS
10
172.64
20
-92.7853
11
172.63
21
-92.7375
0
LINE
8
BLACK
6
CONTINUOUS
10
172.63
20
-92.7375
11
172.63
21
-92.2125
0
LINE
8
BLACK
6
CONTINUOUS
10
172.63
20
-92.2125
11
172.64
21
-92.1647
0
LINE
8
BLACK
6
CONTINUOUS
10
172.64
20
-92.1647
11
172.667
21
-92.1241
0
LINE
8
BLACK
6
CONTINUOUS
10
172.667
20
-92.1241
11
172.707
21
-92.097
0
LINE
8
BLACK
6
CONTINUOUS
10
172.707
20
-92.097
11
172.755
21
-92.0875
0
LINE
8
BLACK
6
CONTINUOUS
10
172.755
20
-92.0875
11
173.005
21
-92.0875
0
LINE
8
BLACK
6
CONTINUOUS
10
173.005
20
-92.0875
11
173.053
21
-92.097
0
LINE
8
BLACK
6
CONTINUOUS
10
174.323
20
-92.097
11
174.363
21
-92.1241
0
LINE
8
BLACK
6
CONTINUOUS
10
174.363
20
-92.1241
11
174.39
21
-92.1647
0
LINE
8
BLACK
6
CONTINUOUS
10
174.39
20
-92.1647
11
174.4
21
-92.2125
0
LINE
8
BLACK
6
CONTINUOUS
10
174.4
20
-92.2125
11
174.4
21
-92.7375
0
LINE
8
BLACK
6
CONTINUOUS
10
174.4
20
-92.7375
11
174.39
21
-92.7853
0
LINE
8
BLACK
6
CONTINUOUS
10
174.39
20
-92.7853
11
174.363
21
-92.8259
0
LINE
8
BLACK
6
CONTINUOUS
10
174.363
20
-92.8259
11
174.323
21
-92.853
0
LINE
8
BLACK
6
CONTINUOUS
10
174.323
20
-92.853
11
174.275
21
-92.8625
0
LINE
8
BLACK
6
CONTINUOUS
10
174.275
20
-92.8625
11
174.025
21
-92.8625
0
LINE
8
BLACK
6
CONTINUOUS
10
174.025
20
-92.8625
11
173.977
21
-92.853
0
LINE
8
BLACK
6
CONTINUOUS
10
173.977
20
-92.853
11
173.937
21
-92.8259
0
LINE
8
BLACK
6
CONTINUOUS
10
173.937
20
-92.8259
11
173.91
21
-92.7853
0
LINE
8
BLACK
6
CONTINUOUS
10
173.91
20
-92.7853
11
173.9
21
-92.7375
0
LINE
8
BLACK
6
CONTINUOUS
10
173.9
20
-92.7375
11
173.9
21
-92.2125
0
LINE
8
BLACK
6
CONTINUOUS
10
173.9
20
-92.2125
11
173.91
21
-92.1647
0
LINE
8
BLACK
6
CONTINUOUS
10
173.91
20
-92.1647
11
173.937
21
-92.1241
0
LINE
8
BLACK
6
CONTINUOUS
10
173.937
20
-92.1241
11
173.977
21
-92.097
0
LINE
8
BLACK
6
CONTINUOUS
10
173.977
20
-92.097
11
174.025
21
-92.0875
0
LINE
8
BLACK
6
CONTINUOUS
10
174.025
20
-92.0875
11
174.275
21
-92.0875
0
LINE
8
BLACK
6
CONTINUOUS
10
174.275
20
-92.0875
11
174.323
21
-92.097
0
LINE
8
BLACK
6
CONTINUOUS
10
109.49
20
-91.9667
11
109.561
21
-92.0141
0
LINE
8
BLACK
6
CONTINUOUS
10
109.561
20
-92.0141
11
109.608
21
-92.085
0
LINE
8
BLACK
6
CONTINUOUS
10
109.608
20
-92.085
11
109.625
21
-92.1688
0
LINE
8
BLACK
6
CONTINUOUS
10
109.625
20
-92.1688
11
109.625
21
-92.6063
0
LINE
8
BLACK
6
CONTINUOUS
10
109.625
20
-92.6063
11
109.608
21
-92.69
0
LINE
8
BLACK
6
CONTINUOUS
10
109.608
20
-92.69
11
109.561
21
-92.7609
0
LINE
8
BLACK
6
CONTINUOUS
10
109.561
20
-92.7609
11
109.49
21
-92.8083
0
LINE
8
BLACK
6
CONTINUOUS
10
109.49
20
-92.8083
11
109.406
21
-92.825
0
LINE
8
BLACK
6
CONTINUOUS
10
109.406
20
-92.825
11
108.894
21
-92.825
0
LINE
8
BLACK
6
CONTINUOUS
10
108.894
20
-92.825
11
108.81
21
-92.8083
0
LINE
8
BLACK
6
CONTINUOUS
10
108.81
20
-92.8083
11
108.739
21
-92.7609
0
LINE
8
BLACK
6
CONTINUOUS
10
108.739
20
-92.7609
11
108.692
21
-92.69
0
LINE
8
BLACK
6
CONTINUOUS
10
108.692
20
-92.69
11
108.675
21
-92.6063
0
LINE
8
BLACK
6
CONTINUOUS
10
108.675
20
-92.6063
11
108.675
21
-92.1688
0
LINE
8
BLACK
6
CONTINUOUS
10
108.675
20
-92.1688
11
108.692
21
-92.085
0
LINE
8
BLACK
6
CONTINUOUS
10
108.692
20
-92.085
11
108.739
21
-92.0141
0
LINE
8
BLACK
6
CONTINUOUS
10
108.739
20
-92.0141
11
108.81
21
-91.9667
0
LINE
8
BLACK
6
CONTINUOUS
10
108.81
20
-91.9667
11
108.894
21
-91.95
0
LINE
8
BLACK
6
CONTINUOUS
10
108.894
20
-91.95
11
109.406
21
-91.95
0
LINE
8
BLACK
6
CONTINUOUS
10
109.406
20
-91.95
11
109.49
21
-91.9667
0
LINE
8
BLACK
6
CONTINUOUS
10
176.124
20
-92.2607
11
176.169
21
-92.291
0
LINE
8
BLACK
6
CONTINUOUS
10
176.169
20
-92.291
11
176.199
21
-92.3364
0
LINE
8
BLACK
6
CONTINUOUS
10
176.199
20
-92.3364
11
176.21
21
-92.39
0
LINE
8
BLACK
6
CONTINUOUS
10
176.21
20
-92.39
11
176.21
21
-92.67
0
LINE
8
BLACK
6
CONTINUOUS
10
176.21
20
-92.67
11
176.199
21
-92.7236
0
LINE
8
BLACK
6
CONTINUOUS
10
176.199
20
-92.7236
11
176.169
21
-92.769
0
LINE
8
BLACK
6
CONTINUOUS
10
176.169
20
-92.769
11
176.124
21
-92.7993
0
LINE
8
BLACK
6
CONTINUOUS
10
176.124
20
-92.7993
11
176.07
21
-92.81
0
LINE
8
BLACK
6
CONTINUOUS
10
176.07
20
-92.81
11
175.73
21
-92.81
0
LINE
8
BLACK
6
CONTINUOUS
10
175.73
20
-92.81
11
175.676
21
-92.7993
0
LINE
8
BLACK
6
CONTINUOUS
10
175.676
20
-92.7993
11
175.631
21
-92.769
0
LINE
8
BLACK
6
CONTINUOUS
10
175.631
20
-92.769
11
175.601
21
-92.7236
0
LINE
8
BLACK
6
CONTINUOUS
10
175.601
20
-92.7236
11
175.59
21
-92.67
0
LINE
8
BLACK
6
CONTINUOUS
10
175.59
20
-92.67
11
175.59
21
-92.39
0
LINE
8
BLACK
6
CONTINUOUS
10
175.59
20
-92.39
11
175.601
21
-92.3364
0
LINE
8
BLACK
6
CONTINUOUS
10
175.601
20
-92.3364
11
175.631
21
-92.291
0
LINE
8
BLACK
6
CONTINUOUS
10
175.631
20
-92.291
11
175.676
21
-92.2607
0
LINE
8
BLACK
6
CONTINUOUS
10
175.676
20
-92.2607
11
175.73
21
-92.25
0
LINE
8
BLACK
6
CONTINUOUS
10
175.73
20
-92.25
11
176.07
21
-92.25
0
LINE
8
BLACK
6
CONTINUOUS
10
176.07
20
-92.25
11
176.124
21
-92.2607
0
LINE
8
BLACK
6
CONTINUOUS
10
164.855
20
-92.8032
11
164.245
21
-92.8032
0
LINE
8
BLACK
6
CONTINUOUS
10
164.245
20
-92.8032
11
164.245
21
-92.3968
0
LINE
8
BLACK
6
CONTINUOUS
10
164.245
20
-92.3968
11
164.855
21
-92.3968
0
LINE
8
BLACK
6
CONTINUOUS
10
164.855
20
-92.3968
11
164.855
21
-92.8032
0
LINE
8
BLACK
6
CONTINUOUS
10
105.486
20
-87.2425
11
105.803
21
-87.3176
0
LINE
8
BLACK
6
CONTINUOUS
10
105.803
20
-87.3176
11
106.109
21
-87.429
0
LINE
8
BLACK
6
CONTINUOUS
10
106.109
20
-87.429
11
106.4
21
-87.5751
0
LINE
8
BLACK
6
CONTINUOUS
10
106.4
20
-87.5751
11
106.672
21
-87.7541
0
LINE
8
BLACK
6
CONTINUOUS
10
106.672
20
-87.7541
11
106.921
21
-87.9634
0
LINE
8
BLACK
6
CONTINUOUS
10
106.921
20
-87.9634
11
107.145
21
-88.2002
0
LINE
8
BLACK
6
CONTINUOUS
10
107.145
20
-88.2002
11
107.339
21
-88.4614
0
LINE
8
BLACK
6
CONTINUOUS
10
107.339
20
-88.4614
11
107.502
21
-88.7434
0
LINE
8
BLACK
6
CONTINUOUS
10
107.502
20
-88.7434
11
107.631
21
-89.0423
0
LINE
8
BLACK
6
CONTINUOUS
10
107.631
20
-89.0423
11
107.725
21
-89.3543
0
LINE
8
BLACK
6
CONTINUOUS
10
107.725
20
-89.3543
11
107.781
21
-89.6749
0
LINE
8
BLACK
6
CONTINUOUS
10
107.781
20
-89.6749
11
107.8
21
-90
0
LINE
8
BLACK
6
CONTINUOUS
10
107.8
20
-90
11
107.781
21
-90.3251
0
LINE
8
BLACK
6
CONTINUOUS
10
107.781
20
-90.3251
11
107.725
21
-90.6457
0
LINE
8
BLACK
6
CONTINUOUS
10
107.725
20
-90.6457
11
107.631
21
-90.9577
0
LINE
8
BLACK
6
CONTINUOUS
10
107.631
20
-90.9577
11
107.502
21
-91.2566
0
LINE
8
BLACK
6
CONTINUOUS
10
107.502
20
-91.2566
11
107.339
21
-91.5386
0
LINE
8
BLACK
6
CONTINUOUS
10
107.339
20
-91.5386
11
107.145
21
-91.7998
0
LINE
8
BLACK
6
CONTINUOUS
10
107.145
20
-91.7998
11
106.921
21
-92.0366
0
LINE
8
BLACK
6
CONTINUOUS
10
106.921
20
-92.0366
11
106.672
21
-92.2459
0
LINE
8
BLACK
6
CONTINUOUS
10
106.672
20
-92.2459
11
106.4
21
-92.4249
0
LINE
8
BLACK
6
CONTINUOUS
10
106.4
20
-92.4249
11
106.109
21
-92.571
0
LINE
8
BLACK
6
CONTINUOUS
10
106.109
20
-92.571
11
105.803
21
-92.6824
0
LINE
8
BLACK
6
CONTINUOUS
10
105.803
20
-92.6824
11
105.486
21
-92.7575
0
LINE
8
BLACK
6
CONTINUOUS
10
105.486
20
-92.7575
11
105.163
21
-92.7953
0
LINE
8
BLACK
6
CONTINUOUS
10
105.163
20
-92.7953
11
104.837
21
-92.7953
0
LINE
8
BLACK
6
CONTINUOUS
10
104.837
20
-92.7953
11
104.514
21
-92.7575
0
LINE
8
BLACK
6
CONTINUOUS
10
104.514
20
-92.7575
11
104.197
21
-92.6824
0
LINE
8
BLACK
6
CONTINUOUS
10
104.197
20
-92.6824
11
103.891
21
-92.571
0
LINE
8
BLACK
6
CONTINUOUS
10
103.891
20
-92.571
11
103.6
21
-92.4249
0
LINE
8
BLACK
6
CONTINUOUS
10
103.6
20
-92.4249
11
103.328
21
-92.2459
0
LINE
8
BLACK
6
CONTINUOUS
10
103.328
20
-92.2459
11
103.079
21
-92.0366
0
LINE
8
BLACK
6
CONTINUOUS
10
103.079
20
-92.0366
11
102.855
21
-91.7998
0
LINE
8
BLACK
6
CONTINUOUS
10
102.855
20
-91.7998
11
102.661
21
-91.5386
0
LINE
8
BLACK
6
CONTINUOUS
10
102.661
20
-91.5386
11
102.498
21
-91.2566
0
LINE
8
BLACK
6
CONTINUOUS
10
102.498
20
-91.2566
11
102.369
21
-90.9577
0
LINE
8
BLACK
6
CONTINUOUS
10
102.369
20
-90.9577
11
102.275
21
-90.6457
0
LINE
8
BLACK
6
CONTINUOUS
10
102.275
20
-90.6457
11
102.219
21
-90.3251
0
LINE
8
BLACK
6
CONTINUOUS
10
102.219
20
-90.3251
11
102.2
21
-90
0
LINE
8
BLACK
6
CONTINUOUS
10
102.2
20
-90
11
102.219
21
-89.6749
0
LINE
8
BLACK
6
CONTINUOUS
10
102.219
20
-89.6749
11
102.275
21
-89.3543
0
LINE
8
BLACK
6
CONTINUOUS
10
102.275
20
-89.3543
11
102.369
21
-89.0423
0
LINE
8
BLACK
6
CONTINUOUS
10
102.369
20
-89.0423
11
102.498
21
-88.7434
0
LINE
8
BLACK
6
CONTINUOUS
10
102.498
20
-88.7434
11
102.661
21
-88.4614
0
LINE
8
BLACK
6
CONTINUOUS
10
102.661
20
-88.4614
11
102.855
21
-88.2002
0
LINE
8
BLACK
6
CONTINUOUS
10
102.855
20
-88.2002
11
103.079
21
-87.9634
0
LINE
8
BLACK
6
CONTINUOUS
10
103.079
20
-87.9634
11
103.328
21
-87.7541
0
LINE
8
BLACK
6
CONTINUOUS
10
103.328
20
-87.7541
11
103.6
21
-87.5751
0
LINE
8
BLACK
6
CONTINUOUS
10
103.6
20
-87.5751
11
103.891
21
-87.429
0
LINE
8
BLACK
6
CONTINUOUS
10
103.891
20
-87.429
11
104.197
21
-87.3176
0
LINE
8
BLACK
6
CONTINUOUS
10
104.197
20
-87.3176
11
104.514
21
-87.2425
0
LINE
8
BLACK
6
CONTINUOUS
10
104.514
20
-87.2425
11
104.837
21
-87.2047
0
LINE
8
BLACK
6
CONTINUOUS
10
104.837
20
-87.2047
11
105.163
21
-87.2047
0
LINE
8
BLACK
6
CONTINUOUS
10
105.163
20
-87.2047
11
105.486
21
-87.2425
0
LINE
8
BLACK
6
CONTINUOUS
10
181.486
20
-87.2425
11
181.803
21
-87.3176
0
LINE
8
BLACK
6
CONTINUOUS
10
181.803
20
-87.3176
11
182.109
21
-87.429
0
LINE
8
BLACK
6
CONTINUOUS
10
182.109
20
-87.429
11
182.4
21
-87.5751
0
LINE
8
BLACK
6
CONTINUOUS
10
182.4
20
-87.5751
11
182.672
21
-87.7541
0
LINE
8
BLACK
6
CONTINUOUS
10
182.672
20
-87.7541
11
182.921
21
-87.9634
0
LINE
8
BLACK
6
CONTINUOUS
10
182.921
20
-87.9634
11
183.145
21
-88.2002
0
LINE
8
BLACK
6
CONTINUOUS
10
183.145
20
-88.2002
11
183.339
21
-88.4614
0
LINE
8
BLACK
6
CONTINUOUS
10
183.339
20
-88.4614
11
183.502
21
-88.7434
0
LINE
8
BLACK
6
CONTINUOUS
10
183.502
20
-88.7434
11
183.631
21
-89.0423
0
LINE
8
BLACK
6
CONTINUOUS
10
183.631
20
-89.0423
11
183.725
21
-89.3543
0
LINE
8
BLACK
6
CONTINUOUS
10
183.725
20
-89.3543
11
183.781
21
-89.6749
0
LINE
8
BLACK
6
CONTINUOUS
10
183.781
20
-89.6749
11
183.8
21
-90
0
LINE
8
BLACK
6
CONTINUOUS
10
183.8
20
-90
11
183.781
21
-90.3251
0
LINE
8
BLACK
6
CONTINUOUS
10
183.781
20
-90.3251
11
183.725
21
-90.6457
0
LINE
8
BLACK
6
CONTINUOUS
10
183.725
20
-90.6457
11
183.631
21
-90.9577
0
LINE
8
BLACK
6
CONTINUOUS
10
183.631
20
-90.9577
11
183.502
21
-91.2566
0
LINE
8
BLACK
6
CONTINUOUS
10
183.502
20
-91.2566
11
183.339
21
-91.5386
0
LINE
8
BLACK
6
CONTINUOUS
10
183.339
20
-91.5386
11
183.145
21
-91.7998
0
LINE
8
BLACK
6
CONTINUOUS
10
183.145
20
-91.7998
11
182.921
21
-92.0366
0
LINE
8
BLACK
6
CONTINUOUS
10
182.921
20
-92.0366
11
182.672
21
-92.2459
0
LINE
8
BLACK
6
CONTINUOUS
10
182.672
20
-92.2459
11
182.4
21
-92.4249
0
LINE
8
BLACK
6
CONTINUOUS
10
182.4
20
-92.4249
11
182.109
21
-92.571
0
LINE
8
BLACK
6
CONTINUOUS
10
182.109
20
-92.571
11
181.803
21
-92.6824
0
LINE
8
BLACK
6
CONTINUOUS
10
181.803
20
-92.6824
11
181.486
21
-92.7575
0
LINE
8
BLACK
6
CONTINUOUS
10
181.486
20
-92.7575
11
181.163
21
-92.7953
0
LINE
8
BLACK
6
CONTINUOUS
10
181.163
20
-92.7953
11
180.837
21
-92.7953
0
LINE
8
BLACK
6
CONTINUOUS
10
180.837
20
-92.7953
11
180.514
21
-92.7575
0
LINE
8
BLACK
6
CONTINUOUS
10
180.514
20
-92.7575
11
180.197
21
-92.6824
0
LINE
8
BLACK
6
CONTINUOUS
10
180.197
20
-92.6824
11
179.891
21
-92.571
0
LINE
8
BLACK
6
CONTINUOUS
10
179.891
20
-92.571
11
179.6
21
-92.4249
0
LINE
8
BLACK
6
CONTINUOUS
10
179.6
20
-92.4249
11
179.328
21
-92.2459
0
LINE
8
BLACK
6
CONTINUOUS
10
179.328
20
-92.2459
11
179.079
21
-92.0366
0
LINE
8
BLACK
6
CONTINUOUS
10
179.079
20
-92.0366
11
178.855
21
-91.7998
0
LINE
8
BLACK
6
CONTINUOUS
10
178.855
20
-91.7998
11
178.661
21
-91.5386
0
LINE
8
BLACK
6
CONTINUOUS
10
178.661
20
-91.5386
11
178.498
21
-91.2566
0
LINE
8
BLACK
6
CONTINUOUS
10
178.498
20
-91.2566
11
178.369
21
-90.9577
0
LINE
8
BLACK
6
CONTINUOUS
10
178.369
20
-90.9577
11
178.275
21
-90.6457
0
LINE
8
BLACK
6
CONTINUOUS
10
178.275
20
-90.6457
11
178.219
21
-90.3251
0
LINE
8
BLACK
6
CONTINUOUS
10
178.219
20
-90.3251
11
178.2
21
-90
0
LINE
8
BLACK
6
CONTINUOUS
10
178.2
20
-90
11
178.219
21
-89.6749
0
LINE
8
BLACK
6
CONTINUOUS
10
178.219
20
-89.6749
11
178.275
21
-89.3543
0
LINE
8
BLACK
6
CONTINUOUS
10
178.275
20
-89.3543
11
178.369
21
-89.0423
0
LINE
8
BLACK
6
CONTINUOUS
10
178.369
20
-89.0423
11
178.498
21
-88.7434
0
LINE
8
BLACK
6
CONTINUOUS
10
178.498
20
-88.7434
11
178.661
21
-88.4614
0
LINE
8
BLACK
6
CONTINUOUS
10
178.661
20
-88.4614
11
178.855
21
-88.2002
0
LINE
8
BLACK
6
CONTINUOUS
10
178.855
20
-88.2002
11
179.079
21
-87.9634
0
LINE
8
BLACK
6
CONTINUOUS
10
179.079
20
-87.9634
11
179.328
21
-87.7541
0
LINE
8
BLACK
6
CONTINUOUS
10
179.328
20
-87.7541
11
179.6
21
-87.5751
0
LINE
8
BLACK
6
CONTINUOUS
10
179.6
20
-87.5751
11
179.891
21
-87.429
0
LINE
8
BLACK
6
CONTINUOUS
10
179.891
20
-87.429
11
180.197
21
-87.3176
0
LINE
8
BLACK
6
CONTINUOUS
10
180.197
20
-87.3176
11
180.514
21
-87.2425
0
LINE
8
BLACK
6
CONTINUOUS
10
180.514
20
-87.2425
11
180.837
21
-87.2047
0
LINE
8
BLACK
6
CONTINUOUS
10
180.837
20
-87.2047
11
181.163
21
-87.2047
0
LINE
8
BLACK
6
CONTINUOUS
10
181.163
20
-87.2047
11
181.486
21
-87.2425
0
LINE
8
BLACK
6
CONTINUOUS
10
127.374
20
-92.4807
11
127.398
21
-92.497
0
LINE
8
BLACK
6
CONTINUOUS
10
127.398
20
-92.497
11
127.414
21
-92.5213
0
LINE
8
BLACK
6
CONTINUOUS
10
127.414
20
-92.5213
11
127.42
21
-92.55
0
LINE
8
BLACK
6
CONTINUOUS
10
127.42
20
-92.55
11
127.42
21
-92.7
0
LINE
8
BLACK
6
CONTINUOUS
10
127.42
20
-92.7
11
127.414
21
-92.7287
0
LINE
8
BLACK
6
CONTINUOUS
10
127.414
20
-92.7287
11
127.398
21
-92.753
0
LINE
8
BLACK
6
CONTINUOUS
10
127.398
20
-92.753
11
127.374
21
-92.7693
0
LINE
8
BLACK
6
CONTINUOUS
10
127.374
20
-92.7693
11
127.345
21
-92.775
0
LINE
8
BLACK
6
CONTINUOUS
10
127.345
20
-92.775
11
125.945
21
-92.775
0
LINE
8
BLACK
6
CONTINUOUS
10
125.945
20
-92.775
11
125.916
21
-92.7693
0
LINE
8
BLACK
6
CONTINUOUS
10
125.916
20
-92.7693
11
125.892
21
-92.753
0
LINE
8
BLACK
6
CONTINUOUS
10
125.892
20
-92.753
11
125.876
21
-92.7287
0
LINE
8
BLACK
6
CONTINUOUS
10
125.876
20
-92.7287
11
125.87
21
-92.7
0
LINE
8
BLACK
6
CONTINUOUS
10
125.87
20
-92.7
11
125.87
21
-92.55
0
LINE
8
BLACK
6
CONTINUOUS
10
125.87
20
-92.55
11
125.876
21
-92.5213
0
LINE
8
BLACK
6
CONTINUOUS
10
125.876
20
-92.5213
11
125.892
21
-92.497
0
LINE
8
BLACK
6
CONTINUOUS
10
125.892
20
-92.497
11
125.916
21
-92.4807
0
LINE
8
BLACK
6
CONTINUOUS
10
125.916
20
-92.4807
11
125.945
21
-92.475
0
LINE
8
BLACK
6
CONTINUOUS
10
125.945
20
-92.475
11
127.345
21
-92.475
0
LINE
8
BLACK
6
CONTINUOUS
10
127.345
20
-92.475
11
127.374
21
-92.4807
0
LINE
8
BLACK
6
CONTINUOUS
10
138.724
20
-92.4807
11
138.748
21
-92.497
0
LINE
8
BLACK
6
CONTINUOUS
10
138.748
20
-92.497
11
138.764
21
-92.5213
0
LINE
8
BLACK
6
CONTINUOUS
10
138.764
20
-92.5213
11
138.77
21
-92.55
0
LINE
8
BLACK
6
CONTINUOUS
10
138.77
20
-92.55
11
138.77
21
-92.7
0
LINE
8
BLACK
6
CONTINUOUS
10
138.77
20
-92.7
11
138.764
21
-92.7287
0
LINE
8
BLACK
6
CONTINUOUS
10
138.764
20
-92.7287
11
138.748
21
-92.753
0
LINE
8
BLACK
6
CONTINUOUS
10
138.748
20
-92.753
11
138.724
21
-92.7693
0
LINE
8
BLACK
6
CONTINUOUS
10
138.724
20
-92.7693
11
138.695
21
-92.775
0
LINE
8
BLACK
6
CONTINUOUS
10
138.695
20
-92.775
11
137.295
21
-92.775
0
LINE
8
BLACK
6
CONTINUOUS
10
137.295
20
-92.775
11
137.266
21
-92.7693
0
LINE
8
BLACK
6
CONTINUOUS
10
137.266
20
-92.7693
11
137.242
21
-92.753
0
LINE
8
BLACK
6
CONTINUOUS
10
137.242
20
-92.753
11
137.226
21
-92.7287
0
LINE
8
BLACK
6
CONTINUOUS
10
137.226
20
-92.7287
11
137.22
21
-92.7
0
LINE
8
BLACK
6
CONTINUOUS
10
137.22
20
-92.7
11
137.22
21
-92.55
0
LINE
8
BLACK
6
CONTINUOUS
10
137.22
20
-92.55
11
137.226
21
-92.5213
0
LINE
8
BLACK
6
CONTINUOUS
10
137.226
20
-92.5213
11
137.242
21
-92.497
0
LINE
8
BLACK
6
CONTINUOUS
10
137.242
20
-92.497
11
137.266
21
-92.4807
0
LINE
8
BLACK
6
CONTINUOUS
10
137.266
20
-92.4807
11
137.295
21
-92.475
0
LINE
8
BLACK
6
CONTINUOUS
10
137.295
20
-92.475
11
138.695
21
-92.475
0
LINE
8
BLACK
6
CONTINUOUS
10
138.695
20
-92.475
11
138.724
21
-92.4807
0
LINE
8
BLACK
6
CONTINUOUS
10
127.374
20
-91.9807
11
127.398
21
-91.997
0
LINE
8
BLACK
6
CONTINUOUS
10
127.398
20
-91.997
11
127.414
21
-92.0213
0
LINE
8
BLACK
6
CONTINUOUS
10
127.414
20
-92.0213
11
127.42
21
-92.05
0
LINE
8
BLACK
6
CONTINUOUS
10
127.42
20
-92.05
11
127.42
21
-92.2
0
LINE
8
BLACK
6
CONTINUOUS
10
127.42
20
-92.2
11
127.414
21
-92.2287
0
LINE
8
BLACK
6
CONTINUOUS
10
127.414
20
-92.2287
11
127.398
21
-92.253
0
LINE
8
BLACK
6
CONTINUOUS
10
127.398
20
-92.253
11
127.374
21
-92.2693
0
LINE
8
BLACK
6
CONTINUOUS
10
127.374
20
-92.2693
11
127.345
21
-92.275
0
LINE
8
BLACK
6
CONTINUOUS
10
127.345
20
-92.275
11
125.945
21
-92.275
0
LINE
8
BLACK
6
CONTINUOUS
10
125.945
20
-92.275
11
125.916
21
-92.2693
0
LINE
8
BLACK
6
CONTINUOUS
10
125.916
20
-92.2693
11
125.892
21
-92.253
0
LINE
8
BLACK
6
CONTINUOUS
10
125.892
20
-92.253
11
125.876
21
-92.2287
0
LINE
8
BLACK
6
CONTINUOUS
10
125.876
20
-92.2287
11
125.87
21
-92.2
0
LINE
8
BLACK
6
CONTINUOUS
10
125.87
20
-92.2
11
125.87
21
-92.05
0
LINE
8
BLACK
6
CONTINUOUS
10
125.87
20
-92.05
11
125.876
21
-92.0213
0
LINE
8
BLACK
6
CONTINUOUS
10
125.876
20
-92.0213
11
125.892
21
-91.997
0
LINE
8
BLACK
6
CONTINUOUS
10
125.892
20
-91.997
11
125.916
21
-91.9807
0
LINE
8
BLACK
6
CONTINUOUS
10
125.916
20
-91.9807
11
125.945
21
-91.975
0
LINE
8
BLACK
6
CONTINUOUS
10
125.945
20
-91.975
11
127.345
21
-91.975
0
LINE
8
BLACK
6
CONTINUOUS
10
127.345
20
-91.975
11
127.374
21
-91.9807
0
LINE
8
BLACK
6
CONTINUOUS
10
138.724
20
-91.9807
11
138.748
21
-91.997
0
LINE
8
BLACK
6
CONTINUOUS
10
138.748
20
-91.997
11
138.764
21
-92.0213
0
LINE
8
BLACK
6
CONTINUOUS
10
138.764
20
-92.0213
11
138.77
21
-92.05
0
LINE
8
BLACK
6
CONTINUOUS
10
138.77
20
-92.05
11
138.77
21
-92.2
0
LINE
8
BLACK
6
CONTINUOUS
10
138.77
20
-92.2
11
138.764
21
-92.2287
0
LINE
8
BLACK
6
CONTINUOUS
10
138.764
20
-92.2287
11
138.748
21
-92.253
0
LINE
8
BLACK
6
CONTINUOUS
10
138.748
20
-92.253
11
138.724
21
-92.2693
0
LINE
8
BLACK
6
CONTINUOUS
10
138.724
20
-92.2693
11
138.695
21
-92.275
0
LINE
8
BLACK
6
CONTINUOUS
10
138.695
20
-92.275
11
137.295
21
-92.275
0
LINE
8
BLACK
6
CONTINUOUS
10
137.295
20
-92.275
11
137.266
21
-92.2693
0
LINE
8
BLACK
6
CONTINUOUS
10
137.266
20
-92.2693
11
137.242
21
-92.253
0
LINE
8
BLACK
6
CONTINUOUS
10
137.242
20
-92.253
11
137.226
21
-92.2287
0
LINE
8
BLACK
6
CONTINUOUS
10
137.226
20
-92.2287
11
137.22
21
-92.2
0
LINE
8
BLACK
6
CONTINUOUS
10
137.22
20
-92.2
11
137.22
21
-92.05
0
LINE
8
BLACK
6
CONTINUOUS
10
137.22
20
-92.05
11
137.226
21
-92.0213
0
LINE
8
BLACK
6
CONTINUOUS
10
137.226
20
-92.0213
11
137.242
21
-91.997
0
LINE
8
BLACK
6
CONTINUOUS
10
137.242
20
-91.997
11
137.266
21
-91.9807
0
LINE
8
BLACK
6
CONTINUOUS
10
137.266
20
-91.9807
11
137.295
21
-91.975
0
LINE
8
BLACK
6
CONTINUOUS
10
137.295
20
-91.975
11
138.695
21
-91.975
0
LINE
8
BLACK
6
CONTINUOUS
10
138.695
20
-91.975
11
138.724
21
-91.9807
0
LINE
8
BLACK
6
CONTINUOUS
10
164.855
20
-92.0032
11
164.245
21
-92.0032
0
LINE
8
BLACK
6
CONTINUOUS
10
164.245
20
-92.0032
11
164.245
21
-91.5968
0
LINE
8
BLACK
6
CONTINUOUS
10
164.245
20
-91.5968
11
164.855
21
-91.5968
0
LINE
8
BLACK
6
CONTINUOUS
10
164.855
20
-91.5968
11
164.855
21
-92.0032
0
LINE
8
BLACK
6
CONTINUOUS
10
115.104
20
-91.3607
11
115.149
21
-91.391
0
LINE
8
BLACK
6
CONTINUOUS
10
115.149
20
-91.391
11
115.179
21
-91.4364
0
LINE
8
BLACK
6
CONTINUOUS
10
115.179
20
-91.4364
11
115.19
21
-91.49
0
LINE
8
BLACK
6
CONTINUOUS
10
115.19
20
-91.49
11
115.19
21
-91.83
0
LINE
8
BLACK
6
CONTINUOUS
10
115.19
20
-91.83
11
115.179
21
-91.8836
0
LINE
8
BLACK
6
CONTINUOUS
10
115.179
20
-91.8836
11
115.149
21
-91.929
0
LINE
8
BLACK
6
CONTINUOUS
10
115.149
20
-91.929
11
115.104
21
-91.9593
0
LINE
8
BLACK
6
CONTINUOUS
10
115.104
20
-91.9593
11
115.05
21
-91.97
0
LINE
8
BLACK
6
CONTINUOUS
10
115.05
20
-91.97
11
114.77
21
-91.97
0
LINE
8
BLACK
6
CONTINUOUS
10
114.77
20
-91.97
11
114.716
21
-91.9593
0
LINE
8
BLACK
6
CONTINUOUS
10
114.716
20
-91.9593
11
114.671
21
-91.929
0
LINE
8
BLACK
6
CONTINUOUS
10
114.671
20
-91.929
11
114.641
21
-91.8836
0
LINE
8
BLACK
6
CONTINUOUS
10
114.641
20
-91.8836
11
114.63
21
-91.83
0
LINE
8
BLACK
6
CONTINUOUS
10
114.63
20
-91.83
11
114.63
21
-91.49
0
LINE
8
BLACK
6
CONTINUOUS
10
114.63
20
-91.49
11
114.641
21
-91.4364
0
LINE
8
BLACK
6
CONTINUOUS
10
114.641
20
-91.4364
11
114.671
21
-91.391
0
LINE
8
BLACK
6
CONTINUOUS
10
114.671
20
-91.391
11
114.716
21
-91.3607
0
LINE
8
BLACK
6
CONTINUOUS
10
114.716
20
-91.3607
11
114.77
21
-91.35
0
LINE
8
BLACK
6
CONTINUOUS
10
114.77
20
-91.35
11
115.05
21
-91.35
0
LINE
8
BLACK
6
CONTINUOUS
10
115.05
20
-91.35
11
115.104
21
-91.3607
0
LINE
8
BLACK
6
CONTINUOUS
10
116.064
20
-91.3607
11
116.109
21
-91.391
0
LINE
8
BLACK
6
CONTINUOUS
10
116.109
20
-91.391
11
116.139
21
-91.4364
0
LINE
8
BLACK
6
CONTINUOUS
10
116.139
20
-91.4364
11
116.15
21
-91.49
0
LINE
8
BLACK
6
CONTINUOUS
10
116.15
20
-91.49
11
116.15
21
-91.83
0
LINE
8
BLACK
6
CONTINUOUS
10
116.15
20
-91.83
11
116.139
21
-91.8836
0
LINE
8
BLACK
6
CONTINUOUS
10
116.139
20
-91.8836
11
116.109
21
-91.929
0
LINE
8
BLACK
6
CONTINUOUS
10
116.109
20
-91.929
11
116.064
21
-91.9593
0
LINE
8
BLACK
6
CONTINUOUS
10
116.064
20
-91.9593
11
116.01
21
-91.97
0
LINE
8
BLACK
6
CONTINUOUS
10
116.01
20
-91.97
11
115.73
21
-91.97
0
LINE
8
BLACK
6
CONTINUOUS
10
115.73
20
-91.97
11
115.676
21
-91.9593
0
LINE
8
BLACK
6
CONTINUOUS
10
115.676
20
-91.9593
11
115.631
21
-91.929
0
LINE
8
BLACK
6
CONTINUOUS
10
115.631
20
-91.929
11
115.601
21
-91.8836
0
LINE
8
BLACK
6
CONTINUOUS
10
115.601
20
-91.8836
11
115.59
21
-91.83
0
LINE
8
BLACK
6
CONTINUOUS
10
115.59
20
-91.83
11
115.59
21
-91.49
0
LINE
8
BLACK
6
CONTINUOUS
10
115.59
20
-91.49
11
115.601
21
-91.4364
0
LINE
8
BLACK
6
CONTINUOUS
10
115.601
20
-91.4364
11
115.631
21
-91.391
0
LINE
8
BLACK
6
CONTINUOUS
10
115.631
20
-91.391
11
115.676
21
-91.3607
0
LINE
8
BLACK
6
CONTINUOUS
10
115.676
20
-91.3607
11
115.73
21
-91.35
0
LINE
8
BLACK
6
CONTINUOUS
10
115.73
20
-91.35
11
116.01
21
-91.35
0
LINE
8
BLACK
6
CONTINUOUS
10
116.01
20
-91.35
11
116.064
21
-91.3607
0
LINE
8
BLACK
6
CONTINUOUS
10
140.952
20
-91.3153
11
140.995
21
-91.3445
0
LINE
8
BLACK
6
CONTINUOUS
10
140.995
20
-91.3445
11
141.025
21
-91.3883
0
LINE
8
BLACK
6
CONTINUOUS
10
141.025
20
-91.3883
11
141.035
21
-91.44
0
LINE
8
BLACK
6
CONTINUOUS
10
141.035
20
-91.44
11
141.035
21
-91.81
0
LINE
8
BLACK
6
CONTINUOUS
10
141.035
20
-91.81
11
141.025
21
-91.8617
0
LINE
8
BLACK
6
CONTINUOUS
10
141.025
20
-91.8617
11
140.995
21
-91.9055
0
LINE
8
BLACK
6
CONTINUOUS
10
140.995
20
-91.9055
11
140.952
21
-91.9347
0
LINE
8
BLACK
6
CONTINUOUS
10
140.952
20
-91.9347
11
140.9
21
-91.945
0
LINE
8
BLACK
6
CONTINUOUS
10
140.9
20
-91.945
11
140.63
21
-91.945
0
LINE
8
BLACK
6
CONTINUOUS
10
140.63
20
-91.945
11
140.578
21
-91.9347
0
LINE
8
BLACK
6
CONTINUOUS
10
140.578
20
-91.9347
11
140.535
21
-91.9055
0
LINE
8
BLACK
6
CONTINUOUS
10
140.535
20
-91.9055
11
140.505
21
-91.8617
0
LINE
8
BLACK
6
CONTINUOUS
10
140.505
20
-91.8617
11
140.495
21
-91.81
0
LINE
8
BLACK
6
CONTINUOUS
10
140.495
20
-91.81
11
140.495
21
-91.44
0
LINE
8
BLACK
6
CONTINUOUS
10
140.495
20
-91.44
11
140.505
21
-91.3883
0
LINE
8
BLACK
6
CONTINUOUS
10
140.505
20
-91.3883
11
140.535
21
-91.3445
0
LINE
8
BLACK
6
CONTINUOUS
10
140.535
20
-91.3445
11
140.578
21
-91.3153
0
LINE
8
BLACK
6
CONTINUOUS
10
140.578
20
-91.3153
11
140.63
21
-91.305
0
LINE
8
BLACK
6
CONTINUOUS
10
140.63
20
-91.305
11
140.9
21
-91.305
0
LINE
8
BLACK
6
CONTINUOUS
10
140.9
20
-91.305
11
140.952
21
-91.3153
0
LINE
8
BLACK
6
CONTINUOUS
10
141.972
20
-91.3153
11
142.015
21
-91.3445
0
LINE
8
BLACK
6
CONTINUOUS
10
142.015
20
-91.3445
11
142.045
21
-91.3883
0
LINE
8
BLACK
6
CONTINUOUS
10
142.045
20
-91.3883
11
142.055
21
-91.44
0
LINE
8
BLACK
6
CONTINUOUS
10
142.055
20
-91.44
11
142.055
21
-91.81
0
LINE
8
BLACK
6
CONTINUOUS
10
142.055
20
-91.81
11
142.045
21
-91.8617
0
LINE
8
BLACK
6
CONTINUOUS
10
142.045
20
-91.8617
11
142.015
21
-91.9055
0
LINE
8
BLACK
6
CONTINUOUS
10
142.015
20
-91.9055
11
141.972
21
-91.9347
0
LINE
8
BLACK
6
CONTINUOUS
10
141.972
20
-91.9347
11
141.92
21
-91.945
0
LINE
8
BLACK
6
CONTINUOUS
10
141.92
20
-91.945
11
141.65
21
-91.945
0
LINE
8
BLACK
6
CONTINUOUS
10
141.65
20
-91.945
11
141.598
21
-91.9347
0
LINE
8
BLACK
6
CONTINUOUS
10
141.598
20
-91.9347
11
141.555
21
-91.9055
0
LINE
8
BLACK
6
CONTINUOUS
10
141.555
20
-91.9055
11
141.525
21
-91.8617
0
LINE
8
BLACK
6
CONTINUOUS
10
141.525
20
-91.8617
11
141.515
21
-91.81
0
LINE
8
BLACK
6
CONTINUOUS
10
141.515
20
-91.81
11
141.515
21
-91.44
0
LINE
8
BLACK
6
CONTINUOUS
10
141.515
20
-91.44
11
141.525
21
-91.3883
0
LINE
8
BLACK
6
CONTINUOUS
10
141.525
20
-91.3883
11
141.555
21
-91.3445
0
LINE
8
BLACK
6
CONTINUOUS
10
141.555
20
-91.3445
11
141.598
21
-91.3153
0
LINE
8
BLACK
6
CONTINUOUS
10
141.598
20
-91.3153
11
141.65
21
-91.305
0
LINE
8
BLACK
6
CONTINUOUS
10
141.65
20
-91.305
11
141.92
21
-91.305
0
LINE
8
BLACK
6
CONTINUOUS
10
141.92
20
-91.305
11
141.972
21
-91.3153
0
LINE
8
BLACK
6
CONTINUOUS
10
110.974
20
-91.3907
11
111.019
21
-91.421
0
LINE
8
BLACK
6
CONTINUOUS
10
111.019
20
-91.421
11
111.049
21
-91.4664
0
LINE
8
BLACK
6
CONTINUOUS
10
111.049
20
-91.4664
11
111.06
21
-91.52
0
LINE
8
BLACK
6
CONTINUOUS
10
111.06
20
-91.52
11
111.06
21
-91.8
0
LINE
8
BLACK
6
CONTINUOUS
10
111.06
20
-91.8
11
111.049
21
-91.8536
0
LINE
8
BLACK
6
CONTINUOUS
10
111.049
20
-91.8536
11
111.019
21
-91.899
0
LINE
8
BLACK
6
CONTINUOUS
10
111.019
20
-91.899
11
110.974
21
-91.9293
0
LINE
8
BLACK
6
CONTINUOUS
10
110.974
20
-91.9293
11
110.92
21
-91.94
0
LINE
8
BLACK
6
CONTINUOUS
10
110.92
20
-91.94
11
110.58
21
-91.94
0
LINE
8
BLACK
6
CONTINUOUS
10
110.58
20
-91.94
11
110.526
21
-91.9293
0
LINE
8
BLACK
6
CONTINUOUS
10
110.526
20
-91.9293
11
110.481
21
-91.899
0
LINE
8
BLACK
6
CONTINUOUS
10
110.481
20
-91.899
11
110.451
21
-91.8536
0
LINE
8
BLACK
6
CONTINUOUS
10
110.451
20
-91.8536
11
110.44
21
-91.8
0
LINE
8
BLACK
6
CONTINUOUS
10
110.44
20
-91.8
11
110.44
21
-91.52
0
LINE
8
BLACK
6
CONTINUOUS
10
110.44
20
-91.52
11
110.451
21
-91.4664
0
LINE
8
BLACK
6
CONTINUOUS
10
110.451
20
-91.4664
11
110.481
21
-91.421
0
LINE
8
BLACK
6
CONTINUOUS
10
110.481
20
-91.421
11
110.526
21
-91.3907
0
LINE
8
BLACK
6
CONTINUOUS
10
110.526
20
-91.3907
11
110.58
21
-91.38
0
LINE
8
BLACK
6
CONTINUOUS
10
110.58
20
-91.38
11
110.92
21
-91.38
0
LINE
8
BLACK
6
CONTINUOUS
10
110.92
20
-91.38
11
110.974
21
-91.3907
0
LINE
8
BLACK
6
CONTINUOUS
10
120.464
20
-91.2757
11
120.509
21
-91.306
0
LINE
8
BLACK
6
CONTINUOUS
10
120.509
20
-91.306
11
120.539
21
-91.3514
0
LINE
8
BLACK
6
CONTINUOUS
10
120.539
20
-91.3514
11
120.55
21
-91.405
0
LINE
8
BLACK
6
CONTINUOUS
10
120.55
20
-91.405
11
120.55
21
-91.745
0
LINE
8
BLACK
6
CONTINUOUS
10
120.55
20
-91.745
11
120.539
21
-91.7986
0
LINE
8
BLACK
6
CONTINUOUS
10
120.539
20
-91.7986
11
120.509
21
-91.844
0
LINE
8
BLACK
6
CONTINUOUS
10
120.509
20
-91.844
11
120.464
21
-91.8743
0
LINE
8
BLACK
6
CONTINUOUS
10
120.464
20
-91.8743
11
120.41
21
-91.885
0
LINE
8
BLACK
6
CONTINUOUS
10
120.41
20
-91.885
11
120.13
21
-91.885
0
LINE
8
BLACK
6
CONTINUOUS
10
120.13
20
-91.885
11
120.076
21
-91.8743
0
LINE
8
BLACK
6
CONTINUOUS
10
120.076
20
-91.8743
11
120.031
21
-91.844
0
LINE
8
BLACK
6
CONTINUOUS
10
120.031
20
-91.844
11
120.001
21
-91.7986
0
LINE
8
BLACK
6
CONTINUOUS
10
120.001
20
-91.7986
11
119.99
21
-91.745
0
LINE
8
BLACK
6
CONTINUOUS
10
119.99
20
-91.745
11
119.99
21
-91.405
0
LINE
8
BLACK
6
CONTINUOUS
10
119.99
20
-91.405
11
120.001
21
-91.3514
0
LINE
8
BLACK
6
CONTINUOUS
10
120.001
20
-91.3514
11
120.031
21
-91.306
0
LINE
8
BLACK
6
CONTINUOUS
10
120.031
20
-91.306
11
120.076
21
-91.2757
0
LINE
8
BLACK
6
CONTINUOUS
10
120.076
20
-91.2757
11
120.13
21
-91.265
0
LINE
8
BLACK
6
CONTINUOUS
10
120.13
20
-91.265
11
120.41
21
-91.265
0
LINE
8
BLACK
6
CONTINUOUS
10
120.41
20
-91.265
11
120.464
21
-91.2757
0
LINE
8
BLACK
6
CONTINUOUS
10
121.424
20
-91.2757
11
121.469
21
-91.306
0
LINE
8
BLACK
6
CONTINUOUS
10
121.469
20
-91.306
11
121.499
21
-91.3514
0
LINE
8
BLACK
6
CONTINUOUS
10
121.499
20
-91.3514
11
121.51
21
-91.405
0
LINE
8
BLACK
6
CONTINUOUS
10
121.51
20
-91.405
11
121.51
21
-91.745
0
LINE
8
BLACK
6
CONTINUOUS
10
121.51
20
-91.745
11
121.499
21
-91.7986
0
LINE
8
BLACK
6
CONTINUOUS
10
121.499
20
-91.7986
11
121.469
21
-91.844
0
LINE
8
BLACK
6
CONTINUOUS
10
121.469
20
-91.844
11
121.424
21
-91.8743
0
LINE
8
BLACK
6
CONTINUOUS
10
121.424
20
-91.8743
11
121.37
21
-91.885
0
LINE
8
BLACK
6
CONTINUOUS
10
121.37
20
-91.885
11
121.09
21
-91.885
0
LINE
8
BLACK
6
CONTINUOUS
10
121.09
20
-91.885
11
121.036
21
-91.8743
0
LINE
8
BLACK
6
CONTINUOUS
10
121.036
20
-91.8743
11
120.991
21
-91.844
0
LINE
8
BLACK
6
CONTINUOUS
10
120.991
20
-91.844
11
120.961
21
-91.7986
0
LINE
8
BLACK
6
CONTINUOUS
10
120.961
20
-91.7986
11
120.95
21
-91.745
0
LINE
8
BLACK
6
CONTINUOUS
10
120.95
20
-91.745
11
120.95
21
-91.405
0
LINE
8
BLACK
6
CONTINUOUS
10
120.95
20
-91.405
11
120.961
21
-91.3514
0
LINE
8
BLACK
6
CONTINUOUS
10
120.961
20
-91.3514
11
120.991
21
-91.306
0
LINE
8
BLACK
6
CONTINUOUS
10
120.991
20
-91.306
11
121.036
21
-91.2757
0
LINE
8
BLACK
6
CONTINUOUS
10
121.036
20
-91.2757
11
121.09
21
-91.265
0
LINE
8
BLACK
6
CONTINUOUS
10
121.09
20
-91.265
11
121.37
21
-91.265
0
LINE
8
BLACK
6
CONTINUOUS
10
121.37
20
-91.265
11
121.424
21
-91.2757
0
LINE
8
BLACK
6
CONTINUOUS
10
176.124
20
-91.3007
11
176.169
21
-91.331
0
LINE
8
BLACK
6
CONTINUOUS
10
176.169
20
-91.331
11
176.199
21
-91.3764
0
LINE
8
BLACK
6
CONTINUOUS
10
176.199
20
-91.3764
11
176.21
21
-91.43
0
LINE
8
BLACK
6
CONTINUOUS
10
176.21
20
-91.43
11
176.21
21
-91.71
0
LINE
8
BLACK
6
CONTINUOUS
10
176.21
20
-91.71
11
176.199
21
-91.7636
0
LINE
8
BLACK
6
CONTINUOUS
10
176.199
20
-91.7636
11
176.169
21
-91.809
0
LINE
8
BLACK
6
CONTINUOUS
10
176.169
20
-91.809
11
176.124
21
-91.8393
0
LINE
8
BLACK
6
CONTINUOUS
10
176.124
20
-91.8393
11
176.07
21
-91.85
0
LINE
8
BLACK
6
CONTINUOUS
10
176.07
20
-91.85
11
175.73
21
-91.85
0
LINE
8
BLACK
6
CONTINUOUS
10
175.73
20
-91.85
11
175.676
21
-91.8393
0
LINE
8
BLACK
6
CONTINUOUS
10
175.676
20
-91.8393
11
175.631
21
-91.809
0
LINE
8
BLACK
6
CONTINUOUS
10
175.631
20
-91.809
11
175.601
21
-91.7636
0
LINE
8
BLACK
6
CONTINUOUS
10
175.601
20
-91.7636
11
175.59
21
-91.71
0
LINE
8
BLACK
6
CONTINUOUS
10
175.59
20
-91.71
11
175.59
21
-91.43
0
LINE
8
BLACK
6
CONTINUOUS
10
175.59
20
-91.43
11
175.601
21
-91.3764
0
LINE
8
BLACK
6
CONTINUOUS
10
175.601
20
-91.3764
11
175.631
21
-91.331
0
LINE
8
BLACK
6
CONTINUOUS
10
175.631
20
-91.331
11
175.676
21
-91.3007
0
LINE
8
BLACK
6
CONTINUOUS
10
175.676
20
-91.3007
11
175.73
21
-91.29
0
LINE
8
BLACK
6
CONTINUOUS
10
175.73
20
-91.29
11
176.07
21
-91.29
0
LINE
8
BLACK
6
CONTINUOUS
10
176.07
20
-91.29
11
176.124
21
-91.3007
0
LINE
8
BLACK
6
CONTINUOUS
10
127.374
20
-91.4807
11
127.398
21
-91.497
0
LINE
8
BLACK
6
CONTINUOUS
10
127.398
20
-91.497
11
127.414
21
-91.5213
0
LINE
8
BLACK
6
CONTINUOUS
10
127.414
20
-91.5213
11
127.42
21
-91.55
0
LINE
8
BLACK
6
CONTINUOUS
10
127.42
20
-91.55
11
127.42
21
-91.7
0
LINE
8
BLACK
6
CONTINUOUS
10
127.42
20
-91.7
11
127.414
21
-91.7287
0
LINE
8
BLACK
6
CONTINUOUS
10
127.414
20
-91.7287
11
127.398
21
-91.753
0
LINE
8
BLACK
6
CONTINUOUS
10
127.398
20
-91.753
11
127.374
21
-91.7693
0
LINE
8
BLACK
6
CONTINUOUS
10
127.374
20
-91.7693
11
127.345
21
-91.775
0
LINE
8
BLACK
6
CONTINUOUS
10
127.345
20
-91.775
11
125.945
21
-91.775
0
LINE
8
BLACK
6
CONTINUOUS
10
125.945
20
-91.775
11
125.916
21
-91.7693
0
LINE
8
BLACK
6
CONTINUOUS
10
125.916
20
-91.7693
11
125.892
21
-91.753
0
LINE
8
BLACK
6
CONTINUOUS
10
125.892
20
-91.753
11
125.876
21
-91.7287
0
LINE
8
BLACK
6
CONTINUOUS
10
125.876
20
-91.7287
11
125.87
21
-91.7
0
LINE
8
BLACK
6
CONTINUOUS
10
125.87
20
-91.7
11
125.87
21
-91.55
0
LINE
8
BLACK
6
CONTINUOUS
10
125.87
20
-91.55
11
125.876
21
-91.5213
0
LINE
8
BLACK
6
CONTINUOUS
10
125.876
20
-91.5213
11
125.892
21
-91.497
0
LINE
8
BLACK
6
CONTINUOUS
10
125.892
20
-91.497
11
125.916
21
-91.4807
0
LINE
8
BLACK
6
CONTINUOUS
10
125.916
20
-91.4807
11
125.945
21
-91.475
0
LINE
8
BLACK
6
CONTINUOUS
10
125.945
20
-91.475
11
127.345
21
-91.475
0
LINE
8
BLACK
6
CONTINUOUS
10
127.345
20
-91.475
11
127.374
21
-91.4807
0
LINE
8
BLACK
6
CONTINUOUS
10
138.724
20
-91.4807
11
138.748
21
-91.497
0
LINE
8
BLACK
6
CONTINUOUS
10
138.748
20
-91.497
11
138.764
21
-91.5213
0
LINE
8
BLACK
6
CONTINUOUS
10
138.764
20
-91.5213
11
138.77
21
-91.55
0
LINE
8
BLACK
6
CONTINUOUS
10
138.77
20
-91.55
11
138.77
21
-91.7
0
LINE
8
BLACK
6
CONTINUOUS
10
138.77
20
-91.7
11
138.764
21
-91.7287
0
LINE
8
BLACK
6
CONTINUOUS
10
138.764
20
-91.7287
11
138.748
21
-91.753
0
LINE
8
BLACK
6
CONTINUOUS
10
138.748
20
-91.753
11
138.724
21
-91.7693
0
LINE
8
BLACK
6
CONTINUOUS
10
138.724
20
-91.7693
11
138.695
21
-91.775
0
LINE
8
BLACK
6
CONTINUOUS
10
138.695
20
-91.775
11
137.295
21
-91.775
0
LINE
8
BLACK
6
CONTINUOUS
10
137.295
20
-91.775
11
137.266
21
-91.7693
0
LINE
8
BLACK
6
CONTINUOUS
10
137.266
20
-91.7693
11
137.242
21
-91.753
0
LINE
8
BLACK
6
CONTINUOUS
10
137.242
20
-91.753
11
137.226
21
-91.7287
0
LINE
8
BLACK
6
CONTINUOUS
10
137.226
20
-91.7287
11
137.22
21
-91.7
0
LINE
8
BLACK
6
CONTINUOUS
10
137.22
20
-91.7
11
137.22
21
-91.55
0
LINE
8
BLACK
6
CONTINUOUS
10
137.22
20
-91.55
11
137.226
21
-91.5213
0
LINE
8
BLACK
6
CONTINUOUS
10
137.226
20
-91.5213
11
137.242
21
-91.497
0
LINE
8
BLACK
6
CONTINUOUS
10
137.242
20
-91.497
11
137.266
21
-91.4807
0
LINE
8
BLACK
6
CONTINUOUS
10
137.266
20
-91.4807
11
137.295
21
-91.475
0
LINE
8
BLACK
6
CONTINUOUS
10
137.295
20
-91.475
11
138.695
21
-91.475
0
LINE
8
BLACK
6
CONTINUOUS
10
138.695
20
-91.475
11
138.724
21
-91.4807
0
LINE
8
BLACK
6
CONTINUOUS
10
156.455
20
-91.6032
11
155.845
21
-91.6032
0
LINE
8
BLACK
6
CONTINUOUS
10
155.845
20
-91.6032
11
155.845
21
-91.1968
0
LINE
8
BLACK
6
CONTINUOUS
10
155.845
20
-91.1968
11
156.455
21
-91.1968
0
LINE
8
BLACK
6
CONTINUOUS
10
156.455
20
-91.1968
11
156.455
21
-91.6032
0
LINE
8
BLACK
6
CONTINUOUS
10
165.755
20
-91.6032
11
165.145
21
-91.6032
0
LINE
8
BLACK
6
CONTINUOUS
10
165.145
20
-91.6032
11
165.145
21
-91.1968
0
LINE
8
BLACK
6
CONTINUOUS
10
165.145
20
-91.1968
11
165.755
21
-91.1968
0
LINE
8
BLACK
6
CONTINUOUS
10
165.755
20
-91.1968
11
165.755
21
-91.6032
0
LINE
8
BLACK
6
CONTINUOUS
10
174.245
20
-91.5125
11
170.245
21
-91.5125
0
LINE
8
BLACK
6
CONTINUOUS
10
170.245
20
-91.5125
11
170.245
21
-88.1125
0
LINE
8
BLACK
6
CONTINUOUS
10
170.245
20
-88.1125
11
174.245
21
-88.1125
0
LINE
8
BLACK
6
CONTINUOUS
10
174.245
20
-88.1125
11
174.245
21
-91.5125
0
LINE
8
BLACK
6
CONTINUOUS
10
127.374
20
-90.9807
11
127.398
21
-90.997
0
LINE
8
BLACK
6
CONTINUOUS
10
127.398
20
-90.997
11
127.414
21
-91.0213
0
LINE
8
BLACK
6
CONTINUOUS
10
127.414
20
-91.0213
11
127.42
21
-91.05
0
LINE
8
BLACK
6
CONTINUOUS
10
127.42
20
-91.05
11
127.42
21
-91.2
0
LINE
8
BLACK
6
CONTINUOUS
10
127.42
20
-91.2
11
127.414
21
-91.2287
0
LINE
8
BLACK
6
CONTINUOUS
10
127.414
20
-91.2287
11
127.398
21
-91.253
0
LINE
8
BLACK
6
CONTINUOUS
10
127.398
20
-91.253
11
127.374
21
-91.2693
0
LINE
8
BLACK
6
CONTINUOUS
10
127.374
20
-91.2693
11
127.345
21
-91.275
0
LINE
8
BLACK
6
CONTINUOUS
10
127.345
20
-91.275
11
125.945
21
-91.275
0
LINE
8
BLACK
6
CONTINUOUS
10
125.945
20
-91.275
11
125.916
21
-91.2693
0
LINE
8
BLACK
6
CONTINUOUS
10
125.916
20
-91.2693
11
125.892
21
-91.253
0
LINE
8
BLACK
6
CONTINUOUS
10
125.892
20
-91.253
11
125.876
21
-91.2287
0
LINE
8
BLACK
6
CONTINUOUS
10
125.876
20
-91.2287
11
125.87
21
-91.2
0
LINE
8
BLACK
6
CONTINUOUS
10
125.87
20
-91.2
11
125.87
21
-91.05
0
LINE
8
BLACK
6
CONTINUOUS
10
125.87
20
-91.05
11
125.876
21
-91.0213
0
LINE
8
BLACK
6
CONTINUOUS
10
125.876
20
-91.0213
11
125.892
21
-90.997
0
LINE
8
BLACK
6
CONTINUOUS
10
125.892
20
-90.997
11
125.916
21
-90.9807
0
LINE
8
BLACK
6
CONTINUOUS
10
125.916
20
-90.9807
11
125.945
21
-90.975
0
LINE
8
BLACK
6
CONTINUOUS
10
125.945
20
-90.975
11
127.345
21
-90.975
0
LINE
8
BLACK
6
CONTINUOUS
10
127.345
20
-90.975
11
127.374
21
-90.9807
0
LINE
8
BLACK
6
CONTINUOUS
10
138.724
20
-90.9807
11
138.748
21
-90.997
0
LINE
8
BLACK
6
CONTINUOUS
10
138.748
20
-90.997
11
138.764
21
-91.0213
0
LINE
8
BLACK
6
CONTINUOUS
10
138.764
20
-91.0213
11
138.77
21
-91.05
0
LINE
8
BLACK
6
CONTINUOUS
10
138.77
20
-91.05
11
138.77
21
-91.2
0
LINE
8
BLACK
6
CONTINUOUS
10
138.77
20
-91.2
11
138.764
21
-91.2287
0
LINE
8
BLACK
6
CONTINUOUS
10
138.764
20
-91.2287
11
138.748
21
-91.253
0
LINE
8
BLACK
6
CONTINUOUS
10
138.748
20
-91.253
11
138.724
21
-91.2693
0
LINE
8
BLACK
6
CONTINUOUS
10
138.724
20
-91.2693
11
138.695
21
-91.275
0
LINE
8
BLACK
6
CONTINUOUS
10
138.695
20
-91.275
11
137.295
21
-91.275
0
LINE
8
BLACK
6
CONTINUOUS
10
137.295
20
-91.275
11
137.266
21
-91.2693
0
LINE
8
BLACK
6
CONTINUOUS
10
137.266
20
-91.2693
11
137.242
21
-91.253
0
LINE
8
BLACK
6
CONTINUOUS
10
137.242
20
-91.253
11
137.226
21
-91.2287
0
LINE
8
BLACK
6
CONTINUOUS
10
137.226
20
-91.2287
11
137.22
21
-91.2
0
LINE
8
BLACK
6
CONTINUOUS
10
137.22
20
-91.2
11
137.22
21
-91.05
0
LINE
8
BLACK
6
CONTINUOUS
10
137.22
20
-91.05
11
137.226
21
-91.0213
0
LINE
8
BLACK
6
CONTINUOUS
10
137.226
20
-91.0213
11
137.242
21
-90.997
0
LINE
8
BLACK
6
CONTINUOUS
10
137.242
20
-90.997
11
137.266
21
-90.9807
0
LINE
8
BLACK
6
CONTINUOUS
10
137.266
20
-90.9807
11
137.295
21
-90.975
0
LINE
8
BLACK
6
CONTINUOUS
10
137.295
20
-90.975
11
138.695
21
-90.975
0
LINE
8
BLACK
6
CONTINUOUS
10
138.695
20
-90.975
11
138.724
21
-90.9807
0
LINE
8
BLACK
6
CONTINUOUS
10
109.49
20
-90.3917
11
109.561
21
-90.4391
0
LINE
8
BLACK
6
CONTINUOUS
10
109.561
20
-90.4391
11
109.608
21
-90.51
0
LINE
8
BLACK
6
CONTINUOUS
10
109.608
20
-90.51
11
109.625
21
-90.5938
0
LINE
8
BLACK
6
CONTINUOUS
10
109.625
20
-90.5938
11
109.625
21
-91.0312
0
LINE
8
BLACK
6
CONTINUOUS
10
109.625
20
-91.0312
11
109.608
21
-91.115
0
LINE
8
BLACK
6
CONTINUOUS
10
109.608
20
-91.115
11
109.561
21
-91.1859
0
LINE
8
BLACK
6
CONTINUOUS
10
109.561
20
-91.1859
11
109.49
21
-91.2333
0
LINE
8
BLACK
6
CONTINUOUS
10
109.49
20
-91.2333
11
109.406
21
-91.25
0
LINE
8
BLACK
6
CONTINUOUS
10
109.406
20
-91.25
11
108.894
21
-91.25
0
LINE
8
BLACK
6
CONTINUOUS
10
108.894
20
-91.25
11
108.81
21
-91.2333
0
LINE
8
BLACK
6
CONTINUOUS
10
108.81
20
-91.2333
11
108.739
21
-91.1859
0
LINE
8
BLACK
6
CONTINUOUS
10
108.739
20
-91.1859
11
108.692
21
-91.115
0
LINE
8
BLACK
6
CONTINUOUS
10
108.692
20
-91.115
11
108.675
21
-91.0312
0
LINE
8
BLACK
6
CONTINUOUS
10
108.675
20
-91.0312
11
108.675
21
-90.5938
0
LINE
8
BLACK
6
CONTINUOUS
10
108.675
20
-90.5938
11
108.692
21
-90.51
0
LINE
8
BLACK
6
CONTINUOUS
10
108.692
20
-90.51
11
108.739
21
-90.4391
0
LINE
8
BLACK
6
CONTINUOUS
10
108.739
20
-90.4391
11
108.81
21
-90.3917
0
LINE
8
BLACK
6
CONTINUOUS
10
108.81
20
-90.3917
11
108.894
21
-90.375
0
LINE
8
BLACK
6
CONTINUOUS
10
108.894
20
-90.375
11
109.406
21
-90.375
0
LINE
8
BLACK
6
CONTINUOUS
10
109.406
20
-90.375
11
109.49
21
-90.3917
0
LINE
8
BLACK
6
CONTINUOUS
10
164.855
20
-91.2032
11
164.245
21
-91.2032
0
LINE
8
BLACK
6
CONTINUOUS
10
164.245
20
-91.2032
11
164.245
21
-90.7968
0
LINE
8
BLACK
6
CONTINUOUS
10
164.245
20
-90.7968
11
164.855
21
-90.7968
0
LINE
8
BLACK
6
CONTINUOUS
10
164.855
20
-90.7968
11
164.855
21
-91.2032
0
LINE
8
BLACK
6
CONTINUOUS
10
139.944
20
-90.3557
11
139.989
21
-90.386
0
LINE
8
BLACK
6
CONTINUOUS
10
139.989
20
-90.386
11
140.019
21
-90.4314
0
LINE
8
BLACK
6
CONTINUOUS
10
140.019
20
-90.4314
11
140.03
21
-90.485
0
LINE
8
BLACK
6
CONTINUOUS
10
140.03
20
-90.485
11
140.03
21
-90.765
0
LINE
8
BLACK
6
CONTINUOUS
10
140.03
20
-90.765
11
140.019
21
-90.8186
0
LINE
8
BLACK
6
CONTINUOUS
10
140.019
20
-90.8186
11
139.989
21
-90.864
0
LINE
8
BLACK
6
CONTINUOUS
10
139.989
20
-90.864
11
139.944
21
-90.8943
0
LINE
8
BLACK
6
CONTINUOUS
10
139.944
20
-90.8943
11
139.89
21
-90.905
0
LINE
8
BLACK
6
CONTINUOUS
10
139.89
20
-90.905
11
139.55
21
-90.905
0
LINE
8
BLACK
6
CONTINUOUS
10
139.55
20
-90.905
11
139.496
21
-90.8943
0
LINE
8
BLACK
6
CONTINUOUS
10
139.496
20
-90.8943
11
139.451
21
-90.864
0
LINE
8
BLACK
6
CONTINUOUS
10
139.451
20
-90.864
11
139.421
21
-90.8186
0
LINE
8
BLACK
6
CONTINUOUS
10
139.421
20
-90.8186
11
139.41
21
-90.765
0
LINE
8
BLACK
6
CONTINUOUS
10
139.41
20
-90.765
11
139.41
21
-90.485
0
LINE
8
BLACK
6
CONTINUOUS
10
139.41
20
-90.485
11
139.421
21
-90.4314
0
LINE
8
BLACK
6
CONTINUOUS
10
139.421
20
-90.4314
11
139.451
21
-90.386
0
LINE
8
BLACK
6
CONTINUOUS
10
139.451
20
-90.386
11
139.496
21
-90.3557
0
LINE
8
BLACK
6
CONTINUOUS
10
139.496
20
-90.3557
11
139.55
21
-90.345
0
LINE
8
BLACK
6
CONTINUOUS
10
139.55
20
-90.345
11
139.89
21
-90.345
0
LINE
8
BLACK
6
CONTINUOUS
10
139.89
20
-90.345
11
139.944
21
-90.3557
0
LINE
8
BLACK
6
CONTINUOUS
10
156.455
20
-90.8032
11
155.845
21
-90.8032
0
LINE
8
BLACK
6
CONTINUOUS
10
155.845
20
-90.8032
11
155.845
21
-90.3968
0
LINE
8
BLACK
6
CONTINUOUS
10
155.845
20
-90.3968
11
156.455
21
-90.3968
0
LINE
8
BLACK
6
CONTINUOUS
10
156.455
20
-90.3968
11
156.455
21
-90.8032
0
LINE
8
BLACK
6
CONTINUOUS
10
165.755
20
-90.8032
11
165.145
21
-90.8032
0
LINE
8
BLACK
6
CONTINUOUS
10
165.145
20
-90.8032
11
165.145
21
-90.3968
0
LINE
8
BLACK
6
CONTINUOUS
10
165.145
20
-90.3968
11
165.755
21
-90.3968
0
LINE
8
BLACK
6
CONTINUOUS
10
165.755
20
-90.3968
11
165.755
21
-90.8032
0
LINE
8
BLACK
6
CONTINUOUS
10
127.374
20
-90.4807
11
127.398
21
-90.497
0
LINE
8
BLACK
6
CONTINUOUS
10
127.398
20
-90.497
11
127.414
21
-90.5213
0
LINE
8
BLACK
6
CONTINUOUS
10
127.414
20
-90.5213
11
127.42
21
-90.55
0
LINE
8
BLACK
6
CONTINUOUS
10
127.42
20
-90.55
11
127.42
21
-90.7
0
LINE
8
BLACK
6
CONTINUOUS
10
127.42
20
-90.7
11
127.414
21
-90.7287
0
LINE
8
BLACK
6
CONTINUOUS
10
127.414
20
-90.7287
11
127.398
21
-90.753
0
LINE
8
BLACK
6
CONTINUOUS
10
127.398
20
-90.753
11
127.374
21
-90.7693
0
LINE
8
BLACK
6
CONTINUOUS
10
127.374
20
-90.7693
11
127.345
21
-90.775
0
LINE
8
BLACK
6
CONTINUOUS
10
127.345
20
-90.775
11
125.945
21
-90.775
0
LINE
8
BLACK
6
CONTINUOUS
10
125.945
20
-90.775
11
125.916
21
-90.7693
0
LINE
8
BLACK
6
CONTINUOUS
10
125.916
20
-90.7693
11
125.892
21
-90.753
0
LINE
8
BLACK
6
CONTINUOUS
10
125.892
20
-90.753
11
125.876
21
-90.7287
0
LINE
8
BLACK
6
CONTINUOUS
10
125.876
20
-90.7287
11
125.87
21
-90.7
0
LINE
8
BLACK
6
CONTINUOUS
10
125.87
20
-90.7
11
125.87
21
-90.55
0
LINE
8
BLACK
6
CONTINUOUS
10
125.87
20
-90.55
11
125.876
21
-90.5213
0
LINE
8
BLACK
6
CONTINUOUS
10
125.876
20
-90.5213
11
125.892
21
-90.497
0
LINE
8
BLACK
6
CONTINUOUS
10
125.892
20
-90.497
11
125.916
21
-90.4807
0
LINE
8
BLACK
6
CONTINUOUS
10
125.916
20
-90.4807
11
125.945
21
-90.475
0
LINE
8
BLACK
6
CONTINUOUS
10
125.945
20
-90.475
11
127.345
21
-90.475
0
LINE
8
BLACK
6
CONTINUOUS
10
127.345
20
-90.475
11
127.374
21
-90.4807
0
LINE
8
BLACK
6
CONTINUOUS
10
138.724
20
-90.4807
11
138.748
21
-90.497
0
LINE
8
BLACK
6
CONTINUOUS
10
138.748
20
-90.497
11
138.764
21
-90.5213
0
LINE
8
BLACK
6
CONTINUOUS
10
138.764
20
-90.5213
11
138.77
21
-90.55
0
LINE
8
BLACK
6
CONTINUOUS
10
138.77
20
-90.55
11
138.77
21
-90.7
0
LINE
8
BLACK
6
CONTINUOUS
10
138.77
20
-90.7
11
138.764
21
-90.7287
0
LINE
8
BLACK
6
CONTINUOUS
10
138.764
20
-90.7287
11
138.748
21
-90.753
0
LINE
8
BLACK
6
CONTINUOUS
10
138.748
20
-90.753
11
138.724
21
-90.7693
0
LINE
8
BLACK
6
CONTINUOUS
10
138.724
20
-90.7693
11
138.695
21
-90.775
0
LINE
8
BLACK
6
CONTINUOUS
10
138.695
20
-90.775
11
137.295
21
-90.775
0
LINE
8
BLACK
6
CONTINUOUS
10
137.295
20
-90.775
11
137.266
21
-90.7693
0
LINE
8
BLACK
6
CONTINUOUS
10
137.266
20
-90.7693
11
137.242
21
-90.753
0
LINE
8
BLACK
6
CONTINUOUS
10
137.242
20
-90.753
11
137.226
21
-90.7287
0
LINE
8
BLACK
6
CONTINUOUS
10
137.226
20
-90.7287
11
137.22
21
-90.7
0
LINE
8
BLACK
6
CONTINUOUS
10
137.22
20
-90.7
11
137.22
21
-90.55
0
LINE
8
BLACK
6
CONTINUOUS
10
137.22
20
-90.55
11
137.226
21
-90.5213
0
LINE
8
BLACK
6
CONTINUOUS
10
137.226
20
-90.5213
11
137.242
21
-90.497
0
LINE
8
BLACK
6
CONTINUOUS
10
137.242
20
-90.497
11
137.266
21
-90.4807
0
LINE
8
BLACK
6
CONTINUOUS
10
137.266
20
-90.4807
11
137.295
21
-90.475
0
LINE
8
BLACK
6
CONTINUOUS
10
137.295
20
-90.475
11
138.695
21
-90.475
0
LINE
8
BLACK
6
CONTINUOUS
10
138.695
20
-90.475
11
138.724
21
-90.4807
0
LINE
8
BLACK
6
CONTINUOUS
10
113.43
20
-89.3922
11
113.569
21
-89.4651
0
LINE
8
BLACK
6
CONTINUOUS
10
113.569
20
-89.4651
11
113.687
21
-89.569
0
LINE
8
BLACK
6
CONTINUOUS
10
113.687
20
-89.569
11
113.776
21
-89.6979
0
LINE
8
BLACK
6
CONTINUOUS
10
113.776
20
-89.6979
11
113.831
21
-89.8444
0
LINE
8
BLACK
6
CONTINUOUS
10
113.831
20
-89.8444
11
113.85
21
-90
0
LINE
8
BLACK
6
CONTINUOUS
10
113.85
20
-90
11
113.831
21
-90.1556
0
LINE
8
BLACK
6
CONTINUOUS
10
113.831
20
-90.1556
11
113.776
21
-90.3021
0
LINE
8
BLACK
6
CONTINUOUS
10
113.776
20
-90.3021
11
113.687
21
-90.431
0
LINE
8
BLACK
6
CONTINUOUS
10
113.687
20
-90.431
11
113.569
21
-90.5349
0
LINE
8
BLACK
6
CONTINUOUS
10
113.569
20
-90.5349
11
113.43
21
-90.6078
0
LINE
8
BLACK
6
CONTINUOUS
10
113.43
20
-90.6078
11
113.278
21
-90.6453
0
LINE
8
BLACK
6
CONTINUOUS
10
113.278
20
-90.6453
11
113.122
21
-90.6453
0
LINE
8
BLACK
6
CONTINUOUS
10
113.122
20
-90.6453
11
112.97
21
-90.6078
0
LINE
8
BLACK
6
CONTINUOUS
10
112.97
20
-90.6078
11
112.831
21
-90.5349
0
LINE
8
BLACK
6
CONTINUOUS
10
112.831
20
-90.5349
11
112.713
21
-90.431
0
LINE
8
BLACK
6
CONTINUOUS
10
112.713
20
-90.431
11
112.624
21
-90.3021
0
LINE
8
BLACK
6
CONTINUOUS
10
112.624
20
-90.3021
11
112.569
21
-90.1556
0
LINE
8
BLACK
6
CONTINUOUS
10
112.569
20
-90.1556
11
112.55
21
-90
0
LINE
8
BLACK
6
CONTINUOUS
10
112.55
20
-90
11
112.569
21
-89.8444
0
LINE
8
BLACK
6
CONTINUOUS
10
112.569
20
-89.8444
11
112.624
21
-89.6979
0
LINE
8
BLACK
6
CONTINUOUS
10
112.624
20
-89.6979
11
112.713
21
-89.569
0
LINE
8
BLACK
6
CONTINUOUS
10
112.713
20
-89.569
11
112.831
21
-89.4651
0
LINE
8
BLACK
6
CONTINUOUS
10
112.831
20
-89.4651
11
112.97
21
-89.3922
0
LINE
8
BLACK
6
CONTINUOUS
10
112.97
20
-89.3922
11
113.122
21
-89.3547
0
LINE
8
BLACK
6
CONTINUOUS
10
113.122
20
-89.3547
11
113.278
21
-89.3547
0
LINE
8
BLACK
6
CONTINUOUS
10
113.278
20
-89.3547
11
113.43
21
-89.3922
0
LINE
8
BLACK
6
CONTINUOUS
10
116.78
20
-89.3922
11
116.919
21
-89.4651
0
LINE
8
BLACK
6
CONTINUOUS
10
116.919
20
-89.4651
11
117.037
21
-89.569
0
LINE
8
BLACK
6
CONTINUOUS
10
117.037
20
-89.569
11
117.126
21
-89.6979
0
LINE
8
BLACK
6
CONTINUOUS
10
117.126
20
-89.6979
11
117.181
21
-89.8444
0
LINE
8
BLACK
6
CONTINUOUS
10
117.181
20
-89.8444
11
117.2
21
-90
0
LINE
8
BLACK
6
CONTINUOUS
10
117.2
20
-90
11
117.181
21
-90.1556
0
LINE
8
BLACK
6
CONTINUOUS
10
117.181
20
-90.1556
11
117.126
21
-90.3021
0
LINE
8
BLACK
6
CONTINUOUS
10
117.126
20
-90.3021
11
117.037
21
-90.431
0
LINE
8
BLACK
6
CONTINUOUS
10
117.037
20
-90.431
11
116.919
21
-90.5349
0
LINE
8
BLACK
6
CONTINUOUS
10
116.919
20
-90.5349
11
116.78
21
-90.6078
0
LINE
8
BLACK
6
CONTINUOUS
10
116.78
20
-90.6078
11
116.628
21
-90.6453
0
LINE
8
BLACK
6
CONTINUOUS
10
116.628
20
-90.6453
11
116.472
21
-90.6453
0
LINE
8
BLACK
6
CONTINUOUS
10
116.472
20
-90.6453
11
116.32
21
-90.6078
0
LINE
8
BLACK
6
CONTINUOUS
10
116.32
20
-90.6078
11
116.181
21
-90.5349
0
LINE
8
BLACK
6
CONTINUOUS
10
116.181
20
-90.5349
11
116.063
21
-90.431
0
LINE
8
BLACK
6
CONTINUOUS
10
116.063
20
-90.431
11
115.974
21
-90.3021
0
LINE
8
BLACK
6
CONTINUOUS
10
115.974
20
-90.3021
11
115.919
21
-90.1556
0
LINE
8
BLACK
6
CONTINUOUS
10
115.919
20
-90.1556
11
115.9
21
-90
0
LINE
8
BLACK
6
CONTINUOUS
10
115.9
20
-90
11
115.919
21
-89.8444
0
LINE
8
BLACK
6
CONTINUOUS
10
115.919
20
-89.8444
11
115.974
21
-89.6979
0
LINE
8
BLACK
6
CONTINUOUS
10
115.974
20
-89.6979
11
116.063
21
-89.569
0
LINE
8
BLACK
6
CONTINUOUS
10
116.063
20
-89.569
11
116.181
21
-89.4651
0
LINE
8
BLACK
6
CONTINUOUS
10
116.181
20
-89.4651
11
116.32
21
-89.3922
0
LINE
8
BLACK
6
CONTINUOUS
10
116.32
20
-89.3922
11
116.472
21
-89.3547
0
LINE
8
BLACK
6
CONTINUOUS
10
116.472
20
-89.3547
11
116.628
21
-89.3547
0
LINE
8
BLACK
6
CONTINUOUS
10
116.628
20
-89.3547
11
116.78
21
-89.3922
0
LINE
8
BLACK
6
CONTINUOUS
10
164.855
20
-90.4032
11
164.245
21
-90.4032
0
LINE
8
BLACK
6
CONTINUOUS
10
164.245
20
-90.4032
11
164.245
21
-89.9968
0
LINE
8
BLACK
6
CONTINUOUS
10
164.245
20
-89.9968
11
164.855
21
-89.9968
0
LINE
8
BLACK
6
CONTINUOUS
10
164.855
20
-89.9968
11
164.855
21
-90.4032
0
LINE
8
BLACK
6
CONTINUOUS
10
127.374
20
-89.9807
11
127.398
21
-89.997
0
LINE
8
BLACK
6
CONTINUOUS
10
127.398
20
-89.997
11
127.414
21
-90.0213
0
LINE
8
BLACK
6
CONTINUOUS
10
127.414
20
-90.0213
11
127.42
21
-90.05
0
LINE
8
BLACK
6
CONTINUOUS
10
127.42
20
-90.05
11
127.42
21
-90.2
0
LINE
8
BLACK
6
CONTINUOUS
10
127.42
20
-90.2
11
127.414
21
-90.2287
0
LINE
8
BLACK
6
CONTINUOUS
10
127.414
20
-90.2287
11
127.398
21
-90.253
0
LINE
8
BLACK
6
CONTINUOUS
10
127.398
20
-90.253
11
127.374
21
-90.2693
0
LINE
8
BLACK
6
CONTINUOUS
10
127.374
20
-90.2693
11
127.345
21
-90.275
0
LINE
8
BLACK
6
CONTINUOUS
10
127.345
20
-90.275
11
125.945
21
-90.275
0
LINE
8
BLACK
6
CONTINUOUS
10
125.945
20
-90.275
11
125.916
21
-90.2693
0
LINE
8
BLACK
6
CONTINUOUS
10
125.916
20
-90.2693
11
125.892
21
-90.253
0
LINE
8
BLACK
6
CONTINUOUS
10
125.892
20
-90.253
11
125.876
21
-90.2287
0
LINE
8
BLACK
6
CONTINUOUS
10
125.876
20
-90.2287
11
125.87
21
-90.2
0
LINE
8
BLACK
6
CONTINUOUS
10
125.87
20
-90.2
11
125.87
21
-90.05
0
LINE
8
BLACK
6
CONTINUOUS
10
125.87
20
-90.05
11
125.876
21
-90.0213
0
LINE
8
BLACK
6
CONTINUOUS
10
125.876
20
-90.0213
11
125.892
21
-89.997
0
LINE
8
BLACK
6
CONTINUOUS
10
125.892
20
-89.997
11
125.916
21
-89.9807
0
LINE
8
BLACK
6
CONTINUOUS
10
125.916
20
-89.9807
11
125.945
21
-89.975
0
LINE
8
BLACK
6
CONTINUOUS
10
125.945
20
-89.975
11
127.345
21
-89.975
0
LINE
8
BLACK
6
CONTINUOUS
10
127.345
20
-89.975
11
127.374
21
-89.9807
0
LINE
8
BLACK
6
CONTINUOUS
10
138.724
20
-89.9807
11
138.748
21
-89.997
0
LINE
8
BLACK
6
CONTINUOUS
10
138.748
20
-89.997
11
138.764
21
-90.0213
0
LINE
8
BLACK
6
CONTINUOUS
10
138.764
20
-90.0213
11
138.77
21
-90.05
0
LINE
8
BLACK
6
CONTINUOUS
10
138.77
20
-90.05
11
138.77
21
-90.2
0
LINE
8
BLACK
6
CONTINUOUS
10
138.77
20
-90.2
11
138.764
21
-90.2287
0
LINE
8
BLACK
6
CONTINUOUS
10
138.764
20
-90.2287
11
138.748
21
-90.253
0
LINE
8
BLACK
6
CONTINUOUS
10
138.748
20
-90.253
11
138.724
21
-90.2693
0
LINE
8
BLACK
6
CONTINUOUS
10
138.724
20
-90.2693
11
138.695
21
-90.275
0
LINE
8
BLACK
6
CONTINUOUS
10
138.695
20
-90.275
11
137.295
21
-90.275
0
LINE
8
BLACK
6
CONTINUOUS
10
137.295
20
-90.275
11
137.266
21
-90.2693
0
LINE
8
BLACK
6
CONTINUOUS
10
137.266
20
-90.2693
11
137.242
21
-90.253
0
LINE
8
BLACK
6
CONTINUOUS
10
137.242
20
-90.253
11
137.226
21
-90.2287
0
LINE
8
BLACK
6
CONTINUOUS
10
137.226
20
-90.2287
11
137.22
21
-90.2
0
LINE
8
BLACK
6
CONTINUOUS
10
137.22
20
-90.2
11
137.22
21
-90.05
0
LINE
8
BLACK
6
CONTINUOUS
10
137.22
20
-90.05
11
137.226
21
-90.0213
0
LINE
8
BLACK
6
CONTINUOUS
10
137.226
20
-90.0213
11
137.242
21
-89.997
0
LINE
8
BLACK
6
CONTINUOUS
10
137.242
20
-89.997
11
137.266
21
-89.9807
0
LINE
8
BLACK
6
CONTINUOUS
10
137.266
20
-89.9807
11
137.295
21
-89.975
0
LINE
8
BLACK
6
CONTINUOUS
10
137.295
20
-89.975
11
138.695
21
-89.975
0
LINE
8
BLACK
6
CONTINUOUS
10
138.695
20
-89.975
11
138.724
21
-89.9807
0
LINE
8
BLACK
6
CONTINUOUS
10
139.944
20
-89.3957
11
139.989
21
-89.426
0
LINE
8
BLACK
6
CONTINUOUS
10
139.989
20
-89.426
11
140.019
21
-89.4714
0
LINE
8
BLACK
6
CONTINUOUS
10
140.019
20
-89.4714
11
140.03
21
-89.525
0
LINE
8
BLACK
6
CONTINUOUS
10
140.03
20
-89.525
11
140.03
21
-89.805
0
LINE
8
BLACK
6
CONTINUOUS
10
140.03
20
-89.805
11
140.019
21
-89.8586
0
LINE
8
BLACK
6
CONTINUOUS
10
140.019
20
-89.8586
11
139.989
21
-89.904
0
LINE
8
BLACK
6
CONTINUOUS
10
139.989
20
-89.904
11
139.944
21
-89.9343
0
LINE
8
BLACK
6
CONTINUOUS
10
139.944
20
-89.9343
11
139.89
21
-89.945
0
LINE
8
BLACK
6
CONTINUOUS
10
139.89
20
-89.945
11
139.55
21
-89.945
0
LINE
8
BLACK
6
CONTINUOUS
10
139.55
20
-89.945
11
139.496
21
-89.9343
0
LINE
8
BLACK
6
CONTINUOUS
10
139.496
20
-89.9343
11
139.451
21
-89.904
0
LINE
8
BLACK
6
CONTINUOUS
10
139.451
20
-89.904
11
139.421
21
-89.8586
0
LINE
8
BLACK
6
CONTINUOUS
10
139.421
20
-89.8586
11
139.41
21
-89.805
0
LINE
8
BLACK
6
CONTINUOUS
10
139.41
20
-89.805
11
139.41
21
-89.525
0
LINE
8
BLACK
6
CONTINUOUS
10
139.41
20
-89.525
11
139.421
21
-89.4714
0
LINE
8
BLACK
6
CONTINUOUS
10
139.421
20
-89.4714
11
139.451
21
-89.426
0
LINE
8
BLACK
6
CONTINUOUS
10
139.451
20
-89.426
11
139.496
21
-89.3957
0
LINE
8
BLACK
6
CONTINUOUS
10
139.496
20
-89.3957
11
139.55
21
-89.385
0
LINE
8
BLACK
6
CONTINUOUS
10
139.55
20
-89.385
11
139.89
21
-89.385
0
LINE
8
BLACK
6
CONTINUOUS
10
139.89
20
-89.385
11
139.944
21
-89.3957
0
LINE
8
BLACK
6
CONTINUOUS
10
127.374
20
-89.4807
11
127.398
21
-89.497
0
LINE
8
BLACK
6
CONTINUOUS
10
127.398
20
-89.497
11
127.414
21
-89.5213
0
LINE
8
BLACK
6
CONTINUOUS
10
127.414
20
-89.5213
11
127.42
21
-89.55
0
LINE
8
BLACK
6
CONTINUOUS
10
127.42
20
-89.55
11
127.42
21
-89.7
0
LINE
8
BLACK
6
CONTINUOUS
10
127.42
20
-89.7
11
127.414
21
-89.7287
0
LINE
8
BLACK
6
CONTINUOUS
10
127.414
20
-89.7287
11
127.398
21
-89.753
0
LINE
8
BLACK
6
CONTINUOUS
10
127.398
20
-89.753
11
127.374
21
-89.7693
0
LINE
8
BLACK
6
CONTINUOUS
10
127.374
20
-89.7693
11
127.345
21
-89.775
0
LINE
8
BLACK
6
CONTINUOUS
10
127.345
20
-89.775
11
125.945
21
-89.775
0
LINE
8
BLACK
6
CONTINUOUS
10
125.945
20
-89.775
11
125.916
21
-89.7693
0
LINE
8
BLACK
6
CONTINUOUS
10
125.916
20
-89.7693
11
125.892
21
-89.753
0
LINE
8
BLACK
6
CONTINUOUS
10
125.892
20
-89.753
11
125.876
21
-89.7287
0
LINE
8
BLACK
6
CONTINUOUS
10
125.876
20
-89.7287
11
125.87
21
-89.7
0
LINE
8
BLACK
6
CONTINUOUS
10
125.87
20
-89.7
11
125.87
21
-89.55
0
LINE
8
BLACK
6
CONTINUOUS
10
125.87
20
-89.55
11
125.876
21
-89.5213
0
LINE
8
BLACK
6
CONTINUOUS
10
125.876
20
-89.5213
11
125.892
21
-89.497
0
LINE
8
BLACK
6
CONTINUOUS
10
125.892
20
-89.497
11
125.916
21
-89.4807
0
LINE
8
BLACK
6
CONTINUOUS
10
125.916
20
-89.4807
11
125.945
21
-89.475
0
LINE
8
BLACK
6
CONTINUOUS
10
125.945
20
-89.475
11
127.345
21
-89.475
0
LINE
8
BLACK
6
CONTINUOUS
10
127.345
20
-89.475
11
127.374
21
-89.4807
0
LINE
8
BLACK
6
CONTINUOUS
10
138.724
20
-89.4807
11
138.748
21
-89.497
0
LINE
8
BLACK
6
CONTINUOUS
10
138.748
20
-89.497
11
138.764
21
-89.5213
0
LINE
8
BLACK
6
CONTINUOUS
10
138.764
20
-89.5213
11
138.77
21
-89.55
0
LINE
8
BLACK
6
CONTINUOUS
10
138.77
20
-89.55
11
138.77
21
-89.7
0
LINE
8
BLACK
6
CONTINUOUS
10
138.77
20
-89.7
11
138.764
21
-89.7287
0
LINE
8
BLACK
6
CONTINUOUS
10
138.764
20
-89.7287
11
138.748
21
-89.753
0
LINE
8
BLACK
6
CONTINUOUS
10
138.748
20
-89.753
11
138.724
21
-89.7693
0
LINE
8
BLACK
6
CONTINUOUS
10
138.724
20
-89.7693
11
138.695
21
-89.775
0
LINE
8
BLACK
6
CONTINUOUS
10
138.695
20
-89.775
11
137.295
21
-89.775
0
LINE
8
BLACK
6
CONTINUOUS
10
137.295
20
-89.775
11
137.266
21
-89.7693
0
LINE
8
BLACK
6
CONTINUOUS
10
137.266
20
-89.7693
11
137.242
21
-89.753
0
LINE
8
BLACK
6
CONTINUOUS
10
137.242
20
-89.753
11
137.226
21
-89.7287
0
LINE
8
BLACK
6
CONTINUOUS
10
137.226
20
-89.7287
11
137.22
21
-89.7
0
LINE
8
BLACK
6
CONTINUOUS
10
137.22
20
-89.7
11
137.22
21
-89.55
0
LINE
8
BLACK
6
CONTINUOUS
10
137.22
20
-89.55
11
137.226
21
-89.5213
0
LINE
8
BLACK
6
CONTINUOUS
10
137.226
20
-89.5213
11
137.242
21
-89.497
0
LINE
8
BLACK
6
CONTINUOUS
10
137.242
20
-89.497
11
137.266
21
-89.4807
0
LINE
8
BLACK
6
CONTINUOUS
10
137.266
20
-89.4807
11
137.295
21
-89.475
0
LINE
8
BLACK
6
CONTINUOUS
10
137.295
20
-89.475
11
138.695
21
-89.475
0
LINE
8
BLACK
6
CONTINUOUS
10
138.695
20
-89.475
11
138.724
21
-89.4807
0
LINE
8
BLACK
6
CONTINUOUS
10
156.455
20
-89.7032
11
155.845
21
-89.7032
0
LINE
8
BLACK
6
CONTINUOUS
10
155.845
20
-89.7032
11
155.845
21
-89.2968
0
LINE
8
BLACK
6
CONTINUOUS
10
155.845
20
-89.2968
11
156.455
21
-89.2968
0
LINE
8
BLACK
6
CONTINUOUS
10
156.455
20
-89.2968
11
156.455
21
-89.7032
0
LINE
8
BLACK
6
CONTINUOUS
10
165.755
20
-89.7032
11
165.145
21
-89.7032
0
LINE
8
BLACK
6
CONTINUOUS
10
165.145
20
-89.7032
11
165.145
21
-89.2968
0
LINE
8
BLACK
6
CONTINUOUS
10
165.145
20
-89.2968
11
165.755
21
-89.2968
0
LINE
8
BLACK
6
CONTINUOUS
10
165.755
20
-89.2968
11
165.755
21
-89.7032
0
LINE
8
BLACK
6
CONTINUOUS
10
143.915
20
-88.3917
11
143.986
21
-88.4391
0
LINE
8
BLACK
6
CONTINUOUS
10
143.986
20
-88.4391
11
144.033
21
-88.51
0
LINE
8
BLACK
6
CONTINUOUS
10
144.033
20
-88.51
11
144.05
21
-88.5938
0
LINE
8
BLACK
6
CONTINUOUS
10
144.05
20
-88.5938
11
144.05
21
-89.1063
0
LINE
8
BLACK
6
CONTINUOUS
10
144.05
20
-89.1063
11
144.033
21
-89.19
0
LINE
8
BLACK
6
CONTINUOUS
10
144.033
20
-89.19
11
143.986
21
-89.2609
0
LINE
8
BLACK
6
CONTINUOUS
10
143.986
20
-89.2609
11
143.915
21
-89.3083
0
LINE
8
BLACK
6
CONTINUOUS
10
143.915
20
-89.3083
11
143.831
21
-89.325
0
LINE
8
BLACK
6
CONTINUOUS
10
143.831
20
-89.325
11
143.394
21
-89.325
0
LINE
8
BLACK
6
CONTINUOUS
10
143.394
20
-89.325
11
143.31
21
-89.3083
0
LINE
8
BLACK
6
CONTINUOUS
10
143.31
20
-89.3083
11
143.239
21
-89.2609
0
LINE
8
BLACK
6
CONTINUOUS
10
143.239
20
-89.2609
11
143.192
21
-89.19
0
LINE
8
BLACK
6
CONTINUOUS
10
143.192
20
-89.19
11
143.175
21
-89.1063
0
LINE
8
BLACK
6
CONTINUOUS
10
143.175
20
-89.1063
11
143.175
21
-88.5938
0
LINE
8
BLACK
6
CONTINUOUS
10
143.175
20
-88.5938
11
143.192
21
-88.51
0
LINE
8
BLACK
6
CONTINUOUS
10
143.192
20
-88.51
11
143.239
21
-88.4391
0
LINE
8
BLACK
6
CONTINUOUS
10
143.239
20
-88.4391
11
143.31
21
-88.3917
0
LINE
8
BLACK
6
CONTINUOUS
10
143.31
20
-88.3917
11
143.394
21
-88.375
0
LINE
8
BLACK
6
CONTINUOUS
10
143.394
20
-88.375
11
143.831
21
-88.375
0
LINE
8
BLACK
6
CONTINUOUS
10
143.831
20
-88.375
11
143.915
21
-88.3917
0
LINE
8
BLACK
6
CONTINUOUS
10
145.49
20
-88.3917
11
145.561
21
-88.4391
0
LINE
8
BLACK
6
CONTINUOUS
10
145.561
20
-88.4391
11
145.608
21
-88.51
0
LINE
8
BLACK
6
CONTINUOUS
10
145.608
20
-88.51
11
145.625
21
-88.5938
0
LINE
8
BLACK
6
CONTINUOUS
10
145.625
20
-88.5938
11
145.625
21
-89.1063
0
LINE
8
BLACK
6
CONTINUOUS
10
145.625
20
-89.1063
11
145.608
21
-89.19
0
LINE
8
BLACK
6
CONTINUOUS
10
145.608
20
-89.19
11
145.561
21
-89.2609
0
LINE
8
BLACK
6
CONTINUOUS
10
145.561
20
-89.2609
11
145.49
21
-89.3083
0
LINE
8
BLACK
6
CONTINUOUS
10
145.49
20
-89.3083
11
145.406
21
-89.325
0
LINE
8
BLACK
6
CONTINUOUS
10
145.406
20
-89.325
11
144.969
21
-89.325
0
LINE
8
BLACK
6
CONTINUOUS
10
144.969
20
-89.325
11
144.885
21
-89.3083
0
LINE
8
BLACK
6
CONTINUOUS
10
144.885
20
-89.3083
11
144.814
21
-89.2609
0
LINE
8
BLACK
6
CONTINUOUS
10
144.814
20
-89.2609
11
144.767
21
-89.19
0
LINE
8
BLACK
6
CONTINUOUS
10
144.767
20
-89.19
11
144.75
21
-89.1063
0
LINE
8
BLACK
6
CONTINUOUS
10
144.75
20
-89.1063
11
144.75
21
-88.5938
0
LINE
8
BLACK
6
CONTINUOUS
10
144.75
20
-88.5938
11
144.767
21
-88.51
0
LINE
8
BLACK
6
CONTINUOUS
10
144.767
20
-88.51
11
144.814
21
-88.4391
0
LINE
8
BLACK
6
CONTINUOUS
10
144.814
20
-88.4391
11
144.885
21
-88.3917
0
LINE
8
BLACK
6
CONTINUOUS
10
144.885
20
-88.3917
11
144.969
21
-88.375
0
LINE
8
BLACK
6
CONTINUOUS
10
144.969
20
-88.375
11
145.406
21
-88.375
0
LINE
8
BLACK
6
CONTINUOUS
10
145.406
20
-88.375
11
145.49
21
-88.3917
0
LINE
8
BLACK
6
CONTINUOUS
10
147.052
20
-88.3902
11
147.116
21
-88.4336
0
LINE
8
BLACK
6
CONTINUOUS
10
147.116
20
-88.4336
11
147.16
21
-88.4985
0
LINE
8
BLACK
6
CONTINUOUS
10
147.16
20
-88.4985
11
147.175
21
-88.575
0
LINE
8
BLACK
6
CONTINUOUS
10
147.175
20
-88.575
11
147.175
21
-89.125
0
LINE
8
BLACK
6
CONTINUOUS
10
147.175
20
-89.125
11
147.16
21
-89.2015
0
LINE
8
BLACK
6
CONTINUOUS
10
147.16
20
-89.2015
11
147.116
21
-89.2664
0
LINE
8
BLACK
6
CONTINUOUS
10
147.116
20
-89.2664
11
147.052
21
-89.3098
0
LINE
8
BLACK
6
CONTINUOUS
10
147.052
20
-89.3098
11
146.975
21
-89.325
0
LINE
8
BLACK
6
CONTINUOUS
10
146.975
20
-89.325
11
146.575
21
-89.325
0
LINE
8
BLACK
6
CONTINUOUS
10
146.575
20
-89.325
11
146.498
21
-89.3098
0
LINE
8
BLACK
6
CONTINUOUS
10
146.498
20
-89.3098
11
146.434
21
-89.2664
0
LINE
8
BLACK
6
CONTINUOUS
10
146.434
20
-89.2664
11
146.39
21
-89.2015
0
LINE
8
BLACK
6
CONTINUOUS
10
146.39
20
-89.2015
11
146.375
21
-89.125
0
LINE
8
BLACK
6
CONTINUOUS
10
146.375
20
-89.125
11
146.375
21
-88.575
0
LINE
8
BLACK
6
CONTINUOUS
10
146.375
20
-88.575
11
146.39
21
-88.4985
0
LINE
8
BLACK
6
CONTINUOUS
10
146.39
20
-88.4985
11
146.434
21
-88.4336
0
LINE
8
BLACK
6
CONTINUOUS
10
146.434
20
-88.4336
11
146.498
21
-88.3902
0
LINE
8
BLACK
6
CONTINUOUS
10
146.498
20
-88.3902
11
146.575
21
-88.375
0
LINE
8
BLACK
6
CONTINUOUS
10
146.575
20
-88.375
11
146.975
21
-88.375
0
LINE
8
BLACK
6
CONTINUOUS
10
146.975
20
-88.375
11
147.052
21
-88.3902
0
LINE
8
BLACK
6
CONTINUOUS
10
148.702
20
-88.3902
11
148.766
21
-88.4336
0
LINE
8
BLACK
6
CONTINUOUS
10
148.766
20
-88.4336
11
148.81
21
-88.4985
0
LINE
8
BLACK
6
CONTINUOUS
10
148.81
20
-88.4985
11
148.825
21
-88.575
0
LINE
8
BLACK
6
CONTINUOUS
10
148.825
20
-88.575
11
148.825
21
-89.125
0
LINE
8
BLACK
6
CONTINUOUS
10
148.825
20
-89.125
11
148.81
21
-89.2015
0
LINE
8
BLACK
6
CONTINUOUS
10
148.81
20
-89.2015
11
148.766
21
-89.2664
0
LINE
8
BLACK
6
CONTINUOUS
10
148.766
20
-89.2664
11
148.702
21
-89.3098
0
LINE
8
BLACK
6
CONTINUOUS
10
148.702
20
-89.3098
11
148.625
21
-89.325
0
LINE
8
BLACK
6
CONTINUOUS
10
148.625
20
-89.325
11
148.225
21
-89.325
0
LINE
8
BLACK
6
CONTINUOUS
10
148.225
20
-89.325
11
148.148
21
-89.3098
0
LINE
8
BLACK
6
CONTINUOUS
10
148.148
20
-89.3098
11
148.084
21
-89.2664
0
LINE
8
BLACK
6
CONTINUOUS
10
148.084
20
-89.2664
11
148.04
21
-89.2015
0
LINE
8
BLACK
6
CONTINUOUS
10
148.04
20
-89.2015
11
148.025
21
-89.125
0
LINE
8
BLACK
6
CONTINUOUS
10
148.025
20
-89.125
11
148.025
21
-88.575
0
LINE
8
BLACK
6
CONTINUOUS
10
148.025
20
-88.575
11
148.04
21
-88.4985
0
LINE
8
BLACK
6
CONTINUOUS
10
148.04
20
-88.4985
11
148.084
21
-88.4336
0
LINE
8
BLACK
6
CONTINUOUS
10
148.084
20
-88.4336
11
148.148
21
-88.3902
0
LINE
8
BLACK
6
CONTINUOUS
10
148.148
20
-88.3902
11
148.225
21
-88.375
0
LINE
8
BLACK
6
CONTINUOUS
10
148.225
20
-88.375
11
148.625
21
-88.375
0
LINE
8
BLACK
6
CONTINUOUS
10
148.625
20
-88.375
11
148.702
21
-88.3902
0
LINE
8
BLACK
6
CONTINUOUS
10
128.674
20
-86.9307
11
128.698
21
-86.947
0
LINE
8
BLACK
6
CONTINUOUS
10
128.698
20
-86.947
11
128.714
21
-86.9713
0
LINE
8
BLACK
6
CONTINUOUS
10
128.714
20
-86.9713
11
128.72
21
-87
0
LINE
8
BLACK
6
CONTINUOUS
10
128.72
20
-87
11
128.72
21
-88.4
0
LINE
8
BLACK
6
CONTINUOUS
10
128.72
20
-88.4
11
128.714
21
-88.4287
0
LINE
8
BLACK
6
CONTINUOUS
10
128.714
20
-88.4287
11
128.698
21
-88.453
0
LINE
8
BLACK
6
CONTINUOUS
10
128.698
20
-88.453
11
128.674
21
-88.4693
0
LINE
8
BLACK
6
CONTINUOUS
10
128.674
20
-88.4693
11
128.645
21
-88.475
0
LINE
8
BLACK
6
CONTINUOUS
10
128.645
20
-88.475
11
128.495
21
-88.475
0
LINE
8
BLACK
6
CONTINUOUS
10
128.495
20
-88.475
11
128.466
21
-88.4693
0
LINE
8
BLACK
6
CONTINUOUS
10
128.466
20
-88.4693
11
128.442
21
-88.453
0
LINE
8
BLACK
6
CONTINUOUS
10
128.442
20
-88.453
11
128.426
21
-88.4287
0
LINE
8
BLACK
6
CONTINUOUS
10
128.426
20
-88.4287
11
128.42
21
-88.4
0
LINE
8
BLACK
6
CONTINUOUS
10
128.42
20
-88.4
11
128.42
21
-87
0
LINE
8
BLACK
6
CONTINUOUS
10
128.42
20
-87
11
128.426
21
-86.9713
0
LINE
8
BLACK
6
CONTINUOUS
10
128.426
20
-86.9713
11
128.442
21
-86.947
0
LINE
8
BLACK
6
CONTINUOUS
10
128.442
20
-86.947
11
128.466
21
-86.9307
0
LINE
8
BLACK
6
CONTINUOUS
10
128.466
20
-86.9307
11
128.495
21
-86.925
0
LINE
8
BLACK
6
CONTINUOUS
10
128.495
20
-86.925
11
128.645
21
-86.925
0
LINE
8
BLACK
6
CONTINUOUS
10
128.645
20
-86.925
11
128.674
21
-86.9307
0
LINE
8
BLACK
6
CONTINUOUS
10
129.174
20
-86.9307
11
129.198
21
-86.947
0
LINE
8
BLACK
6
CONTINUOUS
10
129.198
20
-86.947
11
129.214
21
-86.9713
0
LINE
8
BLACK
6
CONTINUOUS
10
129.214
20
-86.9713
11
129.22
21
-87
0
LINE
8
BLACK
6
CONTINUOUS
10
129.22
20
-87
11
129.22
21
-88.4
0
LINE
8
BLACK
6
CONTINUOUS
10
129.22
20
-88.4
11
129.214
21
-88.4287
0
LINE
8
BLACK
6
CONTINUOUS
10
129.214
20
-88.4287
11
129.198
21
-88.453
0
LINE
8
BLACK
6
CONTINUOUS
10
129.198
20
-88.453
11
129.174
21
-88.4693
0
LINE
8
BLACK
6
CONTINUOUS
10
129.174
20
-88.4693
11
129.145
21
-88.475
0
LINE
8
BLACK
6
CONTINUOUS
10
129.145
20
-88.475
11
128.995
21
-88.475
0
LINE
8
BLACK
6
CONTINUOUS
10
128.995
20
-88.475
11
128.966
21
-88.4693
0
LINE
8
BLACK
6
CONTINUOUS
10
128.966
20
-88.4693
11
128.942
21
-88.453
0
LINE
8
BLACK
6
CONTINUOUS
10
128.942
20
-88.453
11
128.926
21
-88.4287
0
LINE
8
BLACK
6
CONTINUOUS
10
128.926
20
-88.4287
11
128.92
21
-88.4
0
LINE
8
BLACK
6
CONTINUOUS
10
128.92
20
-88.4
11
128.92
21
-87
0
LINE
8
BLACK
6
CONTINUOUS
10
128.92
20
-87
11
128.926
21
-86.9713
0
LINE
8
BLACK
6
CONTINUOUS
10
128.926
20
-86.9713
11
128.942
21
-86.947
0
LINE
8
BLACK
6
CONTINUOUS
10
128.942
20
-86.947
11
128.966
21
-86.9307
0
LINE
8
BLACK
6
CONTINUOUS
10
128.966
20
-86.9307
11
128.995
21
-86.925
0
LINE
8
BLACK
6
CONTINUOUS
10
128.995
20
-86.925
11
129.145
21
-86.925
0
LINE
8
BLACK
6
CONTINUOUS
10
129.145
20
-86.925
11
129.174
21
-86.9307
0
LINE
8
BLACK
6
CONTINUOUS
10
129.674
20
-86.9307
11
129.698
21
-86.947
0
LINE
8
BLACK
6
CONTINUOUS
10
129.698
20
-86.947
11
129.714
21
-86.9713
0
LINE
8
BLACK
6
CONTINUOUS
10
129.714
20
-86.9713
11
129.72
21
-87
0
LINE
8
BLACK
6
CONTINUOUS
10
129.72
20
-87
11
129.72
21
-88.4
0
LINE
8
BLACK
6
CONTINUOUS
10
129.72
20
-88.4
11
129.714
21
-88.4287
0
LINE
8
BLACK
6
CONTINUOUS
10
129.714
20
-88.4287
11
129.698
21
-88.453
0
LINE
8
BLACK
6
CONTINUOUS
10
129.698
20
-88.453
11
129.674
21
-88.4693
0
LINE
8
BLACK
6
CONTINUOUS
10
129.674
20
-88.4693
11
129.645
21
-88.475
0
LINE
8
BLACK
6
CONTINUOUS
10
129.645
20
-88.475
11
129.495
21
-88.475
0
LINE
8
BLACK
6
CONTINUOUS
10
129.495
20
-88.475
11
129.466
21
-88.4693
0
LINE
8
BLACK
6
CONTINUOUS
10
129.466
20
-88.4693
11
129.442
21
-88.453
0
LINE
8
BLACK
6
CONTINUOUS
10
129.442
20
-88.453
11
129.426
21
-88.4287
0
LINE
8
BLACK
6
CONTINUOUS
10
129.426
20
-88.4287
11
129.42
21
-88.4
0
LINE
8
BLACK
6
CONTINUOUS
10
129.42
20
-88.4
11
129.42
21
-87
0
LINE
8
BLACK
6
CONTINUOUS
10
129.42
20
-87
11
129.426
21
-86.9713
0
LINE
8
BLACK
6
CONTINUOUS
10
129.426
20
-86.9713
11
129.442
21
-86.947
0
LINE
8
BLACK
6
CONTINUOUS
10
129.442
20
-86.947
11
129.466
21
-86.9307
0
LINE
8
BLACK
6
CONTINUOUS
10
129.466
20
-86.9307
11
129.495
21
-86.925
0
LINE
8
BLACK
6
CONTINUOUS
10
129.495
20
-86.925
11
129.645
21
-86.925
0
LINE
8
BLACK
6
CONTINUOUS
10
129.645
20
-86.925
11
129.674
21
-86.9307
0
LINE
8
BLACK
6
CONTINUOUS
10
130.174
20
-86.9307
11
130.198
21
-86.947
0
LINE
8
BLACK
6
CONTINUOUS
10
130.198
20
-86.947
11
130.214
21
-86.9713
0
LINE
8
BLACK
6
CONTINUOUS
10
130.214
20
-86.9713
11
130.22
21
-87
0
LINE
8
BLACK
6
CONTINUOUS
10
130.22
20
-87
11
130.22
21
-88.4
0
LINE
8
BLACK
6
CONTINUOUS
10
130.22
20
-88.4
11
130.214
21
-88.4287
0
LINE
8
BLACK
6
CONTINUOUS
10
130.214
20
-88.4287
11
130.198
21
-88.453
0
LINE
8
BLACK
6
CONTINUOUS
10
130.198
20
-88.453
11
130.174
21
-88.4693
0
LINE
8
BLACK
6
CONTINUOUS
10
130.174
20
-88.4693
11
130.145
21
-88.475
0
LINE
8
BLACK
6
CONTINUOUS
10
130.145
20
-88.475
11
129.995
21
-88.475
0
LINE
8
BLACK
6
CONTINUOUS
10
129.995
20
-88.475
11
129.966
21
-88.4693
0
LINE
8
BLACK
6
CONTINUOUS
10
129.966
20
-88.4693
11
129.942
21
-88.453
0
LINE
8
BLACK
6
CONTINUOUS
10
129.942
20
-88.453
11
129.926
21
-88.4287
0
LINE
8
BLACK
6
CONTINUOUS
10
129.926
20
-88.4287
11
129.92
21
-88.4
0
LINE
8
BLACK
6
CONTINUOUS
10
129.92
20
-88.4
11
129.92
21
-87
0
LINE
8
BLACK
6
CONTINUOUS
10
129.92
20
-87
11
129.926
21
-86.9713
0
LINE
8
BLACK
6
CONTINUOUS
10
129.926
20
-86.9713
11
129.942
21
-86.947
0
LINE
8
BLACK
6
CONTINUOUS
10
129.942
20
-86.947
11
129.966
21
-86.9307
0
LINE
8
BLACK
6
CONTINUOUS
10
129.966
20
-86.9307
11
129.995
21
-86.925
0
LINE
8
BLACK
6
CONTINUOUS
10
129.995
20
-86.925
11
130.145
21
-86.925
0
LINE
8
BLACK
6
CONTINUOUS
10
130.145
20
-86.925
11
130.174
21
-86.9307
0
LINE
8
BLACK
6
CONTINUOUS
10
130.674
20
-86.9307
11
130.698
21
-86.947
0
LINE
8
BLACK
6
CONTINUOUS
10
130.698
20
-86.947
11
130.714
21
-86.9713
0
LINE
8
BLACK
6
CONTINUOUS
10
130.714
20
-86.9713
11
130.72
21
-87
0
LINE
8
BLACK
6
CONTINUOUS
10
130.72
20
-87
11
130.72
21
-88.4
0
LINE
8
BLACK
6
CONTINUOUS
10
130.72
20
-88.4
11
130.714
21
-88.4287
0
LINE
8
BLACK
6
CONTINUOUS
10
130.714
20
-88.4287
11
130.698
21
-88.453
0
LINE
8
BLACK
6
CONTINUOUS
10
130.698
20
-88.453
11
130.674
21
-88.4693
0
LINE
8
BLACK
6
CONTINUOUS
10
130.674
20
-88.4693
11
130.645
21
-88.475
0
LINE
8
BLACK
6
CONTINUOUS
10
130.645
20
-88.475
11
130.495
21
-88.475
0
LINE
8
BLACK
6
CONTINUOUS
10
130.495
20
-88.475
11
130.466
21
-88.4693
0
LINE
8
BLACK
6
CONTINUOUS
10
130.466
20
-88.4693
11
130.442
21
-88.453
0
LINE
8
BLACK
6
CONTINUOUS
10
130.442
20
-88.453
11
130.426
21
-88.4287
0
LINE
8
BLACK
6
CONTINUOUS
10
130.426
20
-88.4287
11
130.42
21
-88.4
0
LINE
8
BLACK
6
CONTINUOUS
10
130.42
20
-88.4
11
130.42
21
-87
0
LINE
8
BLACK
6
CONTINUOUS
10
130.42
20
-87
11
130.426
21
-86.9713
0
LINE
8
BLACK
6
CONTINUOUS
10
130.426
20
-86.9713
11
130.442
21
-86.947
0
LINE
8
BLACK
6
CONTINUOUS
10
130.442
20
-86.947
11
130.466
21
-86.9307
0
LINE
8
BLACK
6
CONTINUOUS
10
130.466
20
-86.9307
11
130.495
21
-86.925
0
LINE
8
BLACK
6
CONTINUOUS
10
130.495
20
-86.925
11
130.645
21
-86.925
0
LINE
8
BLACK
6
CONTINUOUS
10
130.645
20
-86.925
11
130.674
21
-86.9307
0
LINE
8
BLACK
6
CONTINUOUS
10
131.174
20
-86.9307
11
131.198
21
-86.947
0
LINE
8
BLACK
6
CONTINUOUS
10
131.198
20
-86.947
11
131.214
21
-86.9713
0
LINE
8
BLACK
6
CONTINUOUS
10
131.214
20
-86.9713
11
131.22
21
-87
0
LINE
8
BLACK
6
CONTINUOUS
10
131.22
20
-87
11
131.22
21
-88.4
0
LINE
8
BLACK
6
CONTINUOUS
10
131.22
20
-88.4
11
131.214
21
-88.4287
0
LINE
8
BLACK
6
CONTINUOUS
10
131.214
20
-88.4287
11
131.198
21
-88.453
0
LINE
8
BLACK
6
CONTINUOUS
10
131.198
20
-88.453
11
131.174
21
-88.4693
0
LINE
8
BLACK
6
CONTINUOUS
10
131.174
20
-88.4693
11
131.145
21
-88.475
0
LINE
8
BLACK
6
CONTINUOUS
10
131.145
20
-88.475
11
130.995
21
-88.475
0
LINE
8
BLACK
6
CONTINUOUS
10
130.995
20
-88.475
11
130.966
21
-88.4693
0
LINE
8
BLACK
6
CONTINUOUS
10
130.966
20
-88.4693
11
130.942
21
-88.453
0
LINE
8
BLACK
6
CONTINUOUS
10
130.942
20
-88.453
11
130.926
21
-88.4287
0
LINE
8
BLACK
6
CONTINUOUS
10
130.926
20
-88.4287
11
130.92
21
-88.4
0
LINE
8
BLACK
6
CONTINUOUS
10
130.92
20
-88.4
11
130.92
21
-87
0
LINE
8
BLACK
6
CONTINUOUS
10
130.92
20
-87
11
130.926
21
-86.9713
0
LINE
8
BLACK
6
CONTINUOUS
10
130.926
20
-86.9713
11
130.942
21
-86.947
0
LINE
8
BLACK
6
CONTINUOUS
10
130.942
20
-86.947
11
130.966
21
-86.9307
0
LINE
8
BLACK
6
CONTINUOUS
10
130.966
20
-86.9307
11
130.995
21
-86.925
0
LINE
8
BLACK
6
CONTINUOUS
10
130.995
20
-86.925
11
131.145
21
-86.925
0
LINE
8
BLACK
6
CONTINUOUS
10
131.145
20
-86.925
11
131.174
21
-86.9307
0
LINE
8
BLACK
6
CONTINUOUS
10
131.674
20
-86.9307
11
131.698
21
-86.947
0
LINE
8
BLACK
6
CONTINUOUS
10
131.698
20
-86.947
11
131.714
21
-86.9713
0
LINE
8
BLACK
6
CONTINUOUS
10
131.714
20
-86.9713
11
131.72
21
-87
0
LINE
8
BLACK
6
CONTINUOUS
10
131.72
20
-87
11
131.72
21
-88.4
0
LINE
8
BLACK
6
CONTINUOUS
10
131.72
20
-88.4
11
131.714
21
-88.4287
0
LINE
8
BLACK
6
CONTINUOUS
10
131.714
20
-88.4287
11
131.698
21
-88.453
0
LINE
8
BLACK
6
CONTINUOUS
10
131.698
20
-88.453
11
131.674
21
-88.4693
0
LINE
8
BLACK
6
CONTINUOUS
10
131.674
20
-88.4693
11
131.645
21
-88.475
0
LINE
8
BLACK
6
CONTINUOUS
10
131.645
20
-88.475
11
131.495
21
-88.475
0
LINE
8
BLACK
6
CONTINUOUS
10
131.495
20
-88.475
11
131.466
21
-88.4693
0
LINE
8
BLACK
6
CONTINUOUS
10
131.466
20
-88.4693
11
131.442
21
-88.453
0
LINE
8
BLACK
6
CONTINUOUS
10
131.442
20
-88.453
11
131.426
21
-88.4287
0
LINE
8
BLACK
6
CONTINUOUS
10
131.426
20
-88.4287
11
131.42
21
-88.4
0
LINE
8
BLACK
6
CONTINUOUS
10
131.42
20
-88.4
11
131.42
21
-87
0
LINE
8
BLACK
6
CONTINUOUS
10
131.42
20
-87
11
131.426
21
-86.9713
0
LINE
8
BLACK
6
CONTINUOUS
10
131.426
20
-86.9713
11
131.442
21
-86.947
0
LINE
8
BLACK
6
CONTINUOUS
10
131.442
20
-86.947
11
131.466
21
-86.9307
0
LINE
8
BLACK
6
CONTINUOUS
10
131.466
20
-86.9307
11
131.495
21
-86.925
0
LINE
8
BLACK
6
CONTINUOUS
10
131.495
20
-86.925
11
131.645
21
-86.925
0
LINE
8
BLACK
6
CONTINUOUS
10
131.645
20
-86.925
11
131.674
21
-86.9307
0
LINE
8
BLACK
6
CONTINUOUS
10
132.174
20
-86.9307
11
132.198
21
-86.947
0
LINE
8
BLACK
6
CONTINUOUS
10
132.198
20
-86.947
11
132.214
21
-86.9713
0
LINE
8
BLACK
6
CONTINUOUS
10
132.214
20
-86.9713
11
132.22
21
-87
0
LINE
8
BLACK
6
CONTINUOUS
10
132.22
20
-87
11
132.22
21
-88.4
0
LINE
8
BLACK
6
CONTINUOUS
10
132.22
20
-88.4
11
132.214
21
-88.4287
0
LINE
8
BLACK
6
CONTINUOUS
10
132.214
20
-88.4287
11
132.198
21
-88.453
0
LINE
8
BLACK
6
CONTINUOUS
10
132.198
20
-88.453
11
132.174
21
-88.4693
0
LINE
8
BLACK
6
CONTINUOUS
10
132.174
20
-88.4693
11
132.145
21
-88.475
0
LINE
8
BLACK
6
CONTINUOUS
10
132.145
20
-88.475
11
131.995
21
-88.475
0
LINE
8
BLACK
6
CONTINUOUS
10
131.995
20
-88.475
11
131.966
21
-88.4693
0
LINE
8
BLACK
6
CONTINUOUS
10
131.966
20
-88.4693
11
131.942
21
-88.453
0
LINE
8
BLACK
6
CONTINUOUS
10
131.942
20
-88.453
11
131.926
21
-88.4287
0
LINE
8
BLACK
6
CONTINUOUS
10
131.926
20
-88.4287
11
131.92
21
-88.4
0
LINE
8
BLACK
6
CONTINUOUS
10
131.92
20
-88.4
11
131.92
21
-87
0
LINE
8
BLACK
6
CONTINUOUS
10
131.92
20
-87
11
131.926
21
-86.9713
0
LINE
8
BLACK
6
CONTINUOUS
10
131.926
20
-86.9713
11
131.942
21
-86.947
0
LINE
8
BLACK
6
CONTINUOUS
10
131.942
20
-86.947
11
131.966
21
-86.9307
0
LINE
8
BLACK
6
CONTINUOUS
10
131.966
20
-86.9307
11
131.995
21
-86.925
0
LINE
8
BLACK
6
CONTINUOUS
10
131.995
20
-86.925
11
132.145
21
-86.925
0
LINE
8
BLACK
6
CONTINUOUS
10
132.145
20
-86.925
11
132.174
21
-86.9307
0
LINE
8
BLACK
6
CONTINUOUS
10
132.674
20
-86.9307
11
132.698
21
-86.947
0
LINE
8
BLACK
6
CONTINUOUS
10
132.698
20
-86.947
11
132.714
21
-86.9713
0
LINE
8
BLACK
6
CONTINUOUS
10
132.714
20
-86.9713
11
132.72
21
-87
0
LINE
8
BLACK
6
CONTINUOUS
10
132.72
20
-87
11
132.72
21
-88.4
0
LINE
8
BLACK
6
CONTINUOUS
10
132.72
20
-88.4
11
132.714
21
-88.4287
0
LINE
8
BLACK
6
CONTINUOUS
10
132.714
20
-88.4287
11
132.698
21
-88.453
0
LINE
8
BLACK
6
CONTINUOUS
10
132.698
20
-88.453
11
132.674
21
-88.4693
0
LINE
8
BLACK
6
CONTINUOUS
10
132.674
20
-88.4693
11
132.645
21
-88.475
0
LINE
8
BLACK
6
CONTINUOUS
10
132.645
20
-88.475
11
132.495
21
-88.475
0
LINE
8
BLACK
6
CONTINUOUS
10
132.495
20
-88.475
11
132.466
21
-88.4693
0
LINE
8
BLACK
6
CONTINUOUS
10
132.466
20
-88.4693
11
132.442
21
-88.453
0
LINE
8
BLACK
6
CONTINUOUS
10
132.442
20
-88.453
11
132.426
21
-88.4287
0
LINE
8
BLACK
6
CONTINUOUS
10
132.426
20
-88.4287
11
132.42
21
-88.4
0
LINE
8
BLACK
6
CONTINUOUS
10
132.42
20
-88.4
11
132.42
21
-87
0
LINE
8
BLACK
6
CONTINUOUS
10
132.42
20
-87
11
132.426
21
-86.9713
0
LINE
8
BLACK
6
CONTINUOUS
10
132.426
20
-86.9713
11
132.442
21
-86.947
0
LINE
8
BLACK
6
CONTINUOUS
10
132.442
20
-86.947
11
132.466
21
-86.9307
0
LINE
8
BLACK
6
CONTINUOUS
10
132.466
20
-86.9307
11
132.495
21
-86.925
0
LINE
8
BLACK
6
CONTINUOUS
10
132.495
20
-86.925
11
132.645
21
-86.925
0
LINE
8
BLACK
6
CONTINUOUS
10
132.645
20
-86.925
11
132.674
21
-86.9307
0
LINE
8
BLACK
6
CONTINUOUS
10
133.174
20
-86.9307
11
133.198
21
-86.947
0
LINE
8
BLACK
6
CONTINUOUS
10
133.198
20
-86.947
11
133.214
21
-86.9713
0
LINE
8
BLACK
6
CONTINUOUS
10
133.214
20
-86.9713
11
133.22
21
-87
0
LINE
8
BLACK
6
CONTINUOUS
10
133.22
20
-87
11
133.22
21
-88.4
0
LINE
8
BLACK
6
CONTINUOUS
10
133.22
20
-88.4
11
133.214
21
-88.4287
0
LINE
8
BLACK
6
CONTINUOUS
10
133.214
20
-88.4287
11
133.198
21
-88.453
0
LINE
8
BLACK
6
CONTINUOUS
10
133.198
20
-88.453
11
133.174
21
-88.4693
0
LINE
8
BLACK
6
CONTINUOUS
10
133.174
20
-88.4693
11
133.145
21
-88.475
0
LINE
8
BLACK
6
CONTINUOUS
10
133.145
20
-88.475
11
132.995
21
-88.475
0
LINE
8
BLACK
6
CONTINUOUS
10
132.995
20
-88.475
11
132.966
21
-88.4693
0
LINE
8
BLACK
6
CONTINUOUS
10
132.966
20
-88.4693
11
132.942
21
-88.453
0
LINE
8
BLACK
6
CONTINUOUS
10
132.942
20
-88.453
11
132.926
21
-88.4287
0
LINE
8
BLACK
6
CONTINUOUS
10
132.926
20
-88.4287
11
132.92
21
-88.4
0
LINE
8
BLACK
6
CONTINUOUS
10
132.92
20
-88.4
11
132.92
21
-87
0
LINE
8
BLACK
6
CONTINUOUS
10
132.92
20
-87
11
132.926
21
-86.9713
0
LINE
8
BLACK
6
CONTINUOUS
10
132.926
20
-86.9713
11
132.942
21
-86.947
0
LINE
8
BLACK
6
CONTINUOUS
10
132.942
20
-86.947
11
132.966
21
-86.9307
0
LINE
8
BLACK
6
CONTINUOUS
10
132.966
20
-86.9307
11
132.995
21
-86.925
0
LINE
8
BLACK
6
CONTINUOUS
10
132.995
20
-86.925
11
133.145
21
-86.925
0
LINE
8
BLACK
6
CONTINUOUS
10
133.145
20
-86.925
11
133.174
21
-86.9307
0
LINE
8
BLACK
6
CONTINUOUS
10
133.674
20
-86.9307
11
133.698
21
-86.947
0
LINE
8
BLACK
6
CONTINUOUS
10
133.698
20
-86.947
11
133.714
21
-86.9713
0
LINE
8
BLACK
6
CONTINUOUS
10
133.714
20
-86.9713
11
133.72
21
-87
0
LINE
8
BLACK
6
CONTINUOUS
10
133.72
20
-87
11
133.72
21
-88.4
0
LINE
8
BLACK
6
CONTINUOUS
10
133.72
20
-88.4
11
133.714
21
-88.4287
0
LINE
8
BLACK
6
CONTINUOUS
10
133.714
20
-88.4287
11
133.698
21
-88.453
0
LINE
8
BLACK
6
CONTINUOUS
10
133.698
20
-88.453
11
133.674
21
-88.4693
0
LINE
8
BLACK
6
CONTINUOUS
10
133.674
20
-88.4693
11
133.645
21
-88.475
0
LINE
8
BLACK
6
CONTINUOUS
10
133.645
20
-88.475
11
133.495
21
-88.475
0
LINE
8
BLACK
6
CONTINUOUS
10
133.495
20
-88.475
11
133.466
21
-88.4693
0
LINE
8
BLACK
6
CONTINUOUS
10
133.466
20
-88.4693
11
133.442
21
-88.453
0
LINE
8
BLACK
6
CONTINUOUS
10
133.442
20
-88.453
11
133.426
21
-88.4287
0
LINE
8
BLACK
6
CONTINUOUS
10
133.426
20
-88.4287
11
133.42
21
-88.4
0
LINE
8
BLACK
6
CONTINUOUS
10
133.42
20
-88.4
11
133.42
21
-87
0
LINE
8
BLACK
6
CONTINUOUS
10
133.42
20
-87
11
133.426
21
-86.9713
0
LINE
8
BLACK
6
CONTINUOUS
10
133.426
20
-86.9713
11
133.442
21
-86.947
0
LINE
8
BLACK
6
CONTINUOUS
10
133.442
20
-86.947
11
133.466
21
-86.9307
0
LINE
8
BLACK
6
CONTINUOUS
10
133.466
20
-86.9307
11
133.495
21
-86.925
0
LINE
8
BLACK
6
CONTINUOUS
10
133.495
20
-86.925
11
133.645
21
-86.925
0
LINE
8
BLACK
6
CONTINUOUS
10
133.645
20
-86.925
11
133.674
21
-86.9307
0
LINE
8
BLACK
6
CONTINUOUS
10
134.174
20
-86.9307
11
134.198
21
-86.947
0
LINE
8
BLACK
6
CONTINUOUS
10
134.198
20
-86.947
11
134.214
21
-86.9713
0
LINE
8
BLACK
6
CONTINUOUS
10
134.214
20
-86.9713
11
134.22
21
-87
0
LINE
8
BLACK
6
CONTINUOUS
10
134.22
20
-87
11
134.22
21
-88.4
0
LINE
8
BLACK
6
CONTINUOUS
10
134.22
20
-88.4
11
134.214
21
-88.4287
0
LINE
8
BLACK
6
CONTINUOUS
10
134.214
20
-88.4287
11
134.198
21
-88.453
0
LINE
8
BLACK
6
CONTINUOUS
10
134.198
20
-88.453
11
134.174
21
-88.4693
0
LINE
8
BLACK
6
CONTINUOUS
10
134.174
20
-88.4693
11
134.145
21
-88.475
0
LINE
8
BLACK
6
CONTINUOUS
10
134.145
20
-88.475
11
133.995
21
-88.475
0
LINE
8
BLACK
6
CONTINUOUS
10
133.995
20
-88.475
11
133.966
21
-88.4693
0
LINE
8
BLACK
6
CONTINUOUS
10
133.966
20
-88.4693
11
133.942
21
-88.453
0
LINE
8
BLACK
6
CONTINUOUS
10
133.942
20
-88.453
11
133.926
21
-88.4287
0
LINE
8
BLACK
6
CONTINUOUS
10
133.926
20
-88.4287
11
133.92
21
-88.4
0
LINE
8
BLACK
6
CONTINUOUS
10
133.92
20
-88.4
11
133.92
21
-87
0
LINE
8
BLACK
6
CONTINUOUS
10
133.92
20
-87
11
133.926
21
-86.9713
0
LINE
8
BLACK
6
CONTINUOUS
10
133.926
20
-86.9713
11
133.942
21
-86.947
0
LINE
8
BLACK
6
CONTINUOUS
10
133.942
20
-86.947
11
133.966
21
-86.9307
0
LINE
8
BLACK
6
CONTINUOUS
10
133.966
20
-86.9307
11
133.995
21
-86.925
0
LINE
8
BLACK
6
CONTINUOUS
10
133.995
20
-86.925
11
134.145
21
-86.925
0
LINE
8
BLACK
6
CONTINUOUS
10
134.145
20
-86.925
11
134.174
21
-86.9307
0
LINE
8
BLACK
6
CONTINUOUS
10
134.674
20
-86.9307
11
134.698
21
-86.947
0
LINE
8
BLACK
6
CONTINUOUS
10
134.698
20
-86.947
11
134.714
21
-86.9713
0
LINE
8
BLACK
6
CONTINUOUS
10
134.714
20
-86.9713
11
134.72
21
-87
0
LINE
8
BLACK
6
CONTINUOUS
10
134.72
20
-87
11
134.72
21
-88.4
0
LINE
8
BLACK
6
CONTINUOUS
10
134.72
20
-88.4
11
134.714
21
-88.4287
0
LINE
8
BLACK
6
CONTINUOUS
10
134.714
20
-88.4287
11
134.698
21
-88.453
0
LINE
8
BLACK
6
CONTINUOUS
10
134.698
20
-88.453
11
134.674
21
-88.4693
0
LINE
8
BLACK
6
CONTINUOUS
10
134.674
20
-88.4693
11
134.645
21
-88.475
0
LINE
8
BLACK
6
CONTINUOUS
10
134.645
20
-88.475
11
134.495
21
-88.475
0
LINE
8
BLACK
6
CONTINUOUS
10
134.495
20
-88.475
11
134.466
21
-88.4693
0
LINE
8
BLACK
6
CONTINUOUS
10
134.466
20
-88.4693
11
134.442
21
-88.453
0
LINE
8
BLACK
6
CONTINUOUS
10
134.442
20
-88.453
11
134.426
21
-88.4287
0
LINE
8
BLACK
6
CONTINUOUS
10
134.426
20
-88.4287
11
134.42
21
-88.4
0
LINE
8
BLACK
6
CONTINUOUS
10
134.42
20
-88.4
11
134.42
21
-87
0
LINE
8
BLACK
6
CONTINUOUS
10
134.42
20
-87
11
134.426
21
-86.9713
0
LINE
8
BLACK
6
CONTINUOUS
10
134.426
20
-86.9713
11
134.442
21
-86.947
0
LINE
8
BLACK
6
CONTINUOUS
10
134.442
20
-86.947
11
134.466
21
-86.9307
0
LINE
8
BLACK
6
CONTINUOUS
10
134.466
20
-86.9307
11
134.495
21
-86.925
0
LINE
8
BLACK
6
CONTINUOUS
10
134.495
20
-86.925
11
134.645
21
-86.925
0
LINE
8
BLACK
6
CONTINUOUS
10
134.645
20
-86.925
11
134.674
21
-86.9307
0
LINE
8
BLACK
6
CONTINUOUS
10
135.174
20
-86.9307
11
135.198
21
-86.947
0
LINE
8
BLACK
6
CONTINUOUS
10
135.198
20
-86.947
11
135.214
21
-86.9713
0
LINE
8
BLACK
6
CONTINUOUS
10
135.214
20
-86.9713
11
135.22
21
-87
0
LINE
8
BLACK
6
CONTINUOUS
10
135.22
20
-87
11
135.22
21
-88.4
0
LINE
8
BLACK
6
CONTINUOUS
10
135.22
20
-88.4
11
135.214
21
-88.4287
0
LINE
8
BLACK
6
CONTINUOUS
10
135.214
20
-88.4287
11
135.198
21
-88.453
0
LINE
8
BLACK
6
CONTINUOUS
10
135.198
20
-88.453
11
135.174
21
-88.4693
0
LINE
8
BLACK
6
CONTINUOUS
10
135.174
20
-88.4693
11
135.145
21
-88.475
0
LINE
8
BLACK
6
CONTINUOUS
10
135.145
20
-88.475
11
134.995
21
-88.475
0
LINE
8
BLACK
6
CONTINUOUS
10
134.995
20
-88.475
11
134.966
21
-88.4693
0
LINE
8
BLACK
6
CONTINUOUS
10
134.966
20
-88.4693
11
134.942
21
-88.453
0
LINE
8
BLACK
6
CONTINUOUS
10
134.942
20
-88.453
11
134.926
21
-88.4287
0
LINE
8
BLACK
6
CONTINUOUS
10
134.926
20
-88.4287
11
134.92
21
-88.4
0
LINE
8
BLACK
6
CONTINUOUS
10
134.92
20
-88.4
11
134.92
21
-87
0
LINE
8
BLACK
6
CONTINUOUS
10
134.92
20
-87
11
134.926
21
-86.9713
0
LINE
8
BLACK
6
CONTINUOUS
10
134.926
20
-86.9713
11
134.942
21
-86.947
0
LINE
8
BLACK
6
CONTINUOUS
10
134.942
20
-86.947
11
134.966
21
-86.9307
0
LINE
8
BLACK
6
CONTINUOUS
10
134.966
20
-86.9307
11
134.995
21
-86.925
0
LINE
8
BLACK
6
CONTINUOUS
10
134.995
20
-86.925
11
135.145
21
-86.925
0
LINE
8
BLACK
6
CONTINUOUS
10
135.145
20
-86.925
11
135.174
21
-86.9307
0
LINE
8
BLACK
6
CONTINUOUS
10
135.674
20
-86.9307
11
135.698
21
-86.947
0
LINE
8
BLACK
6
CONTINUOUS
10
135.698
20
-86.947
11
135.714
21
-86.9713
0
LINE
8
BLACK
6
CONTINUOUS
10
135.714
20
-86.9713
11
135.72
21
-87
0
LINE
8
BLACK
6
CONTINUOUS
10
135.72
20
-87
11
135.72
21
-88.4
0
LINE
8
BLACK
6
CONTINUOUS
10
135.72
20
-88.4
11
135.714
21
-88.4287
0
LINE
8
BLACK
6
CONTINUOUS
10
135.714
20
-88.4287
11
135.698
21
-88.453
0
LINE
8
BLACK
6
CONTINUOUS
10
135.698
20
-88.453
11
135.674
21
-88.4693
0
LINE
8
BLACK
6
CONTINUOUS
10
135.674
20
-88.4693
11
135.645
21
-88.475
0
LINE
8
BLACK
6
CONTINUOUS
10
135.645
20
-88.475
11
135.495
21
-88.475
0
LINE
8
BLACK
6
CONTINUOUS
10
135.495
20
-88.475
11
135.466
21
-88.4693
0
LINE
8
BLACK
6
CONTINUOUS
10
135.466
20
-88.4693
11
135.442
21
-88.453
0
LINE
8
BLACK
6
CONTINUOUS
10
135.442
20
-88.453
11
135.426
21
-88.4287
0
LINE
8
BLACK
6
CONTINUOUS
10
135.426
20
-88.4287
11
135.42
21
-88.4
0
LINE
8
BLACK
6
CONTINUOUS
10
135.42
20
-88.4
11
135.42
21
-87
0
LINE
8
BLACK
6
CONTINUOUS
10
135.42
20
-87
11
135.426
21
-86.9713
0
LINE
8
BLACK
6
CONTINUOUS
10
135.426
20
-86.9713
11
135.442
21
-86.947
0
LINE
8
BLACK
6
CONTINUOUS
10
135.442
20
-86.947
11
135.466
21
-86.9307
0
LINE
8
BLACK
6
CONTINUOUS
10
135.466
20
-86.9307
11
135.495
21
-86.925
0
LINE
8
BLACK
6
CONTINUOUS
10
135.495
20
-86.925
11
135.645
21
-86.925
0
LINE
8
BLACK
6
CONTINUOUS
10
135.645
20
-86.925
11
135.674
21
-86.9307
0
LINE
8
BLACK
6
CONTINUOUS
10
136.174
20
-86.9307
11
136.198
21
-86.947
0
LINE
8
BLACK
6
CONTINUOUS
10
136.198
20
-86.947
11
136.214
21
-86.9713
0
LINE
8
BLACK
6
CONTINUOUS
10
136.214
20
-86.9713
11
136.22
21
-87
0
LINE
8
BLACK
6
CONTINUOUS
10
136.22
20
-87
11
136.22
21
-88.4
0
LINE
8
BLACK
6
CONTINUOUS
10
136.22
20
-88.4
11
136.214
21
-88.4287
0
LINE
8
BLACK
6
CONTINUOUS
10
136.214
20
-88.4287
11
136.198
21
-88.453
0
LINE
8
BLACK
6
CONTINUOUS
10
136.198
20
-88.453
11
136.174
21
-88.4693
0
LINE
8
BLACK
6
CONTINUOUS
10
136.174
20
-88.4693
11
136.145
21
-88.475
0
LINE
8
BLACK
6
CONTINUOUS
10
136.145
20
-88.475
11
135.995
21
-88.475
0
LINE
8
BLACK
6
CONTINUOUS
10
135.995
20
-88.475
11
135.966
21
-88.4693
0
LINE
8
BLACK
6
CONTINUOUS
10
135.966
20
-88.4693
11
135.942
21
-88.453
0
LINE
8
BLACK
6
CONTINUOUS
10
135.942
20
-88.453
11
135.926
21
-88.4287
0
LINE
8
BLACK
6
CONTINUOUS
10
135.926
20
-88.4287
11
135.92
21
-88.4
0
LINE
8
BLACK
6
CONTINUOUS
10
135.92
20
-88.4
11
135.92
21
-87
0
LINE
8
BLACK
6
CONTINUOUS
10
135.92
20
-87
11
135.926
21
-86.9713
0
LINE
8
BLACK
6
CONTINUOUS
10
135.926
20
-86.9713
11
135.942
21
-86.947
0
LINE
8
BLACK
6
CONTINUOUS
10
135.942
20
-86.947
11
135.966
21
-86.9307
0
LINE
8
BLACK
6
CONTINUOUS
10
135.966
20
-86.9307
11
135.995
21
-86.925
0
LINE
8
BLACK
6
CONTINUOUS
10
135.995
20
-86.925
11
136.145
21
-86.925
0
LINE
8
BLACK
6
CONTINUOUS
10
136.145
20
-86.925
11
136.174
21
-86.9307
0
LINE
8
BLACK
6
CONTINUOUS
10
120.567
20
-86.8188
11
120.725
21
-86.8743
0
LINE
8
BLACK
6
CONTINUOUS
10
120.725
20
-86.8743
11
120.868
21
-86.9636
0
LINE
8
BLACK
6
CONTINUOUS
10
120.868
20
-86.9636
11
120.986
21
-87.0824
0
LINE
8
BLACK
6
CONTINUOUS
10
120.986
20
-87.0824
11
121.076
21
-87.2246
0
LINE
8
BLACK
6
CONTINUOUS
10
121.076
20
-87.2246
11
121.131
21
-87.3831
0
LINE
8
BLACK
6
CONTINUOUS
10
121.131
20
-87.3831
11
121.15
21
-87.55
0
LINE
8
BLACK
6
CONTINUOUS
10
121.15
20
-87.55
11
121.131
21
-87.7169
0
LINE
8
BLACK
6
CONTINUOUS
10
121.131
20
-87.7169
11
121.076
21
-87.8754
0
LINE
8
BLACK
6
CONTINUOUS
10
121.076
20
-87.8754
11
120.986
21
-88.0176
0
LINE
8
BLACK
6
CONTINUOUS
10
120.986
20
-88.0176
11
120.868
21
-88.1364
0
LINE
8
BLACK
6
CONTINUOUS
10
120.868
20
-88.1364
11
120.725
21
-88.2257
0
LINE
8
BLACK
6
CONTINUOUS
10
120.725
20
-88.2257
11
120.567
21
-88.2812
0
LINE
8
BLACK
6
CONTINUOUS
10
120.567
20
-88.2812
11
120.4
21
-88.3
0
LINE
8
BLACK
6
CONTINUOUS
10
120.4
20
-88.3
11
120.233
21
-88.2812
0
LINE
8
BLACK
6
CONTINUOUS
10
120.233
20
-88.2812
11
120.075
21
-88.2257
0
LINE
8
BLACK
6
CONTINUOUS
10
120.075
20
-88.2257
11
119.932
21
-88.1364
0
LINE
8
BLACK
6
CONTINUOUS
10
119.932
20
-88.1364
11
119.814
21
-88.0176
0
LINE
8
BLACK
6
CONTINUOUS
10
119.814
20
-88.0176
11
119.724
21
-87.8754
0
LINE
8
BLACK
6
CONTINUOUS
10
119.724
20
-87.8754
11
119.669
21
-87.7169
0
LINE
8
BLACK
6
CONTINUOUS
10
119.669
20
-87.7169
11
119.65
21
-87.55
0
LINE
8
BLACK
6
CONTINUOUS
10
119.65
20
-87.55
11
119.669
21
-87.3831
0
LINE
8
BLACK
6
CONTINUOUS
10
119.669
20
-87.3831
11
119.724
21
-87.2246
0
LINE
8
BLACK
6
CONTINUOUS
10
119.724
20
-87.2246
11
119.814
21
-87.0824
0
LINE
8
BLACK
6
CONTINUOUS
10
119.814
20
-87.0824
11
119.932
21
-86.9636
0
LINE
8
BLACK
6
CONTINUOUS
10
119.932
20
-86.9636
11
120.075
21
-86.8743
0
LINE
8
BLACK
6
CONTINUOUS
10
120.075
20
-86.8743
11
120.233
21
-86.8188
0
LINE
8
BLACK
6
CONTINUOUS
10
120.233
20
-86.8188
11
120.4
21
-86.8
0
LINE
8
BLACK
6
CONTINUOUS
10
120.4
20
-86.8
11
120.567
21
-86.8188
0
LINE
8
BLACK
6
CONTINUOUS
10
123.867
20
-86.8188
11
124.025
21
-86.8743
0
LINE
8
BLACK
6
CONTINUOUS
10
124.025
20
-86.8743
11
124.168
21
-86.9636
0
LINE
8
BLACK
6
CONTINUOUS
10
124.168
20
-86.9636
11
124.286
21
-87.0824
0
LINE
8
BLACK
6
CONTINUOUS
10
124.286
20
-87.0824
11
124.376
21
-87.2246
0
LINE
8
BLACK
6
CONTINUOUS
10
124.376
20
-87.2246
11
124.431
21
-87.3831
0
LINE
8
BLACK
6
CONTINUOUS
10
124.431
20
-87.3831
11
124.45
21
-87.55
0
LINE
8
BLACK
6
CONTINUOUS
10
124.45
20
-87.55
11
124.431
21
-87.7169
0
LINE
8
BLACK
6
CONTINUOUS
10
124.431
20
-87.7169
11
124.376
21
-87.8754
0
LINE
8
BLACK
6
CONTINUOUS
10
124.376
20
-87.8754
11
124.286
21
-88.0176
0
LINE
8
BLACK
6
CONTINUOUS
10
124.286
20
-88.0176
11
124.168
21
-88.1364
0
LINE
8
BLACK
6
CONTINUOUS
10
124.168
20
-88.1364
11
124.025
21
-88.2257
0
LINE
8
BLACK
6
CONTINUOUS
10
124.025
20
-88.2257
11
123.867
21
-88.2812
0
LINE
8
BLACK
6
CONTINUOUS
10
123.867
20
-88.2812
11
123.7
21
-88.3
0
LINE
8
BLACK
6
CONTINUOUS
10
123.7
20
-88.3
11
123.533
21
-88.2812
0
LINE
8
BLACK
6
CONTINUOUS
10
123.533
20
-88.2812
11
123.375
21
-88.2257
0
LINE
8
BLACK
6
CONTINUOUS
10
123.375
20
-88.2257
11
123.232
21
-88.1364
0
LINE
8
BLACK
6
CONTINUOUS
10
123.232
20
-88.1364
11
123.114
21
-88.0176
0
LINE
8
BLACK
6
CONTINUOUS
10
123.114
20
-88.0176
11
123.024
21
-87.8754
0
LINE
8
BLACK
6
CONTINUOUS
10
123.024
20
-87.8754
11
122.969
21
-87.7169
0
LINE
8
BLACK
6
CONTINUOUS
10
122.969
20
-87.7169
11
122.95
21
-87.55
0
LINE
8
BLACK
6
CONTINUOUS
10
122.95
20
-87.55
11
122.969
21
-87.3831
0
LINE
8
BLACK
6
CONTINUOUS
10
122.969
20
-87.3831
11
123.024
21
-87.2246
0
LINE
8
BLACK
6
CONTINUOUS
10
123.024
20
-87.2246
11
123.114
21
-87.0824
0
LINE
8
BLACK
6
CONTINUOUS
10
123.114
20
-87.0824
11
123.232
21
-86.9636
0
LINE
8
BLACK
6
CONTINUOUS
10
123.232
20
-86.9636
11
123.375
21
-86.8743
0
LINE
8
BLACK
6
CONTINUOUS
10
123.375
20
-86.8743
11
123.533
21
-86.8188
0
LINE
8
BLACK
6
CONTINUOUS
10
123.533
20
-86.8188
11
123.7
21
-86.8
0
LINE
8
BLACK
6
CONTINUOUS
10
123.7
20
-86.8
11
123.867
21
-86.8188
0
LINE
8
BLACK
6
CONTINUOUS
10
109.217
20
-86.5688
11
109.375
21
-86.6243
0
LINE
8
BLACK
6
CONTINUOUS
10
109.375
20
-86.6243
11
109.518
21
-86.7136
0
LINE
8
BLACK
6
CONTINUOUS
10
109.518
20
-86.7136
11
109.636
21
-86.8324
0
LINE
8
BLACK
6
CONTINUOUS
10
109.636
20
-86.8324
11
109.726
21
-86.9746
0
LINE
8
BLACK
6
CONTINUOUS
10
109.726
20
-86.9746
11
109.781
21
-87.1331
0
LINE
8
BLACK
6
CONTINUOUS
10
109.781
20
-87.1331
11
109.8
21
-87.3
0
LINE
8
BLACK
6
CONTINUOUS
10
109.8
20
-87.3
11
109.781
21
-87.4669
0
LINE
8
BLACK
6
CONTINUOUS
10
109.781
20
-87.4669
11
109.726
21
-87.6254
0
LINE
8
BLACK
6
CONTINUOUS
10
109.726
20
-87.6254
11
109.636
21
-87.7676
0
LINE
8
BLACK
6
CONTINUOUS
10
109.636
20
-87.7676
11
109.518
21
-87.8864
0
LINE
8
BLACK
6
CONTINUOUS
10
109.518
20
-87.8864
11
109.375
21
-87.9757
0
LINE
8
BLACK
6
CONTINUOUS
10
109.375
20
-87.9757
11
109.217
21
-88.0312
0
LINE
8
BLACK
6
CONTINUOUS
10
109.217
20
-88.0312
11
109.05
21
-88.05
0
LINE
8
BLACK
6
CONTINUOUS
10
109.05
20
-88.05
11
108.883
21
-88.0312
0
LINE
8
BLACK
6
CONTINUOUS
10
108.883
20
-88.0312
11
108.725
21
-87.9757
0
LINE
8
BLACK
6
CONTINUOUS
10
108.725
20
-87.9757
11
108.582
21
-87.8864
0
LINE
8
BLACK
6
CONTINUOUS
10
108.582
20
-87.8864
11
108.464
21
-87.7676
0
LINE
8
BLACK
6
CONTINUOUS
10
108.464
20
-87.7676
11
108.374
21
-87.6254
0
LINE
8
BLACK
6
CONTINUOUS
10
108.374
20
-87.6254
11
108.319
21
-87.4669
0
LINE
8
BLACK
6
CONTINUOUS
10
108.319
20
-87.4669
11
108.3
21
-87.3
0
LINE
8
BLACK
6
CONTINUOUS
10
108.3
20
-87.3
11
108.319
21
-87.1331
0
LINE
8
BLACK
6
CONTINUOUS
10
108.319
20
-87.1331
11
108.374
21
-86.9746
0
LINE
8
BLACK
6
CONTINUOUS
10
108.374
20
-86.9746
11
108.464
21
-86.8324
0
LINE
8
BLACK
6
CONTINUOUS
10
108.464
20
-86.8324
11
108.582
21
-86.7136
0
LINE
8
BLACK
6
CONTINUOUS
10
108.582
20
-86.7136
11
108.725
21
-86.6243
0
LINE
8
BLACK
6
CONTINUOUS
10
108.725
20
-86.6243
11
108.883
21
-86.5688
0
LINE
8
BLACK
6
CONTINUOUS
10
108.883
20
-86.5688
11
109.05
21
-86.55
0
LINE
8
BLACK
6
CONTINUOUS
10
109.05
20
-86.55
11
109.217
21
-86.5688
0
LINE
8
BLACK
6
CONTINUOUS
10
127.704
20
-87.2307
11
127.749
21
-87.261
0
LINE
8
BLACK
6
CONTINUOUS
10
127.749
20
-87.261
11
127.779
21
-87.3064
0
LINE
8
BLACK
6
CONTINUOUS
10
127.779
20
-87.3064
11
127.79
21
-87.36
0
LINE
8
BLACK
6
CONTINUOUS
10
127.79
20
-87.36
11
127.79
21
-87.64
0
LINE
8
BLACK
6
CONTINUOUS
10
127.79
20
-87.64
11
127.779
21
-87.6936
0
LINE
8
BLACK
6
CONTINUOUS
10
127.779
20
-87.6936
11
127.749
21
-87.739
0
LINE
8
BLACK
6
CONTINUOUS
10
127.749
20
-87.739
11
127.704
21
-87.7693
0
LINE
8
BLACK
6
CONTINUOUS
10
127.704
20
-87.7693
11
127.65
21
-87.78
0
LINE
8
BLACK
6
CONTINUOUS
10
127.65
20
-87.78
11
127.31
21
-87.78
0
LINE
8
BLACK
6
CONTINUOUS
10
127.31
20
-87.78
11
127.256
21
-87.7693
0
LINE
8
BLACK
6
CONTINUOUS
10
127.256
20
-87.7693
11
127.211
21
-87.739
0
LINE
8
BLACK
6
CONTINUOUS
10
127.211
20
-87.739
11
127.181
21
-87.6936
0
LINE
8
BLACK
6
CONTINUOUS
10
127.181
20
-87.6936
11
127.17
21
-87.64
0
LINE
8
BLACK
6
CONTINUOUS
10
127.17
20
-87.64
11
127.17
21
-87.36
0
LINE
8
BLACK
6
CONTINUOUS
10
127.17
20
-87.36
11
127.181
21
-87.3064
0
LINE
8
BLACK
6
CONTINUOUS
10
127.181
20
-87.3064
11
127.211
21
-87.261
0
LINE
8
BLACK
6
CONTINUOUS
10
127.211
20
-87.261
11
127.256
21
-87.2307
0
LINE
8
BLACK
6
CONTINUOUS
10
127.256
20
-87.2307
11
127.31
21
-87.22
0
LINE
8
BLACK
6
CONTINUOUS
10
127.31
20
-87.22
11
127.65
21
-87.22
0
LINE
8
BLACK
6
CONTINUOUS
10
127.65
20
-87.22
11
127.704
21
-87.2307
0
LINE
8
BLACK
6
CONTINUOUS
10
170.513
20
-86.772
11
170.553
21
-86.7991
0
LINE
8
BLACK
6
CONTINUOUS
10
170.553
20
-86.7991
11
170.58
21
-86.8397
0
LINE
8
BLACK
6
CONTINUOUS
10
170.58
20
-86.8397
11
170.59
21
-86.8875
0
LINE
8
BLACK
6
CONTINUOUS
10
170.59
20
-86.8875
11
170.59
21
-87.4125
0
LINE
8
BLACK
6
CONTINUOUS
10
170.59
20
-87.4125
11
170.58
21
-87.4603
0
LINE
8
BLACK
6
CONTINUOUS
10
170.58
20
-87.4603
11
170.553
21
-87.5009
0
LINE
8
BLACK
6
CONTINUOUS
10
170.553
20
-87.5009
11
170.513
21
-87.528
0
LINE
8
BLACK
6
CONTINUOUS
10
170.513
20
-87.528
11
170.465
21
-87.5375
0
LINE
8
BLACK
6
CONTINUOUS
10
170.465
20
-87.5375
11
170.215
21
-87.5375
0
LINE
8
BLACK
6
CONTINUOUS
10
170.215
20
-87.5375
11
170.167
21
-87.528
0
LINE
8
BLACK
6
CONTINUOUS
10
170.167
20
-87.528
11
170.127
21
-87.5009
0
LINE
8
BLACK
6
CONTINUOUS
10
170.127
20
-87.5009
11
170.1
21
-87.4603
0
LINE
8
BLACK
6
CONTINUOUS
10
170.1
20
-87.4603
11
170.09
21
-87.4125
0
LINE
8
BLACK
6
CONTINUOUS
10
170.09
20
-87.4125
11
170.09
21
-86.8875
0
LINE
8
BLACK
6
CONTINUOUS
10
170.09
20
-86.8875
11
170.1
21
-86.8397
0
LINE
8
BLACK
6
CONTINUOUS
10
170.1
20
-86.8397
11
170.127
21
-86.7991
0
LINE
8
BLACK
6
CONTINUOUS
10
170.127
20
-86.7991
11
170.167
21
-86.772
0
LINE
8
BLACK
6
CONTINUOUS
10
170.167
20
-86.772
11
170.215
21
-86.7625
0
LINE
8
BLACK
6
CONTINUOUS
10
170.215
20
-86.7625
11
170.465
21
-86.7625
0
LINE
8
BLACK
6
CONTINUOUS
10
170.465
20
-86.7625
11
170.513
21
-86.772
0
LINE
8
BLACK
6
CONTINUOUS
10
171.783
20
-86.772
11
171.823
21
-86.7991
0
LINE
8
BLACK
6
CONTINUOUS
10
171.823
20
-86.7991
11
171.85
21
-86.8397
0
LINE
8
BLACK
6
CONTINUOUS
10
171.85
20
-86.8397
11
171.86
21
-86.8875
0
LINE
8
BLACK
6
CONTINUOUS
10
171.86
20
-86.8875
11
171.86
21
-87.4125
0
LINE
8
BLACK
6
CONTINUOUS
10
171.86
20
-87.4125
11
171.85
21
-87.4603
0
LINE
8
BLACK
6
CONTINUOUS
10
171.85
20
-87.4603
11
171.823
21
-87.5009
0
LINE
8
BLACK
6
CONTINUOUS
10
171.823
20
-87.5009
11
171.783
21
-87.528
0
LINE
8
BLACK
6
CONTINUOUS
10
171.783
20
-87.528
11
171.735
21
-87.5375
0
LINE
8
BLACK
6
CONTINUOUS
10
171.735
20
-87.5375
11
171.485
21
-87.5375
0
LINE
8
BLACK
6
CONTINUOUS
10
171.485
20
-87.5375
11
171.437
21
-87.528
0
LINE
8
BLACK
6
CONTINUOUS
10
171.437
20
-87.528
11
171.397
21
-87.5009
0
LINE
8
BLACK
6
CONTINUOUS
10
171.397
20
-87.5009
11
171.37
21
-87.4603
0
LINE
8
BLACK
6
CONTINUOUS
10
171.37
20
-87.4603
11
171.36
21
-87.4125
0
LINE
8
BLACK
6
CONTINUOUS
10
171.36
20
-87.4125
11
171.36
21
-86.8875
0
LINE
8
BLACK
6
CONTINUOUS
10
171.36
20
-86.8875
11
171.37
21
-86.8397
0
LINE
8
BLACK
6
CONTINUOUS
10
171.37
20
-86.8397
11
171.397
21
-86.7991
0
LINE
8
BLACK
6
CONTINUOUS
10
171.397
20
-86.7991
11
171.437
21
-86.772
0
LINE
8
BLACK
6
CONTINUOUS
10
171.437
20
-86.772
11
171.485
21
-86.7625
0
LINE
8
BLACK
6
CONTINUOUS
10
171.485
20
-86.7625
11
171.735
21
-86.7625
0
LINE
8
BLACK
6
CONTINUOUS
10
171.735
20
-86.7625
11
171.783
21
-86.772
0
LINE
8
BLACK
6
CONTINUOUS
10
173.053
20
-86.772
11
173.093
21
-86.7991
0
LINE
8
BLACK
6
CONTINUOUS
10
173.093
20
-86.7991
11
173.12
21
-86.8397
0
LINE
8
BLACK
6
CONTINUOUS
10
173.12
20
-86.8397
11
173.13
21
-86.8875
0
LINE
8
BLACK
6
CONTINUOUS
10
173.13
20
-86.8875
11
173.13
21
-87.4125
0
LINE
8
BLACK
6
CONTINUOUS
10
173.13
20
-87.4125
11
173.12
21
-87.4603
0
LINE
8
BLACK
6
CONTINUOUS
10
173.12
20
-87.4603
11
173.093
21
-87.5009
0
LINE
8
BLACK
6
CONTINUOUS
10
173.093
20
-87.5009
11
173.053
21
-87.528
0
LINE
8
BLACK
6
CONTINUOUS
10
173.053
20
-87.528
11
173.005
21
-87.5375
0
LINE
8
BLACK
6
CONTINUOUS
10
173.005
20
-87.5375
11
172.755
21
-87.5375
0
LINE
8
BLACK
6
CONTINUOUS
10
172.755
20
-87.5375
11
172.707
21
-87.528
0
LINE
8
BLACK
6
CONTINUOUS
10
172.707
20
-87.528
11
172.667
21
-87.5009
0
LINE
8
BLACK
6
CONTINUOUS
10
172.667
20
-87.5009
11
172.64
21
-87.4603
0
LINE
8
BLACK
6
CONTINUOUS
10
172.64
20
-87.4603
11
172.63
21
-87.4125
0
LINE
8
BLACK
6
CONTINUOUS
10
172.63
20
-87.4125
11
172.63
21
-86.8875
0
LINE
8
BLACK
6
CONTINUOUS
10
172.63
20
-86.8875
11
172.64
21
-86.8397
0
LINE
8
BLACK
6
CONTINUOUS
10
172.64
20
-86.8397
11
172.667
21
-86.7991
0
LINE
8
BLACK
6
CONTINUOUS
10
172.667
20
-86.7991
11
172.707
21
-86.772
0
LINE
8
BLACK
6
CONTINUOUS
10
172.707
20
-86.772
11
172.755
21
-86.7625
0
LINE
8
BLACK
6
CONTINUOUS
10
172.755
20
-86.7625
11
173.005
21
-86.7625
0
LINE
8
BLACK
6
CONTINUOUS
10
173.005
20
-86.7625
11
173.053
21
-86.772
0
LINE
8
BLACK
6
CONTINUOUS
10
174.323
20
-86.772
11
174.363
21
-86.7991
0
LINE
8
BLACK
6
CONTINUOUS
10
174.363
20
-86.7991
11
174.39
21
-86.8397
0
LINE
8
BLACK
6
CONTINUOUS
10
174.39
20
-86.8397
11
174.4
21
-86.8875
0
LINE
8
BLACK
6
CONTINUOUS
10
174.4
20
-86.8875
11
174.4
21
-87.4125
0
LINE
8
BLACK
6
CONTINUOUS
10
174.4
20
-87.4125
11
174.39
21
-87.4603
0
LINE
8
BLACK
6
CONTINUOUS
10
174.39
20
-87.4603
11
174.363
21
-87.5009
0
LINE
8
BLACK
6
CONTINUOUS
10
174.363
20
-87.5009
11
174.323
21
-87.528
0
LINE
8
BLACK
6
CONTINUOUS
10
174.323
20
-87.528
11
174.275
21
-87.5375
0
LINE
8
BLACK
6
CONTINUOUS
10
174.275
20
-87.5375
11
174.025
21
-87.5375
0
LINE
8
BLACK
6
CONTINUOUS
10
174.025
20
-87.5375
11
173.977
21
-87.528
0
LINE
8
BLACK
6
CONTINUOUS
10
173.977
20
-87.528
11
173.937
21
-87.5009
0
LINE
8
BLACK
6
CONTINUOUS
10
173.937
20
-87.5009
11
173.91
21
-87.4603
0
LINE
8
BLACK
6
CONTINUOUS
10
173.91
20
-87.4603
11
173.9
21
-87.4125
0
LINE
8
BLACK
6
CONTINUOUS
10
173.9
20
-87.4125
11
173.9
21
-86.8875
0
LINE
8
BLACK
6
CONTINUOUS
10
173.9
20
-86.8875
11
173.91
21
-86.8397
0
LINE
8
BLACK
6
CONTINUOUS
10
173.91
20
-86.8397
11
173.937
21
-86.7991
0
LINE
8
BLACK
6
CONTINUOUS
10
173.937
20
-86.7991
11
173.977
21
-86.772
0
LINE
8
BLACK
6
CONTINUOUS
10
173.977
20
-86.772
11
174.025
21
-86.7625
0
LINE
8
BLACK
6
CONTINUOUS
10
174.025
20
-86.7625
11
174.275
21
-86.7625
0
LINE
8
BLACK
6
CONTINUOUS
10
174.275
20
-86.7625
11
174.323
21
-86.772
0
LINE
8
BLACK
6
CONTINUOUS
10
183.935
20
-85.4692
11
184.123
21
-85.5261
0
LINE
8
BLACK
6
CONTINUOUS
10
184.123
20
-85.5261
11
184.296
21
-85.6185
0
LINE
8
BLACK
6
CONTINUOUS
10
184.296
20
-85.6185
11
184.447
21
-85.7429
0
LINE
8
BLACK
6
CONTINUOUS
10
184.447
20
-85.7429
11
184.571
21
-85.8944
0
LINE
8
BLACK
6
CONTINUOUS
10
184.571
20
-85.8944
11
184.664
21
-86.0673
0
LINE
8
BLACK
6
CONTINUOUS
10
184.664
20
-86.0673
11
184.721
21
-86.2549
0
LINE
8
BLACK
6
CONTINUOUS
10
184.721
20
-86.2549
11
184.74
21
-86.45
0
LINE
8
BLACK
6
CONTINUOUS
10
184.74
20
-86.45
11
184.721
21
-86.6451
0
LINE
8
BLACK
6
CONTINUOUS
10
184.721
20
-86.6451
11
184.664
21
-86.8327
0
LINE
8
BLACK
6
CONTINUOUS
10
184.664
20
-86.8327
11
184.571
21
-87.0056
0
LINE
8
BLACK
6
CONTINUOUS
10
184.571
20
-87.0056
11
184.447
21
-87.1571
0
LINE
8
BLACK
6
CONTINUOUS
10
184.447
20
-87.1571
11
184.296
21
-87.2815
0
LINE
8
BLACK
6
CONTINUOUS
10
184.296
20
-87.2815
11
184.123
21
-87.3739
0
LINE
8
BLACK
6
CONTINUOUS
10
184.123
20
-87.3739
11
183.935
21
-87.4308
0
LINE
8
BLACK
6
CONTINUOUS
10
183.935
20
-87.4308
11
183.74
21
-87.45
0
LINE
8
BLACK
6
CONTINUOUS
10
183.74
20
-87.45
11
183.545
21
-87.4308
0
LINE
8
BLACK
6
CONTINUOUS
10
183.545
20
-87.4308
11
183.357
21
-87.3739
0
LINE
8
BLACK
6
CONTINUOUS
10
183.357
20
-87.3739
11
183.184
21
-87.2815
0
LINE
8
BLACK
6
CONTINUOUS
10
183.184
20
-87.2815
11
183.033
21
-87.1571
0
LINE
8
BLACK
6
CONTINUOUS
10
183.033
20
-87.1571
11
182.909
21
-87.0056
0
LINE
8
BLACK
6
CONTINUOUS
10
182.909
20
-87.0056
11
182.816
21
-86.8327
0
LINE
8
BLACK
6
CONTINUOUS
10
182.816
20
-86.8327
11
182.759
21
-86.6451
0
LINE
8
BLACK
6
CONTINUOUS
10
182.759
20
-86.6451
11
182.74
21
-86.45
0
LINE
8
BLACK
6
CONTINUOUS
10
182.74
20
-86.45
11
182.759
21
-86.2549
0
LINE
8
BLACK
6
CONTINUOUS
10
182.759
20
-86.2549
11
182.816
21
-86.0673
0
LINE
8
BLACK
6
CONTINUOUS
10
182.816
20
-86.0673
11
182.909
21
-85.8944
0
LINE
8
BLACK
6
CONTINUOUS
10
182.909
20
-85.8944
11
183.033
21
-85.7429
0
LINE
8
BLACK
6
CONTINUOUS
10
183.033
20
-85.7429
11
183.184
21
-85.6185
0
LINE
8
BLACK
6
CONTINUOUS
10
183.184
20
-85.6185
11
183.357
21
-85.5261
0
LINE
8
BLACK
6
CONTINUOUS
10
183.357
20
-85.5261
11
183.545
21
-85.4692
0
LINE
8
BLACK
6
CONTINUOUS
10
183.545
20
-85.4692
11
183.74
21
-85.45
0
LINE
8
BLACK
6
CONTINUOUS
10
183.74
20
-85.45
11
183.935
21
-85.4692
0
LINE
8
BLACK
6
CONTINUOUS
10
127.704
20
-86.2707
11
127.749
21
-86.301
0
LINE
8
BLACK
6
CONTINUOUS
10
127.749
20
-86.301
11
127.779
21
-86.3464
0
LINE
8
BLACK
6
CONTINUOUS
10
127.779
20
-86.3464
11
127.79
21
-86.4
0
LINE
8
BLACK
6
CONTINUOUS
10
127.79
20
-86.4
11
127.79
21
-86.68
0
LINE
8
BLACK
6
CONTINUOUS
10
127.79
20
-86.68
11
127.779
21
-86.7336
0
LINE
8
BLACK
6
CONTINUOUS
10
127.779
20
-86.7336
11
127.749
21
-86.779
0
LINE
8
BLACK
6
CONTINUOUS
10
127.749
20
-86.779
11
127.704
21
-86.8093
0
LINE
8
BLACK
6
CONTINUOUS
10
127.704
20
-86.8093
11
127.65
21
-86.82
0
LINE
8
BLACK
6
CONTINUOUS
10
127.65
20
-86.82
11
127.31
21
-86.82
0
LINE
8
BLACK
6
CONTINUOUS
10
127.31
20
-86.82
11
127.256
21
-86.8093
0
LINE
8
BLACK
6
CONTINUOUS
10
127.256
20
-86.8093
11
127.211
21
-86.779
0
LINE
8
BLACK
6
CONTINUOUS
10
127.211
20
-86.779
11
127.181
21
-86.7336
0
LINE
8
BLACK
6
CONTINUOUS
10
127.181
20
-86.7336
11
127.17
21
-86.68
0
LINE
8
BLACK
6
CONTINUOUS
10
127.17
20
-86.68
11
127.17
21
-86.4
0
LINE
8
BLACK
6
CONTINUOUS
10
127.17
20
-86.4
11
127.181
21
-86.3464
0
LINE
8
BLACK
6
CONTINUOUS
10
127.181
20
-86.3464
11
127.211
21
-86.301
0
LINE
8
BLACK
6
CONTINUOUS
10
127.211
20
-86.301
11
127.256
21
-86.2707
0
LINE
8
BLACK
6
CONTINUOUS
10
127.256
20
-86.2707
11
127.31
21
-86.26
0
LINE
8
BLACK
6
CONTINUOUS
10
127.31
20
-86.26
11
127.65
21
-86.26
0
LINE
8
BLACK
6
CONTINUOUS
10
127.65
20
-86.26
11
127.704
21
-86.2707
  0
ENDSEC
  0
EOF
