  0
SECTION
  2
HEADER
  9
$ANGBASE
  50
0.0
  9
$ANGDIR
  70
1
  9
$MEASUREMENT
  70
1
  0
ENDSEC
  0
SECTION
  2
TABLES
  0
TABLE
  2
LTYPE
  70
4
  0
LTYPE
  5
40F
  2
CONTINUOUS
  70
0
  3
Solid line
  72
65
  73
0
  40
0.0
  0
LTYPE
  5
410
  2
DASHDOT
 70
0
  3
Dash Dot ____ _ ____ _
 72
65
 73
4
 40
2.0
 49
1.25
 49
-0.25
 49
0.25
 49
-0.25
  0
LTYPE
  5
411
  2
DASHED
 70
0
  3
Dashed __ __ __ __ __
 72
65
 73
2
 40
0.75
 49
0.5
 49
-0.25
  0
LTYPE
  5
43B
  2
DOTTED
 70
0
  3
Dotted .  .  .  .
 72
65
 73
2
 40
0.2
 49
0.0
 49
-0.2
  0
ENDTAB
  0
TABLE
  2
STYLE
  70
4
  0
STYLE
  2
KICAD
  70
0
  40
0
  41
1
  42
1
  50
0
  71
0
  3
isocp.shx
  0
STYLE
  2
KICADB
  70
0
  40
0
  41
1
  42
1
  50
0
  71
0
  3
isocp.shx
  0
STYLE
  2
KICADI
  70
0
  40
0
  41
1
  42
1
  50
15
  71
0
  3
isocp.shx
  0
STYLE
  2
KICADBI
  70
0
  40
0
  41
1
  42
1
  50
15
  71
0
  3
isocp.shx
  0
ENDTAB
  0
TABLE
  2
LAYER
  70
1
  0
LAYER
  2
BLACK
  70
0
  62
7
  6
CONTINUOUS
  0
ENDTAB
  0
ENDSEC
  0
SECTION
  2
ENTITIES
0
LINE
8
BLACK
6
CONTINUOUS
10
126.646
20
-143.069
11
126.727
21
-143.123
0
LINE
8
BLACK
6
CONTINUOUS
10
126.727
20
-143.123
11
126.781
21
-143.204
0
LINE
8
BLACK
6
CONTINUOUS
10
126.781
20
-143.204
11
126.8
21
-143.3
0
LINE
8
BLACK
6
CONTINUOUS
10
126.8
20
-143.3
11
126.781
21
-143.396
0
LINE
8
BLACK
6
CONTINUOUS
10
126.781
20
-143.396
11
126.727
21
-143.477
0
LINE
8
BLACK
6
CONTINUOUS
10
126.727
20
-143.477
11
126.646
21
-143.531
0
LINE
8
BLACK
6
CONTINUOUS
10
126.646
20
-143.531
11
126.55
21
-143.55
0
LINE
8
BLACK
6
CONTINUOUS
10
126.55
20
-143.55
11
126.454
21
-143.531
0
LINE
8
BLACK
6
CONTINUOUS
10
126.454
20
-143.531
11
126.373
21
-143.477
0
LINE
8
BLACK
6
CONTINUOUS
10
126.373
20
-143.477
11
126.319
21
-143.396
0
LINE
8
BLACK
6
CONTINUOUS
10
126.319
20
-143.396
11
126.3
21
-143.3
0
LINE
8
BLACK
6
CONTINUOUS
10
126.3
20
-143.3
11
126.319
21
-143.204
0
LINE
8
BLACK
6
CONTINUOUS
10
126.319
20
-143.204
11
126.373
21
-143.123
0
LINE
8
BLACK
6
CONTINUOUS
10
126.373
20
-143.123
11
126.454
21
-143.069
0
LINE
8
BLACK
6
CONTINUOUS
10
126.454
20
-143.069
11
126.55
21
-143.05
0
LINE
8
BLACK
6
CONTINUOUS
10
126.55
20
-143.05
11
126.646
21
-143.069
0
LINE
8
BLACK
6
CONTINUOUS
10
156.871
20
-139.719
11
156.952
21
-139.773
0
LINE
8
BLACK
6
CONTINUOUS
10
156.952
20
-139.773
11
157.006
21
-139.854
0
LINE
8
BLACK
6
CONTINUOUS
10
157.006
20
-139.854
11
157.025
21
-139.95
0
LINE
8
BLACK
6
CONTINUOUS
10
157.025
20
-139.95
11
157.006
21
-140.046
0
LINE
8
BLACK
6
CONTINUOUS
10
157.006
20
-140.046
11
156.952
21
-140.127
0
LINE
8
BLACK
6
CONTINUOUS
10
156.952
20
-140.127
11
156.871
21
-140.181
0
LINE
8
BLACK
6
CONTINUOUS
10
156.871
20
-140.181
11
156.775
21
-140.2
0
LINE
8
BLACK
6
CONTINUOUS
10
156.775
20
-140.2
11
156.679
21
-140.181
0
LINE
8
BLACK
6
CONTINUOUS
10
156.679
20
-140.181
11
156.598
21
-140.127
0
LINE
8
BLACK
6
CONTINUOUS
10
156.598
20
-140.127
11
156.544
21
-140.046
0
LINE
8
BLACK
6
CONTINUOUS
10
156.544
20
-140.046
11
156.525
21
-139.95
0
LINE
8
BLACK
6
CONTINUOUS
10
156.525
20
-139.95
11
156.544
21
-139.854
0
LINE
8
BLACK
6
CONTINUOUS
10
156.544
20
-139.854
11
156.598
21
-139.773
0
LINE
8
BLACK
6
CONTINUOUS
10
156.598
20
-139.773
11
156.679
21
-139.719
0
LINE
8
BLACK
6
CONTINUOUS
10
156.679
20
-139.719
11
156.775
21
-139.7
0
LINE
8
BLACK
6
CONTINUOUS
10
156.775
20
-139.7
11
156.871
21
-139.719
0
LINE
8
BLACK
6
CONTINUOUS
10
167.458
20
-141.695
11
167.577
21
-141.772
0
LINE
8
BLACK
6
CONTINUOUS
10
167.577
20
-141.772
11
167.671
21
-141.88
0
LINE
8
BLACK
6
CONTINUOUS
10
167.671
20
-141.88
11
167.73
21
-142.009
0
LINE
8
BLACK
6
CONTINUOUS
10
167.73
20
-142.009
11
167.75
21
-142.15
0
LINE
8
BLACK
6
CONTINUOUS
10
167.75
20
-142.15
11
167.73
21
-142.291
0
LINE
8
BLACK
6
CONTINUOUS
10
167.73
20
-142.291
11
167.671
21
-142.42
0
LINE
8
BLACK
6
CONTINUOUS
10
167.671
20
-142.42
11
167.577
21
-142.528
0
LINE
8
BLACK
6
CONTINUOUS
10
167.577
20
-142.528
11
167.458
21
-142.605
0
LINE
8
BLACK
6
CONTINUOUS
10
167.458
20
-142.605
11
167.321
21
-142.645
0
LINE
8
BLACK
6
CONTINUOUS
10
167.321
20
-142.645
11
167.179
21
-142.645
0
LINE
8
BLACK
6
CONTINUOUS
10
167.179
20
-142.645
11
167.042
21
-142.605
0
LINE
8
BLACK
6
CONTINUOUS
10
167.042
20
-142.605
11
166.923
21
-142.528
0
LINE
8
BLACK
6
CONTINUOUS
10
166.923
20
-142.528
11
166.829
21
-142.42
0
LINE
8
BLACK
6
CONTINUOUS
10
166.829
20
-142.42
11
166.77
21
-142.291
0
LINE
8
BLACK
6
CONTINUOUS
10
166.77
20
-142.291
11
166.75
21
-142.15
0
LINE
8
BLACK
6
CONTINUOUS
10
166.75
20
-142.15
11
166.77
21
-142.009
0
LINE
8
BLACK
6
CONTINUOUS
10
166.77
20
-142.009
11
166.829
21
-141.88
0
LINE
8
BLACK
6
CONTINUOUS
10
166.829
20
-141.88
11
166.923
21
-141.772
0
LINE
8
BLACK
6
CONTINUOUS
10
166.923
20
-141.772
11
167.042
21
-141.695
0
LINE
8
BLACK
6
CONTINUOUS
10
167.042
20
-141.695
11
167.179
21
-141.655
0
LINE
8
BLACK
6
CONTINUOUS
10
167.179
20
-141.655
11
167.321
21
-141.655
0
LINE
8
BLACK
6
CONTINUOUS
10
167.321
20
-141.655
11
167.458
21
-141.695
0
LINE
8
BLACK
6
CONTINUOUS
10
181.486
20
-137.243
11
181.803
21
-137.318
0
LINE
8
BLACK
6
CONTINUOUS
10
181.803
20
-137.318
11
182.109
21
-137.429
0
LINE
8
BLACK
6
CONTINUOUS
10
182.109
20
-137.429
11
182.4
21
-137.575
0
LINE
8
BLACK
6
CONTINUOUS
10
182.4
20
-137.575
11
182.672
21
-137.754
0
LINE
8
BLACK
6
CONTINUOUS
10
182.672
20
-137.754
11
182.921
21
-137.963
0
LINE
8
BLACK
6
CONTINUOUS
10
182.921
20
-137.963
11
183.145
21
-138.2
0
LINE
8
BLACK
6
CONTINUOUS
10
183.145
20
-138.2
11
183.339
21
-138.461
0
LINE
8
BLACK
6
CONTINUOUS
10
183.339
20
-138.461
11
183.502
21
-138.743
0
LINE
8
BLACK
6
CONTINUOUS
10
183.502
20
-138.743
11
183.631
21
-139.042
0
LINE
8
BLACK
6
CONTINUOUS
10
183.631
20
-139.042
11
183.725
21
-139.354
0
LINE
8
BLACK
6
CONTINUOUS
10
183.725
20
-139.354
11
183.781
21
-139.675
0
LINE
8
BLACK
6
CONTINUOUS
10
183.781
20
-139.675
11
183.8
21
-140
0
LINE
8
BLACK
6
CONTINUOUS
10
183.8
20
-140
11
183.781
21
-140.325
0
LINE
8
BLACK
6
CONTINUOUS
10
183.781
20
-140.325
11
183.725
21
-140.646
0
LINE
8
BLACK
6
CONTINUOUS
10
183.725
20
-140.646
11
183.631
21
-140.958
0
LINE
8
BLACK
6
CONTINUOUS
10
183.631
20
-140.958
11
183.502
21
-141.257
0
LINE
8
BLACK
6
CONTINUOUS
10
183.502
20
-141.257
11
183.339
21
-141.539
0
LINE
8
BLACK
6
CONTINUOUS
10
183.339
20
-141.539
11
183.145
21
-141.8
0
LINE
8
BLACK
6
CONTINUOUS
10
183.145
20
-141.8
11
182.921
21
-142.037
0
LINE
8
BLACK
6
CONTINUOUS
10
182.921
20
-142.037
11
182.672
21
-142.246
0
LINE
8
BLACK
6
CONTINUOUS
10
182.672
20
-142.246
11
182.4
21
-142.425
0
LINE
8
BLACK
6
CONTINUOUS
10
182.4
20
-142.425
11
182.109
21
-142.571
0
LINE
8
BLACK
6
CONTINUOUS
10
182.109
20
-142.571
11
181.803
21
-142.682
0
LINE
8
BLACK
6
CONTINUOUS
10
181.803
20
-142.682
11
181.486
21
-142.757
0
LINE
8
BLACK
6
CONTINUOUS
10
181.486
20
-142.757
11
181.163
21
-142.795
0
LINE
8
BLACK
6
CONTINUOUS
10
181.163
20
-142.795
11
180.837
21
-142.795
0
LINE
8
BLACK
6
CONTINUOUS
10
180.837
20
-142.795
11
180.514
21
-142.757
0
LINE
8
BLACK
6
CONTINUOUS
10
180.514
20
-142.757
11
180.197
21
-142.682
0
LINE
8
BLACK
6
CONTINUOUS
10
180.197
20
-142.682
11
179.891
21
-142.571
0
LINE
8
BLACK
6
CONTINUOUS
10
179.891
20
-142.571
11
179.6
21
-142.425
0
LINE
8
BLACK
6
CONTINUOUS
10
179.6
20
-142.425
11
179.328
21
-142.246
0
LINE
8
BLACK
6
CONTINUOUS
10
179.328
20
-142.246
11
179.079
21
-142.037
0
LINE
8
BLACK
6
CONTINUOUS
10
179.079
20
-142.037
11
178.855
21
-141.8
0
LINE
8
BLACK
6
CONTINUOUS
10
178.855
20
-141.8
11
178.661
21
-141.539
0
LINE
8
BLACK
6
CONTINUOUS
10
178.661
20
-141.539
11
178.498
21
-141.257
0
LINE
8
BLACK
6
CONTINUOUS
10
178.498
20
-141.257
11
178.369
21
-140.958
0
LINE
8
BLACK
6
CONTINUOUS
10
178.369
20
-140.958
11
178.275
21
-140.646
0
LINE
8
BLACK
6
CONTINUOUS
10
178.275
20
-140.646
11
178.219
21
-140.325
0
LINE
8
BLACK
6
CONTINUOUS
10
178.219
20
-140.325
11
178.2
21
-140
0
LINE
8
BLACK
6
CONTINUOUS
10
178.2
20
-140
11
178.219
21
-139.675
0
LINE
8
BLACK
6
CONTINUOUS
10
178.219
20
-139.675
11
178.275
21
-139.354
0
LINE
8
BLACK
6
CONTINUOUS
10
178.275
20
-139.354
11
178.369
21
-139.042
0
LINE
8
BLACK
6
CONTINUOUS
10
178.369
20
-139.042
11
178.498
21
-138.743
0
LINE
8
BLACK
6
CONTINUOUS
10
178.498
20
-138.743
11
178.661
21
-138.461
0
LINE
8
BLACK
6
CONTINUOUS
10
178.661
20
-138.461
11
178.855
21
-138.2
0
LINE
8
BLACK
6
CONTINUOUS
10
178.855
20
-138.2
11
179.079
21
-137.963
0
LINE
8
BLACK
6
CONTINUOUS
10
179.079
20
-137.963
11
179.328
21
-137.754
0
LINE
8
BLACK
6
CONTINUOUS
10
179.328
20
-137.754
11
179.6
21
-137.575
0
LINE
8
BLACK
6
CONTINUOUS
10
179.6
20
-137.575
11
179.891
21
-137.429
0
LINE
8
BLACK
6
CONTINUOUS
10
179.891
20
-137.429
11
180.197
21
-137.318
0
LINE
8
BLACK
6
CONTINUOUS
10
180.197
20
-137.318
11
180.514
21
-137.243
0
LINE
8
BLACK
6
CONTINUOUS
10
180.514
20
-137.243
11
180.837
21
-137.205
0
LINE
8
BLACK
6
CONTINUOUS
10
180.837
20
-137.205
11
181.163
21
-137.205
0
LINE
8
BLACK
6
CONTINUOUS
10
181.163
20
-137.205
11
181.486
21
-137.243
0
LINE
8
BLACK
6
CONTINUOUS
10
172.296
20
-140.869
11
172.377
21
-140.923
0
LINE
8
BLACK
6
CONTINUOUS
10
172.377
20
-140.923
11
172.431
21
-141.004
0
LINE
8
BLACK
6
CONTINUOUS
10
172.431
20
-141.004
11
172.45
21
-141.1
0
LINE
8
BLACK
6
CONTINUOUS
10
172.45
20
-141.1
11
172.431
21
-141.196
0
LINE
8
BLACK
6
CONTINUOUS
10
172.431
20
-141.196
11
172.377
21
-141.277
0
LINE
8
BLACK
6
CONTINUOUS
10
172.377
20
-141.277
11
172.296
21
-141.331
0
LINE
8
BLACK
6
CONTINUOUS
10
172.296
20
-141.331
11
172.2
21
-141.35
0
LINE
8
BLACK
6
CONTINUOUS
10
172.2
20
-141.35
11
172.104
21
-141.331
0
LINE
8
BLACK
6
CONTINUOUS
10
172.104
20
-141.331
11
172.023
21
-141.277
0
LINE
8
BLACK
6
CONTINUOUS
10
172.023
20
-141.277
11
171.969
21
-141.196
0
LINE
8
BLACK
6
CONTINUOUS
10
171.969
20
-141.196
11
171.95
21
-141.1
0
LINE
8
BLACK
6
CONTINUOUS
10
171.95
20
-141.1
11
171.969
21
-141.004
0
LINE
8
BLACK
6
CONTINUOUS
10
171.969
20
-141.004
11
172.023
21
-140.923
0
LINE
8
BLACK
6
CONTINUOUS
10
172.023
20
-140.923
11
172.104
21
-140.869
0
LINE
8
BLACK
6
CONTINUOUS
10
172.104
20
-140.869
11
172.2
21
-140.85
0
LINE
8
BLACK
6
CONTINUOUS
10
172.2
20
-140.85
11
172.296
21
-140.869
0
LINE
8
BLACK
6
CONTINUOUS
10
166.346
20
-139.669
11
166.427
21
-139.723
0
LINE
8
BLACK
6
CONTINUOUS
10
166.427
20
-139.723
11
166.481
21
-139.804
0
LINE
8
BLACK
6
CONTINUOUS
10
166.481
20
-139.804
11
166.5
21
-139.9
0
LINE
8
BLACK
6
CONTINUOUS
10
166.5
20
-139.9
11
166.481
21
-139.996
0
LINE
8
BLACK
6
CONTINUOUS
10
166.481
20
-139.996
11
166.427
21
-140.077
0
LINE
8
BLACK
6
CONTINUOUS
10
166.427
20
-140.077
11
166.346
21
-140.131
0
LINE
8
BLACK
6
CONTINUOUS
10
166.346
20
-140.131
11
166.25
21
-140.15
0
LINE
8
BLACK
6
CONTINUOUS
10
166.25
20
-140.15
11
166.154
21
-140.131
0
LINE
8
BLACK
6
CONTINUOUS
10
166.154
20
-140.131
11
166.073
21
-140.077
0
LINE
8
BLACK
6
CONTINUOUS
10
166.073
20
-140.077
11
166.019
21
-139.996
0
LINE
8
BLACK
6
CONTINUOUS
10
166.019
20
-139.996
11
166
21
-139.9
0
LINE
8
BLACK
6
CONTINUOUS
10
166
20
-139.9
11
166.019
21
-139.804
0
LINE
8
BLACK
6
CONTINUOUS
10
166.019
20
-139.804
11
166.073
21
-139.723
0
LINE
8
BLACK
6
CONTINUOUS
10
166.073
20
-139.723
11
166.154
21
-139.669
0
LINE
8
BLACK
6
CONTINUOUS
10
166.154
20
-139.669
11
166.25
21
-139.65
0
LINE
8
BLACK
6
CONTINUOUS
10
166.25
20
-139.65
11
166.346
21
-139.669
0
LINE
8
BLACK
6
CONTINUOUS
10
145.496
20
-139.369
11
145.577
21
-139.423
0
LINE
8
BLACK
6
CONTINUOUS
10
145.577
20
-139.423
11
145.631
21
-139.504
0
LINE
8
BLACK
6
CONTINUOUS
10
145.631
20
-139.504
11
145.65
21
-139.6
0
LINE
8
BLACK
6
CONTINUOUS
10
145.65
20
-139.6
11
145.631
21
-139.696
0
LINE
8
BLACK
6
CONTINUOUS
10
145.631
20
-139.696
11
145.577
21
-139.777
0
LINE
8
BLACK
6
CONTINUOUS
10
145.577
20
-139.777
11
145.496
21
-139.831
0
LINE
8
BLACK
6
CONTINUOUS
10
145.496
20
-139.831
11
145.4
21
-139.85
0
LINE
8
BLACK
6
CONTINUOUS
10
145.4
20
-139.85
11
145.304
21
-139.831
0
LINE
8
BLACK
6
CONTINUOUS
10
145.304
20
-139.831
11
145.223
21
-139.777
0
LINE
8
BLACK
6
CONTINUOUS
10
145.223
20
-139.777
11
145.169
21
-139.696
0
LINE
8
BLACK
6
CONTINUOUS
10
145.169
20
-139.696
11
145.15
21
-139.6
0
LINE
8
BLACK
6
CONTINUOUS
10
145.15
20
-139.6
11
145.169
21
-139.504
0
LINE
8
BLACK
6
CONTINUOUS
10
145.169
20
-139.504
11
145.223
21
-139.423
0
LINE
8
BLACK
6
CONTINUOUS
10
145.223
20
-139.423
11
145.304
21
-139.369
0
LINE
8
BLACK
6
CONTINUOUS
10
145.304
20
-139.369
11
145.4
21
-139.35
0
LINE
8
BLACK
6
CONTINUOUS
10
145.4
20
-139.35
11
145.496
21
-139.369
0
LINE
8
BLACK
6
CONTINUOUS
10
165.722
20
-138.243
11
165.803
21
-138.297
0
LINE
8
BLACK
6
CONTINUOUS
10
165.803
20
-138.297
11
165.857
21
-138.378
0
LINE
8
BLACK
6
CONTINUOUS
10
165.857
20
-138.378
11
165.876
21
-138.474
0
LINE
8
BLACK
6
CONTINUOUS
10
165.876
20
-138.474
11
165.857
21
-138.57
0
LINE
8
BLACK
6
CONTINUOUS
10
165.857
20
-138.57
11
165.803
21
-138.651
0
LINE
8
BLACK
6
CONTINUOUS
10
165.803
20
-138.651
11
165.722
21
-138.705
0
LINE
8
BLACK
6
CONTINUOUS
10
165.722
20
-138.705
11
165.626
21
-138.724
0
LINE
8
BLACK
6
CONTINUOUS
10
165.626
20
-138.724
11
165.53
21
-138.705
0
LINE
8
BLACK
6
CONTINUOUS
10
165.53
20
-138.705
11
165.449
21
-138.651
0
LINE
8
BLACK
6
CONTINUOUS
10
165.449
20
-138.651
11
165.395
21
-138.57
0
LINE
8
BLACK
6
CONTINUOUS
10
165.395
20
-138.57
11
165.376
21
-138.474
0
LINE
8
BLACK
6
CONTINUOUS
10
165.376
20
-138.474
11
165.395
21
-138.378
0
LINE
8
BLACK
6
CONTINUOUS
10
165.395
20
-138.378
11
165.449
21
-138.297
0
LINE
8
BLACK
6
CONTINUOUS
10
165.449
20
-138.297
11
165.53
21
-138.243
0
LINE
8
BLACK
6
CONTINUOUS
10
165.53
20
-138.243
11
165.626
21
-138.224
0
LINE
8
BLACK
6
CONTINUOUS
10
165.626
20
-138.224
11
165.722
21
-138.243
0
LINE
8
BLACK
6
CONTINUOUS
10
140.696
20
-138.019
11
140.777
21
-138.073
0
LINE
8
BLACK
6
CONTINUOUS
10
140.777
20
-138.073
11
140.831
21
-138.154
0
LINE
8
BLACK
6
CONTINUOUS
10
140.831
20
-138.154
11
140.85
21
-138.25
0
LINE
8
BLACK
6
CONTINUOUS
10
140.85
20
-138.25
11
140.831
21
-138.346
0
LINE
8
BLACK
6
CONTINUOUS
10
140.831
20
-138.346
11
140.777
21
-138.427
0
LINE
8
BLACK
6
CONTINUOUS
10
140.777
20
-138.427
11
140.696
21
-138.481
0
LINE
8
BLACK
6
CONTINUOUS
10
140.696
20
-138.481
11
140.6
21
-138.5
0
LINE
8
BLACK
6
CONTINUOUS
10
140.6
20
-138.5
11
140.504
21
-138.481
0
LINE
8
BLACK
6
CONTINUOUS
10
140.504
20
-138.481
11
140.423
21
-138.427
0
LINE
8
BLACK
6
CONTINUOUS
10
140.423
20
-138.427
11
140.369
21
-138.346
0
LINE
8
BLACK
6
CONTINUOUS
10
140.369
20
-138.346
11
140.35
21
-138.25
0
LINE
8
BLACK
6
CONTINUOUS
10
140.35
20
-138.25
11
140.369
21
-138.154
0
LINE
8
BLACK
6
CONTINUOUS
10
140.369
20
-138.154
11
140.423
21
-138.073
0
LINE
8
BLACK
6
CONTINUOUS
10
140.423
20
-138.073
11
140.504
21
-138.019
0
LINE
8
BLACK
6
CONTINUOUS
10
140.504
20
-138.019
11
140.6
21
-138
0
LINE
8
BLACK
6
CONTINUOUS
10
140.6
20
-138
11
140.696
21
-138.019
0
LINE
8
BLACK
6
CONTINUOUS
10
144.946
20
-137.769
11
145.027
21
-137.823
0
LINE
8
BLACK
6
CONTINUOUS
10
145.027
20
-137.823
11
145.081
21
-137.904
0
LINE
8
BLACK
6
CONTINUOUS
10
145.081
20
-137.904
11
145.1
21
-138
0
LINE
8
BLACK
6
CONTINUOUS
10
145.1
20
-138
11
145.081
21
-138.096
0
LINE
8
BLACK
6
CONTINUOUS
10
145.081
20
-138.096
11
145.027
21
-138.177
0
LINE
8
BLACK
6
CONTINUOUS
10
145.027
20
-138.177
11
144.946
21
-138.231
0
LINE
8
BLACK
6
CONTINUOUS
10
144.946
20
-138.231
11
144.85
21
-138.25
0
LINE
8
BLACK
6
CONTINUOUS
10
144.85
20
-138.25
11
144.754
21
-138.231
0
LINE
8
BLACK
6
CONTINUOUS
10
144.754
20
-138.231
11
144.673
21
-138.177
0
LINE
8
BLACK
6
CONTINUOUS
10
144.673
20
-138.177
11
144.619
21
-138.096
0
LINE
8
BLACK
6
CONTINUOUS
10
144.619
20
-138.096
11
144.6
21
-138
0
LINE
8
BLACK
6
CONTINUOUS
10
144.6
20
-138
11
144.619
21
-137.904
0
LINE
8
BLACK
6
CONTINUOUS
10
144.619
20
-137.904
11
144.673
21
-137.823
0
LINE
8
BLACK
6
CONTINUOUS
10
144.673
20
-137.823
11
144.754
21
-137.769
0
LINE
8
BLACK
6
CONTINUOUS
10
144.754
20
-137.769
11
144.85
21
-137.75
0
LINE
8
BLACK
6
CONTINUOUS
10
144.85
20
-137.75
11
144.946
21
-137.769
0
LINE
8
BLACK
6
CONTINUOUS
10
149.274
20
-135.97
11
149.385
21
-136.026
0
LINE
8
BLACK
6
CONTINUOUS
10
149.385
20
-136.026
11
149.474
21
-136.115
0
LINE
8
BLACK
6
CONTINUOUS
10
149.474
20
-136.115
11
149.53
21
-136.226
0
LINE
8
BLACK
6
CONTINUOUS
10
149.53
20
-136.226
11
149.55
21
-136.35
0
LINE
8
BLACK
6
CONTINUOUS
10
149.55
20
-136.35
11
149.55
21
-136.85
0
LINE
8
BLACK
6
CONTINUOUS
10
149.55
20
-136.85
11
149.53
21
-136.974
0
LINE
8
BLACK
6
CONTINUOUS
10
149.53
20
-136.974
11
149.474
21
-137.085
0
LINE
8
BLACK
6
CONTINUOUS
10
149.474
20
-137.085
11
149.385
21
-137.174
0
LINE
8
BLACK
6
CONTINUOUS
10
149.385
20
-137.174
11
149.274
21
-137.23
0
LINE
8
BLACK
6
CONTINUOUS
10
149.274
20
-137.23
11
149.15
21
-137.25
0
LINE
8
BLACK
6
CONTINUOUS
10
149.15
20
-137.25
11
149.026
21
-137.23
0
LINE
8
BLACK
6
CONTINUOUS
10
149.026
20
-137.23
11
148.915
21
-137.174
0
LINE
8
BLACK
6
CONTINUOUS
10
148.915
20
-137.174
11
148.826
21
-137.085
0
LINE
8
BLACK
6
CONTINUOUS
10
148.826
20
-137.085
11
148.77
21
-136.974
0
LINE
8
BLACK
6
CONTINUOUS
10
148.77
20
-136.974
11
148.75
21
-136.85
0
LINE
8
BLACK
6
CONTINUOUS
10
148.75
20
-136.85
11
148.75
21
-136.35
0
LINE
8
BLACK
6
CONTINUOUS
10
148.75
20
-136.35
11
148.77
21
-136.226
0
LINE
8
BLACK
6
CONTINUOUS
10
148.77
20
-136.226
11
148.826
21
-136.115
0
LINE
8
BLACK
6
CONTINUOUS
10
148.826
20
-136.115
11
148.915
21
-136.026
0
LINE
8
BLACK
6
CONTINUOUS
10
148.915
20
-136.026
11
149.026
21
-135.97
0
LINE
8
BLACK
6
CONTINUOUS
10
149.026
20
-135.97
11
149.15
21
-135.95
0
LINE
8
BLACK
6
CONTINUOUS
10
149.15
20
-135.95
11
149.274
21
-135.97
0
LINE
8
BLACK
6
CONTINUOUS
10
150.524
20
-135.97
11
150.635
21
-136.026
0
LINE
8
BLACK
6
CONTINUOUS
10
150.635
20
-136.026
11
150.724
21
-136.115
0
LINE
8
BLACK
6
CONTINUOUS
10
150.724
20
-136.115
11
150.78
21
-136.226
0
LINE
8
BLACK
6
CONTINUOUS
10
150.78
20
-136.226
11
150.8
21
-136.35
0
LINE
8
BLACK
6
CONTINUOUS
10
150.8
20
-136.35
11
150.8
21
-136.85
0
LINE
8
BLACK
6
CONTINUOUS
10
150.8
20
-136.85
11
150.78
21
-136.974
0
LINE
8
BLACK
6
CONTINUOUS
10
150.78
20
-136.974
11
150.724
21
-137.085
0
LINE
8
BLACK
6
CONTINUOUS
10
150.724
20
-137.085
11
150.635
21
-137.174
0
LINE
8
BLACK
6
CONTINUOUS
10
150.635
20
-137.174
11
150.524
21
-137.23
0
LINE
8
BLACK
6
CONTINUOUS
10
150.524
20
-137.23
11
150.4
21
-137.25
0
LINE
8
BLACK
6
CONTINUOUS
10
150.4
20
-137.25
11
150.276
21
-137.23
0
LINE
8
BLACK
6
CONTINUOUS
10
150.276
20
-137.23
11
150.165
21
-137.174
0
LINE
8
BLACK
6
CONTINUOUS
10
150.165
20
-137.174
11
150.076
21
-137.085
0
LINE
8
BLACK
6
CONTINUOUS
10
150.076
20
-137.085
11
150.02
21
-136.974
0
LINE
8
BLACK
6
CONTINUOUS
10
150.02
20
-136.974
11
150
21
-136.85
0
LINE
8
BLACK
6
CONTINUOUS
10
150
20
-136.85
11
150
21
-136.35
0
LINE
8
BLACK
6
CONTINUOUS
10
150
20
-136.35
11
150.02
21
-136.226
0
LINE
8
BLACK
6
CONTINUOUS
10
150.02
20
-136.226
11
150.076
21
-136.115
0
LINE
8
BLACK
6
CONTINUOUS
10
150.076
20
-136.115
11
150.165
21
-136.026
0
LINE
8
BLACK
6
CONTINUOUS
10
150.165
20
-136.026
11
150.276
21
-135.97
0
LINE
8
BLACK
6
CONTINUOUS
10
150.276
20
-135.97
11
150.4
21
-135.95
0
LINE
8
BLACK
6
CONTINUOUS
10
150.4
20
-135.95
11
150.524
21
-135.97
0
LINE
8
BLACK
6
CONTINUOUS
10
134.065
20
-134.569
11
134.146
21
-134.623
0
LINE
8
BLACK
6
CONTINUOUS
10
134.146
20
-134.623
11
134.2
21
-134.704
0
LINE
8
BLACK
6
CONTINUOUS
10
134.2
20
-134.704
11
134.219
21
-134.8
0
LINE
8
BLACK
6
CONTINUOUS
10
134.219
20
-134.8
11
134.2
21
-134.896
0
LINE
8
BLACK
6
CONTINUOUS
10
134.2
20
-134.896
11
134.146
21
-134.977
0
LINE
8
BLACK
6
CONTINUOUS
10
134.146
20
-134.977
11
134.065
21
-135.031
0
LINE
8
BLACK
6
CONTINUOUS
10
134.065
20
-135.031
11
133.969
21
-135.05
0
LINE
8
BLACK
6
CONTINUOUS
10
133.969
20
-135.05
11
133.874
21
-135.031
0
LINE
8
BLACK
6
CONTINUOUS
10
133.874
20
-135.031
11
133.793
21
-134.977
0
LINE
8
BLACK
6
CONTINUOUS
10
133.793
20
-134.977
11
133.739
21
-134.896
0
LINE
8
BLACK
6
CONTINUOUS
10
133.739
20
-134.896
11
133.719
21
-134.8
0
LINE
8
BLACK
6
CONTINUOUS
10
133.719
20
-134.8
11
133.739
21
-134.704
0
LINE
8
BLACK
6
CONTINUOUS
10
133.739
20
-134.704
11
133.793
21
-134.623
0
LINE
8
BLACK
6
CONTINUOUS
10
133.793
20
-134.623
11
133.874
21
-134.569
0
LINE
8
BLACK
6
CONTINUOUS
10
133.874
20
-134.569
11
133.969
21
-134.55
0
LINE
8
BLACK
6
CONTINUOUS
10
133.969
20
-134.55
11
134.065
21
-134.569
0
LINE
8
BLACK
6
CONTINUOUS
10
141.196
20
-134.269
11
141.277
21
-134.323
0
LINE
8
BLACK
6
CONTINUOUS
10
141.277
20
-134.323
11
141.331
21
-134.404
0
LINE
8
BLACK
6
CONTINUOUS
10
141.331
20
-134.404
11
141.35
21
-134.5
0
LINE
8
BLACK
6
CONTINUOUS
10
141.35
20
-134.5
11
141.331
21
-134.596
0
LINE
8
BLACK
6
CONTINUOUS
10
141.331
20
-134.596
11
141.277
21
-134.677
0
LINE
8
BLACK
6
CONTINUOUS
10
141.277
20
-134.677
11
141.196
21
-134.731
0
LINE
8
BLACK
6
CONTINUOUS
10
141.196
20
-134.731
11
141.1
21
-134.75
0
LINE
8
BLACK
6
CONTINUOUS
10
141.1
20
-134.75
11
141.004
21
-134.731
0
LINE
8
BLACK
6
CONTINUOUS
10
141.004
20
-134.731
11
140.923
21
-134.677
0
LINE
8
BLACK
6
CONTINUOUS
10
140.923
20
-134.677
11
140.869
21
-134.596
0
LINE
8
BLACK
6
CONTINUOUS
10
140.869
20
-134.596
11
140.85
21
-134.5
0
LINE
8
BLACK
6
CONTINUOUS
10
140.85
20
-134.5
11
140.869
21
-134.404
0
LINE
8
BLACK
6
CONTINUOUS
10
140.869
20
-134.404
11
140.923
21
-134.323
0
LINE
8
BLACK
6
CONTINUOUS
10
140.923
20
-134.323
11
141.004
21
-134.269
0
LINE
8
BLACK
6
CONTINUOUS
10
141.004
20
-134.269
11
141.1
21
-134.25
0
LINE
8
BLACK
6
CONTINUOUS
10
141.1
20
-134.25
11
141.196
21
-134.269
0
LINE
8
BLACK
6
CONTINUOUS
10
142.026
20
-134.259
11
142.107
21
-134.313
0
LINE
8
BLACK
6
CONTINUOUS
10
142.107
20
-134.313
11
142.161
21
-134.394
0
LINE
8
BLACK
6
CONTINUOUS
10
142.161
20
-134.394
11
142.18
21
-134.49
0
LINE
8
BLACK
6
CONTINUOUS
10
142.18
20
-134.49
11
142.161
21
-134.586
0
LINE
8
BLACK
6
CONTINUOUS
10
142.161
20
-134.586
11
142.107
21
-134.667
0
LINE
8
BLACK
6
CONTINUOUS
10
142.107
20
-134.667
11
142.026
21
-134.721
0
LINE
8
BLACK
6
CONTINUOUS
10
142.026
20
-134.721
11
141.93
21
-134.74
0
LINE
8
BLACK
6
CONTINUOUS
10
141.93
20
-134.74
11
141.834
21
-134.721
0
LINE
8
BLACK
6
CONTINUOUS
10
141.834
20
-134.721
11
141.753
21
-134.667
0
LINE
8
BLACK
6
CONTINUOUS
10
141.753
20
-134.667
11
141.699
21
-134.586
0
LINE
8
BLACK
6
CONTINUOUS
10
141.699
20
-134.586
11
141.68
21
-134.49
0
LINE
8
BLACK
6
CONTINUOUS
10
141.68
20
-134.49
11
141.699
21
-134.394
0
LINE
8
BLACK
6
CONTINUOUS
10
141.699
20
-134.394
11
141.753
21
-134.313
0
LINE
8
BLACK
6
CONTINUOUS
10
141.753
20
-134.313
11
141.834
21
-134.259
0
LINE
8
BLACK
6
CONTINUOUS
10
141.834
20
-134.259
11
141.93
21
-134.24
0
LINE
8
BLACK
6
CONTINUOUS
10
141.93
20
-134.24
11
142.026
21
-134.259
0
LINE
8
BLACK
6
CONTINUOUS
10
142.021
20
-133.444
11
142.102
21
-133.498
0
LINE
8
BLACK
6
CONTINUOUS
10
142.102
20
-133.498
11
142.156
21
-133.579
0
LINE
8
BLACK
6
CONTINUOUS
10
142.156
20
-133.579
11
142.175
21
-133.675
0
LINE
8
BLACK
6
CONTINUOUS
10
142.175
20
-133.675
11
142.156
21
-133.771
0
LINE
8
BLACK
6
CONTINUOUS
10
142.156
20
-133.771
11
142.102
21
-133.852
0
LINE
8
BLACK
6
CONTINUOUS
10
142.102
20
-133.852
11
142.021
21
-133.906
0
LINE
8
BLACK
6
CONTINUOUS
10
142.021
20
-133.906
11
141.925
21
-133.925
0
LINE
8
BLACK
6
CONTINUOUS
10
141.925
20
-133.925
11
141.829
21
-133.906
0
LINE
8
BLACK
6
CONTINUOUS
10
141.829
20
-133.906
11
141.748
21
-133.852
0
LINE
8
BLACK
6
CONTINUOUS
10
141.748
20
-133.852
11
141.694
21
-133.771
0
LINE
8
BLACK
6
CONTINUOUS
10
141.694
20
-133.771
11
141.675
21
-133.675
0
LINE
8
BLACK
6
CONTINUOUS
10
141.675
20
-133.675
11
141.694
21
-133.579
0
LINE
8
BLACK
6
CONTINUOUS
10
141.694
20
-133.579
11
141.748
21
-133.498
0
LINE
8
BLACK
6
CONTINUOUS
10
141.748
20
-133.498
11
141.829
21
-133.444
0
LINE
8
BLACK
6
CONTINUOUS
10
141.829
20
-133.444
11
141.925
21
-133.425
0
LINE
8
BLACK
6
CONTINUOUS
10
141.925
20
-133.425
11
142.021
21
-133.444
0
LINE
8
BLACK
6
CONTINUOUS
10
141.206
20
-133.439
11
141.287
21
-133.493
0
LINE
8
BLACK
6
CONTINUOUS
10
141.287
20
-133.493
11
141.341
21
-133.574
0
LINE
8
BLACK
6
CONTINUOUS
10
141.341
20
-133.574
11
141.36
21
-133.67
0
LINE
8
BLACK
6
CONTINUOUS
10
141.36
20
-133.67
11
141.341
21
-133.766
0
LINE
8
BLACK
6
CONTINUOUS
10
141.341
20
-133.766
11
141.287
21
-133.847
0
LINE
8
BLACK
6
CONTINUOUS
10
141.287
20
-133.847
11
141.206
21
-133.901
0
LINE
8
BLACK
6
CONTINUOUS
10
141.206
20
-133.901
11
141.11
21
-133.92
0
LINE
8
BLACK
6
CONTINUOUS
10
141.11
20
-133.92
11
141.014
21
-133.901
0
LINE
8
BLACK
6
CONTINUOUS
10
141.014
20
-133.901
11
140.933
21
-133.847
0
LINE
8
BLACK
6
CONTINUOUS
10
140.933
20
-133.847
11
140.879
21
-133.766
0
LINE
8
BLACK
6
CONTINUOUS
10
140.879
20
-133.766
11
140.86
21
-133.67
0
LINE
8
BLACK
6
CONTINUOUS
10
140.86
20
-133.67
11
140.879
21
-133.574
0
LINE
8
BLACK
6
CONTINUOUS
10
140.879
20
-133.574
11
140.933
21
-133.493
0
LINE
8
BLACK
6
CONTINUOUS
10
140.933
20
-133.493
11
141.014
21
-133.439
0
LINE
8
BLACK
6
CONTINUOUS
10
141.014
20
-133.439
11
141.11
21
-133.42
0
LINE
8
BLACK
6
CONTINUOUS
10
141.11
20
-133.42
11
141.206
21
-133.439
0
LINE
8
BLACK
6
CONTINUOUS
10
163.446
20
-133.169
11
163.527
21
-133.223
0
LINE
8
BLACK
6
CONTINUOUS
10
163.527
20
-133.223
11
163.581
21
-133.304
0
LINE
8
BLACK
6
CONTINUOUS
10
163.581
20
-133.304
11
163.6
21
-133.4
0
LINE
8
BLACK
6
CONTINUOUS
10
163.6
20
-133.4
11
163.581
21
-133.496
0
LINE
8
BLACK
6
CONTINUOUS
10
163.581
20
-133.496
11
163.527
21
-133.577
0
LINE
8
BLACK
6
CONTINUOUS
10
163.527
20
-133.577
11
163.446
21
-133.631
0
LINE
8
BLACK
6
CONTINUOUS
10
163.446
20
-133.631
11
163.35
21
-133.65
0
LINE
8
BLACK
6
CONTINUOUS
10
163.35
20
-133.65
11
163.254
21
-133.631
0
LINE
8
BLACK
6
CONTINUOUS
10
163.254
20
-133.631
11
163.173
21
-133.577
0
LINE
8
BLACK
6
CONTINUOUS
10
163.173
20
-133.577
11
163.119
21
-133.496
0
LINE
8
BLACK
6
CONTINUOUS
10
163.119
20
-133.496
11
163.1
21
-133.4
0
LINE
8
BLACK
6
CONTINUOUS
10
163.1
20
-133.4
11
163.119
21
-133.304
0
LINE
8
BLACK
6
CONTINUOUS
10
163.119
20
-133.304
11
163.173
21
-133.223
0
LINE
8
BLACK
6
CONTINUOUS
10
163.173
20
-133.223
11
163.254
21
-133.169
0
LINE
8
BLACK
6
CONTINUOUS
10
163.254
20
-133.169
11
163.35
21
-133.15
0
LINE
8
BLACK
6
CONTINUOUS
10
163.35
20
-133.15
11
163.446
21
-133.169
0
LINE
8
BLACK
6
CONTINUOUS
10
163.516
20
-131.439
11
163.597
21
-131.493
0
LINE
8
BLACK
6
CONTINUOUS
10
163.597
20
-131.493
11
163.651
21
-131.574
0
LINE
8
BLACK
6
CONTINUOUS
10
163.651
20
-131.574
11
163.67
21
-131.67
0
LINE
8
BLACK
6
CONTINUOUS
10
163.67
20
-131.67
11
163.651
21
-131.766
0
LINE
8
BLACK
6
CONTINUOUS
10
163.651
20
-131.766
11
163.597
21
-131.847
0
LINE
8
BLACK
6
CONTINUOUS
10
163.597
20
-131.847
11
163.516
21
-131.901
0
LINE
8
BLACK
6
CONTINUOUS
10
163.516
20
-131.901
11
163.42
21
-131.92
0
LINE
8
BLACK
6
CONTINUOUS
10
163.42
20
-131.92
11
163.324
21
-131.901
0
LINE
8
BLACK
6
CONTINUOUS
10
163.324
20
-131.901
11
163.243
21
-131.847
0
LINE
8
BLACK
6
CONTINUOUS
10
163.243
20
-131.847
11
163.189
21
-131.766
0
LINE
8
BLACK
6
CONTINUOUS
10
163.189
20
-131.766
11
163.17
21
-131.67
0
LINE
8
BLACK
6
CONTINUOUS
10
163.17
20
-131.67
11
163.189
21
-131.574
0
LINE
8
BLACK
6
CONTINUOUS
10
163.189
20
-131.574
11
163.243
21
-131.493
0
LINE
8
BLACK
6
CONTINUOUS
10
163.243
20
-131.493
11
163.324
21
-131.439
0
LINE
8
BLACK
6
CONTINUOUS
10
163.324
20
-131.439
11
163.42
21
-131.42
0
LINE
8
BLACK
6
CONTINUOUS
10
163.42
20
-131.42
11
163.516
21
-131.439
0
LINE
8
BLACK
6
CONTINUOUS
10
171.696
20
-130.819
11
171.777
21
-130.873
0
LINE
8
BLACK
6
CONTINUOUS
10
171.777
20
-130.873
11
171.831
21
-130.954
0
LINE
8
BLACK
6
CONTINUOUS
10
171.831
20
-130.954
11
171.85
21
-131.05
0
LINE
8
BLACK
6
CONTINUOUS
10
171.85
20
-131.05
11
171.831
21
-131.146
0
LINE
8
BLACK
6
CONTINUOUS
10
171.831
20
-131.146
11
171.777
21
-131.227
0
LINE
8
BLACK
6
CONTINUOUS
10
171.777
20
-131.227
11
171.696
21
-131.281
0
LINE
8
BLACK
6
CONTINUOUS
10
171.696
20
-131.281
11
171.6
21
-131.3
0
LINE
8
BLACK
6
CONTINUOUS
10
171.6
20
-131.3
11
171.505
21
-131.281
0
LINE
8
BLACK
6
CONTINUOUS
10
171.505
20
-131.281
11
171.424
21
-131.227
0
LINE
8
BLACK
6
CONTINUOUS
10
171.424
20
-131.227
11
171.37
21
-131.146
0
LINE
8
BLACK
6
CONTINUOUS
10
171.37
20
-131.146
11
171.35
21
-131.05
0
LINE
8
BLACK
6
CONTINUOUS
10
171.35
20
-131.05
11
171.37
21
-130.954
0
LINE
8
BLACK
6
CONTINUOUS
10
171.37
20
-130.954
11
171.424
21
-130.873
0
LINE
8
BLACK
6
CONTINUOUS
10
171.424
20
-130.873
11
171.505
21
-130.819
0
LINE
8
BLACK
6
CONTINUOUS
10
171.505
20
-130.819
11
171.6
21
-130.8
0
LINE
8
BLACK
6
CONTINUOUS
10
171.6
20
-130.8
11
171.696
21
-130.819
0
LINE
8
BLACK
6
CONTINUOUS
10
173.096
20
-130.819
11
173.177
21
-130.873
0
LINE
8
BLACK
6
CONTINUOUS
10
173.177
20
-130.873
11
173.231
21
-130.954
0
LINE
8
BLACK
6
CONTINUOUS
10
173.231
20
-130.954
11
173.25
21
-131.05
0
LINE
8
BLACK
6
CONTINUOUS
10
173.25
20
-131.05
11
173.231
21
-131.146
0
LINE
8
BLACK
6
CONTINUOUS
10
173.231
20
-131.146
11
173.177
21
-131.227
0
LINE
8
BLACK
6
CONTINUOUS
10
173.177
20
-131.227
11
173.096
21
-131.281
0
LINE
8
BLACK
6
CONTINUOUS
10
173.096
20
-131.281
11
173
21
-131.3
0
LINE
8
BLACK
6
CONTINUOUS
10
173
20
-131.3
11
172.904
21
-131.281
0
LINE
8
BLACK
6
CONTINUOUS
10
172.904
20
-131.281
11
172.823
21
-131.227
0
LINE
8
BLACK
6
CONTINUOUS
10
172.823
20
-131.227
11
172.769
21
-131.146
0
LINE
8
BLACK
6
CONTINUOUS
10
172.769
20
-131.146
11
172.75
21
-131.05
0
LINE
8
BLACK
6
CONTINUOUS
10
172.75
20
-131.05
11
172.769
21
-130.954
0
LINE
8
BLACK
6
CONTINUOUS
10
172.769
20
-130.954
11
172.823
21
-130.873
0
LINE
8
BLACK
6
CONTINUOUS
10
172.823
20
-130.873
11
172.904
21
-130.819
0
LINE
8
BLACK
6
CONTINUOUS
10
172.904
20
-130.819
11
173
21
-130.8
0
LINE
8
BLACK
6
CONTINUOUS
10
173
20
-130.8
11
173.096
21
-130.819
0
LINE
8
BLACK
6
CONTINUOUS
10
139.846
20
-127.669
11
139.927
21
-127.723
0
LINE
8
BLACK
6
CONTINUOUS
10
139.927
20
-127.723
11
139.981
21
-127.804
0
LINE
8
BLACK
6
CONTINUOUS
10
139.981
20
-127.804
11
140
21
-127.9
0
LINE
8
BLACK
6
CONTINUOUS
10
140
20
-127.9
11
139.981
21
-127.996
0
LINE
8
BLACK
6
CONTINUOUS
10
139.981
20
-127.996
11
139.927
21
-128.077
0
LINE
8
BLACK
6
CONTINUOUS
10
139.927
20
-128.077
11
139.846
21
-128.131
0
LINE
8
BLACK
6
CONTINUOUS
10
139.846
20
-128.131
11
139.75
21
-128.15
0
LINE
8
BLACK
6
CONTINUOUS
10
139.75
20
-128.15
11
139.654
21
-128.131
0
LINE
8
BLACK
6
CONTINUOUS
10
139.654
20
-128.131
11
139.573
21
-128.077
0
LINE
8
BLACK
6
CONTINUOUS
10
139.573
20
-128.077
11
139.519
21
-127.996
0
LINE
8
BLACK
6
CONTINUOUS
10
139.519
20
-127.996
11
139.5
21
-127.9
0
LINE
8
BLACK
6
CONTINUOUS
10
139.5
20
-127.9
11
139.519
21
-127.804
0
LINE
8
BLACK
6
CONTINUOUS
10
139.519
20
-127.804
11
139.573
21
-127.723
0
LINE
8
BLACK
6
CONTINUOUS
10
139.573
20
-127.723
11
139.654
21
-127.669
0
LINE
8
BLACK
6
CONTINUOUS
10
139.654
20
-127.669
11
139.75
21
-127.65
0
LINE
8
BLACK
6
CONTINUOUS
10
139.75
20
-127.65
11
139.846
21
-127.669
0
LINE
8
BLACK
6
CONTINUOUS
10
133.358
20
-125.195
11
133.477
21
-125.272
0
LINE
8
BLACK
6
CONTINUOUS
10
133.477
20
-125.272
11
133.571
21
-125.38
0
LINE
8
BLACK
6
CONTINUOUS
10
133.571
20
-125.38
11
133.63
21
-125.509
0
LINE
8
BLACK
6
CONTINUOUS
10
133.63
20
-125.509
11
133.65
21
-125.65
0
LINE
8
BLACK
6
CONTINUOUS
10
133.65
20
-125.65
11
133.63
21
-125.791
0
LINE
8
BLACK
6
CONTINUOUS
10
133.63
20
-125.791
11
133.571
21
-125.92
0
LINE
8
BLACK
6
CONTINUOUS
10
133.571
20
-125.92
11
133.477
21
-126.028
0
LINE
8
BLACK
6
CONTINUOUS
10
133.477
20
-126.028
11
133.358
21
-126.105
0
LINE
8
BLACK
6
CONTINUOUS
10
133.358
20
-126.105
11
133.221
21
-126.145
0
LINE
8
BLACK
6
CONTINUOUS
10
133.221
20
-126.145
11
133.079
21
-126.145
0
LINE
8
BLACK
6
CONTINUOUS
10
133.079
20
-126.145
11
132.942
21
-126.105
0
LINE
8
BLACK
6
CONTINUOUS
10
132.942
20
-126.105
11
132.823
21
-126.028
0
LINE
8
BLACK
6
CONTINUOUS
10
132.823
20
-126.028
11
132.729
21
-125.92
0
LINE
8
BLACK
6
CONTINUOUS
10
132.729
20
-125.92
11
132.67
21
-125.791
0
LINE
8
BLACK
6
CONTINUOUS
10
132.67
20
-125.791
11
132.65
21
-125.65
0
LINE
8
BLACK
6
CONTINUOUS
10
132.65
20
-125.65
11
132.67
21
-125.509
0
LINE
8
BLACK
6
CONTINUOUS
10
132.67
20
-125.509
11
132.729
21
-125.38
0
LINE
8
BLACK
6
CONTINUOUS
10
132.729
20
-125.38
11
132.823
21
-125.272
0
LINE
8
BLACK
6
CONTINUOUS
10
132.823
20
-125.272
11
132.942
21
-125.195
0
LINE
8
BLACK
6
CONTINUOUS
10
132.942
20
-125.195
11
133.079
21
-125.155
0
LINE
8
BLACK
6
CONTINUOUS
10
133.079
20
-125.155
11
133.221
21
-125.155
0
LINE
8
BLACK
6
CONTINUOUS
10
133.221
20
-125.155
11
133.358
21
-125.195
0
LINE
8
BLACK
6
CONTINUOUS
10
176.846
20
-124.019
11
176.927
21
-124.073
0
LINE
8
BLACK
6
CONTINUOUS
10
176.927
20
-124.073
11
176.981
21
-124.154
0
LINE
8
BLACK
6
CONTINUOUS
10
176.981
20
-124.154
11
177
21
-124.25
0
LINE
8
BLACK
6
CONTINUOUS
10
177
20
-124.25
11
176.981
21
-124.346
0
LINE
8
BLACK
6
CONTINUOUS
10
176.981
20
-124.346
11
176.927
21
-124.427
0
LINE
8
BLACK
6
CONTINUOUS
10
176.927
20
-124.427
11
176.846
21
-124.481
0
LINE
8
BLACK
6
CONTINUOUS
10
176.846
20
-124.481
11
176.75
21
-124.5
0
LINE
8
BLACK
6
CONTINUOUS
10
176.75
20
-124.5
11
176.654
21
-124.481
0
LINE
8
BLACK
6
CONTINUOUS
10
176.654
20
-124.481
11
176.573
21
-124.427
0
LINE
8
BLACK
6
CONTINUOUS
10
176.573
20
-124.427
11
176.519
21
-124.346
0
LINE
8
BLACK
6
CONTINUOUS
10
176.519
20
-124.346
11
176.5
21
-124.25
0
LINE
8
BLACK
6
CONTINUOUS
10
176.5
20
-124.25
11
176.519
21
-124.154
0
LINE
8
BLACK
6
CONTINUOUS
10
176.519
20
-124.154
11
176.573
21
-124.073
0
LINE
8
BLACK
6
CONTINUOUS
10
176.573
20
-124.073
11
176.654
21
-124.019
0
LINE
8
BLACK
6
CONTINUOUS
10
176.654
20
-124.019
11
176.75
21
-124
0
LINE
8
BLACK
6
CONTINUOUS
10
176.75
20
-124
11
176.846
21
-124.019
0
LINE
8
BLACK
6
CONTINUOUS
10
153.446
20
-123.019
11
153.527
21
-123.073
0
LINE
8
BLACK
6
CONTINUOUS
10
153.527
20
-123.073
11
153.581
21
-123.154
0
LINE
8
BLACK
6
CONTINUOUS
10
153.581
20
-123.154
11
153.6
21
-123.25
0
LINE
8
BLACK
6
CONTINUOUS
10
153.6
20
-123.25
11
153.581
21
-123.346
0
LINE
8
BLACK
6
CONTINUOUS
10
153.581
20
-123.346
11
153.527
21
-123.427
0
LINE
8
BLACK
6
CONTINUOUS
10
153.527
20
-123.427
11
153.446
21
-123.481
0
LINE
8
BLACK
6
CONTINUOUS
10
153.446
20
-123.481
11
153.35
21
-123.5
0
LINE
8
BLACK
6
CONTINUOUS
10
153.35
20
-123.5
11
153.254
21
-123.481
0
LINE
8
BLACK
6
CONTINUOUS
10
153.254
20
-123.481
11
153.173
21
-123.427
0
LINE
8
BLACK
6
CONTINUOUS
10
153.173
20
-123.427
11
153.119
21
-123.346
0
LINE
8
BLACK
6
CONTINUOUS
10
153.119
20
-123.346
11
153.1
21
-123.25
0
LINE
8
BLACK
6
CONTINUOUS
10
153.1
20
-123.25
11
153.119
21
-123.154
0
LINE
8
BLACK
6
CONTINUOUS
10
153.119
20
-123.154
11
153.173
21
-123.073
0
LINE
8
BLACK
6
CONTINUOUS
10
153.173
20
-123.073
11
153.254
21
-123.019
0
LINE
8
BLACK
6
CONTINUOUS
10
153.254
20
-123.019
11
153.35
21
-123
0
LINE
8
BLACK
6
CONTINUOUS
10
153.35
20
-123
11
153.446
21
-123.019
0
LINE
8
BLACK
6
CONTINUOUS
10
154.471
20
-120.644
11
154.552
21
-120.698
0
LINE
8
BLACK
6
CONTINUOUS
10
154.552
20
-120.698
11
154.606
21
-120.779
0
LINE
8
BLACK
6
CONTINUOUS
10
154.606
20
-120.779
11
154.625
21
-120.875
0
LINE
8
BLACK
6
CONTINUOUS
10
154.625
20
-120.875
11
154.606
21
-120.971
0
LINE
8
BLACK
6
CONTINUOUS
10
154.606
20
-120.971
11
154.552
21
-121.052
0
LINE
8
BLACK
6
CONTINUOUS
10
154.552
20
-121.052
11
154.471
21
-121.106
0
LINE
8
BLACK
6
CONTINUOUS
10
154.471
20
-121.106
11
154.375
21
-121.125
0
LINE
8
BLACK
6
CONTINUOUS
10
154.375
20
-121.125
11
154.279
21
-121.106
0
LINE
8
BLACK
6
CONTINUOUS
10
154.279
20
-121.106
11
154.198
21
-121.052
0
LINE
8
BLACK
6
CONTINUOUS
10
154.198
20
-121.052
11
154.144
21
-120.971
0
LINE
8
BLACK
6
CONTINUOUS
10
154.144
20
-120.971
11
154.125
21
-120.875
0
LINE
8
BLACK
6
CONTINUOUS
10
154.125
20
-120.875
11
154.144
21
-120.779
0
LINE
8
BLACK
6
CONTINUOUS
10
154.144
20
-120.779
11
154.198
21
-120.698
0
LINE
8
BLACK
6
CONTINUOUS
10
154.198
20
-120.698
11
154.279
21
-120.644
0
LINE
8
BLACK
6
CONTINUOUS
10
154.279
20
-120.644
11
154.375
21
-120.625
0
LINE
8
BLACK
6
CONTINUOUS
10
154.375
20
-120.625
11
154.471
21
-120.644
0
LINE
8
BLACK
6
CONTINUOUS
10
174.316
20
-120.329
11
174.397
21
-120.383
0
LINE
8
BLACK
6
CONTINUOUS
10
174.397
20
-120.383
11
174.451
21
-120.464
0
LINE
8
BLACK
6
CONTINUOUS
10
174.451
20
-120.464
11
174.47
21
-120.56
0
LINE
8
BLACK
6
CONTINUOUS
10
174.47
20
-120.56
11
174.451
21
-120.656
0
LINE
8
BLACK
6
CONTINUOUS
10
174.451
20
-120.656
11
174.397
21
-120.737
0
LINE
8
BLACK
6
CONTINUOUS
10
174.397
20
-120.737
11
174.316
21
-120.791
0
LINE
8
BLACK
6
CONTINUOUS
10
174.316
20
-120.791
11
174.22
21
-120.81
0
LINE
8
BLACK
6
CONTINUOUS
10
174.22
20
-120.81
11
174.124
21
-120.791
0
LINE
8
BLACK
6
CONTINUOUS
10
174.124
20
-120.791
11
174.043
21
-120.737
0
LINE
8
BLACK
6
CONTINUOUS
10
174.043
20
-120.737
11
173.989
21
-120.656
0
LINE
8
BLACK
6
CONTINUOUS
10
173.989
20
-120.656
11
173.97
21
-120.56
0
LINE
8
BLACK
6
CONTINUOUS
10
173.97
20
-120.56
11
173.989
21
-120.464
0
LINE
8
BLACK
6
CONTINUOUS
10
173.989
20
-120.464
11
174.043
21
-120.383
0
LINE
8
BLACK
6
CONTINUOUS
10
174.043
20
-120.383
11
174.124
21
-120.329
0
LINE
8
BLACK
6
CONTINUOUS
10
174.124
20
-120.329
11
174.22
21
-120.31
0
LINE
8
BLACK
6
CONTINUOUS
10
174.22
20
-120.31
11
174.316
21
-120.329
0
LINE
8
BLACK
6
CONTINUOUS
10
174.306
20
-119.449
11
174.387
21
-119.503
0
LINE
8
BLACK
6
CONTINUOUS
10
174.387
20
-119.503
11
174.441
21
-119.584
0
LINE
8
BLACK
6
CONTINUOUS
10
174.441
20
-119.584
11
174.46
21
-119.68
0
LINE
8
BLACK
6
CONTINUOUS
10
174.46
20
-119.68
11
174.441
21
-119.776
0
LINE
8
BLACK
6
CONTINUOUS
10
174.441
20
-119.776
11
174.387
21
-119.857
0
LINE
8
BLACK
6
CONTINUOUS
10
174.387
20
-119.857
11
174.306
21
-119.911
0
LINE
8
BLACK
6
CONTINUOUS
10
174.306
20
-119.911
11
174.21
21
-119.93
0
LINE
8
BLACK
6
CONTINUOUS
10
174.21
20
-119.93
11
174.114
21
-119.911
0
LINE
8
BLACK
6
CONTINUOUS
10
174.114
20
-119.911
11
174.033
21
-119.857
0
LINE
8
BLACK
6
CONTINUOUS
10
174.033
20
-119.857
11
173.979
21
-119.776
0
LINE
8
BLACK
6
CONTINUOUS
10
173.979
20
-119.776
11
173.96
21
-119.68
0
LINE
8
BLACK
6
CONTINUOUS
10
173.96
20
-119.68
11
173.979
21
-119.584
0
LINE
8
BLACK
6
CONTINUOUS
10
173.979
20
-119.584
11
174.033
21
-119.503
0
LINE
8
BLACK
6
CONTINUOUS
10
174.033
20
-119.503
11
174.114
21
-119.449
0
LINE
8
BLACK
6
CONTINUOUS
10
174.114
20
-119.449
11
174.21
21
-119.43
0
LINE
8
BLACK
6
CONTINUOUS
10
174.21
20
-119.43
11
174.306
21
-119.449
0
LINE
8
BLACK
6
CONTINUOUS
10
174.296
20
-118.569
11
174.377
21
-118.623
0
LINE
8
BLACK
6
CONTINUOUS
10
174.377
20
-118.623
11
174.431
21
-118.704
0
LINE
8
BLACK
6
CONTINUOUS
10
174.431
20
-118.704
11
174.45
21
-118.8
0
LINE
8
BLACK
6
CONTINUOUS
10
174.45
20
-118.8
11
174.431
21
-118.896
0
LINE
8
BLACK
6
CONTINUOUS
10
174.431
20
-118.896
11
174.377
21
-118.977
0
LINE
8
BLACK
6
CONTINUOUS
10
174.377
20
-118.977
11
174.296
21
-119.031
0
LINE
8
BLACK
6
CONTINUOUS
10
174.296
20
-119.031
11
174.2
21
-119.05
0
LINE
8
BLACK
6
CONTINUOUS
10
174.2
20
-119.05
11
174.104
21
-119.031
0
LINE
8
BLACK
6
CONTINUOUS
10
174.104
20
-119.031
11
174.023
21
-118.977
0
LINE
8
BLACK
6
CONTINUOUS
10
174.023
20
-118.977
11
173.969
21
-118.896
0
LINE
8
BLACK
6
CONTINUOUS
10
173.969
20
-118.896
11
173.95
21
-118.8
0
LINE
8
BLACK
6
CONTINUOUS
10
173.95
20
-118.8
11
173.969
21
-118.704
0
LINE
8
BLACK
6
CONTINUOUS
10
173.969
20
-118.704
11
174.023
21
-118.623
0
LINE
8
BLACK
6
CONTINUOUS
10
174.023
20
-118.623
11
174.104
21
-118.569
0
LINE
8
BLACK
6
CONTINUOUS
10
174.104
20
-118.569
11
174.2
21
-118.55
0
LINE
8
BLACK
6
CONTINUOUS
10
174.2
20
-118.55
11
174.296
21
-118.569
0
LINE
8
BLACK
6
CONTINUOUS
10
177.016
20
-119.289
11
177.097
21
-119.343
0
LINE
8
BLACK
6
CONTINUOUS
10
177.097
20
-119.343
11
177.151
21
-119.424
0
LINE
8
BLACK
6
CONTINUOUS
10
177.151
20
-119.424
11
177.17
21
-119.52
0
LINE
8
BLACK
6
CONTINUOUS
10
177.17
20
-119.52
11
177.151
21
-119.616
0
LINE
8
BLACK
6
CONTINUOUS
10
177.151
20
-119.616
11
177.097
21
-119.697
0
LINE
8
BLACK
6
CONTINUOUS
10
177.097
20
-119.697
11
177.016
21
-119.751
0
LINE
8
BLACK
6
CONTINUOUS
10
177.016
20
-119.751
11
176.92
21
-119.77
0
LINE
8
BLACK
6
CONTINUOUS
10
176.92
20
-119.77
11
176.824
21
-119.751
0
LINE
8
BLACK
6
CONTINUOUS
10
176.824
20
-119.751
11
176.743
21
-119.697
0
LINE
8
BLACK
6
CONTINUOUS
10
176.743
20
-119.697
11
176.689
21
-119.616
0
LINE
8
BLACK
6
CONTINUOUS
10
176.689
20
-119.616
11
176.67
21
-119.52
0
LINE
8
BLACK
6
CONTINUOUS
10
176.67
20
-119.52
11
176.689
21
-119.424
0
LINE
8
BLACK
6
CONTINUOUS
10
176.689
20
-119.424
11
176.743
21
-119.343
0
LINE
8
BLACK
6
CONTINUOUS
10
176.743
20
-119.343
11
176.824
21
-119.289
0
LINE
8
BLACK
6
CONTINUOUS
10
176.824
20
-119.289
11
176.92
21
-119.27
0
LINE
8
BLACK
6
CONTINUOUS
10
176.92
20
-119.27
11
177.016
21
-119.289
0
LINE
8
BLACK
6
CONTINUOUS
10
140.458
20
-117.495
11
140.577
21
-117.572
0
LINE
8
BLACK
6
CONTINUOUS
10
140.577
20
-117.572
11
140.671
21
-117.68
0
LINE
8
BLACK
6
CONTINUOUS
10
140.671
20
-117.68
11
140.73
21
-117.809
0
LINE
8
BLACK
6
CONTINUOUS
10
140.73
20
-117.809
11
140.75
21
-117.95
0
LINE
8
BLACK
6
CONTINUOUS
10
140.75
20
-117.95
11
140.73
21
-118.091
0
LINE
8
BLACK
6
CONTINUOUS
10
140.73
20
-118.091
11
140.671
21
-118.22
0
LINE
8
BLACK
6
CONTINUOUS
10
140.671
20
-118.22
11
140.577
21
-118.328
0
LINE
8
BLACK
6
CONTINUOUS
10
140.577
20
-118.328
11
140.458
21
-118.405
0
LINE
8
BLACK
6
CONTINUOUS
10
140.458
20
-118.405
11
140.321
21
-118.445
0
LINE
8
BLACK
6
CONTINUOUS
10
140.321
20
-118.445
11
140.179
21
-118.445
0
LINE
8
BLACK
6
CONTINUOUS
10
140.179
20
-118.445
11
140.042
21
-118.405
0
LINE
8
BLACK
6
CONTINUOUS
10
140.042
20
-118.405
11
139.923
21
-118.328
0
LINE
8
BLACK
6
CONTINUOUS
10
139.923
20
-118.328
11
139.829
21
-118.22
0
LINE
8
BLACK
6
CONTINUOUS
10
139.829
20
-118.22
11
139.77
21
-118.091
0
LINE
8
BLACK
6
CONTINUOUS
10
139.77
20
-118.091
11
139.75
21
-117.95
0
LINE
8
BLACK
6
CONTINUOUS
10
139.75
20
-117.95
11
139.77
21
-117.809
0
LINE
8
BLACK
6
CONTINUOUS
10
139.77
20
-117.809
11
139.829
21
-117.68
0
LINE
8
BLACK
6
CONTINUOUS
10
139.829
20
-117.68
11
139.923
21
-117.572
0
LINE
8
BLACK
6
CONTINUOUS
10
139.923
20
-117.572
11
140.042
21
-117.495
0
LINE
8
BLACK
6
CONTINUOUS
10
140.042
20
-117.495
11
140.179
21
-117.455
0
LINE
8
BLACK
6
CONTINUOUS
10
140.179
20
-117.455
11
140.321
21
-117.455
0
LINE
8
BLACK
6
CONTINUOUS
10
140.321
20
-117.455
11
140.458
21
-117.495
0
LINE
8
BLACK
6
CONTINUOUS
10
140.458
20
-115.945
11
140.577
21
-116.022
0
LINE
8
BLACK
6
CONTINUOUS
10
140.577
20
-116.022
11
140.671
21
-116.13
0
LINE
8
BLACK
6
CONTINUOUS
10
140.671
20
-116.13
11
140.73
21
-116.259
0
LINE
8
BLACK
6
CONTINUOUS
10
140.73
20
-116.259
11
140.75
21
-116.4
0
LINE
8
BLACK
6
CONTINUOUS
10
140.75
20
-116.4
11
140.73
21
-116.541
0
LINE
8
BLACK
6
CONTINUOUS
10
140.73
20
-116.541
11
140.671
21
-116.67
0
LINE
8
BLACK
6
CONTINUOUS
10
140.671
20
-116.67
11
140.577
21
-116.778
0
LINE
8
BLACK
6
CONTINUOUS
10
140.577
20
-116.778
11
140.458
21
-116.855
0
LINE
8
BLACK
6
CONTINUOUS
10
140.458
20
-116.855
11
140.321
21
-116.895
0
LINE
8
BLACK
6
CONTINUOUS
10
140.321
20
-116.895
11
140.179
21
-116.895
0
LINE
8
BLACK
6
CONTINUOUS
10
140.179
20
-116.895
11
140.042
21
-116.855
0
LINE
8
BLACK
6
CONTINUOUS
10
140.042
20
-116.855
11
139.923
21
-116.778
0
LINE
8
BLACK
6
CONTINUOUS
10
139.923
20
-116.778
11
139.829
21
-116.67
0
LINE
8
BLACK
6
CONTINUOUS
10
139.829
20
-116.67
11
139.77
21
-116.541
0
LINE
8
BLACK
6
CONTINUOUS
10
139.77
20
-116.541
11
139.75
21
-116.4
0
LINE
8
BLACK
6
CONTINUOUS
10
139.75
20
-116.4
11
139.77
21
-116.259
0
LINE
8
BLACK
6
CONTINUOUS
10
139.77
20
-116.259
11
139.829
21
-116.13
0
LINE
8
BLACK
6
CONTINUOUS
10
139.829
20
-116.13
11
139.923
21
-116.022
0
LINE
8
BLACK
6
CONTINUOUS
10
139.923
20
-116.022
11
140.042
21
-115.945
0
LINE
8
BLACK
6
CONTINUOUS
10
140.042
20
-115.945
11
140.179
21
-115.905
0
LINE
8
BLACK
6
CONTINUOUS
10
140.179
20
-115.905
11
140.321
21
-115.905
0
LINE
8
BLACK
6
CONTINUOUS
10
140.321
20
-115.905
11
140.458
21
-115.945
0
LINE
8
BLACK
6
CONTINUOUS
10
135.396
20
-116.919
11
135.477
21
-116.973
0
LINE
8
BLACK
6
CONTINUOUS
10
135.477
20
-116.973
11
135.531
21
-117.054
0
LINE
8
BLACK
6
CONTINUOUS
10
135.531
20
-117.054
11
135.55
21
-117.15
0
LINE
8
BLACK
6
CONTINUOUS
10
135.55
20
-117.15
11
135.531
21
-117.246
0
LINE
8
BLACK
6
CONTINUOUS
10
135.531
20
-117.246
11
135.477
21
-117.327
0
LINE
8
BLACK
6
CONTINUOUS
10
135.477
20
-117.327
11
135.396
21
-117.381
0
LINE
8
BLACK
6
CONTINUOUS
10
135.396
20
-117.381
11
135.3
21
-117.4
0
LINE
8
BLACK
6
CONTINUOUS
10
135.3
20
-117.4
11
135.204
21
-117.381
0
LINE
8
BLACK
6
CONTINUOUS
10
135.204
20
-117.381
11
135.123
21
-117.327
0
LINE
8
BLACK
6
CONTINUOUS
10
135.123
20
-117.327
11
135.069
21
-117.246
0
LINE
8
BLACK
6
CONTINUOUS
10
135.069
20
-117.246
11
135.05
21
-117.15
0
LINE
8
BLACK
6
CONTINUOUS
10
135.05
20
-117.15
11
135.069
21
-117.054
0
LINE
8
BLACK
6
CONTINUOUS
10
135.069
20
-117.054
11
135.123
21
-116.973
0
LINE
8
BLACK
6
CONTINUOUS
10
135.123
20
-116.973
11
135.204
21
-116.919
0
LINE
8
BLACK
6
CONTINUOUS
10
135.204
20
-116.919
11
135.3
21
-116.9
0
LINE
8
BLACK
6
CONTINUOUS
10
135.3
20
-116.9
11
135.396
21
-116.919
0
LINE
8
BLACK
6
CONTINUOUS
10
147.445
20
-115.019
11
147.633
21
-115.076
0
LINE
8
BLACK
6
CONTINUOUS
10
147.633
20
-115.076
11
147.806
21
-115.169
0
LINE
8
BLACK
6
CONTINUOUS
10
147.806
20
-115.169
11
147.957
21
-115.293
0
LINE
8
BLACK
6
CONTINUOUS
10
147.957
20
-115.293
11
148.081
21
-115.444
0
LINE
8
BLACK
6
CONTINUOUS
10
148.081
20
-115.444
11
148.174
21
-115.617
0
LINE
8
BLACK
6
CONTINUOUS
10
148.174
20
-115.617
11
148.231
21
-115.805
0
LINE
8
BLACK
6
CONTINUOUS
10
148.231
20
-115.805
11
148.25
21
-116
0
LINE
8
BLACK
6
CONTINUOUS
10
148.25
20
-116
11
148.231
21
-116.195
0
LINE
8
BLACK
6
CONTINUOUS
10
148.231
20
-116.195
11
148.174
21
-116.383
0
LINE
8
BLACK
6
CONTINUOUS
10
148.174
20
-116.383
11
148.081
21
-116.556
0
LINE
8
BLACK
6
CONTINUOUS
10
148.081
20
-116.556
11
147.957
21
-116.707
0
LINE
8
BLACK
6
CONTINUOUS
10
147.957
20
-116.707
11
147.806
21
-116.831
0
LINE
8
BLACK
6
CONTINUOUS
10
147.806
20
-116.831
11
147.633
21
-116.924
0
LINE
8
BLACK
6
CONTINUOUS
10
147.633
20
-116.924
11
147.445
21
-116.981
0
LINE
8
BLACK
6
CONTINUOUS
10
147.445
20
-116.981
11
147.25
21
-117
0
LINE
8
BLACK
6
CONTINUOUS
10
147.25
20
-117
11
147.055
21
-116.981
0
LINE
8
BLACK
6
CONTINUOUS
10
147.055
20
-116.981
11
146.867
21
-116.924
0
LINE
8
BLACK
6
CONTINUOUS
10
146.867
20
-116.924
11
146.694
21
-116.831
0
LINE
8
BLACK
6
CONTINUOUS
10
146.694
20
-116.831
11
146.543
21
-116.707
0
LINE
8
BLACK
6
CONTINUOUS
10
146.543
20
-116.707
11
146.419
21
-116.556
0
LINE
8
BLACK
6
CONTINUOUS
10
146.419
20
-116.556
11
146.326
21
-116.383
0
LINE
8
BLACK
6
CONTINUOUS
10
146.326
20
-116.383
11
146.269
21
-116.195
0
LINE
8
BLACK
6
CONTINUOUS
10
146.269
20
-116.195
11
146.25
21
-116
0
LINE
8
BLACK
6
CONTINUOUS
10
146.25
20
-116
11
146.269
21
-115.805
0
LINE
8
BLACK
6
CONTINUOUS
10
146.269
20
-115.805
11
146.326
21
-115.617
0
LINE
8
BLACK
6
CONTINUOUS
10
146.326
20
-115.617
11
146.419
21
-115.444
0
LINE
8
BLACK
6
CONTINUOUS
10
146.419
20
-115.444
11
146.543
21
-115.293
0
LINE
8
BLACK
6
CONTINUOUS
10
146.543
20
-115.293
11
146.694
21
-115.169
0
LINE
8
BLACK
6
CONTINUOUS
10
146.694
20
-115.169
11
146.867
21
-115.076
0
LINE
8
BLACK
6
CONTINUOUS
10
146.867
20
-115.076
11
147.055
21
-115.019
0
LINE
8
BLACK
6
CONTINUOUS
10
147.055
20
-115.019
11
147.25
21
-115
0
LINE
8
BLACK
6
CONTINUOUS
10
147.25
20
-115
11
147.445
21
-115.019
0
LINE
8
BLACK
6
CONTINUOUS
10
119.321
20
-114.019
11
119.402
21
-114.073
0
LINE
8
BLACK
6
CONTINUOUS
10
119.402
20
-114.073
11
119.456
21
-114.154
0
LINE
8
BLACK
6
CONTINUOUS
10
119.456
20
-114.154
11
119.475
21
-114.25
0
LINE
8
BLACK
6
CONTINUOUS
10
119.475
20
-114.25
11
119.456
21
-114.346
0
LINE
8
BLACK
6
CONTINUOUS
10
119.456
20
-114.346
11
119.402
21
-114.427
0
LINE
8
BLACK
6
CONTINUOUS
10
119.402
20
-114.427
11
119.321
21
-114.481
0
LINE
8
BLACK
6
CONTINUOUS
10
119.321
20
-114.481
11
119.225
21
-114.5
0
LINE
8
BLACK
6
CONTINUOUS
10
119.225
20
-114.5
11
119.129
21
-114.481
0
LINE
8
BLACK
6
CONTINUOUS
10
119.129
20
-114.481
11
119.048
21
-114.427
0
LINE
8
BLACK
6
CONTINUOUS
10
119.048
20
-114.427
11
118.994
21
-114.346
0
LINE
8
BLACK
6
CONTINUOUS
10
118.994
20
-114.346
11
118.975
21
-114.25
0
LINE
8
BLACK
6
CONTINUOUS
10
118.975
20
-114.25
11
118.994
21
-114.154
0
LINE
8
BLACK
6
CONTINUOUS
10
118.994
20
-114.154
11
119.048
21
-114.073
0
LINE
8
BLACK
6
CONTINUOUS
10
119.048
20
-114.073
11
119.129
21
-114.019
0
LINE
8
BLACK
6
CONTINUOUS
10
119.129
20
-114.019
11
119.225
21
-114
0
LINE
8
BLACK
6
CONTINUOUS
10
119.225
20
-114
11
119.321
21
-114.019
0
LINE
8
BLACK
6
CONTINUOUS
10
122.196
20
-114.069
11
122.277
21
-114.123
0
LINE
8
BLACK
6
CONTINUOUS
10
122.277
20
-114.123
11
122.331
21
-114.204
0
LINE
8
BLACK
6
CONTINUOUS
10
122.331
20
-114.204
11
122.35
21
-114.3
0
LINE
8
BLACK
6
CONTINUOUS
10
122.35
20
-114.3
11
122.331
21
-114.396
0
LINE
8
BLACK
6
CONTINUOUS
10
122.331
20
-114.396
11
122.277
21
-114.477
0
LINE
8
BLACK
6
CONTINUOUS
10
122.277
20
-114.477
11
122.196
21
-114.531
0
LINE
8
BLACK
6
CONTINUOUS
10
122.196
20
-114.531
11
122.1
21
-114.55
0
LINE
8
BLACK
6
CONTINUOUS
10
122.1
20
-114.55
11
122.004
21
-114.531
0
LINE
8
BLACK
6
CONTINUOUS
10
122.004
20
-114.531
11
121.923
21
-114.477
0
LINE
8
BLACK
6
CONTINUOUS
10
121.923
20
-114.477
11
121.869
21
-114.396
0
LINE
8
BLACK
6
CONTINUOUS
10
121.869
20
-114.396
11
121.85
21
-114.3
0
LINE
8
BLACK
6
CONTINUOUS
10
121.85
20
-114.3
11
121.869
21
-114.204
0
LINE
8
BLACK
6
CONTINUOUS
10
121.869
20
-114.204
11
121.923
21
-114.123
0
LINE
8
BLACK
6
CONTINUOUS
10
121.923
20
-114.123
11
122.004
21
-114.069
0
LINE
8
BLACK
6
CONTINUOUS
10
122.004
20
-114.069
11
122.1
21
-114.05
0
LINE
8
BLACK
6
CONTINUOUS
10
122.1
20
-114.05
11
122.196
21
-114.069
0
LINE
8
BLACK
6
CONTINUOUS
10
131.066
20
-111.709
11
131.147
21
-111.764
0
LINE
8
BLACK
6
CONTINUOUS
10
131.147
20
-111.764
11
131.201
21
-111.845
0
LINE
8
BLACK
6
CONTINUOUS
10
131.201
20
-111.845
11
131.22
21
-111.94
0
LINE
8
BLACK
6
CONTINUOUS
10
131.22
20
-111.94
11
131.201
21
-112.036
0
LINE
8
BLACK
6
CONTINUOUS
10
131.201
20
-112.036
11
131.147
21
-112.117
0
LINE
8
BLACK
6
CONTINUOUS
10
131.147
20
-112.117
11
131.066
21
-112.171
0
LINE
8
BLACK
6
CONTINUOUS
10
131.066
20
-112.171
11
130.97
21
-112.19
0
LINE
8
BLACK
6
CONTINUOUS
10
130.97
20
-112.19
11
130.875
21
-112.171
0
LINE
8
BLACK
6
CONTINUOUS
10
130.875
20
-112.171
11
130.793
21
-112.117
0
LINE
8
BLACK
6
CONTINUOUS
10
130.793
20
-112.117
11
130.739
21
-112.036
0
LINE
8
BLACK
6
CONTINUOUS
10
130.739
20
-112.036
11
130.72
21
-111.94
0
LINE
8
BLACK
6
CONTINUOUS
10
130.72
20
-111.94
11
130.739
21
-111.845
0
LINE
8
BLACK
6
CONTINUOUS
10
130.739
20
-111.845
11
130.793
21
-111.764
0
LINE
8
BLACK
6
CONTINUOUS
10
130.793
20
-111.764
11
130.875
21
-111.709
0
LINE
8
BLACK
6
CONTINUOUS
10
130.875
20
-111.709
11
130.97
21
-111.69
0
LINE
8
BLACK
6
CONTINUOUS
10
130.97
20
-111.69
11
131.066
21
-111.709
0
LINE
8
BLACK
6
CONTINUOUS
10
141.536
20
-111.099
11
141.617
21
-111.153
0
LINE
8
BLACK
6
CONTINUOUS
10
141.617
20
-111.153
11
141.671
21
-111.234
0
LINE
8
BLACK
6
CONTINUOUS
10
141.671
20
-111.234
11
141.69
21
-111.33
0
LINE
8
BLACK
6
CONTINUOUS
10
141.69
20
-111.33
11
141.671
21
-111.426
0
LINE
8
BLACK
6
CONTINUOUS
10
141.671
20
-111.426
11
141.617
21
-111.507
0
LINE
8
BLACK
6
CONTINUOUS
10
141.617
20
-111.507
11
141.536
21
-111.561
0
LINE
8
BLACK
6
CONTINUOUS
10
141.536
20
-111.561
11
141.44
21
-111.58
0
LINE
8
BLACK
6
CONTINUOUS
10
141.44
20
-111.58
11
141.344
21
-111.561
0
LINE
8
BLACK
6
CONTINUOUS
10
141.344
20
-111.561
11
141.263
21
-111.507
0
LINE
8
BLACK
6
CONTINUOUS
10
141.263
20
-111.507
11
141.209
21
-111.426
0
LINE
8
BLACK
6
CONTINUOUS
10
141.209
20
-111.426
11
141.19
21
-111.33
0
LINE
8
BLACK
6
CONTINUOUS
10
141.19
20
-111.33
11
141.209
21
-111.234
0
LINE
8
BLACK
6
CONTINUOUS
10
141.209
20
-111.234
11
141.263
21
-111.153
0
LINE
8
BLACK
6
CONTINUOUS
10
141.263
20
-111.153
11
141.344
21
-111.099
0
LINE
8
BLACK
6
CONTINUOUS
10
141.344
20
-111.099
11
141.44
21
-111.08
0
LINE
8
BLACK
6
CONTINUOUS
10
141.44
20
-111.08
11
141.536
21
-111.099
0
LINE
8
BLACK
6
CONTINUOUS
10
176.896
20
-110.019
11
176.977
21
-110.073
0
LINE
8
BLACK
6
CONTINUOUS
10
176.977
20
-110.073
11
177.031
21
-110.154
0
LINE
8
BLACK
6
CONTINUOUS
10
177.031
20
-110.154
11
177.05
21
-110.25
0
LINE
8
BLACK
6
CONTINUOUS
10
177.05
20
-110.25
11
177.031
21
-110.346
0
LINE
8
BLACK
6
CONTINUOUS
10
177.031
20
-110.346
11
176.977
21
-110.427
0
LINE
8
BLACK
6
CONTINUOUS
10
176.977
20
-110.427
11
176.896
21
-110.481
0
LINE
8
BLACK
6
CONTINUOUS
10
176.896
20
-110.481
11
176.8
21
-110.5
0
LINE
8
BLACK
6
CONTINUOUS
10
176.8
20
-110.5
11
176.704
21
-110.481
0
LINE
8
BLACK
6
CONTINUOUS
10
176.704
20
-110.481
11
176.623
21
-110.427
0
LINE
8
BLACK
6
CONTINUOUS
10
176.623
20
-110.427
11
176.569
21
-110.346
0
LINE
8
BLACK
6
CONTINUOUS
10
176.569
20
-110.346
11
176.55
21
-110.25
0
LINE
8
BLACK
6
CONTINUOUS
10
176.55
20
-110.25
11
176.569
21
-110.154
0
LINE
8
BLACK
6
CONTINUOUS
10
176.569
20
-110.154
11
176.623
21
-110.073
0
LINE
8
BLACK
6
CONTINUOUS
10
176.623
20
-110.073
11
176.704
21
-110.019
0
LINE
8
BLACK
6
CONTINUOUS
10
176.704
20
-110.019
11
176.8
21
-110
0
LINE
8
BLACK
6
CONTINUOUS
10
176.8
20
-110
11
176.896
21
-110.019
0
LINE
8
BLACK
6
CONTINUOUS
10
156.771
20
-107.094
11
156.852
21
-107.148
0
LINE
8
BLACK
6
CONTINUOUS
10
156.852
20
-107.148
11
156.906
21
-107.229
0
LINE
8
BLACK
6
CONTINUOUS
10
156.906
20
-107.229
11
156.925
21
-107.325
0
LINE
8
BLACK
6
CONTINUOUS
10
156.925
20
-107.325
11
156.906
21
-107.421
0
LINE
8
BLACK
6
CONTINUOUS
10
156.906
20
-107.421
11
156.852
21
-107.502
0
LINE
8
BLACK
6
CONTINUOUS
10
156.852
20
-107.502
11
156.771
21
-107.556
0
LINE
8
BLACK
6
CONTINUOUS
10
156.771
20
-107.556
11
156.675
21
-107.575
0
LINE
8
BLACK
6
CONTINUOUS
10
156.675
20
-107.575
11
156.579
21
-107.556
0
LINE
8
BLACK
6
CONTINUOUS
10
156.579
20
-107.556
11
156.498
21
-107.502
0
LINE
8
BLACK
6
CONTINUOUS
10
156.498
20
-107.502
11
156.444
21
-107.421
0
LINE
8
BLACK
6
CONTINUOUS
10
156.444
20
-107.421
11
156.425
21
-107.325
0
LINE
8
BLACK
6
CONTINUOUS
10
156.425
20
-107.325
11
156.444
21
-107.229
0
LINE
8
BLACK
6
CONTINUOUS
10
156.444
20
-107.229
11
156.498
21
-107.148
0
LINE
8
BLACK
6
CONTINUOUS
10
156.498
20
-107.148
11
156.579
21
-107.094
0
LINE
8
BLACK
6
CONTINUOUS
10
156.579
20
-107.094
11
156.675
21
-107.075
0
LINE
8
BLACK
6
CONTINUOUS
10
156.675
20
-107.075
11
156.771
21
-107.094
0
LINE
8
BLACK
6
CONTINUOUS
10
125.946
20
-105.319
11
126.027
21
-105.373
0
LINE
8
BLACK
6
CONTINUOUS
10
126.027
20
-105.373
11
126.081
21
-105.454
0
LINE
8
BLACK
6
CONTINUOUS
10
126.081
20
-105.454
11
126.1
21
-105.55
0
LINE
8
BLACK
6
CONTINUOUS
10
126.1
20
-105.55
11
126.081
21
-105.646
0
LINE
8
BLACK
6
CONTINUOUS
10
126.081
20
-105.646
11
126.027
21
-105.727
0
LINE
8
BLACK
6
CONTINUOUS
10
126.027
20
-105.727
11
125.946
21
-105.781
0
LINE
8
BLACK
6
CONTINUOUS
10
125.946
20
-105.781
11
125.85
21
-105.8
0
LINE
8
BLACK
6
CONTINUOUS
10
125.85
20
-105.8
11
125.754
21
-105.781
0
LINE
8
BLACK
6
CONTINUOUS
10
125.754
20
-105.781
11
125.673
21
-105.727
0
LINE
8
BLACK
6
CONTINUOUS
10
125.673
20
-105.727
11
125.619
21
-105.646
0
LINE
8
BLACK
6
CONTINUOUS
10
125.619
20
-105.646
11
125.6
21
-105.55
0
LINE
8
BLACK
6
CONTINUOUS
10
125.6
20
-105.55
11
125.619
21
-105.454
0
LINE
8
BLACK
6
CONTINUOUS
10
125.619
20
-105.454
11
125.673
21
-105.373
0
LINE
8
BLACK
6
CONTINUOUS
10
125.673
20
-105.373
11
125.754
21
-105.319
0
LINE
8
BLACK
6
CONTINUOUS
10
125.754
20
-105.319
11
125.85
21
-105.3
0
LINE
8
BLACK
6
CONTINUOUS
10
125.85
20
-105.3
11
125.946
21
-105.319
0
LINE
8
BLACK
6
CONTINUOUS
10
166.721
20
-105.381
11
166.802
21
-105.436
0
LINE
8
BLACK
6
CONTINUOUS
10
166.802
20
-105.436
11
166.856
21
-105.517
0
LINE
8
BLACK
6
CONTINUOUS
10
166.856
20
-105.517
11
166.875
21
-105.612
0
LINE
8
BLACK
6
CONTINUOUS
10
166.875
20
-105.612
11
166.856
21
-105.708
0
LINE
8
BLACK
6
CONTINUOUS
10
166.856
20
-105.708
11
166.802
21
-105.789
0
LINE
8
BLACK
6
CONTINUOUS
10
166.802
20
-105.789
11
166.721
21
-105.843
0
LINE
8
BLACK
6
CONTINUOUS
10
166.721
20
-105.843
11
166.625
21
-105.862
0
LINE
8
BLACK
6
CONTINUOUS
10
166.625
20
-105.862
11
166.529
21
-105.843
0
LINE
8
BLACK
6
CONTINUOUS
10
166.529
20
-105.843
11
166.448
21
-105.789
0
LINE
8
BLACK
6
CONTINUOUS
10
166.448
20
-105.789
11
166.394
21
-105.708
0
LINE
8
BLACK
6
CONTINUOUS
10
166.394
20
-105.708
11
166.375
21
-105.612
0
LINE
8
BLACK
6
CONTINUOUS
10
166.375
20
-105.612
11
166.394
21
-105.517
0
LINE
8
BLACK
6
CONTINUOUS
10
166.394
20
-105.517
11
166.448
21
-105.436
0
LINE
8
BLACK
6
CONTINUOUS
10
166.448
20
-105.436
11
166.529
21
-105.381
0
LINE
8
BLACK
6
CONTINUOUS
10
166.529
20
-105.381
11
166.625
21
-105.362
0
LINE
8
BLACK
6
CONTINUOUS
10
166.625
20
-105.362
11
166.721
21
-105.381
0
LINE
8
BLACK
6
CONTINUOUS
10
134.116
20
-105.379
11
134.197
21
-105.433
0
LINE
8
BLACK
6
CONTINUOUS
10
134.197
20
-105.433
11
134.251
21
-105.514
0
LINE
8
BLACK
6
CONTINUOUS
10
134.251
20
-105.514
11
134.27
21
-105.61
0
LINE
8
BLACK
6
CONTINUOUS
10
134.27
20
-105.61
11
134.251
21
-105.706
0
LINE
8
BLACK
6
CONTINUOUS
10
134.251
20
-105.706
11
134.197
21
-105.787
0
LINE
8
BLACK
6
CONTINUOUS
10
134.197
20
-105.787
11
134.116
21
-105.841
0
LINE
8
BLACK
6
CONTINUOUS
10
134.116
20
-105.841
11
134.02
21
-105.86
0
LINE
8
BLACK
6
CONTINUOUS
10
134.02
20
-105.86
11
133.924
21
-105.841
0
LINE
8
BLACK
6
CONTINUOUS
10
133.924
20
-105.841
11
133.843
21
-105.787
0
LINE
8
BLACK
6
CONTINUOUS
10
133.843
20
-105.787
11
133.789
21
-105.706
0
LINE
8
BLACK
6
CONTINUOUS
10
133.789
20
-105.706
11
133.77
21
-105.61
0
LINE
8
BLACK
6
CONTINUOUS
10
133.77
20
-105.61
11
133.789
21
-105.514
0
LINE
8
BLACK
6
CONTINUOUS
10
133.789
20
-105.514
11
133.843
21
-105.433
0
LINE
8
BLACK
6
CONTINUOUS
10
133.843
20
-105.433
11
133.924
21
-105.379
0
LINE
8
BLACK
6
CONTINUOUS
10
133.924
20
-105.379
11
134.02
21
-105.36
0
LINE
8
BLACK
6
CONTINUOUS
10
134.02
20
-105.36
11
134.116
21
-105.379
0
LINE
8
BLACK
6
CONTINUOUS
10
132.146
20
-105.369
11
132.227
21
-105.423
0
LINE
8
BLACK
6
CONTINUOUS
10
132.227
20
-105.423
11
132.281
21
-105.504
0
LINE
8
BLACK
6
CONTINUOUS
10
132.281
20
-105.504
11
132.3
21
-105.6
0
LINE
8
BLACK
6
CONTINUOUS
10
132.3
20
-105.6
11
132.281
21
-105.696
0
LINE
8
BLACK
6
CONTINUOUS
10
132.281
20
-105.696
11
132.227
21
-105.777
0
LINE
8
BLACK
6
CONTINUOUS
10
132.227
20
-105.777
11
132.146
21
-105.831
0
LINE
8
BLACK
6
CONTINUOUS
10
132.146
20
-105.831
11
132.05
21
-105.85
0
LINE
8
BLACK
6
CONTINUOUS
10
132.05
20
-105.85
11
131.954
21
-105.831
0
LINE
8
BLACK
6
CONTINUOUS
10
131.954
20
-105.831
11
131.873
21
-105.777
0
LINE
8
BLACK
6
CONTINUOUS
10
131.873
20
-105.777
11
131.819
21
-105.696
0
LINE
8
BLACK
6
CONTINUOUS
10
131.819
20
-105.696
11
131.8
21
-105.6
0
LINE
8
BLACK
6
CONTINUOUS
10
131.8
20
-105.6
11
131.819
21
-105.504
0
LINE
8
BLACK
6
CONTINUOUS
10
131.819
20
-105.504
11
131.873
21
-105.423
0
LINE
8
BLACK
6
CONTINUOUS
10
131.873
20
-105.423
11
131.954
21
-105.369
0
LINE
8
BLACK
6
CONTINUOUS
10
131.954
20
-105.369
11
132.05
21
-105.35
0
LINE
8
BLACK
6
CONTINUOUS
10
132.05
20
-105.35
11
132.146
21
-105.369
0
LINE
8
BLACK
6
CONTINUOUS
10
110.274
20
-104.22
11
110.443
21
-104.279
0
LINE
8
BLACK
6
CONTINUOUS
10
110.443
20
-104.279
11
110.594
21
-104.374
0
LINE
8
BLACK
6
CONTINUOUS
10
110.594
20
-104.374
11
110.721
21
-104.501
0
LINE
8
BLACK
6
CONTINUOUS
10
110.721
20
-104.501
11
110.816
21
-104.653
0
LINE
8
BLACK
6
CONTINUOUS
10
110.816
20
-104.653
11
110.876
21
-104.822
0
LINE
8
BLACK
6
CONTINUOUS
10
110.876
20
-104.822
11
110.896
21
-105
0
LINE
8
BLACK
6
CONTINUOUS
10
110.896
20
-105
11
110.876
21
-105.178
0
LINE
8
BLACK
6
CONTINUOUS
10
110.876
20
-105.178
11
110.816
21
-105.347
0
LINE
8
BLACK
6
CONTINUOUS
10
110.816
20
-105.347
11
110.721
21
-105.499
0
LINE
8
BLACK
6
CONTINUOUS
10
110.721
20
-105.499
11
110.594
21
-105.626
0
LINE
8
BLACK
6
CONTINUOUS
10
110.594
20
-105.626
11
110.443
21
-105.721
0
LINE
8
BLACK
6
CONTINUOUS
10
110.443
20
-105.721
11
110.274
21
-105.78
0
LINE
8
BLACK
6
CONTINUOUS
10
110.274
20
-105.78
11
110.096
21
-105.8
0
LINE
8
BLACK
6
CONTINUOUS
10
110.096
20
-105.8
11
109.918
21
-105.78
0
LINE
8
BLACK
6
CONTINUOUS
10
109.918
20
-105.78
11
109.748
21
-105.721
0
LINE
8
BLACK
6
CONTINUOUS
10
109.748
20
-105.721
11
109.597
21
-105.626
0
LINE
8
BLACK
6
CONTINUOUS
10
109.597
20
-105.626
11
109.47
21
-105.499
0
LINE
8
BLACK
6
CONTINUOUS
10
109.47
20
-105.499
11
109.375
21
-105.347
0
LINE
8
BLACK
6
CONTINUOUS
10
109.375
20
-105.347
11
109.316
21
-105.178
0
LINE
8
BLACK
6
CONTINUOUS
10
109.316
20
-105.178
11
109.295
21
-105
0
LINE
8
BLACK
6
CONTINUOUS
10
109.295
20
-105
11
109.316
21
-104.822
0
LINE
8
BLACK
6
CONTINUOUS
10
109.316
20
-104.822
11
109.375
21
-104.653
0
LINE
8
BLACK
6
CONTINUOUS
10
109.375
20
-104.653
11
109.47
21
-104.501
0
LINE
8
BLACK
6
CONTINUOUS
10
109.47
20
-104.501
11
109.597
21
-104.374
0
LINE
8
BLACK
6
CONTINUOUS
10
109.597
20
-104.374
11
109.748
21
-104.279
0
LINE
8
BLACK
6
CONTINUOUS
10
109.748
20
-104.279
11
109.918
21
-104.22
0
LINE
8
BLACK
6
CONTINUOUS
10
109.918
20
-104.22
11
110.096
21
-104.2
0
LINE
8
BLACK
6
CONTINUOUS
10
110.096
20
-104.2
11
110.274
21
-104.22
0
LINE
8
BLACK
6
CONTINUOUS
10
127.206
20
-105.289
11
127.287
21
-105.343
0
LINE
8
BLACK
6
CONTINUOUS
10
127.287
20
-105.343
11
127.341
21
-105.424
0
LINE
8
BLACK
6
CONTINUOUS
10
127.341
20
-105.424
11
127.36
21
-105.52
0
LINE
8
BLACK
6
CONTINUOUS
10
127.36
20
-105.52
11
127.341
21
-105.616
0
LINE
8
BLACK
6
CONTINUOUS
10
127.341
20
-105.616
11
127.287
21
-105.697
0
LINE
8
BLACK
6
CONTINUOUS
10
127.287
20
-105.697
11
127.206
21
-105.751
0
LINE
8
BLACK
6
CONTINUOUS
10
127.206
20
-105.751
11
127.11
21
-105.77
0
LINE
8
BLACK
6
CONTINUOUS
10
127.11
20
-105.77
11
127.014
21
-105.751
0
LINE
8
BLACK
6
CONTINUOUS
10
127.014
20
-105.751
11
126.933
21
-105.697
0
LINE
8
BLACK
6
CONTINUOUS
10
126.933
20
-105.697
11
126.879
21
-105.616
0
LINE
8
BLACK
6
CONTINUOUS
10
126.879
20
-105.616
11
126.86
21
-105.52
0
LINE
8
BLACK
6
CONTINUOUS
10
126.86
20
-105.52
11
126.879
21
-105.424
0
LINE
8
BLACK
6
CONTINUOUS
10
126.879
20
-105.424
11
126.933
21
-105.343
0
LINE
8
BLACK
6
CONTINUOUS
10
126.933
20
-105.343
11
127.014
21
-105.289
0
LINE
8
BLACK
6
CONTINUOUS
10
127.014
20
-105.289
11
127.11
21
-105.27
0
LINE
8
BLACK
6
CONTINUOUS
10
127.11
20
-105.27
11
127.206
21
-105.289
0
LINE
8
BLACK
6
CONTINUOUS
10
126.196
20
-101.919
11
126.277
21
-101.973
0
LINE
8
BLACK
6
CONTINUOUS
10
126.277
20
-101.973
11
126.331
21
-102.054
0
LINE
8
BLACK
6
CONTINUOUS
10
126.331
20
-102.054
11
126.35
21
-102.15
0
LINE
8
BLACK
6
CONTINUOUS
10
126.35
20
-102.15
11
126.331
21
-102.246
0
LINE
8
BLACK
6
CONTINUOUS
10
126.331
20
-102.246
11
126.277
21
-102.327
0
LINE
8
BLACK
6
CONTINUOUS
10
126.277
20
-102.327
11
126.196
21
-102.381
0
LINE
8
BLACK
6
CONTINUOUS
10
126.196
20
-102.381
11
126.1
21
-102.4
0
LINE
8
BLACK
6
CONTINUOUS
10
126.1
20
-102.4
11
126.004
21
-102.381
0
LINE
8
BLACK
6
CONTINUOUS
10
126.004
20
-102.381
11
125.923
21
-102.327
0
LINE
8
BLACK
6
CONTINUOUS
10
125.923
20
-102.327
11
125.869
21
-102.246
0
LINE
8
BLACK
6
CONTINUOUS
10
125.869
20
-102.246
11
125.85
21
-102.15
0
LINE
8
BLACK
6
CONTINUOUS
10
125.85
20
-102.15
11
125.869
21
-102.054
0
LINE
8
BLACK
6
CONTINUOUS
10
125.869
20
-102.054
11
125.923
21
-101.973
0
LINE
8
BLACK
6
CONTINUOUS
10
125.923
20
-101.973
11
126.004
21
-101.919
0
LINE
8
BLACK
6
CONTINUOUS
10
126.004
20
-101.919
11
126.1
21
-101.9
0
LINE
8
BLACK
6
CONTINUOUS
10
126.1
20
-101.9
11
126.196
21
-101.919
0
LINE
8
BLACK
6
CONTINUOUS
10
176.246
20
-104.019
11
176.327
21
-104.073
0
LINE
8
BLACK
6
CONTINUOUS
10
176.327
20
-104.073
11
176.381
21
-104.154
0
LINE
8
BLACK
6
CONTINUOUS
10
176.381
20
-104.154
11
176.4
21
-104.25
0
LINE
8
BLACK
6
CONTINUOUS
10
176.4
20
-104.25
11
176.381
21
-104.346
0
LINE
8
BLACK
6
CONTINUOUS
10
176.381
20
-104.346
11
176.327
21
-104.427
0
LINE
8
BLACK
6
CONTINUOUS
10
176.327
20
-104.427
11
176.246
21
-104.481
0
LINE
8
BLACK
6
CONTINUOUS
10
176.246
20
-104.481
11
176.15
21
-104.5
0
LINE
8
BLACK
6
CONTINUOUS
10
176.15
20
-104.5
11
176.054
21
-104.481
0
LINE
8
BLACK
6
CONTINUOUS
10
176.054
20
-104.481
11
175.973
21
-104.427
0
LINE
8
BLACK
6
CONTINUOUS
10
175.973
20
-104.427
11
175.919
21
-104.346
0
LINE
8
BLACK
6
CONTINUOUS
10
175.919
20
-104.346
11
175.9
21
-104.25
0
LINE
8
BLACK
6
CONTINUOUS
10
175.9
20
-104.25
11
175.919
21
-104.154
0
LINE
8
BLACK
6
CONTINUOUS
10
175.919
20
-104.154
11
175.973
21
-104.073
0
LINE
8
BLACK
6
CONTINUOUS
10
175.973
20
-104.073
11
176.054
21
-104.019
0
LINE
8
BLACK
6
CONTINUOUS
10
176.054
20
-104.019
11
176.15
21
-104
0
LINE
8
BLACK
6
CONTINUOUS
10
176.15
20
-104
11
176.246
21
-104.019
0
LINE
8
BLACK
6
CONTINUOUS
10
137.346
20
-103.569
11
137.427
21
-103.623
0
LINE
8
BLACK
6
CONTINUOUS
10
137.427
20
-103.623
11
137.481
21
-103.704
0
LINE
8
BLACK
6
CONTINUOUS
10
137.481
20
-103.704
11
137.5
21
-103.8
0
LINE
8
BLACK
6
CONTINUOUS
10
137.5
20
-103.8
11
137.481
21
-103.896
0
LINE
8
BLACK
6
CONTINUOUS
10
137.481
20
-103.896
11
137.427
21
-103.977
0
LINE
8
BLACK
6
CONTINUOUS
10
137.427
20
-103.977
11
137.346
21
-104.031
0
LINE
8
BLACK
6
CONTINUOUS
10
137.346
20
-104.031
11
137.25
21
-104.05
0
LINE
8
BLACK
6
CONTINUOUS
10
137.25
20
-104.05
11
137.154
21
-104.031
0
LINE
8
BLACK
6
CONTINUOUS
10
137.154
20
-104.031
11
137.073
21
-103.977
0
LINE
8
BLACK
6
CONTINUOUS
10
137.073
20
-103.977
11
137.019
21
-103.896
0
LINE
8
BLACK
6
CONTINUOUS
10
137.019
20
-103.896
11
137
21
-103.8
0
LINE
8
BLACK
6
CONTINUOUS
10
137
20
-103.8
11
137.019
21
-103.704
0
LINE
8
BLACK
6
CONTINUOUS
10
137.019
20
-103.704
11
137.073
21
-103.623
0
LINE
8
BLACK
6
CONTINUOUS
10
137.073
20
-103.623
11
137.154
21
-103.569
0
LINE
8
BLACK
6
CONTINUOUS
10
137.154
20
-103.569
11
137.25
21
-103.55
0
LINE
8
BLACK
6
CONTINUOUS
10
137.25
20
-103.55
11
137.346
21
-103.569
0
LINE
8
BLACK
6
CONTINUOUS
10
111.196
20
-103.444
11
111.277
21
-103.498
0
LINE
8
BLACK
6
CONTINUOUS
10
111.277
20
-103.498
11
111.331
21
-103.579
0
LINE
8
BLACK
6
CONTINUOUS
10
111.331
20
-103.579
11
111.35
21
-103.675
0
LINE
8
BLACK
6
CONTINUOUS
10
111.35
20
-103.675
11
111.331
21
-103.771
0
LINE
8
BLACK
6
CONTINUOUS
10
111.331
20
-103.771
11
111.277
21
-103.852
0
LINE
8
BLACK
6
CONTINUOUS
10
111.277
20
-103.852
11
111.196
21
-103.906
0
LINE
8
BLACK
6
CONTINUOUS
10
111.196
20
-103.906
11
111.1
21
-103.925
0
LINE
8
BLACK
6
CONTINUOUS
10
111.1
20
-103.925
11
111.004
21
-103.906
0
LINE
8
BLACK
6
CONTINUOUS
10
111.004
20
-103.906
11
110.923
21
-103.852
0
LINE
8
BLACK
6
CONTINUOUS
10
110.923
20
-103.852
11
110.869
21
-103.771
0
LINE
8
BLACK
6
CONTINUOUS
10
110.869
20
-103.771
11
110.85
21
-103.675
0
LINE
8
BLACK
6
CONTINUOUS
10
110.85
20
-103.675
11
110.869
21
-103.579
0
LINE
8
BLACK
6
CONTINUOUS
10
110.869
20
-103.579
11
110.923
21
-103.498
0
LINE
8
BLACK
6
CONTINUOUS
10
110.923
20
-103.498
11
111.004
21
-103.444
0
LINE
8
BLACK
6
CONTINUOUS
10
111.004
20
-103.444
11
111.1
21
-103.425
0
LINE
8
BLACK
6
CONTINUOUS
10
111.1
20
-103.425
11
111.196
21
-103.444
0
LINE
8
BLACK
6
CONTINUOUS
10
152.066
20
-103.569
11
152.147
21
-103.623
0
LINE
8
BLACK
6
CONTINUOUS
10
152.147
20
-103.623
11
152.201
21
-103.704
0
LINE
8
BLACK
6
CONTINUOUS
10
152.201
20
-103.704
11
152.22
21
-103.8
0
LINE
8
BLACK
6
CONTINUOUS
10
152.22
20
-103.8
11
152.201
21
-103.896
0
LINE
8
BLACK
6
CONTINUOUS
10
152.201
20
-103.896
11
152.147
21
-103.977
0
LINE
8
BLACK
6
CONTINUOUS
10
152.147
20
-103.977
11
152.066
21
-104.031
0
LINE
8
BLACK
6
CONTINUOUS
10
152.066
20
-104.031
11
151.97
21
-104.05
0
LINE
8
BLACK
6
CONTINUOUS
10
151.97
20
-104.05
11
151.874
21
-104.031
0
LINE
8
BLACK
6
CONTINUOUS
10
151.874
20
-104.031
11
151.793
21
-103.977
0
LINE
8
BLACK
6
CONTINUOUS
10
151.793
20
-103.977
11
151.739
21
-103.896
0
LINE
8
BLACK
6
CONTINUOUS
10
151.739
20
-103.896
11
151.72
21
-103.8
0
LINE
8
BLACK
6
CONTINUOUS
10
151.72
20
-103.8
11
151.739
21
-103.704
0
LINE
8
BLACK
6
CONTINUOUS
10
151.739
20
-103.704
11
151.793
21
-103.623
0
LINE
8
BLACK
6
CONTINUOUS
10
151.793
20
-103.623
11
151.874
21
-103.569
0
LINE
8
BLACK
6
CONTINUOUS
10
151.874
20
-103.569
11
151.97
21
-103.55
0
LINE
8
BLACK
6
CONTINUOUS
10
151.97
20
-103.55
11
152.066
21
-103.569
0
LINE
8
BLACK
6
CONTINUOUS
10
152.596
20
-102.819
11
152.677
21
-102.873
0
LINE
8
BLACK
6
CONTINUOUS
10
152.677
20
-102.873
11
152.731
21
-102.954
0
LINE
8
BLACK
6
CONTINUOUS
10
152.731
20
-102.954
11
152.75
21
-103.05
0
LINE
8
BLACK
6
CONTINUOUS
10
152.75
20
-103.05
11
152.731
21
-103.146
0
LINE
8
BLACK
6
CONTINUOUS
10
152.731
20
-103.146
11
152.677
21
-103.227
0
LINE
8
BLACK
6
CONTINUOUS
10
152.677
20
-103.227
11
152.596
21
-103.281
0
LINE
8
BLACK
6
CONTINUOUS
10
152.596
20
-103.281
11
152.5
21
-103.3
0
LINE
8
BLACK
6
CONTINUOUS
10
152.5
20
-103.3
11
152.404
21
-103.281
0
LINE
8
BLACK
6
CONTINUOUS
10
152.404
20
-103.281
11
152.323
21
-103.227
0
LINE
8
BLACK
6
CONTINUOUS
10
152.323
20
-103.227
11
152.269
21
-103.146
0
LINE
8
BLACK
6
CONTINUOUS
10
152.269
20
-103.146
11
152.25
21
-103.05
0
LINE
8
BLACK
6
CONTINUOUS
10
152.25
20
-103.05
11
152.269
21
-102.954
0
LINE
8
BLACK
6
CONTINUOUS
10
152.269
20
-102.954
11
152.323
21
-102.873
0
LINE
8
BLACK
6
CONTINUOUS
10
152.323
20
-102.873
11
152.404
21
-102.819
0
LINE
8
BLACK
6
CONTINUOUS
10
152.404
20
-102.819
11
152.5
21
-102.8
0
LINE
8
BLACK
6
CONTINUOUS
10
152.5
20
-102.8
11
152.596
21
-102.819
0
LINE
8
BLACK
6
CONTINUOUS
10
152.034
20
-102.135
11
152.115
21
-102.189
0
LINE
8
BLACK
6
CONTINUOUS
10
152.115
20
-102.189
11
152.169
21
-102.27
0
LINE
8
BLACK
6
CONTINUOUS
10
152.169
20
-102.27
11
152.188
21
-102.366
0
LINE
8
BLACK
6
CONTINUOUS
10
152.188
20
-102.366
11
152.169
21
-102.462
0
LINE
8
BLACK
6
CONTINUOUS
10
152.169
20
-102.462
11
152.115
21
-102.543
0
LINE
8
BLACK
6
CONTINUOUS
10
152.115
20
-102.543
11
152.034
21
-102.597
0
LINE
8
BLACK
6
CONTINUOUS
10
152.034
20
-102.597
11
151.938
21
-102.616
0
LINE
8
BLACK
6
CONTINUOUS
10
151.938
20
-102.616
11
151.843
21
-102.597
0
LINE
8
BLACK
6
CONTINUOUS
10
151.843
20
-102.597
11
151.762
21
-102.543
0
LINE
8
BLACK
6
CONTINUOUS
10
151.762
20
-102.543
11
151.707
21
-102.462
0
LINE
8
BLACK
6
CONTINUOUS
10
151.707
20
-102.462
11
151.688
21
-102.366
0
LINE
8
BLACK
6
CONTINUOUS
10
151.688
20
-102.366
11
151.707
21
-102.27
0
LINE
8
BLACK
6
CONTINUOUS
10
151.707
20
-102.27
11
151.762
21
-102.189
0
LINE
8
BLACK
6
CONTINUOUS
10
151.762
20
-102.189
11
151.843
21
-102.135
0
LINE
8
BLACK
6
CONTINUOUS
10
151.843
20
-102.135
11
151.938
21
-102.116
0
LINE
8
BLACK
6
CONTINUOUS
10
151.938
20
-102.116
11
152.034
21
-102.135
0
LINE
8
BLACK
6
CONTINUOUS
10
152.646
20
-101.419
11
152.727
21
-101.473
0
LINE
8
BLACK
6
CONTINUOUS
10
152.727
20
-101.473
11
152.781
21
-101.554
0
LINE
8
BLACK
6
CONTINUOUS
10
152.781
20
-101.554
11
152.8
21
-101.65
0
LINE
8
BLACK
6
CONTINUOUS
10
152.8
20
-101.65
11
152.781
21
-101.746
0
LINE
8
BLACK
6
CONTINUOUS
10
152.781
20
-101.746
11
152.727
21
-101.827
0
LINE
8
BLACK
6
CONTINUOUS
10
152.727
20
-101.827
11
152.646
21
-101.881
0
LINE
8
BLACK
6
CONTINUOUS
10
152.646
20
-101.881
11
152.55
21
-101.9
0
LINE
8
BLACK
6
CONTINUOUS
10
152.55
20
-101.9
11
152.454
21
-101.881
0
LINE
8
BLACK
6
CONTINUOUS
10
152.454
20
-101.881
11
152.373
21
-101.827
0
LINE
8
BLACK
6
CONTINUOUS
10
152.373
20
-101.827
11
152.319
21
-101.746
0
LINE
8
BLACK
6
CONTINUOUS
10
152.319
20
-101.746
11
152.3
21
-101.65
0
LINE
8
BLACK
6
CONTINUOUS
10
152.3
20
-101.65
11
152.319
21
-101.554
0
LINE
8
BLACK
6
CONTINUOUS
10
152.319
20
-101.554
11
152.373
21
-101.473
0
LINE
8
BLACK
6
CONTINUOUS
10
152.373
20
-101.473
11
152.454
21
-101.419
0
LINE
8
BLACK
6
CONTINUOUS
10
152.454
20
-101.419
11
152.55
21
-101.4
0
LINE
8
BLACK
6
CONTINUOUS
10
152.55
20
-101.4
11
152.646
21
-101.419
0
LINE
8
BLACK
6
CONTINUOUS
10
142.471
20
-102.819
11
142.552
21
-102.873
0
LINE
8
BLACK
6
CONTINUOUS
10
142.552
20
-102.873
11
142.606
21
-102.954
0
LINE
8
BLACK
6
CONTINUOUS
10
142.606
20
-102.954
11
142.625
21
-103.05
0
LINE
8
BLACK
6
CONTINUOUS
10
142.625
20
-103.05
11
142.606
21
-103.146
0
LINE
8
BLACK
6
CONTINUOUS
10
142.606
20
-103.146
11
142.552
21
-103.227
0
LINE
8
BLACK
6
CONTINUOUS
10
142.552
20
-103.227
11
142.471
21
-103.281
0
LINE
8
BLACK
6
CONTINUOUS
10
142.471
20
-103.281
11
142.375
21
-103.3
0
LINE
8
BLACK
6
CONTINUOUS
10
142.375
20
-103.3
11
142.279
21
-103.281
0
LINE
8
BLACK
6
CONTINUOUS
10
142.279
20
-103.281
11
142.198
21
-103.227
0
LINE
8
BLACK
6
CONTINUOUS
10
142.198
20
-103.227
11
142.144
21
-103.146
0
LINE
8
BLACK
6
CONTINUOUS
10
142.144
20
-103.146
11
142.125
21
-103.05
0
LINE
8
BLACK
6
CONTINUOUS
10
142.125
20
-103.05
11
142.144
21
-102.954
0
LINE
8
BLACK
6
CONTINUOUS
10
142.144
20
-102.954
11
142.198
21
-102.873
0
LINE
8
BLACK
6
CONTINUOUS
10
142.198
20
-102.873
11
142.279
21
-102.819
0
LINE
8
BLACK
6
CONTINUOUS
10
142.279
20
-102.819
11
142.375
21
-102.8
0
LINE
8
BLACK
6
CONTINUOUS
10
142.375
20
-102.8
11
142.471
21
-102.819
0
LINE
8
BLACK
6
CONTINUOUS
10
181.396
20
-102.719
11
181.477
21
-102.773
0
LINE
8
BLACK
6
CONTINUOUS
10
181.477
20
-102.773
11
181.531
21
-102.854
0
LINE
8
BLACK
6
CONTINUOUS
10
181.531
20
-102.854
11
181.55
21
-102.95
0
LINE
8
BLACK
6
CONTINUOUS
10
181.55
20
-102.95
11
181.531
21
-103.046
0
LINE
8
BLACK
6
CONTINUOUS
10
181.531
20
-103.046
11
181.477
21
-103.127
0
LINE
8
BLACK
6
CONTINUOUS
10
181.477
20
-103.127
11
181.396
21
-103.181
0
LINE
8
BLACK
6
CONTINUOUS
10
181.396
20
-103.181
11
181.3
21
-103.2
0
LINE
8
BLACK
6
CONTINUOUS
10
181.3
20
-103.2
11
181.204
21
-103.181
0
LINE
8
BLACK
6
CONTINUOUS
10
181.204
20
-103.181
11
181.123
21
-103.127
0
LINE
8
BLACK
6
CONTINUOUS
10
181.123
20
-103.127
11
181.069
21
-103.046
0
LINE
8
BLACK
6
CONTINUOUS
10
181.069
20
-103.046
11
181.05
21
-102.95
0
LINE
8
BLACK
6
CONTINUOUS
10
181.05
20
-102.95
11
181.069
21
-102.854
0
LINE
8
BLACK
6
CONTINUOUS
10
181.069
20
-102.854
11
181.123
21
-102.773
0
LINE
8
BLACK
6
CONTINUOUS
10
181.123
20
-102.773
11
181.204
21
-102.719
0
LINE
8
BLACK
6
CONTINUOUS
10
181.204
20
-102.719
11
181.3
21
-102.7
0
LINE
8
BLACK
6
CONTINUOUS
10
181.3
20
-102.7
11
181.396
21
-102.719
0
LINE
8
BLACK
6
CONTINUOUS
10
160.196
20
-102.219
11
160.277
21
-102.273
0
LINE
8
BLACK
6
CONTINUOUS
10
160.277
20
-102.273
11
160.331
21
-102.354
0
LINE
8
BLACK
6
CONTINUOUS
10
160.331
20
-102.354
11
160.35
21
-102.45
0
LINE
8
BLACK
6
CONTINUOUS
10
160.35
20
-102.45
11
160.331
21
-102.546
0
LINE
8
BLACK
6
CONTINUOUS
10
160.331
20
-102.546
11
160.277
21
-102.627
0
LINE
8
BLACK
6
CONTINUOUS
10
160.277
20
-102.627
11
160.196
21
-102.681
0
LINE
8
BLACK
6
CONTINUOUS
10
160.196
20
-102.681
11
160.1
21
-102.7
0
LINE
8
BLACK
6
CONTINUOUS
10
160.1
20
-102.7
11
160.004
21
-102.681
0
LINE
8
BLACK
6
CONTINUOUS
10
160.004
20
-102.681
11
159.923
21
-102.627
0
LINE
8
BLACK
6
CONTINUOUS
10
159.923
20
-102.627
11
159.869
21
-102.546
0
LINE
8
BLACK
6
CONTINUOUS
10
159.869
20
-102.546
11
159.85
21
-102.45
0
LINE
8
BLACK
6
CONTINUOUS
10
159.85
20
-102.45
11
159.869
21
-102.354
0
LINE
8
BLACK
6
CONTINUOUS
10
159.869
20
-102.354
11
159.923
21
-102.273
0
LINE
8
BLACK
6
CONTINUOUS
10
159.923
20
-102.273
11
160.004
21
-102.219
0
LINE
8
BLACK
6
CONTINUOUS
10
160.004
20
-102.219
11
160.1
21
-102.2
0
LINE
8
BLACK
6
CONTINUOUS
10
160.1
20
-102.2
11
160.196
21
-102.219
0
LINE
8
BLACK
6
CONTINUOUS
10
156.896
20
-100.919
11
156.977
21
-100.973
0
LINE
8
BLACK
6
CONTINUOUS
10
156.977
20
-100.973
11
157.031
21
-101.054
0
LINE
8
BLACK
6
CONTINUOUS
10
157.031
20
-101.054
11
157.05
21
-101.15
0
LINE
8
BLACK
6
CONTINUOUS
10
157.05
20
-101.15
11
157.031
21
-101.246
0
LINE
8
BLACK
6
CONTINUOUS
10
157.031
20
-101.246
11
156.977
21
-101.327
0
LINE
8
BLACK
6
CONTINUOUS
10
156.977
20
-101.327
11
156.896
21
-101.381
0
LINE
8
BLACK
6
CONTINUOUS
10
156.896
20
-101.381
11
156.8
21
-101.4
0
LINE
8
BLACK
6
CONTINUOUS
10
156.8
20
-101.4
11
156.704
21
-101.381
0
LINE
8
BLACK
6
CONTINUOUS
10
156.704
20
-101.381
11
156.623
21
-101.327
0
LINE
8
BLACK
6
CONTINUOUS
10
156.623
20
-101.327
11
156.569
21
-101.246
0
LINE
8
BLACK
6
CONTINUOUS
10
156.569
20
-101.246
11
156.55
21
-101.15
0
LINE
8
BLACK
6
CONTINUOUS
10
156.55
20
-101.15
11
156.569
21
-101.054
0
LINE
8
BLACK
6
CONTINUOUS
10
156.569
20
-101.054
11
156.623
21
-100.973
0
LINE
8
BLACK
6
CONTINUOUS
10
156.623
20
-100.973
11
156.704
21
-100.919
0
LINE
8
BLACK
6
CONTINUOUS
10
156.704
20
-100.919
11
156.8
21
-100.9
0
LINE
8
BLACK
6
CONTINUOUS
10
156.8
20
-100.9
11
156.896
21
-100.919
0
LINE
8
BLACK
6
CONTINUOUS
10
135.196
20
-101.469
11
135.277
21
-101.523
0
LINE
8
BLACK
6
CONTINUOUS
10
135.277
20
-101.523
11
135.331
21
-101.604
0
LINE
8
BLACK
6
CONTINUOUS
10
135.331
20
-101.604
11
135.35
21
-101.7
0
LINE
8
BLACK
6
CONTINUOUS
10
135.35
20
-101.7
11
135.331
21
-101.796
0
LINE
8
BLACK
6
CONTINUOUS
10
135.331
20
-101.796
11
135.277
21
-101.877
0
LINE
8
BLACK
6
CONTINUOUS
10
135.277
20
-101.877
11
135.196
21
-101.931
0
LINE
8
BLACK
6
CONTINUOUS
10
135.196
20
-101.931
11
135.1
21
-101.95
0
LINE
8
BLACK
6
CONTINUOUS
10
135.1
20
-101.95
11
135.004
21
-101.931
0
LINE
8
BLACK
6
CONTINUOUS
10
135.004
20
-101.931
11
134.923
21
-101.877
0
LINE
8
BLACK
6
CONTINUOUS
10
134.923
20
-101.877
11
134.869
21
-101.796
0
LINE
8
BLACK
6
CONTINUOUS
10
134.869
20
-101.796
11
134.85
21
-101.7
0
LINE
8
BLACK
6
CONTINUOUS
10
134.85
20
-101.7
11
134.869
21
-101.604
0
LINE
8
BLACK
6
CONTINUOUS
10
134.869
20
-101.604
11
134.923
21
-101.523
0
LINE
8
BLACK
6
CONTINUOUS
10
134.923
20
-101.523
11
135.004
21
-101.469
0
LINE
8
BLACK
6
CONTINUOUS
10
135.004
20
-101.469
11
135.1
21
-101.45
0
LINE
8
BLACK
6
CONTINUOUS
10
135.1
20
-101.45
11
135.196
21
-101.469
0
LINE
8
BLACK
6
CONTINUOUS
10
135.896
20
-101.019
11
135.977
21
-101.073
0
LINE
8
BLACK
6
CONTINUOUS
10
135.977
20
-101.073
11
136.031
21
-101.154
0
LINE
8
BLACK
6
CONTINUOUS
10
136.031
20
-101.154
11
136.05
21
-101.25
0
LINE
8
BLACK
6
CONTINUOUS
10
136.05
20
-101.25
11
136.031
21
-101.346
0
LINE
8
BLACK
6
CONTINUOUS
10
136.031
20
-101.346
11
135.977
21
-101.427
0
LINE
8
BLACK
6
CONTINUOUS
10
135.977
20
-101.427
11
135.896
21
-101.481
0
LINE
8
BLACK
6
CONTINUOUS
10
135.896
20
-101.481
11
135.8
21
-101.5
0
LINE
8
BLACK
6
CONTINUOUS
10
135.8
20
-101.5
11
135.704
21
-101.481
0
LINE
8
BLACK
6
CONTINUOUS
10
135.704
20
-101.481
11
135.623
21
-101.427
0
LINE
8
BLACK
6
CONTINUOUS
10
135.623
20
-101.427
11
135.569
21
-101.346
0
LINE
8
BLACK
6
CONTINUOUS
10
135.569
20
-101.346
11
135.55
21
-101.25
0
LINE
8
BLACK
6
CONTINUOUS
10
135.55
20
-101.25
11
135.569
21
-101.154
0
LINE
8
BLACK
6
CONTINUOUS
10
135.569
20
-101.154
11
135.623
21
-101.073
0
LINE
8
BLACK
6
CONTINUOUS
10
135.623
20
-101.073
11
135.704
21
-101.019
0
LINE
8
BLACK
6
CONTINUOUS
10
135.704
20
-101.019
11
135.8
21
-101
0
LINE
8
BLACK
6
CONTINUOUS
10
135.8
20
-101
11
135.896
21
-101.019
0
LINE
8
BLACK
6
CONTINUOUS
10
159.346
20
-101.269
11
159.427
21
-101.323
0
LINE
8
BLACK
6
CONTINUOUS
10
159.427
20
-101.323
11
159.481
21
-101.404
0
LINE
8
BLACK
6
CONTINUOUS
10
159.481
20
-101.404
11
159.5
21
-101.5
0
LINE
8
BLACK
6
CONTINUOUS
10
159.5
20
-101.5
11
159.481
21
-101.596
0
LINE
8
BLACK
6
CONTINUOUS
10
159.481
20
-101.596
11
159.427
21
-101.677
0
LINE
8
BLACK
6
CONTINUOUS
10
159.427
20
-101.677
11
159.346
21
-101.731
0
LINE
8
BLACK
6
CONTINUOUS
10
159.346
20
-101.731
11
159.25
21
-101.75
0
LINE
8
BLACK
6
CONTINUOUS
10
159.25
20
-101.75
11
159.154
21
-101.731
0
LINE
8
BLACK
6
CONTINUOUS
10
159.154
20
-101.731
11
159.073
21
-101.677
0
LINE
8
BLACK
6
CONTINUOUS
10
159.073
20
-101.677
11
159.019
21
-101.596
0
LINE
8
BLACK
6
CONTINUOUS
10
159.019
20
-101.596
11
159
21
-101.5
0
LINE
8
BLACK
6
CONTINUOUS
10
159
20
-101.5
11
159.019
21
-101.404
0
LINE
8
BLACK
6
CONTINUOUS
10
159.019
20
-101.404
11
159.073
21
-101.323
0
LINE
8
BLACK
6
CONTINUOUS
10
159.073
20
-101.323
11
159.154
21
-101.269
0
LINE
8
BLACK
6
CONTINUOUS
10
159.154
20
-101.269
11
159.25
21
-101.25
0
LINE
8
BLACK
6
CONTINUOUS
10
159.25
20
-101.25
11
159.346
21
-101.269
0
LINE
8
BLACK
6
CONTINUOUS
10
153.696
20
-100.939
11
153.777
21
-100.993
0
LINE
8
BLACK
6
CONTINUOUS
10
153.777
20
-100.993
11
153.831
21
-101.074
0
LINE
8
BLACK
6
CONTINUOUS
10
153.831
20
-101.074
11
153.85
21
-101.17
0
LINE
8
BLACK
6
CONTINUOUS
10
153.85
20
-101.17
11
153.831
21
-101.266
0
LINE
8
BLACK
6
CONTINUOUS
10
153.831
20
-101.266
11
153.777
21
-101.347
0
LINE
8
BLACK
6
CONTINUOUS
10
153.777
20
-101.347
11
153.696
21
-101.401
0
LINE
8
BLACK
6
CONTINUOUS
10
153.696
20
-101.401
11
153.6
21
-101.42
0
LINE
8
BLACK
6
CONTINUOUS
10
153.6
20
-101.42
11
153.504
21
-101.401
0
LINE
8
BLACK
6
CONTINUOUS
10
153.504
20
-101.401
11
153.423
21
-101.347
0
LINE
8
BLACK
6
CONTINUOUS
10
153.423
20
-101.347
11
153.369
21
-101.266
0
LINE
8
BLACK
6
CONTINUOUS
10
153.369
20
-101.266
11
153.35
21
-101.17
0
LINE
8
BLACK
6
CONTINUOUS
10
153.35
20
-101.17
11
153.369
21
-101.074
0
LINE
8
BLACK
6
CONTINUOUS
10
153.369
20
-101.074
11
153.423
21
-100.993
0
LINE
8
BLACK
6
CONTINUOUS
10
153.423
20
-100.993
11
153.504
21
-100.939
0
LINE
8
BLACK
6
CONTINUOUS
10
153.504
20
-100.939
11
153.6
21
-100.92
0
LINE
8
BLACK
6
CONTINUOUS
10
153.6
20
-100.92
11
153.696
21
-100.939
0
LINE
8
BLACK
6
CONTINUOUS
10
170.396
20
-100.369
11
170.477
21
-100.423
0
LINE
8
BLACK
6
CONTINUOUS
10
170.477
20
-100.423
11
170.531
21
-100.504
0
LINE
8
BLACK
6
CONTINUOUS
10
170.531
20
-100.504
11
170.55
21
-100.6
0
LINE
8
BLACK
6
CONTINUOUS
10
170.55
20
-100.6
11
170.531
21
-100.696
0
LINE
8
BLACK
6
CONTINUOUS
10
170.531
20
-100.696
11
170.477
21
-100.777
0
LINE
8
BLACK
6
CONTINUOUS
10
170.477
20
-100.777
11
170.396
21
-100.831
0
LINE
8
BLACK
6
CONTINUOUS
10
170.396
20
-100.831
11
170.3
21
-100.85
0
LINE
8
BLACK
6
CONTINUOUS
10
170.3
20
-100.85
11
170.204
21
-100.831
0
LINE
8
BLACK
6
CONTINUOUS
10
170.204
20
-100.831
11
170.123
21
-100.777
0
LINE
8
BLACK
6
CONTINUOUS
10
170.123
20
-100.777
11
170.069
21
-100.696
0
LINE
8
BLACK
6
CONTINUOUS
10
170.069
20
-100.696
11
170.05
21
-100.6
0
LINE
8
BLACK
6
CONTINUOUS
10
170.05
20
-100.6
11
170.069
21
-100.504
0
LINE
8
BLACK
6
CONTINUOUS
10
170.069
20
-100.504
11
170.123
21
-100.423
0
LINE
8
BLACK
6
CONTINUOUS
10
170.123
20
-100.423
11
170.204
21
-100.369
0
LINE
8
BLACK
6
CONTINUOUS
10
170.204
20
-100.369
11
170.3
21
-100.35
0
LINE
8
BLACK
6
CONTINUOUS
10
170.3
20
-100.35
11
170.396
21
-100.369
0
LINE
8
BLACK
6
CONTINUOUS
10
173.046
20
-100.369
11
173.127
21
-100.423
0
LINE
8
BLACK
6
CONTINUOUS
10
173.127
20
-100.423
11
173.181
21
-100.504
0
LINE
8
BLACK
6
CONTINUOUS
10
173.181
20
-100.504
11
173.2
21
-100.6
0
LINE
8
BLACK
6
CONTINUOUS
10
173.2
20
-100.6
11
173.181
21
-100.696
0
LINE
8
BLACK
6
CONTINUOUS
10
173.181
20
-100.696
11
173.127
21
-100.777
0
LINE
8
BLACK
6
CONTINUOUS
10
173.127
20
-100.777
11
173.046
21
-100.831
0
LINE
8
BLACK
6
CONTINUOUS
10
173.046
20
-100.831
11
172.95
21
-100.85
0
LINE
8
BLACK
6
CONTINUOUS
10
172.95
20
-100.85
11
172.854
21
-100.831
0
LINE
8
BLACK
6
CONTINUOUS
10
172.854
20
-100.831
11
172.773
21
-100.777
0
LINE
8
BLACK
6
CONTINUOUS
10
172.773
20
-100.777
11
172.719
21
-100.696
0
LINE
8
BLACK
6
CONTINUOUS
10
172.719
20
-100.696
11
172.7
21
-100.6
0
LINE
8
BLACK
6
CONTINUOUS
10
172.7
20
-100.6
11
172.719
21
-100.504
0
LINE
8
BLACK
6
CONTINUOUS
10
172.719
20
-100.504
11
172.773
21
-100.423
0
LINE
8
BLACK
6
CONTINUOUS
10
172.773
20
-100.423
11
172.854
21
-100.369
0
LINE
8
BLACK
6
CONTINUOUS
10
172.854
20
-100.369
11
172.95
21
-100.35
0
LINE
8
BLACK
6
CONTINUOUS
10
172.95
20
-100.35
11
173.046
21
-100.369
0
LINE
8
BLACK
6
CONTINUOUS
10
139.196
20
-100.119
11
139.277
21
-100.173
0
LINE
8
BLACK
6
CONTINUOUS
10
139.277
20
-100.173
11
139.331
21
-100.254
0
LINE
8
BLACK
6
CONTINUOUS
10
139.331
20
-100.254
11
139.35
21
-100.35
0
LINE
8
BLACK
6
CONTINUOUS
10
139.35
20
-100.35
11
139.331
21
-100.446
0
LINE
8
BLACK
6
CONTINUOUS
10
139.331
20
-100.446
11
139.277
21
-100.527
0
LINE
8
BLACK
6
CONTINUOUS
10
139.277
20
-100.527
11
139.196
21
-100.581
0
LINE
8
BLACK
6
CONTINUOUS
10
139.196
20
-100.581
11
139.1
21
-100.6
0
LINE
8
BLACK
6
CONTINUOUS
10
139.1
20
-100.6
11
139.004
21
-100.581
0
LINE
8
BLACK
6
CONTINUOUS
10
139.004
20
-100.581
11
138.923
21
-100.527
0
LINE
8
BLACK
6
CONTINUOUS
10
138.923
20
-100.527
11
138.869
21
-100.446
0
LINE
8
BLACK
6
CONTINUOUS
10
138.869
20
-100.446
11
138.85
21
-100.35
0
LINE
8
BLACK
6
CONTINUOUS
10
138.85
20
-100.35
11
138.869
21
-100.254
0
LINE
8
BLACK
6
CONTINUOUS
10
138.869
20
-100.254
11
138.923
21
-100.173
0
LINE
8
BLACK
6
CONTINUOUS
10
138.923
20
-100.173
11
139.004
21
-100.119
0
LINE
8
BLACK
6
CONTINUOUS
10
139.004
20
-100.119
11
139.1
21
-100.1
0
LINE
8
BLACK
6
CONTINUOUS
10
139.1
20
-100.1
11
139.196
21
-100.119
0
LINE
8
BLACK
6
CONTINUOUS
10
154.446
20
-100.119
11
154.527
21
-100.173
0
LINE
8
BLACK
6
CONTINUOUS
10
154.527
20
-100.173
11
154.581
21
-100.254
0
LINE
8
BLACK
6
CONTINUOUS
10
154.581
20
-100.254
11
154.6
21
-100.35
0
LINE
8
BLACK
6
CONTINUOUS
10
154.6
20
-100.35
11
154.581
21
-100.446
0
LINE
8
BLACK
6
CONTINUOUS
10
154.581
20
-100.446
11
154.527
21
-100.527
0
LINE
8
BLACK
6
CONTINUOUS
10
154.527
20
-100.527
11
154.446
21
-100.581
0
LINE
8
BLACK
6
CONTINUOUS
10
154.446
20
-100.581
11
154.35
21
-100.6
0
LINE
8
BLACK
6
CONTINUOUS
10
154.35
20
-100.6
11
154.254
21
-100.581
0
LINE
8
BLACK
6
CONTINUOUS
10
154.254
20
-100.581
11
154.173
21
-100.527
0
LINE
8
BLACK
6
CONTINUOUS
10
154.173
20
-100.527
11
154.119
21
-100.446
0
LINE
8
BLACK
6
CONTINUOUS
10
154.119
20
-100.446
11
154.1
21
-100.35
0
LINE
8
BLACK
6
CONTINUOUS
10
154.1
20
-100.35
11
154.119
21
-100.254
0
LINE
8
BLACK
6
CONTINUOUS
10
154.119
20
-100.254
11
154.173
21
-100.173
0
LINE
8
BLACK
6
CONTINUOUS
10
154.173
20
-100.173
11
154.254
21
-100.119
0
LINE
8
BLACK
6
CONTINUOUS
10
154.254
20
-100.119
11
154.35
21
-100.1
0
LINE
8
BLACK
6
CONTINUOUS
10
154.35
20
-100.1
11
154.446
21
-100.119
0
LINE
8
BLACK
6
CONTINUOUS
10
177.246
20
-99.869
11
177.327
21
-99.9232
0
LINE
8
BLACK
6
CONTINUOUS
10
177.327
20
-99.9232
11
177.381
21
-100.004
0
LINE
8
BLACK
6
CONTINUOUS
10
177.381
20
-100.004
11
177.4
21
-100.1
0
LINE
8
BLACK
6
CONTINUOUS
10
177.4
20
-100.1
11
177.381
21
-100.196
0
LINE
8
BLACK
6
CONTINUOUS
10
177.381
20
-100.196
11
177.327
21
-100.277
0
LINE
8
BLACK
6
CONTINUOUS
10
177.327
20
-100.277
11
177.246
21
-100.331
0
LINE
8
BLACK
6
CONTINUOUS
10
177.246
20
-100.331
11
177.15
21
-100.35
0
LINE
8
BLACK
6
CONTINUOUS
10
177.15
20
-100.35
11
177.054
21
-100.331
0
LINE
8
BLACK
6
CONTINUOUS
10
177.054
20
-100.331
11
176.973
21
-100.277
0
LINE
8
BLACK
6
CONTINUOUS
10
176.973
20
-100.277
11
176.919
21
-100.196
0
LINE
8
BLACK
6
CONTINUOUS
10
176.919
20
-100.196
11
176.9
21
-100.1
0
LINE
8
BLACK
6
CONTINUOUS
10
176.9
20
-100.1
11
176.919
21
-100.004
0
LINE
8
BLACK
6
CONTINUOUS
10
176.919
20
-100.004
11
176.973
21
-99.9232
0
LINE
8
BLACK
6
CONTINUOUS
10
176.973
20
-99.9232
11
177.054
21
-99.869
0
LINE
8
BLACK
6
CONTINUOUS
10
177.054
20
-99.869
11
177.15
21
-99.85
0
LINE
8
BLACK
6
CONTINUOUS
10
177.15
20
-99.85
11
177.246
21
-99.869
0
LINE
8
BLACK
6
CONTINUOUS
10
164.791
20
-99.369
11
164.872
21
-99.4232
0
LINE
8
BLACK
6
CONTINUOUS
10
164.872
20
-99.4232
11
164.927
21
-99.5043
0
LINE
8
BLACK
6
CONTINUOUS
10
164.927
20
-99.5043
11
164.946
21
-99.6
0
LINE
8
BLACK
6
CONTINUOUS
10
164.946
20
-99.6
11
164.927
21
-99.6957
0
LINE
8
BLACK
6
CONTINUOUS
10
164.927
20
-99.6957
11
164.872
21
-99.7768
0
LINE
8
BLACK
6
CONTINUOUS
10
164.872
20
-99.7768
11
164.791
21
-99.831
0
LINE
8
BLACK
6
CONTINUOUS
10
164.791
20
-99.831
11
164.696
21
-99.85
0
LINE
8
BLACK
6
CONTINUOUS
10
164.696
20
-99.85
11
164.6
21
-99.831
0
LINE
8
BLACK
6
CONTINUOUS
10
164.6
20
-99.831
11
164.519
21
-99.7768
0
LINE
8
BLACK
6
CONTINUOUS
10
164.519
20
-99.7768
11
164.465
21
-99.6957
0
LINE
8
BLACK
6
CONTINUOUS
10
164.465
20
-99.6957
11
164.446
21
-99.6
0
LINE
8
BLACK
6
CONTINUOUS
10
164.446
20
-99.6
11
164.465
21
-99.5043
0
LINE
8
BLACK
6
CONTINUOUS
10
164.465
20
-99.5043
11
164.519
21
-99.4232
0
LINE
8
BLACK
6
CONTINUOUS
10
164.519
20
-99.4232
11
164.6
21
-99.369
0
LINE
8
BLACK
6
CONTINUOUS
10
164.6
20
-99.369
11
164.696
21
-99.35
0
LINE
8
BLACK
6
CONTINUOUS
10
164.696
20
-99.35
11
164.791
21
-99.369
0
LINE
8
BLACK
6
CONTINUOUS
10
153.026
20
-99.349
11
153.107
21
-99.4032
0
LINE
8
BLACK
6
CONTINUOUS
10
153.107
20
-99.4032
11
153.161
21
-99.4843
0
LINE
8
BLACK
6
CONTINUOUS
10
153.161
20
-99.4843
11
153.18
21
-99.58
0
LINE
8
BLACK
6
CONTINUOUS
10
153.18
20
-99.58
11
153.161
21
-99.6757
0
LINE
8
BLACK
6
CONTINUOUS
10
153.161
20
-99.6757
11
153.107
21
-99.7568
0
LINE
8
BLACK
6
CONTINUOUS
10
153.107
20
-99.7568
11
153.026
21
-99.811
0
LINE
8
BLACK
6
CONTINUOUS
10
153.026
20
-99.811
11
152.93
21
-99.83
0
LINE
8
BLACK
6
CONTINUOUS
10
152.93
20
-99.83
11
152.834
21
-99.811
0
LINE
8
BLACK
6
CONTINUOUS
10
152.834
20
-99.811
11
152.753
21
-99.7568
0
LINE
8
BLACK
6
CONTINUOUS
10
152.753
20
-99.7568
11
152.699
21
-99.6757
0
LINE
8
BLACK
6
CONTINUOUS
10
152.699
20
-99.6757
11
152.68
21
-99.58
0
LINE
8
BLACK
6
CONTINUOUS
10
152.68
20
-99.58
11
152.699
21
-99.4843
0
LINE
8
BLACK
6
CONTINUOUS
10
152.699
20
-99.4843
11
152.753
21
-99.4032
0
LINE
8
BLACK
6
CONTINUOUS
10
152.753
20
-99.4032
11
152.834
21
-99.349
0
LINE
8
BLACK
6
CONTINUOUS
10
152.834
20
-99.349
11
152.93
21
-99.33
0
LINE
8
BLACK
6
CONTINUOUS
10
152.93
20
-99.33
11
153.026
21
-99.349
0
LINE
8
BLACK
6
CONTINUOUS
10
151.446
20
-98.619
11
151.527
21
-98.6732
0
LINE
8
BLACK
6
CONTINUOUS
10
151.527
20
-98.6732
11
151.581
21
-98.7543
0
LINE
8
BLACK
6
CONTINUOUS
10
151.581
20
-98.7543
11
151.6
21
-98.85
0
LINE
8
BLACK
6
CONTINUOUS
10
151.6
20
-98.85
11
151.581
21
-98.9457
0
LINE
8
BLACK
6
CONTINUOUS
10
151.581
20
-98.9457
11
151.527
21
-99.0268
0
LINE
8
BLACK
6
CONTINUOUS
10
151.527
20
-99.0268
11
151.446
21
-99.081
0
LINE
8
BLACK
6
CONTINUOUS
10
151.446
20
-99.081
11
151.35
21
-99.1
0
LINE
8
BLACK
6
CONTINUOUS
10
151.35
20
-99.1
11
151.254
21
-99.081
0
LINE
8
BLACK
6
CONTINUOUS
10
151.254
20
-99.081
11
151.173
21
-99.0268
0
LINE
8
BLACK
6
CONTINUOUS
10
151.173
20
-99.0268
11
151.119
21
-98.9457
0
LINE
8
BLACK
6
CONTINUOUS
10
151.119
20
-98.9457
11
151.1
21
-98.85
0
LINE
8
BLACK
6
CONTINUOUS
10
151.1
20
-98.85
11
151.119
21
-98.7543
0
LINE
8
BLACK
6
CONTINUOUS
10
151.119
20
-98.7543
11
151.173
21
-98.6732
0
LINE
8
BLACK
6
CONTINUOUS
10
151.173
20
-98.6732
11
151.254
21
-98.619
0
LINE
8
BLACK
6
CONTINUOUS
10
151.254
20
-98.619
11
151.35
21
-98.6
0
LINE
8
BLACK
6
CONTINUOUS
10
151.35
20
-98.6
11
151.446
21
-98.619
0
LINE
8
BLACK
6
CONTINUOUS
10
173.986
20
-98.819
11
174.067
21
-98.8732
0
LINE
8
BLACK
6
CONTINUOUS
10
174.067
20
-98.8732
11
174.121
21
-98.9543
0
LINE
8
BLACK
6
CONTINUOUS
10
174.121
20
-98.9543
11
174.14
21
-99.05
0
LINE
8
BLACK
6
CONTINUOUS
10
174.14
20
-99.05
11
174.121
21
-99.1457
0
LINE
8
BLACK
6
CONTINUOUS
10
174.121
20
-99.1457
11
174.067
21
-99.2268
0
LINE
8
BLACK
6
CONTINUOUS
10
174.067
20
-99.2268
11
173.986
21
-99.281
0
LINE
8
BLACK
6
CONTINUOUS
10
173.986
20
-99.281
11
173.89
21
-99.3
0
LINE
8
BLACK
6
CONTINUOUS
10
173.89
20
-99.3
11
173.794
21
-99.281
0
LINE
8
BLACK
6
CONTINUOUS
10
173.794
20
-99.281
11
173.713
21
-99.2268
0
LINE
8
BLACK
6
CONTINUOUS
10
173.713
20
-99.2268
11
173.659
21
-99.1457
0
LINE
8
BLACK
6
CONTINUOUS
10
173.659
20
-99.1457
11
173.64
21
-99.05
0
LINE
8
BLACK
6
CONTINUOUS
10
173.64
20
-99.05
11
173.659
21
-98.9543
0
LINE
8
BLACK
6
CONTINUOUS
10
173.659
20
-98.9543
11
173.713
21
-98.8732
0
LINE
8
BLACK
6
CONTINUOUS
10
173.713
20
-98.8732
11
173.794
21
-98.819
0
LINE
8
BLACK
6
CONTINUOUS
10
173.794
20
-98.819
11
173.89
21
-98.8
0
LINE
8
BLACK
6
CONTINUOUS
10
173.89
20
-98.8
11
173.986
21
-98.819
0
LINE
8
BLACK
6
CONTINUOUS
10
158.896
20
-98.669
11
158.977
21
-98.7232
0
LINE
8
BLACK
6
CONTINUOUS
10
158.977
20
-98.7232
11
159.031
21
-98.8043
0
LINE
8
BLACK
6
CONTINUOUS
10
159.031
20
-98.8043
11
159.05
21
-98.9
0
LINE
8
BLACK
6
CONTINUOUS
10
159.05
20
-98.9
11
159.031
21
-98.9957
0
LINE
8
BLACK
6
CONTINUOUS
10
159.031
20
-98.9957
11
158.977
21
-99.0768
0
LINE
8
BLACK
6
CONTINUOUS
10
158.977
20
-99.0768
11
158.896
21
-99.131
0
LINE
8
BLACK
6
CONTINUOUS
10
158.896
20
-99.131
11
158.8
21
-99.15
0
LINE
8
BLACK
6
CONTINUOUS
10
158.8
20
-99.15
11
158.704
21
-99.131
0
LINE
8
BLACK
6
CONTINUOUS
10
158.704
20
-99.131
11
158.623
21
-99.0768
0
LINE
8
BLACK
6
CONTINUOUS
10
158.623
20
-99.0768
11
158.569
21
-98.9957
0
LINE
8
BLACK
6
CONTINUOUS
10
158.569
20
-98.9957
11
158.55
21
-98.9
0
LINE
8
BLACK
6
CONTINUOUS
10
158.55
20
-98.9
11
158.569
21
-98.8043
0
LINE
8
BLACK
6
CONTINUOUS
10
158.569
20
-98.8043
11
158.623
21
-98.7232
0
LINE
8
BLACK
6
CONTINUOUS
10
158.623
20
-98.7232
11
158.704
21
-98.669
0
LINE
8
BLACK
6
CONTINUOUS
10
158.704
20
-98.669
11
158.8
21
-98.65
0
LINE
8
BLACK
6
CONTINUOUS
10
158.8
20
-98.65
11
158.896
21
-98.669
0
LINE
8
BLACK
6
CONTINUOUS
10
159.696
20
-98.669
11
159.777
21
-98.7232
0
LINE
8
BLACK
6
CONTINUOUS
10
159.777
20
-98.7232
11
159.831
21
-98.8043
0
LINE
8
BLACK
6
CONTINUOUS
10
159.831
20
-98.8043
11
159.85
21
-98.9
0
LINE
8
BLACK
6
CONTINUOUS
10
159.85
20
-98.9
11
159.831
21
-98.9957
0
LINE
8
BLACK
6
CONTINUOUS
10
159.831
20
-98.9957
11
159.777
21
-99.0768
0
LINE
8
BLACK
6
CONTINUOUS
10
159.777
20
-99.0768
11
159.696
21
-99.131
0
LINE
8
BLACK
6
CONTINUOUS
10
159.696
20
-99.131
11
159.6
21
-99.15
0
LINE
8
BLACK
6
CONTINUOUS
10
159.6
20
-99.15
11
159.504
21
-99.131
0
LINE
8
BLACK
6
CONTINUOUS
10
159.504
20
-99.131
11
159.423
21
-99.0768
0
LINE
8
BLACK
6
CONTINUOUS
10
159.423
20
-99.0768
11
159.369
21
-98.9957
0
LINE
8
BLACK
6
CONTINUOUS
10
159.369
20
-98.9957
11
159.35
21
-98.9
0
LINE
8
BLACK
6
CONTINUOUS
10
159.35
20
-98.9
11
159.369
21
-98.8043
0
LINE
8
BLACK
6
CONTINUOUS
10
159.369
20
-98.8043
11
159.423
21
-98.7232
0
LINE
8
BLACK
6
CONTINUOUS
10
159.423
20
-98.7232
11
159.504
21
-98.669
0
LINE
8
BLACK
6
CONTINUOUS
10
159.504
20
-98.669
11
159.6
21
-98.65
0
LINE
8
BLACK
6
CONTINUOUS
10
159.6
20
-98.65
11
159.696
21
-98.669
0
LINE
8
BLACK
6
CONTINUOUS
10
160.496
20
-98.669
11
160.577
21
-98.7232
0
LINE
8
BLACK
6
CONTINUOUS
10
160.577
20
-98.7232
11
160.631
21
-98.8043
0
LINE
8
BLACK
6
CONTINUOUS
10
160.631
20
-98.8043
11
160.65
21
-98.9
0
LINE
8
BLACK
6
CONTINUOUS
10
160.65
20
-98.9
11
160.631
21
-98.9957
0
LINE
8
BLACK
6
CONTINUOUS
10
160.631
20
-98.9957
11
160.577
21
-99.0768
0
LINE
8
BLACK
6
CONTINUOUS
10
160.577
20
-99.0768
11
160.496
21
-99.131
0
LINE
8
BLACK
6
CONTINUOUS
10
160.496
20
-99.131
11
160.4
21
-99.15
0
LINE
8
BLACK
6
CONTINUOUS
10
160.4
20
-99.15
11
160.304
21
-99.131
0
LINE
8
BLACK
6
CONTINUOUS
10
160.304
20
-99.131
11
160.223
21
-99.0768
0
LINE
8
BLACK
6
CONTINUOUS
10
160.223
20
-99.0768
11
160.169
21
-98.9957
0
LINE
8
BLACK
6
CONTINUOUS
10
160.169
20
-98.9957
11
160.15
21
-98.9
0
LINE
8
BLACK
6
CONTINUOUS
10
160.15
20
-98.9
11
160.169
21
-98.8043
0
LINE
8
BLACK
6
CONTINUOUS
10
160.169
20
-98.8043
11
160.223
21
-98.7232
0
LINE
8
BLACK
6
CONTINUOUS
10
160.223
20
-98.7232
11
160.304
21
-98.669
0
LINE
8
BLACK
6
CONTINUOUS
10
160.304
20
-98.669
11
160.4
21
-98.65
0
LINE
8
BLACK
6
CONTINUOUS
10
160.4
20
-98.65
11
160.496
21
-98.669
0
LINE
8
BLACK
6
CONTINUOUS
10
143.096
20
-98.269
11
143.177
21
-98.3232
0
LINE
8
BLACK
6
CONTINUOUS
10
143.177
20
-98.3232
11
143.231
21
-98.4043
0
LINE
8
BLACK
6
CONTINUOUS
10
143.231
20
-98.4043
11
143.25
21
-98.5
0
LINE
8
BLACK
6
CONTINUOUS
10
143.25
20
-98.5
11
143.231
21
-98.5957
0
LINE
8
BLACK
6
CONTINUOUS
10
143.231
20
-98.5957
11
143.177
21
-98.6768
0
LINE
8
BLACK
6
CONTINUOUS
10
143.177
20
-98.6768
11
143.096
21
-98.731
0
LINE
8
BLACK
6
CONTINUOUS
10
143.096
20
-98.731
11
143
21
-98.75
0
LINE
8
BLACK
6
CONTINUOUS
10
143
20
-98.75
11
142.904
21
-98.731
0
LINE
8
BLACK
6
CONTINUOUS
10
142.904
20
-98.731
11
142.823
21
-98.6768
0
LINE
8
BLACK
6
CONTINUOUS
10
142.823
20
-98.6768
11
142.769
21
-98.5957
0
LINE
8
BLACK
6
CONTINUOUS
10
142.769
20
-98.5957
11
142.75
21
-98.5
0
LINE
8
BLACK
6
CONTINUOUS
10
142.75
20
-98.5
11
142.769
21
-98.4043
0
LINE
8
BLACK
6
CONTINUOUS
10
142.769
20
-98.4043
11
142.823
21
-98.3232
0
LINE
8
BLACK
6
CONTINUOUS
10
142.823
20
-98.3232
11
142.904
21
-98.269
0
LINE
8
BLACK
6
CONTINUOUS
10
142.904
20
-98.269
11
143
21
-98.25
0
LINE
8
BLACK
6
CONTINUOUS
10
143
20
-98.25
11
143.096
21
-98.269
0
LINE
8
BLACK
6
CONTINUOUS
10
161.446
20
-98.0185
11
161.527
21
-98.0727
0
LINE
8
BLACK
6
CONTINUOUS
10
161.527
20
-98.0727
11
161.581
21
-98.1538
0
LINE
8
BLACK
6
CONTINUOUS
10
161.581
20
-98.1538
11
161.6
21
-98.2495
0
LINE
8
BLACK
6
CONTINUOUS
10
161.6
20
-98.2495
11
161.581
21
-98.3452
0
LINE
8
BLACK
6
CONTINUOUS
10
161.581
20
-98.3452
11
161.527
21
-98.4263
0
LINE
8
BLACK
6
CONTINUOUS
10
161.527
20
-98.4263
11
161.446
21
-98.4805
0
LINE
8
BLACK
6
CONTINUOUS
10
161.446
20
-98.4805
11
161.35
21
-98.4995
0
LINE
8
BLACK
6
CONTINUOUS
10
161.35
20
-98.4995
11
161.254
21
-98.4805
0
LINE
8
BLACK
6
CONTINUOUS
10
161.254
20
-98.4805
11
161.173
21
-98.4263
0
LINE
8
BLACK
6
CONTINUOUS
10
161.173
20
-98.4263
11
161.119
21
-98.3452
0
LINE
8
BLACK
6
CONTINUOUS
10
161.119
20
-98.3452
11
161.1
21
-98.2495
0
LINE
8
BLACK
6
CONTINUOUS
10
161.1
20
-98.2495
11
161.119
21
-98.1538
0
LINE
8
BLACK
6
CONTINUOUS
10
161.119
20
-98.1538
11
161.173
21
-98.0727
0
LINE
8
BLACK
6
CONTINUOUS
10
161.173
20
-98.0727
11
161.254
21
-98.0185
0
LINE
8
BLACK
6
CONTINUOUS
10
161.254
20
-98.0185
11
161.35
21
-97.9995
0
LINE
8
BLACK
6
CONTINUOUS
10
161.35
20
-97.9995
11
161.446
21
-98.0185
0
LINE
8
BLACK
6
CONTINUOUS
10
126.346
20
-97.719
11
126.427
21
-97.7732
0
LINE
8
BLACK
6
CONTINUOUS
10
126.427
20
-97.7732
11
126.481
21
-97.8543
0
LINE
8
BLACK
6
CONTINUOUS
10
126.481
20
-97.8543
11
126.5
21
-97.95
0
LINE
8
BLACK
6
CONTINUOUS
10
126.5
20
-97.95
11
126.481
21
-98.0457
0
LINE
8
BLACK
6
CONTINUOUS
10
126.481
20
-98.0457
11
126.427
21
-98.1268
0
LINE
8
BLACK
6
CONTINUOUS
10
126.427
20
-98.1268
11
126.346
21
-98.181
0
LINE
8
BLACK
6
CONTINUOUS
10
126.346
20
-98.181
11
126.25
21
-98.2
0
LINE
8
BLACK
6
CONTINUOUS
10
126.25
20
-98.2
11
126.154
21
-98.181
0
LINE
8
BLACK
6
CONTINUOUS
10
126.154
20
-98.181
11
126.073
21
-98.1268
0
LINE
8
BLACK
6
CONTINUOUS
10
126.073
20
-98.1268
11
126.019
21
-98.0457
0
LINE
8
BLACK
6
CONTINUOUS
10
126.019
20
-98.0457
11
126
21
-97.95
0
LINE
8
BLACK
6
CONTINUOUS
10
126
20
-97.95
11
126.019
21
-97.8543
0
LINE
8
BLACK
6
CONTINUOUS
10
126.019
20
-97.8543
11
126.073
21
-97.7732
0
LINE
8
BLACK
6
CONTINUOUS
10
126.073
20
-97.7732
11
126.154
21
-97.719
0
LINE
8
BLACK
6
CONTINUOUS
10
126.154
20
-97.719
11
126.25
21
-97.7
0
LINE
8
BLACK
6
CONTINUOUS
10
126.25
20
-97.7
11
126.346
21
-97.719
0
LINE
8
BLACK
6
CONTINUOUS
10
129.046
20
-96.419
11
129.127
21
-96.4732
0
LINE
8
BLACK
6
CONTINUOUS
10
129.127
20
-96.4732
11
129.181
21
-96.5543
0
LINE
8
BLACK
6
CONTINUOUS
10
129.181
20
-96.5543
11
129.2
21
-96.65
0
LINE
8
BLACK
6
CONTINUOUS
10
129.2
20
-96.65
11
129.181
21
-96.7457
0
LINE
8
BLACK
6
CONTINUOUS
10
129.181
20
-96.7457
11
129.127
21
-96.8268
0
LINE
8
BLACK
6
CONTINUOUS
10
129.127
20
-96.8268
11
129.046
21
-96.881
0
LINE
8
BLACK
6
CONTINUOUS
10
129.046
20
-96.881
11
128.95
21
-96.9
0
LINE
8
BLACK
6
CONTINUOUS
10
128.95
20
-96.9
11
128.854
21
-96.881
0
LINE
8
BLACK
6
CONTINUOUS
10
128.854
20
-96.881
11
128.773
21
-96.8268
0
LINE
8
BLACK
6
CONTINUOUS
10
128.773
20
-96.8268
11
128.719
21
-96.7457
0
LINE
8
BLACK
6
CONTINUOUS
10
128.719
20
-96.7457
11
128.7
21
-96.65
0
LINE
8
BLACK
6
CONTINUOUS
10
128.7
20
-96.65
11
128.719
21
-96.5543
0
LINE
8
BLACK
6
CONTINUOUS
10
128.719
20
-96.5543
11
128.773
21
-96.4732
0
LINE
8
BLACK
6
CONTINUOUS
10
128.773
20
-96.4732
11
128.854
21
-96.419
0
LINE
8
BLACK
6
CONTINUOUS
10
128.854
20
-96.419
11
128.95
21
-96.4
0
LINE
8
BLACK
6
CONTINUOUS
10
128.95
20
-96.4
11
129.046
21
-96.419
0
LINE
8
BLACK
6
CONTINUOUS
10
166.446
20
-97.569
11
166.527
21
-97.6232
0
LINE
8
BLACK
6
CONTINUOUS
10
166.527
20
-97.6232
11
166.581
21
-97.7043
0
LINE
8
BLACK
6
CONTINUOUS
10
166.581
20
-97.7043
11
166.6
21
-97.8
0
LINE
8
BLACK
6
CONTINUOUS
10
166.6
20
-97.8
11
166.581
21
-97.8957
0
LINE
8
BLACK
6
CONTINUOUS
10
166.581
20
-97.8957
11
166.527
21
-97.9768
0
LINE
8
BLACK
6
CONTINUOUS
10
166.527
20
-97.9768
11
166.446
21
-98.031
0
LINE
8
BLACK
6
CONTINUOUS
10
166.446
20
-98.031
11
166.35
21
-98.05
0
LINE
8
BLACK
6
CONTINUOUS
10
166.35
20
-98.05
11
166.254
21
-98.031
0
LINE
8
BLACK
6
CONTINUOUS
10
166.254
20
-98.031
11
166.173
21
-97.9768
0
LINE
8
BLACK
6
CONTINUOUS
10
166.173
20
-97.9768
11
166.119
21
-97.8957
0
LINE
8
BLACK
6
CONTINUOUS
10
166.119
20
-97.8957
11
166.1
21
-97.8
0
LINE
8
BLACK
6
CONTINUOUS
10
166.1
20
-97.8
11
166.119
21
-97.7043
0
LINE
8
BLACK
6
CONTINUOUS
10
166.119
20
-97.7043
11
166.173
21
-97.6232
0
LINE
8
BLACK
6
CONTINUOUS
10
166.173
20
-97.6232
11
166.254
21
-97.569
0
LINE
8
BLACK
6
CONTINUOUS
10
166.254
20
-97.569
11
166.35
21
-97.55
0
LINE
8
BLACK
6
CONTINUOUS
10
166.35
20
-97.55
11
166.446
21
-97.569
0
LINE
8
BLACK
6
CONTINUOUS
10
135.326
20
-97.419
11
135.407
21
-97.4732
0
LINE
8
BLACK
6
CONTINUOUS
10
135.407
20
-97.4732
11
135.461
21
-97.5543
0
LINE
8
BLACK
6
CONTINUOUS
10
135.461
20
-97.5543
11
135.48
21
-97.65
0
LINE
8
BLACK
6
CONTINUOUS
10
135.48
20
-97.65
11
135.461
21
-97.7457
0
LINE
8
BLACK
6
CONTINUOUS
10
135.461
20
-97.7457
11
135.407
21
-97.8268
0
LINE
8
BLACK
6
CONTINUOUS
10
135.407
20
-97.8268
11
135.326
21
-97.881
0
LINE
8
BLACK
6
CONTINUOUS
10
135.326
20
-97.881
11
135.23
21
-97.9
0
LINE
8
BLACK
6
CONTINUOUS
10
135.23
20
-97.9
11
135.134
21
-97.881
0
LINE
8
BLACK
6
CONTINUOUS
10
135.134
20
-97.881
11
135.053
21
-97.8268
0
LINE
8
BLACK
6
CONTINUOUS
10
135.053
20
-97.8268
11
134.999
21
-97.7457
0
LINE
8
BLACK
6
CONTINUOUS
10
134.999
20
-97.7457
11
134.98
21
-97.65
0
LINE
8
BLACK
6
CONTINUOUS
10
134.98
20
-97.65
11
134.999
21
-97.5543
0
LINE
8
BLACK
6
CONTINUOUS
10
134.999
20
-97.5543
11
135.053
21
-97.4732
0
LINE
8
BLACK
6
CONTINUOUS
10
135.053
20
-97.4732
11
135.134
21
-97.419
0
LINE
8
BLACK
6
CONTINUOUS
10
135.134
20
-97.419
11
135.23
21
-97.4
0
LINE
8
BLACK
6
CONTINUOUS
10
135.23
20
-97.4
11
135.326
21
-97.419
0
LINE
8
BLACK
6
CONTINUOUS
10
134.446
20
-97.219
11
134.527
21
-97.2732
0
LINE
8
BLACK
6
CONTINUOUS
10
134.527
20
-97.2732
11
134.581
21
-97.3543
0
LINE
8
BLACK
6
CONTINUOUS
10
134.581
20
-97.3543
11
134.6
21
-97.45
0
LINE
8
BLACK
6
CONTINUOUS
10
134.6
20
-97.45
11
134.581
21
-97.5457
0
LINE
8
BLACK
6
CONTINUOUS
10
134.581
20
-97.5457
11
134.527
21
-97.6268
0
LINE
8
BLACK
6
CONTINUOUS
10
134.527
20
-97.6268
11
134.446
21
-97.681
0
LINE
8
BLACK
6
CONTINUOUS
10
134.446
20
-97.681
11
134.35
21
-97.7
0
LINE
8
BLACK
6
CONTINUOUS
10
134.35
20
-97.7
11
134.254
21
-97.681
0
LINE
8
BLACK
6
CONTINUOUS
10
134.254
20
-97.681
11
134.173
21
-97.6268
0
LINE
8
BLACK
6
CONTINUOUS
10
134.173
20
-97.6268
11
134.119
21
-97.5457
0
LINE
8
BLACK
6
CONTINUOUS
10
134.119
20
-97.5457
11
134.1
21
-97.45
0
LINE
8
BLACK
6
CONTINUOUS
10
134.1
20
-97.45
11
134.119
21
-97.3543
0
LINE
8
BLACK
6
CONTINUOUS
10
134.119
20
-97.3543
11
134.173
21
-97.2732
0
LINE
8
BLACK
6
CONTINUOUS
10
134.173
20
-97.2732
11
134.254
21
-97.219
0
LINE
8
BLACK
6
CONTINUOUS
10
134.254
20
-97.219
11
134.35
21
-97.2
0
LINE
8
BLACK
6
CONTINUOUS
10
134.35
20
-97.2
11
134.446
21
-97.219
0
LINE
8
BLACK
6
CONTINUOUS
10
133.696
20
-96.919
11
133.777
21
-96.9732
0
LINE
8
BLACK
6
CONTINUOUS
10
133.777
20
-96.9732
11
133.831
21
-97.0543
0
LINE
8
BLACK
6
CONTINUOUS
10
133.831
20
-97.0543
11
133.85
21
-97.15
0
LINE
8
BLACK
6
CONTINUOUS
10
133.85
20
-97.15
11
133.831
21
-97.2457
0
LINE
8
BLACK
6
CONTINUOUS
10
133.831
20
-97.2457
11
133.777
21
-97.3268
0
LINE
8
BLACK
6
CONTINUOUS
10
133.777
20
-97.3268
11
133.696
21
-97.381
0
LINE
8
BLACK
6
CONTINUOUS
10
133.696
20
-97.381
11
133.6
21
-97.4
0
LINE
8
BLACK
6
CONTINUOUS
10
133.6
20
-97.4
11
133.504
21
-97.381
0
LINE
8
BLACK
6
CONTINUOUS
10
133.504
20
-97.381
11
133.423
21
-97.3268
0
LINE
8
BLACK
6
CONTINUOUS
10
133.423
20
-97.3268
11
133.369
21
-97.2457
0
LINE
8
BLACK
6
CONTINUOUS
10
133.369
20
-97.2457
11
133.35
21
-97.15
0
LINE
8
BLACK
6
CONTINUOUS
10
133.35
20
-97.15
11
133.369
21
-97.0543
0
LINE
8
BLACK
6
CONTINUOUS
10
133.369
20
-97.0543
11
133.423
21
-96.9732
0
LINE
8
BLACK
6
CONTINUOUS
10
133.423
20
-96.9732
11
133.504
21
-96.919
0
LINE
8
BLACK
6
CONTINUOUS
10
133.504
20
-96.919
11
133.6
21
-96.9
0
LINE
8
BLACK
6
CONTINUOUS
10
133.6
20
-96.9
11
133.696
21
-96.919
0
LINE
8
BLACK
6
CONTINUOUS
10
132.946
20
-96.469
11
133.027
21
-96.5232
0
LINE
8
BLACK
6
CONTINUOUS
10
133.027
20
-96.5232
11
133.081
21
-96.6043
0
LINE
8
BLACK
6
CONTINUOUS
10
133.081
20
-96.6043
11
133.1
21
-96.7
0
LINE
8
BLACK
6
CONTINUOUS
10
133.1
20
-96.7
11
133.081
21
-96.7957
0
LINE
8
BLACK
6
CONTINUOUS
10
133.081
20
-96.7957
11
133.027
21
-96.8768
0
LINE
8
BLACK
6
CONTINUOUS
10
133.027
20
-96.8768
11
132.946
21
-96.931
0
LINE
8
BLACK
6
CONTINUOUS
10
132.946
20
-96.931
11
132.85
21
-96.95
0
LINE
8
BLACK
6
CONTINUOUS
10
132.85
20
-96.95
11
132.754
21
-96.931
0
LINE
8
BLACK
6
CONTINUOUS
10
132.754
20
-96.931
11
132.673
21
-96.8768
0
LINE
8
BLACK
6
CONTINUOUS
10
132.673
20
-96.8768
11
132.619
21
-96.7957
0
LINE
8
BLACK
6
CONTINUOUS
10
132.619
20
-96.7957
11
132.6
21
-96.7
0
LINE
8
BLACK
6
CONTINUOUS
10
132.6
20
-96.7
11
132.619
21
-96.6043
0
LINE
8
BLACK
6
CONTINUOUS
10
132.619
20
-96.6043
11
132.673
21
-96.5232
0
LINE
8
BLACK
6
CONTINUOUS
10
132.673
20
-96.5232
11
132.754
21
-96.469
0
LINE
8
BLACK
6
CONTINUOUS
10
132.754
20
-96.469
11
132.85
21
-96.45
0
LINE
8
BLACK
6
CONTINUOUS
10
132.85
20
-96.45
11
132.946
21
-96.469
0
LINE
8
BLACK
6
CONTINUOUS
10
132.146
20
-96.269
11
132.227
21
-96.3232
0
LINE
8
BLACK
6
CONTINUOUS
10
132.227
20
-96.3232
11
132.281
21
-96.4043
0
LINE
8
BLACK
6
CONTINUOUS
10
132.281
20
-96.4043
11
132.3
21
-96.5
0
LINE
8
BLACK
6
CONTINUOUS
10
132.3
20
-96.5
11
132.281
21
-96.5957
0
LINE
8
BLACK
6
CONTINUOUS
10
132.281
20
-96.5957
11
132.227
21
-96.6768
0
LINE
8
BLACK
6
CONTINUOUS
10
132.227
20
-96.6768
11
132.146
21
-96.731
0
LINE
8
BLACK
6
CONTINUOUS
10
132.146
20
-96.731
11
132.05
21
-96.75
0
LINE
8
BLACK
6
CONTINUOUS
10
132.05
20
-96.75
11
131.954
21
-96.731
0
LINE
8
BLACK
6
CONTINUOUS
10
131.954
20
-96.731
11
131.873
21
-96.6768
0
LINE
8
BLACK
6
CONTINUOUS
10
131.873
20
-96.6768
11
131.819
21
-96.5957
0
LINE
8
BLACK
6
CONTINUOUS
10
131.819
20
-96.5957
11
131.8
21
-96.5
0
LINE
8
BLACK
6
CONTINUOUS
10
131.8
20
-96.5
11
131.819
21
-96.4043
0
LINE
8
BLACK
6
CONTINUOUS
10
131.819
20
-96.4043
11
131.873
21
-96.3232
0
LINE
8
BLACK
6
CONTINUOUS
10
131.873
20
-96.3232
11
131.954
21
-96.269
0
LINE
8
BLACK
6
CONTINUOUS
10
131.954
20
-96.269
11
132.05
21
-96.25
0
LINE
8
BLACK
6
CONTINUOUS
10
132.05
20
-96.25
11
132.146
21
-96.269
0
LINE
8
BLACK
6
CONTINUOUS
10
163.436
20
-97.159
11
163.517
21
-97.2132
0
LINE
8
BLACK
6
CONTINUOUS
10
163.517
20
-97.2132
11
163.571
21
-97.2943
0
LINE
8
BLACK
6
CONTINUOUS
10
163.571
20
-97.2943
11
163.59
21
-97.39
0
LINE
8
BLACK
6
CONTINUOUS
10
163.59
20
-97.39
11
163.571
21
-97.4857
0
LINE
8
BLACK
6
CONTINUOUS
10
163.571
20
-97.4857
11
163.517
21
-97.5668
0
LINE
8
BLACK
6
CONTINUOUS
10
163.517
20
-97.5668
11
163.436
21
-97.621
0
LINE
8
BLACK
6
CONTINUOUS
10
163.436
20
-97.621
11
163.34
21
-97.64
0
LINE
8
BLACK
6
CONTINUOUS
10
163.34
20
-97.64
11
163.244
21
-97.621
0
LINE
8
BLACK
6
CONTINUOUS
10
163.244
20
-97.621
11
163.163
21
-97.5668
0
LINE
8
BLACK
6
CONTINUOUS
10
163.163
20
-97.5668
11
163.109
21
-97.4857
0
LINE
8
BLACK
6
CONTINUOUS
10
163.109
20
-97.4857
11
163.09
21
-97.39
0
LINE
8
BLACK
6
CONTINUOUS
10
163.09
20
-97.39
11
163.109
21
-97.2943
0
LINE
8
BLACK
6
CONTINUOUS
10
163.109
20
-97.2943
11
163.163
21
-97.2132
0
LINE
8
BLACK
6
CONTINUOUS
10
163.163
20
-97.2132
11
163.244
21
-97.159
0
LINE
8
BLACK
6
CONTINUOUS
10
163.244
20
-97.159
11
163.34
21
-97.14
0
LINE
8
BLACK
6
CONTINUOUS
10
163.34
20
-97.14
11
163.436
21
-97.159
0
LINE
8
BLACK
6
CONTINUOUS
10
163.846
20
-96.369
11
163.927
21
-96.4232
0
LINE
8
BLACK
6
CONTINUOUS
10
163.927
20
-96.4232
11
163.981
21
-96.5043
0
LINE
8
BLACK
6
CONTINUOUS
10
163.981
20
-96.5043
11
164
21
-96.6
0
LINE
8
BLACK
6
CONTINUOUS
10
164
20
-96.6
11
163.981
21
-96.6957
0
LINE
8
BLACK
6
CONTINUOUS
10
163.981
20
-96.6957
11
163.927
21
-96.7768
0
LINE
8
BLACK
6
CONTINUOUS
10
163.927
20
-96.7768
11
163.846
21
-96.831
0
LINE
8
BLACK
6
CONTINUOUS
10
163.846
20
-96.831
11
163.75
21
-96.85
0
LINE
8
BLACK
6
CONTINUOUS
10
163.75
20
-96.85
11
163.654
21
-96.831
0
LINE
8
BLACK
6
CONTINUOUS
10
163.654
20
-96.831
11
163.573
21
-96.7768
0
LINE
8
BLACK
6
CONTINUOUS
10
163.573
20
-96.7768
11
163.519
21
-96.6957
0
LINE
8
BLACK
6
CONTINUOUS
10
163.519
20
-96.6957
11
163.5
21
-96.6
0
LINE
8
BLACK
6
CONTINUOUS
10
163.5
20
-96.6
11
163.519
21
-96.5043
0
LINE
8
BLACK
6
CONTINUOUS
10
163.519
20
-96.5043
11
163.573
21
-96.4232
0
LINE
8
BLACK
6
CONTINUOUS
10
163.573
20
-96.4232
11
163.654
21
-96.369
0
LINE
8
BLACK
6
CONTINUOUS
10
163.654
20
-96.369
11
163.75
21
-96.35
0
LINE
8
BLACK
6
CONTINUOUS
10
163.75
20
-96.35
11
163.846
21
-96.369
0
LINE
8
BLACK
6
CONTINUOUS
10
163.996
20
-95.569
11
164.077
21
-95.6232
0
LINE
8
BLACK
6
CONTINUOUS
10
164.077
20
-95.6232
11
164.131
21
-95.7043
0
LINE
8
BLACK
6
CONTINUOUS
10
164.131
20
-95.7043
11
164.15
21
-95.8
0
LINE
8
BLACK
6
CONTINUOUS
10
164.15
20
-95.8
11
164.131
21
-95.8957
0
LINE
8
BLACK
6
CONTINUOUS
10
164.131
20
-95.8957
11
164.077
21
-95.9768
0
LINE
8
BLACK
6
CONTINUOUS
10
164.077
20
-95.9768
11
163.996
21
-96.031
0
LINE
8
BLACK
6
CONTINUOUS
10
163.996
20
-96.031
11
163.9
21
-96.05
0
LINE
8
BLACK
6
CONTINUOUS
10
163.9
20
-96.05
11
163.804
21
-96.031
0
LINE
8
BLACK
6
CONTINUOUS
10
163.804
20
-96.031
11
163.723
21
-95.9768
0
LINE
8
BLACK
6
CONTINUOUS
10
163.723
20
-95.9768
11
163.669
21
-95.8957
0
LINE
8
BLACK
6
CONTINUOUS
10
163.669
20
-95.8957
11
163.65
21
-95.8
0
LINE
8
BLACK
6
CONTINUOUS
10
163.65
20
-95.8
11
163.669
21
-95.7043
0
LINE
8
BLACK
6
CONTINUOUS
10
163.669
20
-95.7043
11
163.723
21
-95.6232
0
LINE
8
BLACK
6
CONTINUOUS
10
163.723
20
-95.6232
11
163.804
21
-95.569
0
LINE
8
BLACK
6
CONTINUOUS
10
163.804
20
-95.569
11
163.9
21
-95.55
0
LINE
8
BLACK
6
CONTINUOUS
10
163.9
20
-95.55
11
163.996
21
-95.569
0
LINE
8
BLACK
6
CONTINUOUS
10
129.721
20
-95.544
11
129.802
21
-95.5982
0
LINE
8
BLACK
6
CONTINUOUS
10
129.802
20
-95.5982
11
129.856
21
-95.6793
0
LINE
8
BLACK
6
CONTINUOUS
10
129.856
20
-95.6793
11
129.875
21
-95.775
0
LINE
8
BLACK
6
CONTINUOUS
10
129.875
20
-95.775
11
129.856
21
-95.8707
0
LINE
8
BLACK
6
CONTINUOUS
10
129.856
20
-95.8707
11
129.802
21
-95.9518
0
LINE
8
BLACK
6
CONTINUOUS
10
129.802
20
-95.9518
11
129.721
21
-96.006
0
LINE
8
BLACK
6
CONTINUOUS
10
129.721
20
-96.006
11
129.625
21
-96.025
0
LINE
8
BLACK
6
CONTINUOUS
10
129.625
20
-96.025
11
129.529
21
-96.006
0
LINE
8
BLACK
6
CONTINUOUS
10
129.529
20
-96.006
11
129.448
21
-95.9518
0
LINE
8
BLACK
6
CONTINUOUS
10
129.448
20
-95.9518
11
129.394
21
-95.8707
0
LINE
8
BLACK
6
CONTINUOUS
10
129.394
20
-95.8707
11
129.375
21
-95.775
0
LINE
8
BLACK
6
CONTINUOUS
10
129.375
20
-95.775
11
129.394
21
-95.6793
0
LINE
8
BLACK
6
CONTINUOUS
10
129.394
20
-95.6793
11
129.448
21
-95.5982
0
LINE
8
BLACK
6
CONTINUOUS
10
129.448
20
-95.5982
11
129.529
21
-95.544
0
LINE
8
BLACK
6
CONTINUOUS
10
129.529
20
-95.544
11
129.625
21
-95.525
0
LINE
8
BLACK
6
CONTINUOUS
10
129.625
20
-95.525
11
129.721
21
-95.544
0
LINE
8
BLACK
6
CONTINUOUS
10
162.396
20
-96.219
11
162.477
21
-96.2732
0
LINE
8
BLACK
6
CONTINUOUS
10
162.477
20
-96.2732
11
162.531
21
-96.3543
0
LINE
8
BLACK
6
CONTINUOUS
10
162.531
20
-96.3543
11
162.55
21
-96.45
0
LINE
8
BLACK
6
CONTINUOUS
10
162.55
20
-96.45
11
162.531
21
-96.5457
0
LINE
8
BLACK
6
CONTINUOUS
10
162.531
20
-96.5457
11
162.477
21
-96.6268
0
LINE
8
BLACK
6
CONTINUOUS
10
162.477
20
-96.6268
11
162.396
21
-96.681
0
LINE
8
BLACK
6
CONTINUOUS
10
162.396
20
-96.681
11
162.3
21
-96.7
0
LINE
8
BLACK
6
CONTINUOUS
10
162.3
20
-96.7
11
162.204
21
-96.681
0
LINE
8
BLACK
6
CONTINUOUS
10
162.204
20
-96.681
11
162.123
21
-96.6268
0
LINE
8
BLACK
6
CONTINUOUS
10
162.123
20
-96.6268
11
162.069
21
-96.5457
0
LINE
8
BLACK
6
CONTINUOUS
10
162.069
20
-96.5457
11
162.05
21
-96.45
0
LINE
8
BLACK
6
CONTINUOUS
10
162.05
20
-96.45
11
162.069
21
-96.3543
0
LINE
8
BLACK
6
CONTINUOUS
10
162.069
20
-96.3543
11
162.123
21
-96.2732
0
LINE
8
BLACK
6
CONTINUOUS
10
162.123
20
-96.2732
11
162.204
21
-96.219
0
LINE
8
BLACK
6
CONTINUOUS
10
162.204
20
-96.219
11
162.3
21
-96.2
0
LINE
8
BLACK
6
CONTINUOUS
10
162.3
20
-96.2
11
162.396
21
-96.219
0
LINE
8
BLACK
6
CONTINUOUS
10
113.546
20
-95.769
11
113.627
21
-95.8232
0
LINE
8
BLACK
6
CONTINUOUS
10
113.627
20
-95.8232
11
113.681
21
-95.9043
0
LINE
8
BLACK
6
CONTINUOUS
10
113.681
20
-95.9043
11
113.7
21
-96
0
LINE
8
BLACK
6
CONTINUOUS
10
113.7
20
-96
11
113.681
21
-96.0957
0
LINE
8
BLACK
6
CONTINUOUS
10
113.681
20
-96.0957
11
113.627
21
-96.1768
0
LINE
8
BLACK
6
CONTINUOUS
10
113.627
20
-96.1768
11
113.546
21
-96.231
0
LINE
8
BLACK
6
CONTINUOUS
10
113.546
20
-96.231
11
113.45
21
-96.25
0
LINE
8
BLACK
6
CONTINUOUS
10
113.45
20
-96.25
11
113.354
21
-96.231
0
LINE
8
BLACK
6
CONTINUOUS
10
113.354
20
-96.231
11
113.273
21
-96.1768
0
LINE
8
BLACK
6
CONTINUOUS
10
113.273
20
-96.1768
11
113.219
21
-96.0957
0
LINE
8
BLACK
6
CONTINUOUS
10
113.219
20
-96.0957
11
113.2
21
-96
0
LINE
8
BLACK
6
CONTINUOUS
10
113.2
20
-96
11
113.219
21
-95.9043
0
LINE
8
BLACK
6
CONTINUOUS
10
113.219
20
-95.9043
11
113.273
21
-95.8232
0
LINE
8
BLACK
6
CONTINUOUS
10
113.273
20
-95.8232
11
113.354
21
-95.769
0
LINE
8
BLACK
6
CONTINUOUS
10
113.354
20
-95.769
11
113.45
21
-95.75
0
LINE
8
BLACK
6
CONTINUOUS
10
113.45
20
-95.75
11
113.546
21
-95.769
0
LINE
8
BLACK
6
CONTINUOUS
10
118.896
20
-95.644
11
118.977
21
-95.6982
0
LINE
8
BLACK
6
CONTINUOUS
10
118.977
20
-95.6982
11
119.031
21
-95.7793
0
LINE
8
BLACK
6
CONTINUOUS
10
119.031
20
-95.7793
11
119.05
21
-95.875
0
LINE
8
BLACK
6
CONTINUOUS
10
119.05
20
-95.875
11
119.031
21
-95.9707
0
LINE
8
BLACK
6
CONTINUOUS
10
119.031
20
-95.9707
11
118.977
21
-96.0518
0
LINE
8
BLACK
6
CONTINUOUS
10
118.977
20
-96.0518
11
118.896
21
-96.106
0
LINE
8
BLACK
6
CONTINUOUS
10
118.896
20
-96.106
11
118.8
21
-96.125
0
LINE
8
BLACK
6
CONTINUOUS
10
118.8
20
-96.125
11
118.704
21
-96.106
0
LINE
8
BLACK
6
CONTINUOUS
10
118.704
20
-96.106
11
118.623
21
-96.0518
0
LINE
8
BLACK
6
CONTINUOUS
10
118.623
20
-96.0518
11
118.569
21
-95.9707
0
LINE
8
BLACK
6
CONTINUOUS
10
118.569
20
-95.9707
11
118.55
21
-95.875
0
LINE
8
BLACK
6
CONTINUOUS
10
118.55
20
-95.875
11
118.569
21
-95.7793
0
LINE
8
BLACK
6
CONTINUOUS
10
118.569
20
-95.7793
11
118.623
21
-95.6982
0
LINE
8
BLACK
6
CONTINUOUS
10
118.623
20
-95.6982
11
118.704
21
-95.644
0
LINE
8
BLACK
6
CONTINUOUS
10
118.704
20
-95.644
11
118.8
21
-95.625
0
LINE
8
BLACK
6
CONTINUOUS
10
118.8
20
-95.625
11
118.896
21
-95.644
0
LINE
8
BLACK
6
CONTINUOUS
10
140.646
20
-95.419
11
140.727
21
-95.4732
0
LINE
8
BLACK
6
CONTINUOUS
10
140.727
20
-95.4732
11
140.781
21
-95.5543
0
LINE
8
BLACK
6
CONTINUOUS
10
140.781
20
-95.5543
11
140.8
21
-95.65
0
LINE
8
BLACK
6
CONTINUOUS
10
140.8
20
-95.65
11
140.781
21
-95.7457
0
LINE
8
BLACK
6
CONTINUOUS
10
140.781
20
-95.7457
11
140.727
21
-95.8268
0
LINE
8
BLACK
6
CONTINUOUS
10
140.727
20
-95.8268
11
140.646
21
-95.881
0
LINE
8
BLACK
6
CONTINUOUS
10
140.646
20
-95.881
11
140.55
21
-95.9
0
LINE
8
BLACK
6
CONTINUOUS
10
140.55
20
-95.9
11
140.454
21
-95.881
0
LINE
8
BLACK
6
CONTINUOUS
10
140.454
20
-95.881
11
140.373
21
-95.8268
0
LINE
8
BLACK
6
CONTINUOUS
10
140.373
20
-95.8268
11
140.319
21
-95.7457
0
LINE
8
BLACK
6
CONTINUOUS
10
140.319
20
-95.7457
11
140.3
21
-95.65
0
LINE
8
BLACK
6
CONTINUOUS
10
140.3
20
-95.65
11
140.319
21
-95.5543
0
LINE
8
BLACK
6
CONTINUOUS
10
140.319
20
-95.5543
11
140.373
21
-95.4732
0
LINE
8
BLACK
6
CONTINUOUS
10
140.373
20
-95.4732
11
140.454
21
-95.419
0
LINE
8
BLACK
6
CONTINUOUS
10
140.454
20
-95.419
11
140.55
21
-95.4
0
LINE
8
BLACK
6
CONTINUOUS
10
140.55
20
-95.4
11
140.646
21
-95.419
0
LINE
8
BLACK
6
CONTINUOUS
10
149.996
20
-93.919
11
150.077
21
-93.9732
0
LINE
8
BLACK
6
CONTINUOUS
10
150.077
20
-93.9732
11
150.131
21
-94.0543
0
LINE
8
BLACK
6
CONTINUOUS
10
150.131
20
-94.0543
11
150.15
21
-94.15
0
LINE
8
BLACK
6
CONTINUOUS
10
150.15
20
-94.15
11
150.131
21
-94.2457
0
LINE
8
BLACK
6
CONTINUOUS
10
150.131
20
-94.2457
11
150.077
21
-94.3268
0
LINE
8
BLACK
6
CONTINUOUS
10
150.077
20
-94.3268
11
149.996
21
-94.381
0
LINE
8
BLACK
6
CONTINUOUS
10
149.996
20
-94.381
11
149.9
21
-94.4
0
LINE
8
BLACK
6
CONTINUOUS
10
149.9
20
-94.4
11
149.804
21
-94.381
0
LINE
8
BLACK
6
CONTINUOUS
10
149.804
20
-94.381
11
149.723
21
-94.3268
0
LINE
8
BLACK
6
CONTINUOUS
10
149.723
20
-94.3268
11
149.669
21
-94.2457
0
LINE
8
BLACK
6
CONTINUOUS
10
149.669
20
-94.2457
11
149.65
21
-94.15
0
LINE
8
BLACK
6
CONTINUOUS
10
149.65
20
-94.15
11
149.669
21
-94.0543
0
LINE
8
BLACK
6
CONTINUOUS
10
149.669
20
-94.0543
11
149.723
21
-93.9732
0
LINE
8
BLACK
6
CONTINUOUS
10
149.723
20
-93.9732
11
149.804
21
-93.919
0
LINE
8
BLACK
6
CONTINUOUS
10
149.804
20
-93.919
11
149.9
21
-93.9
0
LINE
8
BLACK
6
CONTINUOUS
10
149.9
20
-93.9
11
149.996
21
-93.919
0
LINE
8
BLACK
6
CONTINUOUS
10
167.059
20
-94.7055
11
167.14
21
-94.7597
0
LINE
8
BLACK
6
CONTINUOUS
10
167.14
20
-94.7597
11
167.195
21
-94.8408
0
LINE
8
BLACK
6
CONTINUOUS
10
167.195
20
-94.8408
11
167.214
21
-94.9364
0
LINE
8
BLACK
6
CONTINUOUS
10
167.214
20
-94.9364
11
167.195
21
-95.0321
0
LINE
8
BLACK
6
CONTINUOUS
10
167.195
20
-95.0321
11
167.14
21
-95.1132
0
LINE
8
BLACK
6
CONTINUOUS
10
167.14
20
-95.1132
11
167.059
21
-95.1674
0
LINE
8
BLACK
6
CONTINUOUS
10
167.059
20
-95.1674
11
166.964
21
-95.1864
0
LINE
8
BLACK
6
CONTINUOUS
10
166.964
20
-95.1864
11
166.868
21
-95.1674
0
LINE
8
BLACK
6
CONTINUOUS
10
166.868
20
-95.1674
11
166.787
21
-95.1132
0
LINE
8
BLACK
6
CONTINUOUS
10
166.787
20
-95.1132
11
166.733
21
-95.0321
0
LINE
8
BLACK
6
CONTINUOUS
10
166.733
20
-95.0321
11
166.714
21
-94.9364
0
LINE
8
BLACK
6
CONTINUOUS
10
166.714
20
-94.9364
11
166.733
21
-94.8408
0
LINE
8
BLACK
6
CONTINUOUS
10
166.733
20
-94.8408
11
166.787
21
-94.7597
0
LINE
8
BLACK
6
CONTINUOUS
10
166.787
20
-94.7597
11
166.868
21
-94.7055
0
LINE
8
BLACK
6
CONTINUOUS
10
166.868
20
-94.7055
11
166.964
21
-94.6864
0
LINE
8
BLACK
6
CONTINUOUS
10
166.964
20
-94.6864
11
167.059
21
-94.7055
0
LINE
8
BLACK
6
CONTINUOUS
10
161.35
20
-94.623
11
161.431
21
-94.6772
0
LINE
8
BLACK
6
CONTINUOUS
10
161.431
20
-94.6772
11
161.485
21
-94.7583
0
LINE
8
BLACK
6
CONTINUOUS
10
161.485
20
-94.7583
11
161.504
21
-94.854
0
LINE
8
BLACK
6
CONTINUOUS
10
161.504
20
-94.854
11
161.485
21
-94.9497
0
LINE
8
BLACK
6
CONTINUOUS
10
161.485
20
-94.9497
11
161.431
21
-95.0308
0
LINE
8
BLACK
6
CONTINUOUS
10
161.431
20
-95.0308
11
161.35
21
-95.085
0
LINE
8
BLACK
6
CONTINUOUS
10
161.35
20
-95.085
11
161.254
21
-95.104
0
LINE
8
BLACK
6
CONTINUOUS
10
161.254
20
-95.104
11
161.158
21
-95.085
0
LINE
8
BLACK
6
CONTINUOUS
10
161.158
20
-95.085
11
161.077
21
-95.0308
0
LINE
8
BLACK
6
CONTINUOUS
10
161.077
20
-95.0308
11
161.023
21
-94.9497
0
LINE
8
BLACK
6
CONTINUOUS
10
161.023
20
-94.9497
11
161.004
21
-94.854
0
LINE
8
BLACK
6
CONTINUOUS
10
161.004
20
-94.854
11
161.023
21
-94.7583
0
LINE
8
BLACK
6
CONTINUOUS
10
161.023
20
-94.7583
11
161.077
21
-94.6772
0
LINE
8
BLACK
6
CONTINUOUS
10
161.077
20
-94.6772
11
161.158
21
-94.623
0
LINE
8
BLACK
6
CONTINUOUS
10
161.158
20
-94.623
11
161.254
21
-94.604
0
LINE
8
BLACK
6
CONTINUOUS
10
161.254
20
-94.604
11
161.35
21
-94.623
0
LINE
8
BLACK
6
CONTINUOUS
10
152.996
20
-94.369
11
153.077
21
-94.4232
0
LINE
8
BLACK
6
CONTINUOUS
10
153.077
20
-94.4232
11
153.131
21
-94.5043
0
LINE
8
BLACK
6
CONTINUOUS
10
153.131
20
-94.5043
11
153.15
21
-94.6
0
LINE
8
BLACK
6
CONTINUOUS
10
153.15
20
-94.6
11
153.131
21
-94.6957
0
LINE
8
BLACK
6
CONTINUOUS
10
153.131
20
-94.6957
11
153.077
21
-94.7768
0
LINE
8
BLACK
6
CONTINUOUS
10
153.077
20
-94.7768
11
152.996
21
-94.831
0
LINE
8
BLACK
6
CONTINUOUS
10
152.996
20
-94.831
11
152.9
21
-94.85
0
LINE
8
BLACK
6
CONTINUOUS
10
152.9
20
-94.85
11
152.804
21
-94.831
0
LINE
8
BLACK
6
CONTINUOUS
10
152.804
20
-94.831
11
152.723
21
-94.7768
0
LINE
8
BLACK
6
CONTINUOUS
10
152.723
20
-94.7768
11
152.669
21
-94.6957
0
LINE
8
BLACK
6
CONTINUOUS
10
152.669
20
-94.6957
11
152.65
21
-94.6
0
LINE
8
BLACK
6
CONTINUOUS
10
152.65
20
-94.6
11
152.669
21
-94.5043
0
LINE
8
BLACK
6
CONTINUOUS
10
152.669
20
-94.5043
11
152.723
21
-94.4232
0
LINE
8
BLACK
6
CONTINUOUS
10
152.723
20
-94.4232
11
152.804
21
-94.369
0
LINE
8
BLACK
6
CONTINUOUS
10
152.804
20
-94.369
11
152.9
21
-94.35
0
LINE
8
BLACK
6
CONTINUOUS
10
152.9
20
-94.35
11
152.996
21
-94.369
0
LINE
8
BLACK
6
CONTINUOUS
10
163.871
20
-93.094
11
163.952
21
-93.1482
0
LINE
8
BLACK
6
CONTINUOUS
10
163.952
20
-93.1482
11
164.006
21
-93.2293
0
LINE
8
BLACK
6
CONTINUOUS
10
164.006
20
-93.2293
11
164.025
21
-93.325
0
LINE
8
BLACK
6
CONTINUOUS
10
164.025
20
-93.325
11
164.006
21
-93.4207
0
LINE
8
BLACK
6
CONTINUOUS
10
164.006
20
-93.4207
11
163.952
21
-93.5018
0
LINE
8
BLACK
6
CONTINUOUS
10
163.952
20
-93.5018
11
163.871
21
-93.556
0
LINE
8
BLACK
6
CONTINUOUS
10
163.871
20
-93.556
11
163.775
21
-93.575
0
LINE
8
BLACK
6
CONTINUOUS
10
163.775
20
-93.575
11
163.679
21
-93.556
0
LINE
8
BLACK
6
CONTINUOUS
10
163.679
20
-93.556
11
163.598
21
-93.5018
0
LINE
8
BLACK
6
CONTINUOUS
10
163.598
20
-93.5018
11
163.544
21
-93.4207
0
LINE
8
BLACK
6
CONTINUOUS
10
163.544
20
-93.4207
11
163.525
21
-93.325
0
LINE
8
BLACK
6
CONTINUOUS
10
163.525
20
-93.325
11
163.544
21
-93.2293
0
LINE
8
BLACK
6
CONTINUOUS
10
163.544
20
-93.2293
11
163.598
21
-93.1482
0
LINE
8
BLACK
6
CONTINUOUS
10
163.598
20
-93.1482
11
163.679
21
-93.094
0
LINE
8
BLACK
6
CONTINUOUS
10
163.679
20
-93.094
11
163.775
21
-93.075
0
LINE
8
BLACK
6
CONTINUOUS
10
163.775
20
-93.075
11
163.871
21
-93.094
0
LINE
8
BLACK
6
CONTINUOUS
10
163.045
20
-92.8147
11
163.126
21
-92.8689
0
LINE
8
BLACK
6
CONTINUOUS
10
163.126
20
-92.8689
11
163.18
21
-92.95
0
LINE
8
BLACK
6
CONTINUOUS
10
163.18
20
-92.95
11
163.2
21
-93.0457
0
LINE
8
BLACK
6
CONTINUOUS
10
163.2
20
-93.0457
11
163.18
21
-93.1414
0
LINE
8
BLACK
6
CONTINUOUS
10
163.18
20
-93.1414
11
163.126
21
-93.2225
0
LINE
8
BLACK
6
CONTINUOUS
10
163.126
20
-93.2225
11
163.045
21
-93.2767
0
LINE
8
BLACK
6
CONTINUOUS
10
163.045
20
-93.2767
11
162.95
21
-93.2957
0
LINE
8
BLACK
6
CONTINUOUS
10
162.95
20
-93.2957
11
162.854
21
-93.2767
0
LINE
8
BLACK
6
CONTINUOUS
10
162.854
20
-93.2767
11
162.773
21
-93.2225
0
LINE
8
BLACK
6
CONTINUOUS
10
162.773
20
-93.2225
11
162.719
21
-93.1414
0
LINE
8
BLACK
6
CONTINUOUS
10
162.719
20
-93.1414
11
162.7
21
-93.0457
0
LINE
8
BLACK
6
CONTINUOUS
10
162.7
20
-93.0457
11
162.719
21
-92.95
0
LINE
8
BLACK
6
CONTINUOUS
10
162.719
20
-92.95
11
162.773
21
-92.8689
0
LINE
8
BLACK
6
CONTINUOUS
10
162.773
20
-92.8689
11
162.854
21
-92.8147
0
LINE
8
BLACK
6
CONTINUOUS
10
162.854
20
-92.8147
11
162.95
21
-92.7957
0
LINE
8
BLACK
6
CONTINUOUS
10
162.95
20
-92.7957
11
163.045
21
-92.8147
0
LINE
8
BLACK
6
CONTINUOUS
10
174.196
20
-94.069
11
174.277
21
-94.1232
0
LINE
8
BLACK
6
CONTINUOUS
10
174.277
20
-94.1232
11
174.331
21
-94.2043
0
LINE
8
BLACK
6
CONTINUOUS
10
174.331
20
-94.2043
11
174.35
21
-94.3
0
LINE
8
BLACK
6
CONTINUOUS
10
174.35
20
-94.3
11
174.331
21
-94.3957
0
LINE
8
BLACK
6
CONTINUOUS
10
174.331
20
-94.3957
11
174.277
21
-94.4768
0
LINE
8
BLACK
6
CONTINUOUS
10
174.277
20
-94.4768
11
174.196
21
-94.531
0
LINE
8
BLACK
6
CONTINUOUS
10
174.196
20
-94.531
11
174.1
21
-94.55
0
LINE
8
BLACK
6
CONTINUOUS
10
174.1
20
-94.55
11
174.004
21
-94.531
0
LINE
8
BLACK
6
CONTINUOUS
10
174.004
20
-94.531
11
173.923
21
-94.4768
0
LINE
8
BLACK
6
CONTINUOUS
10
173.923
20
-94.4768
11
173.869
21
-94.3957
0
LINE
8
BLACK
6
CONTINUOUS
10
173.869
20
-94.3957
11
173.85
21
-94.3
0
LINE
8
BLACK
6
CONTINUOUS
10
173.85
20
-94.3
11
173.869
21
-94.2043
0
LINE
8
BLACK
6
CONTINUOUS
10
173.869
20
-94.2043
11
173.923
21
-94.1232
0
LINE
8
BLACK
6
CONTINUOUS
10
173.923
20
-94.1232
11
174.004
21
-94.069
0
LINE
8
BLACK
6
CONTINUOUS
10
174.004
20
-94.069
11
174.1
21
-94.05
0
LINE
8
BLACK
6
CONTINUOUS
10
174.1
20
-94.05
11
174.196
21
-94.069
0
LINE
8
BLACK
6
CONTINUOUS
10
174.946
20
-93.519
11
175.027
21
-93.5732
0
LINE
8
BLACK
6
CONTINUOUS
10
175.027
20
-93.5732
11
175.081
21
-93.6543
0
LINE
8
BLACK
6
CONTINUOUS
10
175.081
20
-93.6543
11
175.1
21
-93.75
0
LINE
8
BLACK
6
CONTINUOUS
10
175.1
20
-93.75
11
175.081
21
-93.8457
0
LINE
8
BLACK
6
CONTINUOUS
10
175.081
20
-93.8457
11
175.027
21
-93.9268
0
LINE
8
BLACK
6
CONTINUOUS
10
175.027
20
-93.9268
11
174.946
21
-93.981
0
LINE
8
BLACK
6
CONTINUOUS
10
174.946
20
-93.981
11
174.85
21
-94
0
LINE
8
BLACK
6
CONTINUOUS
10
174.85
20
-94
11
174.754
21
-93.981
0
LINE
8
BLACK
6
CONTINUOUS
10
174.754
20
-93.981
11
174.673
21
-93.9268
0
LINE
8
BLACK
6
CONTINUOUS
10
174.673
20
-93.9268
11
174.619
21
-93.8457
0
LINE
8
BLACK
6
CONTINUOUS
10
174.619
20
-93.8457
11
174.6
21
-93.75
0
LINE
8
BLACK
6
CONTINUOUS
10
174.6
20
-93.75
11
174.619
21
-93.6543
0
LINE
8
BLACK
6
CONTINUOUS
10
174.619
20
-93.6543
11
174.673
21
-93.5732
0
LINE
8
BLACK
6
CONTINUOUS
10
174.673
20
-93.5732
11
174.754
21
-93.519
0
LINE
8
BLACK
6
CONTINUOUS
10
174.754
20
-93.519
11
174.85
21
-93.5
0
LINE
8
BLACK
6
CONTINUOUS
10
174.85
20
-93.5
11
174.946
21
-93.519
0
LINE
8
BLACK
6
CONTINUOUS
10
174.146
20
-93.219
11
174.227
21
-93.2732
0
LINE
8
BLACK
6
CONTINUOUS
10
174.227
20
-93.2732
11
174.281
21
-93.3543
0
LINE
8
BLACK
6
CONTINUOUS
10
174.281
20
-93.3543
11
174.3
21
-93.45
0
LINE
8
BLACK
6
CONTINUOUS
10
174.3
20
-93.45
11
174.281
21
-93.5457
0
LINE
8
BLACK
6
CONTINUOUS
10
174.281
20
-93.5457
11
174.227
21
-93.6268
0
LINE
8
BLACK
6
CONTINUOUS
10
174.227
20
-93.6268
11
174.146
21
-93.681
0
LINE
8
BLACK
6
CONTINUOUS
10
174.146
20
-93.681
11
174.05
21
-93.7
0
LINE
8
BLACK
6
CONTINUOUS
10
174.05
20
-93.7
11
173.954
21
-93.681
0
LINE
8
BLACK
6
CONTINUOUS
10
173.954
20
-93.681
11
173.873
21
-93.6268
0
LINE
8
BLACK
6
CONTINUOUS
10
173.873
20
-93.6268
11
173.819
21
-93.5457
0
LINE
8
BLACK
6
CONTINUOUS
10
173.819
20
-93.5457
11
173.8
21
-93.45
0
LINE
8
BLACK
6
CONTINUOUS
10
173.8
20
-93.45
11
173.819
21
-93.3543
0
LINE
8
BLACK
6
CONTINUOUS
10
173.819
20
-93.3543
11
173.873
21
-93.2732
0
LINE
8
BLACK
6
CONTINUOUS
10
173.873
20
-93.2732
11
173.954
21
-93.219
0
LINE
8
BLACK
6
CONTINUOUS
10
173.954
20
-93.219
11
174.05
21
-93.2
0
LINE
8
BLACK
6
CONTINUOUS
10
174.05
20
-93.2
11
174.146
21
-93.219
0
LINE
8
BLACK
6
CONTINUOUS
10
154.296
20
-93.469
11
154.377
21
-93.5232
0
LINE
8
BLACK
6
CONTINUOUS
10
154.377
20
-93.5232
11
154.431
21
-93.6043
0
LINE
8
BLACK
6
CONTINUOUS
10
154.431
20
-93.6043
11
154.45
21
-93.7
0
LINE
8
BLACK
6
CONTINUOUS
10
154.45
20
-93.7
11
154.431
21
-93.7957
0
LINE
8
BLACK
6
CONTINUOUS
10
154.431
20
-93.7957
11
154.377
21
-93.8768
0
LINE
8
BLACK
6
CONTINUOUS
10
154.377
20
-93.8768
11
154.296
21
-93.931
0
LINE
8
BLACK
6
CONTINUOUS
10
154.296
20
-93.931
11
154.2
21
-93.95
0
LINE
8
BLACK
6
CONTINUOUS
10
154.2
20
-93.95
11
154.104
21
-93.931
0
LINE
8
BLACK
6
CONTINUOUS
10
154.104
20
-93.931
11
154.023
21
-93.8768
0
LINE
8
BLACK
6
CONTINUOUS
10
154.023
20
-93.8768
11
153.969
21
-93.7957
0
LINE
8
BLACK
6
CONTINUOUS
10
153.969
20
-93.7957
11
153.95
21
-93.7
0
LINE
8
BLACK
6
CONTINUOUS
10
153.95
20
-93.7
11
153.969
21
-93.6043
0
LINE
8
BLACK
6
CONTINUOUS
10
153.969
20
-93.6043
11
154.023
21
-93.5232
0
LINE
8
BLACK
6
CONTINUOUS
10
154.023
20
-93.5232
11
154.104
21
-93.469
0
LINE
8
BLACK
6
CONTINUOUS
10
154.104
20
-93.469
11
154.2
21
-93.45
0
LINE
8
BLACK
6
CONTINUOUS
10
154.2
20
-93.45
11
154.296
21
-93.469
0
LINE
8
BLACK
6
CONTINUOUS
10
172.926
20
-93.159
11
173.007
21
-93.2132
0
LINE
8
BLACK
6
CONTINUOUS
10
173.007
20
-93.2132
11
173.061
21
-93.2943
0
LINE
8
BLACK
6
CONTINUOUS
10
173.061
20
-93.2943
11
173.08
21
-93.39
0
LINE
8
BLACK
6
CONTINUOUS
10
173.08
20
-93.39
11
173.061
21
-93.4857
0
LINE
8
BLACK
6
CONTINUOUS
10
173.061
20
-93.4857
11
173.007
21
-93.5668
0
LINE
8
BLACK
6
CONTINUOUS
10
173.007
20
-93.5668
11
172.926
21
-93.621
0
LINE
8
BLACK
6
CONTINUOUS
10
172.926
20
-93.621
11
172.83
21
-93.64
0
LINE
8
BLACK
6
CONTINUOUS
10
172.83
20
-93.64
11
172.734
21
-93.621
0
LINE
8
BLACK
6
CONTINUOUS
10
172.734
20
-93.621
11
172.653
21
-93.5668
0
LINE
8
BLACK
6
CONTINUOUS
10
172.653
20
-93.5668
11
172.599
21
-93.4857
0
LINE
8
BLACK
6
CONTINUOUS
10
172.599
20
-93.4857
11
172.58
21
-93.39
0
LINE
8
BLACK
6
CONTINUOUS
10
172.58
20
-93.39
11
172.599
21
-93.2943
0
LINE
8
BLACK
6
CONTINUOUS
10
172.599
20
-93.2943
11
172.653
21
-93.2132
0
LINE
8
BLACK
6
CONTINUOUS
10
172.653
20
-93.2132
11
172.734
21
-93.159
0
LINE
8
BLACK
6
CONTINUOUS
10
172.734
20
-93.159
11
172.83
21
-93.14
0
LINE
8
BLACK
6
CONTINUOUS
10
172.83
20
-93.14
11
172.926
21
-93.159
0
LINE
8
BLACK
6
CONTINUOUS
10
171.697
20
-93.1405
11
171.778
21
-93.1947
0
LINE
8
BLACK
6
CONTINUOUS
10
171.778
20
-93.1947
11
171.832
21
-93.2758
0
LINE
8
BLACK
6
CONTINUOUS
10
171.832
20
-93.2758
11
171.851
21
-93.3714
0
LINE
8
BLACK
6
CONTINUOUS
10
171.851
20
-93.3714
11
171.832
21
-93.4671
0
LINE
8
BLACK
6
CONTINUOUS
10
171.832
20
-93.4671
11
171.778
21
-93.5482
0
LINE
8
BLACK
6
CONTINUOUS
10
171.778
20
-93.5482
11
171.697
21
-93.6024
0
LINE
8
BLACK
6
CONTINUOUS
10
171.697
20
-93.6024
11
171.601
21
-93.6214
0
LINE
8
BLACK
6
CONTINUOUS
10
171.601
20
-93.6214
11
171.506
21
-93.6024
0
LINE
8
BLACK
6
CONTINUOUS
10
171.506
20
-93.6024
11
171.425
21
-93.5482
0
LINE
8
BLACK
6
CONTINUOUS
10
171.425
20
-93.5482
11
171.37
21
-93.4671
0
LINE
8
BLACK
6
CONTINUOUS
10
171.37
20
-93.4671
11
171.351
21
-93.3714
0
LINE
8
BLACK
6
CONTINUOUS
10
171.351
20
-93.3714
11
171.37
21
-93.2758
0
LINE
8
BLACK
6
CONTINUOUS
10
171.37
20
-93.2758
11
171.425
21
-93.1947
0
LINE
8
BLACK
6
CONTINUOUS
10
171.425
20
-93.1947
11
171.506
21
-93.1405
0
LINE
8
BLACK
6
CONTINUOUS
10
171.506
20
-93.1405
11
171.601
21
-93.1214
0
LINE
8
BLACK
6
CONTINUOUS
10
171.601
20
-93.1214
11
171.697
21
-93.1405
0
LINE
8
BLACK
6
CONTINUOUS
10
170.436
20
-93.119
11
170.517
21
-93.1732
0
LINE
8
BLACK
6
CONTINUOUS
10
170.517
20
-93.1732
11
170.571
21
-93.2543
0
LINE
8
BLACK
6
CONTINUOUS
10
170.571
20
-93.2543
11
170.59
21
-93.35
0
LINE
8
BLACK
6
CONTINUOUS
10
170.59
20
-93.35
11
170.571
21
-93.4457
0
LINE
8
BLACK
6
CONTINUOUS
10
170.571
20
-93.4457
11
170.517
21
-93.5268
0
LINE
8
BLACK
6
CONTINUOUS
10
170.517
20
-93.5268
11
170.436
21
-93.581
0
LINE
8
BLACK
6
CONTINUOUS
10
170.436
20
-93.581
11
170.34
21
-93.6
0
LINE
8
BLACK
6
CONTINUOUS
10
170.34
20
-93.6
11
170.244
21
-93.581
0
LINE
8
BLACK
6
CONTINUOUS
10
170.244
20
-93.581
11
170.163
21
-93.5268
0
LINE
8
BLACK
6
CONTINUOUS
10
170.163
20
-93.5268
11
170.109
21
-93.4457
0
LINE
8
BLACK
6
CONTINUOUS
10
170.109
20
-93.4457
11
170.09
21
-93.35
0
LINE
8
BLACK
6
CONTINUOUS
10
170.09
20
-93.35
11
170.109
21
-93.2543
0
LINE
8
BLACK
6
CONTINUOUS
10
170.109
20
-93.2543
11
170.163
21
-93.1732
0
LINE
8
BLACK
6
CONTINUOUS
10
170.163
20
-93.1732
11
170.244
21
-93.119
0
LINE
8
BLACK
6
CONTINUOUS
10
170.244
20
-93.119
11
170.34
21
-93.1
0
LINE
8
BLACK
6
CONTINUOUS
10
170.34
20
-93.1
11
170.436
21
-93.119
0
LINE
8
BLACK
6
CONTINUOUS
10
154.996
20
-92.469
11
155.077
21
-92.5232
0
LINE
8
BLACK
6
CONTINUOUS
10
155.077
20
-92.5232
11
155.131
21
-92.6043
0
LINE
8
BLACK
6
CONTINUOUS
10
155.131
20
-92.6043
11
155.15
21
-92.7
0
LINE
8
BLACK
6
CONTINUOUS
10
155.15
20
-92.7
11
155.131
21
-92.7957
0
LINE
8
BLACK
6
CONTINUOUS
10
155.131
20
-92.7957
11
155.077
21
-92.8768
0
LINE
8
BLACK
6
CONTINUOUS
10
155.077
20
-92.8768
11
154.996
21
-92.931
0
LINE
8
BLACK
6
CONTINUOUS
10
154.996
20
-92.931
11
154.9
21
-92.95
0
LINE
8
BLACK
6
CONTINUOUS
10
154.9
20
-92.95
11
154.804
21
-92.931
0
LINE
8
BLACK
6
CONTINUOUS
10
154.804
20
-92.931
11
154.723
21
-92.8768
0
LINE
8
BLACK
6
CONTINUOUS
10
154.723
20
-92.8768
11
154.669
21
-92.7957
0
LINE
8
BLACK
6
CONTINUOUS
10
154.669
20
-92.7957
11
154.65
21
-92.7
0
LINE
8
BLACK
6
CONTINUOUS
10
154.65
20
-92.7
11
154.669
21
-92.6043
0
LINE
8
BLACK
6
CONTINUOUS
10
154.669
20
-92.6043
11
154.723
21
-92.5232
0
LINE
8
BLACK
6
CONTINUOUS
10
154.723
20
-92.5232
11
154.804
21
-92.469
0
LINE
8
BLACK
6
CONTINUOUS
10
154.804
20
-92.469
11
154.9
21
-92.45
0
LINE
8
BLACK
6
CONTINUOUS
10
154.9
20
-92.45
11
154.996
21
-92.469
0
LINE
8
BLACK
6
CONTINUOUS
10
157.146
20
-92.6461
11
157.227
21
-92.7003
0
LINE
8
BLACK
6
CONTINUOUS
10
157.227
20
-92.7003
11
157.281
21
-92.7814
0
LINE
8
BLACK
6
CONTINUOUS
10
157.281
20
-92.7814
11
157.3
21
-92.8771
0
LINE
8
BLACK
6
CONTINUOUS
10
157.3
20
-92.8771
11
157.281
21
-92.9728
0
LINE
8
BLACK
6
CONTINUOUS
10
157.281
20
-92.9728
11
157.227
21
-93.0539
0
LINE
8
BLACK
6
CONTINUOUS
10
157.227
20
-93.0539
11
157.146
21
-93.1081
0
LINE
8
BLACK
6
CONTINUOUS
10
157.146
20
-93.1081
11
157.05
21
-93.1271
0
LINE
8
BLACK
6
CONTINUOUS
10
157.05
20
-93.1271
11
156.954
21
-93.1081
0
LINE
8
BLACK
6
CONTINUOUS
10
156.954
20
-93.1081
11
156.873
21
-93.0539
0
LINE
8
BLACK
6
CONTINUOUS
10
156.873
20
-93.0539
11
156.819
21
-92.9728
0
LINE
8
BLACK
6
CONTINUOUS
10
156.819
20
-92.9728
11
156.8
21
-92.8771
0
LINE
8
BLACK
6
CONTINUOUS
10
156.8
20
-92.8771
11
156.819
21
-92.7814
0
LINE
8
BLACK
6
CONTINUOUS
10
156.819
20
-92.7814
11
156.873
21
-92.7003
0
LINE
8
BLACK
6
CONTINUOUS
10
156.873
20
-92.7003
11
156.954
21
-92.6461
0
LINE
8
BLACK
6
CONTINUOUS
10
156.954
20
-92.6461
11
157.05
21
-92.6271
0
LINE
8
BLACK
6
CONTINUOUS
10
157.05
20
-92.6271
11
157.146
21
-92.6461
0
LINE
8
BLACK
6
CONTINUOUS
10
114.059
20
-91.324
11
114.14
21
-91.3782
0
LINE
8
BLACK
6
CONTINUOUS
10
114.14
20
-91.3782
11
114.195
21
-91.4593
0
LINE
8
BLACK
6
CONTINUOUS
10
114.195
20
-91.4593
11
114.214
21
-91.555
0
LINE
8
BLACK
6
CONTINUOUS
10
114.214
20
-91.555
11
114.195
21
-91.6507
0
LINE
8
BLACK
6
CONTINUOUS
10
114.195
20
-91.6507
11
114.14
21
-91.7318
0
LINE
8
BLACK
6
CONTINUOUS
10
114.14
20
-91.7318
11
114.059
21
-91.786
0
LINE
8
BLACK
6
CONTINUOUS
10
114.059
20
-91.786
11
113.964
21
-91.805
0
LINE
8
BLACK
6
CONTINUOUS
10
113.964
20
-91.805
11
113.868
21
-91.786
0
LINE
8
BLACK
6
CONTINUOUS
10
113.868
20
-91.786
11
113.787
21
-91.7318
0
LINE
8
BLACK
6
CONTINUOUS
10
113.787
20
-91.7318
11
113.733
21
-91.6507
0
LINE
8
BLACK
6
CONTINUOUS
10
113.733
20
-91.6507
11
113.714
21
-91.555
0
LINE
8
BLACK
6
CONTINUOUS
10
113.714
20
-91.555
11
113.733
21
-91.4593
0
LINE
8
BLACK
6
CONTINUOUS
10
113.733
20
-91.4593
11
113.787
21
-91.3782
0
LINE
8
BLACK
6
CONTINUOUS
10
113.787
20
-91.3782
11
113.868
21
-91.324
0
LINE
8
BLACK
6
CONTINUOUS
10
113.868
20
-91.324
11
113.964
21
-91.305
0
LINE
8
BLACK
6
CONTINUOUS
10
113.964
20
-91.305
11
114.059
21
-91.324
0
LINE
8
BLACK
6
CONTINUOUS
10
169.146
20
-91.069
11
169.227
21
-91.1232
0
LINE
8
BLACK
6
CONTINUOUS
10
169.227
20
-91.1232
11
169.281
21
-91.2043
0
LINE
8
BLACK
6
CONTINUOUS
10
169.281
20
-91.2043
11
169.3
21
-91.3
0
LINE
8
BLACK
6
CONTINUOUS
10
169.3
20
-91.3
11
169.281
21
-91.3957
0
LINE
8
BLACK
6
CONTINUOUS
10
169.281
20
-91.3957
11
169.227
21
-91.4768
0
LINE
8
BLACK
6
CONTINUOUS
10
169.227
20
-91.4768
11
169.146
21
-91.531
0
LINE
8
BLACK
6
CONTINUOUS
10
169.146
20
-91.531
11
169.05
21
-91.55
0
LINE
8
BLACK
6
CONTINUOUS
10
169.05
20
-91.55
11
168.954
21
-91.531
0
LINE
8
BLACK
6
CONTINUOUS
10
168.954
20
-91.531
11
168.873
21
-91.4768
0
LINE
8
BLACK
6
CONTINUOUS
10
168.873
20
-91.4768
11
168.819
21
-91.3957
0
LINE
8
BLACK
6
CONTINUOUS
10
168.819
20
-91.3957
11
168.8
21
-91.3
0
LINE
8
BLACK
6
CONTINUOUS
10
168.8
20
-91.3
11
168.819
21
-91.2043
0
LINE
8
BLACK
6
CONTINUOUS
10
168.819
20
-91.2043
11
168.873
21
-91.1232
0
LINE
8
BLACK
6
CONTINUOUS
10
168.873
20
-91.1232
11
168.954
21
-91.069
0
LINE
8
BLACK
6
CONTINUOUS
10
168.954
20
-91.069
11
169.05
21
-91.05
0
LINE
8
BLACK
6
CONTINUOUS
10
169.05
20
-91.05
11
169.146
21
-91.069
0
LINE
8
BLACK
6
CONTINUOUS
10
123.696
20
-91.019
11
123.777
21
-91.0732
0
LINE
8
BLACK
6
CONTINUOUS
10
123.777
20
-91.0732
11
123.831
21
-91.1543
0
LINE
8
BLACK
6
CONTINUOUS
10
123.831
20
-91.1543
11
123.85
21
-91.25
0
LINE
8
BLACK
6
CONTINUOUS
10
123.85
20
-91.25
11
123.831
21
-91.3457
0
LINE
8
BLACK
6
CONTINUOUS
10
123.831
20
-91.3457
11
123.777
21
-91.4268
0
LINE
8
BLACK
6
CONTINUOUS
10
123.777
20
-91.4268
11
123.696
21
-91.481
0
LINE
8
BLACK
6
CONTINUOUS
10
123.696
20
-91.481
11
123.6
21
-91.5
0
LINE
8
BLACK
6
CONTINUOUS
10
123.6
20
-91.5
11
123.504
21
-91.481
0
LINE
8
BLACK
6
CONTINUOUS
10
123.504
20
-91.481
11
123.423
21
-91.4268
0
LINE
8
BLACK
6
CONTINUOUS
10
123.423
20
-91.4268
11
123.369
21
-91.3457
0
LINE
8
BLACK
6
CONTINUOUS
10
123.369
20
-91.3457
11
123.35
21
-91.25
0
LINE
8
BLACK
6
CONTINUOUS
10
123.35
20
-91.25
11
123.369
21
-91.1543
0
LINE
8
BLACK
6
CONTINUOUS
10
123.369
20
-91.1543
11
123.423
21
-91.0732
0
LINE
8
BLACK
6
CONTINUOUS
10
123.423
20
-91.0732
11
123.504
21
-91.019
0
LINE
8
BLACK
6
CONTINUOUS
10
123.504
20
-91.019
11
123.6
21
-91
0
LINE
8
BLACK
6
CONTINUOUS
10
123.6
20
-91
11
123.696
21
-91.019
0
LINE
8
BLACK
6
CONTINUOUS
10
174.79
20
-91.069
11
174.871
21
-91.1232
0
LINE
8
BLACK
6
CONTINUOUS
10
174.871
20
-91.1232
11
174.925
21
-91.2043
0
LINE
8
BLACK
6
CONTINUOUS
10
174.925
20
-91.2043
11
174.945
21
-91.3
0
LINE
8
BLACK
6
CONTINUOUS
10
174.945
20
-91.3
11
174.925
21
-91.3957
0
LINE
8
BLACK
6
CONTINUOUS
10
174.925
20
-91.3957
11
174.871
21
-91.4768
0
LINE
8
BLACK
6
CONTINUOUS
10
174.871
20
-91.4768
11
174.79
21
-91.531
0
LINE
8
BLACK
6
CONTINUOUS
10
174.79
20
-91.531
11
174.695
21
-91.55
0
LINE
8
BLACK
6
CONTINUOUS
10
174.695
20
-91.55
11
174.599
21
-91.531
0
LINE
8
BLACK
6
CONTINUOUS
10
174.599
20
-91.531
11
174.518
21
-91.4768
0
LINE
8
BLACK
6
CONTINUOUS
10
174.518
20
-91.4768
11
174.464
21
-91.3957
0
LINE
8
BLACK
6
CONTINUOUS
10
174.464
20
-91.3957
11
174.445
21
-91.3
0
LINE
8
BLACK
6
CONTINUOUS
10
174.445
20
-91.3
11
174.464
21
-91.2043
0
LINE
8
BLACK
6
CONTINUOUS
10
174.464
20
-91.2043
11
174.518
21
-91.1232
0
LINE
8
BLACK
6
CONTINUOUS
10
174.518
20
-91.1232
11
174.599
21
-91.069
0
LINE
8
BLACK
6
CONTINUOUS
10
174.599
20
-91.069
11
174.695
21
-91.05
0
LINE
8
BLACK
6
CONTINUOUS
10
174.695
20
-91.05
11
174.79
21
-91.069
0
LINE
8
BLACK
6
CONTINUOUS
10
134.996
20
-91.019
11
135.077
21
-91.0732
0
LINE
8
BLACK
6
CONTINUOUS
10
135.077
20
-91.0732
11
135.131
21
-91.1543
0
LINE
8
BLACK
6
CONTINUOUS
10
135.131
20
-91.1543
11
135.15
21
-91.25
0
LINE
8
BLACK
6
CONTINUOUS
10
135.15
20
-91.25
11
135.131
21
-91.3457
0
LINE
8
BLACK
6
CONTINUOUS
10
135.131
20
-91.3457
11
135.077
21
-91.4268
0
LINE
8
BLACK
6
CONTINUOUS
10
135.077
20
-91.4268
11
134.996
21
-91.481
0
LINE
8
BLACK
6
CONTINUOUS
10
134.996
20
-91.481
11
134.9
21
-91.5
0
LINE
8
BLACK
6
CONTINUOUS
10
134.9
20
-91.5
11
134.804
21
-91.481
0
LINE
8
BLACK
6
CONTINUOUS
10
134.804
20
-91.481
11
134.723
21
-91.4268
0
LINE
8
BLACK
6
CONTINUOUS
10
134.723
20
-91.4268
11
134.669
21
-91.3457
0
LINE
8
BLACK
6
CONTINUOUS
10
134.669
20
-91.3457
11
134.65
21
-91.25
0
LINE
8
BLACK
6
CONTINUOUS
10
134.65
20
-91.25
11
134.669
21
-91.1543
0
LINE
8
BLACK
6
CONTINUOUS
10
134.669
20
-91.1543
11
134.723
21
-91.0732
0
LINE
8
BLACK
6
CONTINUOUS
10
134.723
20
-91.0732
11
134.804
21
-91.019
0
LINE
8
BLACK
6
CONTINUOUS
10
134.804
20
-91.019
11
134.9
21
-91
0
LINE
8
BLACK
6
CONTINUOUS
10
134.9
20
-91
11
134.996
21
-91.019
0
LINE
8
BLACK
6
CONTINUOUS
10
153.017
20
-90.319
11
153.098
21
-90.3732
0
LINE
8
BLACK
6
CONTINUOUS
10
153.098
20
-90.3732
11
153.152
21
-90.4543
0
LINE
8
BLACK
6
CONTINUOUS
10
153.152
20
-90.4543
11
153.171
21
-90.55
0
LINE
8
BLACK
6
CONTINUOUS
10
153.171
20
-90.55
11
153.152
21
-90.6457
0
LINE
8
BLACK
6
CONTINUOUS
10
153.152
20
-90.6457
11
153.098
21
-90.7268
0
LINE
8
BLACK
6
CONTINUOUS
10
153.098
20
-90.7268
11
153.017
21
-90.781
0
LINE
8
BLACK
6
CONTINUOUS
10
153.017
20
-90.781
11
152.921
21
-90.8
0
LINE
8
BLACK
6
CONTINUOUS
10
152.921
20
-90.8
11
152.826
21
-90.781
0
LINE
8
BLACK
6
CONTINUOUS
10
152.826
20
-90.781
11
152.745
21
-90.7268
0
LINE
8
BLACK
6
CONTINUOUS
10
152.745
20
-90.7268
11
152.69
21
-90.6457
0
LINE
8
BLACK
6
CONTINUOUS
10
152.69
20
-90.6457
11
152.671
21
-90.55
0
LINE
8
BLACK
6
CONTINUOUS
10
152.671
20
-90.55
11
152.69
21
-90.4543
0
LINE
8
BLACK
6
CONTINUOUS
10
152.69
20
-90.4543
11
152.745
21
-90.3732
0
LINE
8
BLACK
6
CONTINUOUS
10
152.745
20
-90.3732
11
152.826
21
-90.319
0
LINE
8
BLACK
6
CONTINUOUS
10
152.826
20
-90.319
11
152.921
21
-90.3
0
LINE
8
BLACK
6
CONTINUOUS
10
152.921
20
-90.3
11
153.017
21
-90.319
0
LINE
8
BLACK
6
CONTINUOUS
10
130.166
20
-89.569
11
130.247
21
-89.6232
0
LINE
8
BLACK
6
CONTINUOUS
10
130.247
20
-89.6232
11
130.301
21
-89.7043
0
LINE
8
BLACK
6
CONTINUOUS
10
130.301
20
-89.7043
11
130.32
21
-89.8
0
LINE
8
BLACK
6
CONTINUOUS
10
130.32
20
-89.8
11
130.301
21
-89.8957
0
LINE
8
BLACK
6
CONTINUOUS
10
130.301
20
-89.8957
11
130.247
21
-89.9768
0
LINE
8
BLACK
6
CONTINUOUS
10
130.247
20
-89.9768
11
130.166
21
-90.031
0
LINE
8
BLACK
6
CONTINUOUS
10
130.166
20
-90.031
11
130.07
21
-90.05
0
LINE
8
BLACK
6
CONTINUOUS
10
130.07
20
-90.05
11
129.974
21
-90.031
0
LINE
8
BLACK
6
CONTINUOUS
10
129.974
20
-90.031
11
129.893
21
-89.9768
0
LINE
8
BLACK
6
CONTINUOUS
10
129.893
20
-89.9768
11
129.839
21
-89.8957
0
LINE
8
BLACK
6
CONTINUOUS
10
129.839
20
-89.8957
11
129.82
21
-89.8
0
LINE
8
BLACK
6
CONTINUOUS
10
129.82
20
-89.8
11
129.839
21
-89.7043
0
LINE
8
BLACK
6
CONTINUOUS
10
129.839
20
-89.7043
11
129.893
21
-89.6232
0
LINE
8
BLACK
6
CONTINUOUS
10
129.893
20
-89.6232
11
129.974
21
-89.569
0
LINE
8
BLACK
6
CONTINUOUS
10
129.974
20
-89.569
11
130.07
21
-89.55
0
LINE
8
BLACK
6
CONTINUOUS
10
130.07
20
-89.55
11
130.166
21
-89.569
0
LINE
8
BLACK
6
CONTINUOUS
10
129.616
20
-88.869
11
129.697
21
-88.9232
0
LINE
8
BLACK
6
CONTINUOUS
10
129.697
20
-88.9232
11
129.751
21
-89.0043
0
LINE
8
BLACK
6
CONTINUOUS
10
129.751
20
-89.0043
11
129.77
21
-89.1
0
LINE
8
BLACK
6
CONTINUOUS
10
129.77
20
-89.1
11
129.751
21
-89.1957
0
LINE
8
BLACK
6
CONTINUOUS
10
129.751
20
-89.1957
11
129.697
21
-89.2768
0
LINE
8
BLACK
6
CONTINUOUS
10
129.697
20
-89.2768
11
129.616
21
-89.331
0
LINE
8
BLACK
6
CONTINUOUS
10
129.616
20
-89.331
11
129.52
21
-89.35
0
LINE
8
BLACK
6
CONTINUOUS
10
129.52
20
-89.35
11
129.425
21
-89.331
0
LINE
8
BLACK
6
CONTINUOUS
10
129.425
20
-89.331
11
129.344
21
-89.2768
0
LINE
8
BLACK
6
CONTINUOUS
10
129.344
20
-89.2768
11
129.29
21
-89.1957
0
LINE
8
BLACK
6
CONTINUOUS
10
129.29
20
-89.1957
11
129.27
21
-89.1
0
LINE
8
BLACK
6
CONTINUOUS
10
129.27
20
-89.1
11
129.29
21
-89.0043
0
LINE
8
BLACK
6
CONTINUOUS
10
129.29
20
-89.0043
11
129.344
21
-88.9232
0
LINE
8
BLACK
6
CONTINUOUS
10
129.344
20
-88.9232
11
129.425
21
-88.869
0
LINE
8
BLACK
6
CONTINUOUS
10
129.425
20
-88.869
11
129.52
21
-88.85
0
LINE
8
BLACK
6
CONTINUOUS
10
129.52
20
-88.85
11
129.616
21
-88.869
0
LINE
8
BLACK
6
CONTINUOUS
10
134.645
20
-89.469
11
134.727
21
-89.5232
0
LINE
8
BLACK
6
CONTINUOUS
10
134.727
20
-89.5232
11
134.781
21
-89.6043
0
LINE
8
BLACK
6
CONTINUOUS
10
134.781
20
-89.6043
11
134.8
21
-89.7
0
LINE
8
BLACK
6
CONTINUOUS
10
134.8
20
-89.7
11
134.781
21
-89.7957
0
LINE
8
BLACK
6
CONTINUOUS
10
134.781
20
-89.7957
11
134.727
21
-89.8768
0
LINE
8
BLACK
6
CONTINUOUS
10
134.727
20
-89.8768
11
134.645
21
-89.931
0
LINE
8
BLACK
6
CONTINUOUS
10
134.645
20
-89.931
11
134.55
21
-89.95
0
LINE
8
BLACK
6
CONTINUOUS
10
134.55
20
-89.95
11
134.454
21
-89.931
0
LINE
8
BLACK
6
CONTINUOUS
10
134.454
20
-89.931
11
134.373
21
-89.8768
0
LINE
8
BLACK
6
CONTINUOUS
10
134.373
20
-89.8768
11
134.319
21
-89.7957
0
LINE
8
BLACK
6
CONTINUOUS
10
134.319
20
-89.7957
11
134.3
21
-89.7
0
LINE
8
BLACK
6
CONTINUOUS
10
134.3
20
-89.7
11
134.319
21
-89.6043
0
LINE
8
BLACK
6
CONTINUOUS
10
134.319
20
-89.6043
11
134.373
21
-89.5232
0
LINE
8
BLACK
6
CONTINUOUS
10
134.373
20
-89.5232
11
134.454
21
-89.469
0
LINE
8
BLACK
6
CONTINUOUS
10
134.454
20
-89.469
11
134.55
21
-89.45
0
LINE
8
BLACK
6
CONTINUOUS
10
134.55
20
-89.45
11
134.645
21
-89.469
0
LINE
8
BLACK
6
CONTINUOUS
10
151.507
20
-85.301
11
151.565
21
-85.3199
0
LINE
8
BLACK
6
CONTINUOUS
10
151.565
20
-85.3199
11
151.572
21
-85.3255
0
LINE
8
BLACK
6
CONTINUOUS
10
151.572
20
-85.3255
11
155.2
21
-88.5
0
LINE
8
BLACK
6
CONTINUOUS
10
155.2
20
-88.5
11
158.181
21
-88.5145
0
LINE
8
BLACK
6
CONTINUOUS
10
158.181
20
-88.5145
11
158.24
21
-88.5337
0
LINE
8
BLACK
6
CONTINUOUS
10
158.24
20
-88.5337
11
158.275
21
-88.5834
0
LINE
8
BLACK
6
CONTINUOUS
10
158.275
20
-88.5834
11
158.28
21
-88.6135
0
LINE
8
BLACK
6
CONTINUOUS
10
158.28
20
-88.6135
11
158.28
21
-90.415
0
LINE
8
BLACK
6
CONTINUOUS
10
158.28
20
-90.415
11
158.28
21
-90.415
0
LINE
8
BLACK
6
CONTINUOUS
10
158.28
20
-90.415
11
160.18
21
-90.415
0
LINE
8
BLACK
6
CONTINUOUS
10
160.18
20
-90.415
11
160.18
21
-90.415
0
LINE
8
BLACK
6
CONTINUOUS
10
160.18
20
-90.415
11
160.18
21
-90.415
0
LINE
8
BLACK
6
CONTINUOUS
10
160.18
20
-90.415
11
160.187
21
-90.4081
0
LINE
8
BLACK
6
CONTINUOUS
10
160.187
20
-90.4081
11
160.185
21
-90
0
LINE
8
BLACK
6
CONTINUOUS
10
160.185
20
-90
11
160.183
21
-89.4505
0
LINE
8
BLACK
6
CONTINUOUS
10
160.183
20
-89.4505
11
160.181
21
-88.8
0
LINE
8
BLACK
6
CONTINUOUS
10
160.181
20
-88.8
11
160.18
21
-88.5994
0
LINE
8
BLACK
6
CONTINUOUS
10
160.18
20
-88.5994
11
160.199
21
-88.5411
0
LINE
8
BLACK
6
CONTINUOUS
10
160.199
20
-88.5411
11
160.248
21
-88.505
0
LINE
8
BLACK
6
CONTINUOUS
10
160.248
20
-88.505
11
160.279
21
-88.5
0
LINE
8
BLACK
6
CONTINUOUS
10
160.279
20
-88.5
11
166.5
21
-88.5
0
LINE
8
BLACK
6
CONTINUOUS
10
166.5
20
-88.5
11
166.5
21
-88.5
0
LINE
8
BLACK
6
CONTINUOUS
10
166.5
20
-88.5
11
168.876
21
-86.28
0
LINE
8
BLACK
6
CONTINUOUS
10
168.876
20
-86.28
11
169.895
21
-85.3279
0
LINE
8
BLACK
6
CONTINUOUS
10
169.895
20
-85.3279
11
169.951
21
-85.302
0
LINE
8
BLACK
6
CONTINUOUS
10
169.951
20
-85.302
11
169.963
21
-85.3013
0
LINE
8
BLACK
6
CONTINUOUS
10
169.963
20
-85.3013
11
183.282
21
-85.3014
0
LINE
8
BLACK
6
CONTINUOUS
10
183.282
20
-85.3014
11
183.33
21
-85.3138
0
LINE
8
BLACK
6
CONTINUOUS
10
183.33
20
-85.3138
11
183.432
21
-85.3701
0
LINE
8
BLACK
6
CONTINUOUS
10
183.432
20
-85.3701
11
183.594
21
-85.4594
0
LINE
8
BLACK
6
CONTINUOUS
10
183.594
20
-85.4594
11
183.598
21
-85.4624
0
LINE
8
BLACK
6
CONTINUOUS
10
183.598
20
-85.4624
11
183.868
21
-85.6538
0
LINE
8
BLACK
6
CONTINUOUS
10
183.868
20
-85.6538
11
183.873
21
-85.6573
0
LINE
8
BLACK
6
CONTINUOUS
10
183.873
20
-85.6573
11
184.015
21
-85.7849
0
LINE
8
BLACK
6
CONTINUOUS
10
184.015
20
-85.7849
11
184.119
21
-85.8777
0
LINE
8
BLACK
6
CONTINUOUS
10
184.119
20
-85.8777
11
184.123
21
-85.8817
0
LINE
8
BLACK
6
CONTINUOUS
10
184.123
20
-85.8817
11
184.157
21
-85.919
0
LINE
8
BLACK
6
CONTINUOUS
10
184.157
20
-85.919
11
184.271
21
-86.0473
0
LINE
8
BLACK
6
CONTINUOUS
10
184.271
20
-86.0473
11
184.344
21
-86.1284
0
LINE
8
BLACK
6
CONTINUOUS
10
184.344
20
-86.1284
11
184.347
21
-86.1327
0
LINE
8
BLACK
6
CONTINUOUS
10
184.347
20
-86.1327
11
184.539
21
-86.4026
0
LINE
8
BLACK
6
CONTINUOUS
10
184.539
20
-86.4026
11
184.542
21
-86.4073
0
LINE
8
BLACK
6
CONTINUOUS
10
184.542
20
-86.4073
11
184.7
21
-86.694
0
LINE
8
BLACK
6
CONTINUOUS
10
184.7
20
-86.694
11
184.702
21
-86.6968
0
LINE
8
BLACK
6
CONTINUOUS
10
184.702
20
-86.6968
11
184.704
21
-86.7018
0
LINE
8
BLACK
6
CONTINUOUS
10
184.704
20
-86.7018
11
184.831
21
-87.0075
0
LINE
8
BLACK
6
CONTINUOUS
10
184.831
20
-87.0075
11
184.832
21
-87.0127
0
LINE
8
BLACK
6
CONTINUOUS
10
184.832
20
-87.0127
11
184.924
21
-87.3307
0
LINE
8
BLACK
6
CONTINUOUS
10
184.924
20
-87.3307
11
184.925
21
-87.3361
0
LINE
8
BLACK
6
CONTINUOUS
10
184.925
20
-87.3361
11
184.979
21
-87.65
0
LINE
8
BLACK
6
CONTINUOUS
10
184.979
20
-87.65
11
184.981
21
-87.6623
0
LINE
8
BLACK
6
CONTINUOUS
10
184.981
20
-87.6623
11
184.981
21
-87.6678
0
LINE
8
BLACK
6
CONTINUOUS
10
184.981
20
-87.6678
11
184.999
21
-87.9868
0
LINE
8
BLACK
6
CONTINUOUS
10
184.999
20
-87.9868
11
185
21
-87.9995
0
LINE
8
BLACK
6
CONTINUOUS
10
185
20
-87.9995
11
185
21
-88.0023
0
LINE
8
BLACK
6
CONTINUOUS
10
185
20
-88.0023
11
185
21
-141.999
0
LINE
8
BLACK
6
CONTINUOUS
10
185
20
-141.999
11
185
21
-142.001
0
LINE
8
BLACK
6
CONTINUOUS
10
185
20
-142.001
11
184.992
21
-142.15
0
LINE
8
BLACK
6
CONTINUOUS
10
184.992
20
-142.15
11
184.981
21
-142.333
0
LINE
8
BLACK
6
CONTINUOUS
10
184.981
20
-142.333
11
184.981
21
-142.339
0
LINE
8
BLACK
6
CONTINUOUS
10
184.981
20
-142.339
11
184.933
21
-142.618
0
LINE
8
BLACK
6
CONTINUOUS
10
184.933
20
-142.618
11
184.925
21
-142.665
0
LINE
8
BLACK
6
CONTINUOUS
10
184.925
20
-142.665
11
184.924
21
-142.67
0
LINE
8
BLACK
6
CONTINUOUS
10
184.924
20
-142.67
11
184.832
21
-142.988
0
LINE
8
BLACK
6
CONTINUOUS
10
184.832
20
-142.988
11
184.831
21
-142.993
0
LINE
8
BLACK
6
CONTINUOUS
10
184.831
20
-142.993
11
184.704
21
-143.299
0
LINE
8
BLACK
6
CONTINUOUS
10
184.704
20
-143.299
11
184.702
21
-143.304
0
LINE
8
BLACK
6
CONTINUOUS
10
184.702
20
-143.304
11
184.542
21
-143.594
0
LINE
8
BLACK
6
CONTINUOUS
10
184.542
20
-143.594
11
184.539
21
-143.598
0
LINE
8
BLACK
6
CONTINUOUS
10
184.539
20
-143.598
11
184.347
21
-143.868
0
LINE
8
BLACK
6
CONTINUOUS
10
184.347
20
-143.868
11
184.344
21
-143.873
0
LINE
8
BLACK
6
CONTINUOUS
10
184.344
20
-143.873
11
184.123
21
-144.119
0
LINE
8
BLACK
6
CONTINUOUS
10
184.123
20
-144.119
11
184.119
21
-144.123
0
LINE
8
BLACK
6
CONTINUOUS
10
184.119
20
-144.123
11
183.873
21
-144.344
0
LINE
8
BLACK
6
CONTINUOUS
10
183.873
20
-144.344
11
183.868
21
-144.347
0
LINE
8
BLACK
6
CONTINUOUS
10
183.868
20
-144.347
11
183.598
21
-144.539
0
LINE
8
BLACK
6
CONTINUOUS
10
183.598
20
-144.539
11
183.594
21
-144.542
0
LINE
8
BLACK
6
CONTINUOUS
10
183.594
20
-144.542
11
183.33
21
-144.687
0
LINE
8
BLACK
6
CONTINUOUS
10
183.33
20
-144.687
11
183.282
21
-144.7
0
LINE
8
BLACK
6
CONTINUOUS
10
183.282
20
-144.7
11
106.048
21
-144.7
0
LINE
8
BLACK
6
CONTINUOUS
10
106.048
20
-144.7
11
106.047
21
-144.699
0
LINE
8
BLACK
6
CONTINUOUS
10
106.047
20
-144.699
11
105.993
21
-144.699
0
LINE
8
BLACK
6
CONTINUOUS
10
105.993
20
-144.699
11
105.991
21
-144.699
0
LINE
8
BLACK
6
CONTINUOUS
10
105.991
20
-144.699
11
105.547
21
-144.683
0
LINE
8
BLACK
6
CONTINUOUS
10
105.547
20
-144.683
11
105.544
21
-144.682
0
LINE
8
BLACK
6
CONTINUOUS
10
105.544
20
-144.682
11
105.103
21
-144.631
0
LINE
8
BLACK
6
CONTINUOUS
10
105.103
20
-144.631
11
105.1
21
-144.63
0
LINE
8
BLACK
6
CONTINUOUS
10
105.1
20
-144.63
11
104.758
21
-144.562
0
LINE
8
BLACK
6
CONTINUOUS
10
104.758
20
-144.562
11
104.665
21
-144.544
0
LINE
8
BLACK
6
CONTINUOUS
10
104.665
20
-144.544
11
104.661
21
-144.543
0
LINE
8
BLACK
6
CONTINUOUS
10
104.661
20
-144.543
11
104.234
21
-144.423
0
LINE
8
BLACK
6
CONTINUOUS
10
104.234
20
-144.423
11
104.231
21
-144.422
0
LINE
8
BLACK
6
CONTINUOUS
10
104.231
20
-144.422
11
103.815
21
-144.269
0
LINE
8
BLACK
6
CONTINUOUS
10
103.815
20
-144.269
11
103.811
21
-144.267
0
LINE
8
BLACK
6
CONTINUOUS
10
103.811
20
-144.267
11
103.409
21
-144.082
0
LINE
8
BLACK
6
CONTINUOUS
10
103.409
20
-144.082
11
103.405
21
-144.08
0
LINE
8
BLACK
6
CONTINUOUS
10
103.405
20
-144.08
11
103.034
21
-143.873
0
LINE
8
BLACK
6
CONTINUOUS
10
103.034
20
-143.873
11
103.018
21
-143.864
0
LINE
8
BLACK
6
CONTINUOUS
10
103.018
20
-143.864
11
103.015
21
-143.862
0
LINE
8
BLACK
6
CONTINUOUS
10
103.015
20
-143.862
11
102.647
21
-143.616
0
LINE
8
BLACK
6
CONTINUOUS
10
102.647
20
-143.616
11
102.643
21
-143.613
0
LINE
8
BLACK
6
CONTINUOUS
10
102.643
20
-143.613
11
102.295
21
-143.339
0
LINE
8
BLACK
6
CONTINUOUS
10
102.295
20
-143.339
11
102.292
21
-143.337
0
LINE
8
BLACK
6
CONTINUOUS
10
102.292
20
-143.337
11
102.253
21
-143.3
0
LINE
8
BLACK
6
CONTINUOUS
10
102.253
20
-143.3
11
101.967
21
-143.036
0
LINE
8
BLACK
6
CONTINUOUS
10
101.967
20
-143.036
11
101.964
21
-143.033
0
LINE
8
BLACK
6
CONTINUOUS
10
101.964
20
-143.033
11
101.663
21
-142.708
0
LINE
8
BLACK
6
CONTINUOUS
10
101.663
20
-142.708
11
101.661
21
-142.705
0
LINE
8
BLACK
6
CONTINUOUS
10
101.661
20
-142.705
11
101.387
21
-142.357
0
LINE
8
BLACK
6
CONTINUOUS
10
101.387
20
-142.357
11
101.384
21
-142.353
0
LINE
8
BLACK
6
CONTINUOUS
10
101.384
20
-142.353
11
101.361
21
-142.319
0
LINE
8
BLACK
6
CONTINUOUS
10
101.361
20
-142.319
11
101.138
21
-141.985
0
LINE
8
BLACK
6
CONTINUOUS
10
101.138
20
-141.985
11
101.136
21
-141.982
0
LINE
8
BLACK
6
CONTINUOUS
10
101.136
20
-141.982
11
100.92
21
-141.595
0
LINE
8
BLACK
6
CONTINUOUS
10
100.92
20
-141.595
11
100.918
21
-141.591
0
LINE
8
BLACK
6
CONTINUOUS
10
100.918
20
-141.591
11
100.733
21
-141.189
0
LINE
8
BLACK
6
CONTINUOUS
10
100.733
20
-141.189
11
100.731
21
-141.185
0
LINE
8
BLACK
6
CONTINUOUS
10
100.731
20
-141.185
11
100.609
21
-140.854
0
LINE
8
BLACK
6
CONTINUOUS
10
100.609
20
-140.854
11
100.578
21
-140.769
0
LINE
8
BLACK
6
CONTINUOUS
10
100.578
20
-140.769
11
100.577
21
-140.766
0
LINE
8
BLACK
6
CONTINUOUS
10
100.577
20
-140.766
11
100.541
21
-140.638
0
LINE
8
BLACK
6
CONTINUOUS
10
100.541
20
-140.638
11
100.457
21
-140.339
0
LINE
8
BLACK
6
CONTINUOUS
10
100.457
20
-140.339
11
100.456
21
-140.335
0
LINE
8
BLACK
6
CONTINUOUS
10
100.456
20
-140.335
11
100.39
21
-140
0
LINE
8
BLACK
6
CONTINUOUS
10
100.39
20
-140
11
100.37
21
-139.9
0
LINE
8
BLACK
6
CONTINUOUS
10
100.37
20
-139.9
11
100.369
21
-139.897
0
LINE
8
BLACK
6
CONTINUOUS
10
100.369
20
-139.897
11
100.318
21
-139.456
0
LINE
8
BLACK
6
CONTINUOUS
10
100.318
20
-139.456
11
100.317
21
-139.453
0
LINE
8
BLACK
6
CONTINUOUS
10
100.317
20
-139.453
11
100.301
21
-139.009
0
LINE
8
BLACK
6
CONTINUOUS
10
100.301
20
-139.009
11
100.301
21
-139.007
0
LINE
8
BLACK
6
CONTINUOUS
10
100.301
20
-139.007
11
100.301
21
-138.972
0
LINE
8
BLACK
6
CONTINUOUS
10
100.301
20
-138.972
11
100.301
21
-138.96
0
LINE
8
BLACK
6
CONTINUOUS
10
100.301
20
-138.96
11
100.301
21
-138.96
0
LINE
8
BLACK
6
CONTINUOUS
10
100.301
20
-138.96
11
100.301
21
-138.953
0
LINE
8
BLACK
6
CONTINUOUS
10
100.301
20
-138.953
11
100.3
21
-138.952
0
LINE
8
BLACK
6
CONTINUOUS
10
100.3
20
-138.952
11
100.3
21
-134.8
0
LINE
8
BLACK
6
CONTINUOUS
10
100.3
20
-134.8
11
100.3
21
-130.568
0
LINE
8
BLACK
6
CONTINUOUS
10
100.3
20
-130.568
11
100.3
21
-127.9
0
LINE
8
BLACK
6
CONTINUOUS
10
100.3
20
-127.9
11
100.3
21
-126.425
0
LINE
8
BLACK
6
CONTINUOUS
10
100.3
20
-126.425
11
100.3
21
-125
0
LINE
8
BLACK
6
CONTINUOUS
10
100.3
20
-125
11
100.3
21
-124.05
0
LINE
8
BLACK
6
CONTINUOUS
10
100.3
20
-124.05
11
100.3
21
-122.5
0
LINE
8
BLACK
6
CONTINUOUS
10
100.3
20
-122.5
11
100.3
21
-120
0
LINE
8
BLACK
6
CONTINUOUS
10
100.3
20
-120
11
100.3
21
-119.11
0
LINE
8
BLACK
6
CONTINUOUS
10
100.3
20
-119.11
11
100.3
21
-117.5
0
LINE
8
BLACK
6
CONTINUOUS
10
100.3
20
-117.5
11
100.3
21
-115
0
LINE
8
BLACK
6
CONTINUOUS
10
100.3
20
-115
11
100.3
21
-112.5
0
LINE
8
BLACK
6
CONTINUOUS
10
100.3
20
-112.5
11
100.3
21
-111.33
0
LINE
8
BLACK
6
CONTINUOUS
10
100.3
20
-111.33
11
100.3
21
-110
0
LINE
8
BLACK
6
CONTINUOUS
10
100.3
20
-110
11
100.3
21
-107.5
0
LINE
8
BLACK
6
CONTINUOUS
10
100.3
20
-107.5
11
100.3
21
-105
0
LINE
8
BLACK
6
CONTINUOUS
10
100.3
20
-105
11
100.3
21
-103.675
0
LINE
8
BLACK
6
CONTINUOUS
10
100.3
20
-103.675
11
100.3
21
-103.05
0
LINE
8
BLACK
6
CONTINUOUS
10
100.3
20
-103.05
11
100.3
21
-102.15
0
LINE
8
BLACK
6
CONTINUOUS
10
100.3
20
-102.15
11
100.3
21
-99.5679
0
LINE
8
BLACK
6
CONTINUOUS
10
100.3
20
-99.5679
11
100.3
21
-97
0
LINE
8
BLACK
6
CONTINUOUS
10
100.3
20
-97
11
100.3
21
-96
0
LINE
8
BLACK
6
CONTINUOUS
10
100.3
20
-96
11
100.3
21
-94.43
0
LINE
8
BLACK
6
CONTINUOUS
10
100.3
20
-94.43
11
100.3
21
-93.8
0
LINE
8
BLACK
6
CONTINUOUS
10
100.3
20
-93.8
11
100.3
21
-91.0553
0
LINE
8
BLACK
6
CONTINUOUS
10
100.3
20
-91.0553
11
100.301
21
-91.0536
0
LINE
8
BLACK
6
CONTINUOUS
10
100.301
20
-91.0536
11
100.301
21
-91.044
0
LINE
8
BLACK
6
CONTINUOUS
10
100.301
20
-91.044
11
100.301
21
-91.0002
0
LINE
8
BLACK
6
CONTINUOUS
10
100.301
20
-91.0002
11
100.301
21
-90.9983
0
LINE
8
BLACK
6
CONTINUOUS
10
100.301
20
-90.9983
11
100.317
21
-90.5541
0
LINE
8
BLACK
6
CONTINUOUS
10
100.317
20
-90.5541
11
100.317
21
-90.5502
0
LINE
8
BLACK
6
CONTINUOUS
10
100.317
20
-90.5502
11
100.317
21
-90.55
0
LINE
8
BLACK
6
CONTINUOUS
10
100.317
20
-90.55
11
100.368
21
-90.1096
0
LINE
8
BLACK
6
CONTINUOUS
10
100.368
20
-90.1096
11
100.369
21
-90.1058
0
LINE
8
BLACK
6
CONTINUOUS
10
100.369
20
-90.1058
11
100.39
21
-90
0
LINE
8
BLACK
6
CONTINUOUS
10
100.39
20
-90
11
100.455
21
-89.6706
0
LINE
8
BLACK
6
CONTINUOUS
10
100.455
20
-89.6706
11
100.456
21
-89.6669
0
LINE
8
BLACK
6
CONTINUOUS
10
100.456
20
-89.6669
11
100.456
21
-89.6644
0
LINE
8
BLACK
6
CONTINUOUS
10
100.456
20
-89.6644
11
100.575
21
-89.2398
0
LINE
8
BLACK
6
CONTINUOUS
10
100.575
20
-89.2398
11
100.576
21
-89.2361
0
LINE
8
BLACK
6
CONTINUOUS
10
100.576
20
-89.2361
11
100.729
21
-88.8197
0
LINE
8
BLACK
6
CONTINUOUS
10
100.729
20
-88.8197
11
100.731
21
-88.8161
0
LINE
8
BLACK
6
CONTINUOUS
10
100.731
20
-88.8161
11
100.916
21
-88.413
0
LINE
8
BLACK
6
CONTINUOUS
10
100.916
20
-88.413
11
100.918
21
-88.4096
0
LINE
8
BLACK
6
CONTINUOUS
10
100.918
20
-88.4096
11
101.134
21
-88.0224
0
LINE
8
BLACK
6
CONTINUOUS
10
101.134
20
-88.0224
11
101.136
21
-88.019
0
LINE
8
BLACK
6
CONTINUOUS
10
101.136
20
-88.019
11
101.157
21
-87.9868
0
LINE
8
BLACK
6
CONTINUOUS
10
101.157
20
-87.9868
11
101.382
21
-87.65
0
LINE
8
BLACK
6
CONTINUOUS
10
101.382
20
-87.65
11
101.384
21
-87.6469
0
LINE
8
BLACK
6
CONTINUOUS
10
101.384
20
-87.6469
11
101.658
21
-87.2983
0
LINE
8
BLACK
6
CONTINUOUS
10
101.658
20
-87.2983
11
101.661
21
-87.2953
0
LINE
8
BLACK
6
CONTINUOUS
10
101.661
20
-87.2953
11
101.962
21
-86.9694
0
LINE
8
BLACK
6
CONTINUOUS
10
101.962
20
-86.9694
11
101.964
21
-86.9667
0
LINE
8
BLACK
6
CONTINUOUS
10
101.964
20
-86.9667
11
102.29
21
-86.6654
0
LINE
8
BLACK
6
CONTINUOUS
10
102.29
20
-86.6654
11
102.293
21
-86.6629
0
LINE
8
BLACK
6
CONTINUOUS
10
102.293
20
-86.6629
11
102.641
21
-86.3882
0
LINE
8
BLACK
6
CONTINUOUS
10
102.641
20
-86.3882
11
102.644
21
-86.3859
0
LINE
8
BLACK
6
CONTINUOUS
10
102.644
20
-86.3859
11
103.013
21
-86.1395
0
LINE
8
BLACK
6
CONTINUOUS
10
103.013
20
-86.1395
11
103.016
21
-86.1374
0
LINE
8
BLACK
6
CONTINUOUS
10
103.016
20
-86.1374
11
103.157
21
-86.0589
0
LINE
8
BLACK
6
CONTINUOUS
10
103.157
20
-86.0589
11
103.403
21
-85.9207
0
LINE
8
BLACK
6
CONTINUOUS
10
103.403
20
-85.9207
11
103.407
21
-85.919
0
LINE
8
BLACK
6
CONTINUOUS
10
103.407
20
-85.919
11
103.81
21
-85.7334
0
LINE
8
BLACK
6
CONTINUOUS
10
103.81
20
-85.7334
11
103.813
21
-85.7319
0
LINE
8
BLACK
6
CONTINUOUS
10
103.813
20
-85.7319
11
104.229
21
-85.5785
0
LINE
8
BLACK
6
CONTINUOUS
10
104.229
20
-85.5785
11
104.233
21
-85.5773
0
LINE
8
BLACK
6
CONTINUOUS
10
104.233
20
-85.5773
11
104.66
21
-85.4572
0
LINE
8
BLACK
6
CONTINUOUS
10
104.66
20
-85.4572
11
104.664
21
-85.4563
0
LINE
8
BLACK
6
CONTINUOUS
10
104.664
20
-85.4563
11
105.099
21
-85.3701
0
LINE
8
BLACK
6
CONTINUOUS
10
105.099
20
-85.3701
11
105.103
21
-85.3695
0
LINE
8
BLACK
6
CONTINUOUS
10
105.103
20
-85.3695
11
105.543
21
-85.3178
0
LINE
8
BLACK
6
CONTINUOUS
10
105.543
20
-85.3178
11
105.547
21
-85.3175
0
LINE
8
BLACK
6
CONTINUOUS
10
105.547
20
-85.3175
11
105.991
21
-85.3005
0
LINE
8
BLACK
6
CONTINUOUS
10
105.991
20
-85.3005
11
105.993
21
-85.3005
0
LINE
8
BLACK
6
CONTINUOUS
10
105.993
20
-85.3005
11
106.04
21
-85.3006
0
LINE
8
BLACK
6
CONTINUOUS
10
106.04
20
-85.3006
11
106.04
21
-85.3006
0
LINE
8
BLACK
6
CONTINUOUS
10
106.04
20
-85.3006
11
106.047
21
-85.3006
0
LINE
8
BLACK
6
CONTINUOUS
10
106.047
20
-85.3006
11
106.048
21
-85.3005
0
LINE
8
BLACK
6
CONTINUOUS
10
106.048
20
-85.3005
11
151.507
21
-85.301
0
LINE
8
BLACK
6
CONTINUOUS
10
126.361
20
-142.886
11
126.361
21
-142.886
0
LINE
8
BLACK
6
CONTINUOUS
10
126.361
20
-142.886
11
126.252
21
-142.956
0
LINE
8
BLACK
6
CONTINUOUS
10
126.252
20
-142.956
11
126.167
21
-143.054
0
LINE
8
BLACK
6
CONTINUOUS
10
126.167
20
-143.054
11
126.113
21
-143.172
0
LINE
8
BLACK
6
CONTINUOUS
10
126.113
20
-143.172
11
126.095
21
-143.3
0
LINE
8
BLACK
6
CONTINUOUS
10
126.095
20
-143.3
11
126.095
21
-143.3
0
LINE
8
BLACK
6
CONTINUOUS
10
126.095
20
-143.3
11
126.113
21
-143.428
0
LINE
8
BLACK
6
CONTINUOUS
10
126.113
20
-143.428
11
126.129
21
-143.463
0
LINE
8
BLACK
6
CONTINUOUS
10
126.129
20
-143.463
11
126.167
21
-143.546
0
LINE
8
BLACK
6
CONTINUOUS
10
126.167
20
-143.546
11
126.225
21
-143.613
0
LINE
8
BLACK
6
CONTINUOUS
10
126.225
20
-143.613
11
126.252
21
-143.644
0
LINE
8
BLACK
6
CONTINUOUS
10
126.252
20
-143.644
11
126.361
21
-143.714
0
LINE
8
BLACK
6
CONTINUOUS
10
126.361
20
-143.714
11
126.361
21
-143.714
0
LINE
8
BLACK
6
CONTINUOUS
10
126.361
20
-143.714
11
126.485
21
-143.75
0
LINE
8
BLACK
6
CONTINUOUS
10
126.485
20
-143.75
11
126.485
21
-143.75
0
LINE
8
BLACK
6
CONTINUOUS
10
126.485
20
-143.75
11
126.615
21
-143.75
0
LINE
8
BLACK
6
CONTINUOUS
10
126.615
20
-143.75
11
126.615
21
-143.75
0
LINE
8
BLACK
6
CONTINUOUS
10
126.615
20
-143.75
11
126.739
21
-143.714
0
LINE
8
BLACK
6
CONTINUOUS
10
126.739
20
-143.714
11
126.848
21
-143.644
0
LINE
8
BLACK
6
CONTINUOUS
10
126.848
20
-143.644
11
126.933
21
-143.546
0
LINE
8
BLACK
6
CONTINUOUS
10
126.933
20
-143.546
11
126.987
21
-143.428
0
LINE
8
BLACK
6
CONTINUOUS
10
126.987
20
-143.428
11
127
21
-143.338
0
LINE
8
BLACK
6
CONTINUOUS
10
127
20
-143.338
11
127.005
21
-143.3
0
LINE
8
BLACK
6
CONTINUOUS
10
127.005
20
-143.3
11
127.005
21
-143.3
0
LINE
8
BLACK
6
CONTINUOUS
10
127.005
20
-143.3
11
126.987
21
-143.172
0
LINE
8
BLACK
6
CONTINUOUS
10
126.987
20
-143.172
11
126.933
21
-143.054
0
LINE
8
BLACK
6
CONTINUOUS
10
126.933
20
-143.054
11
126.848
21
-142.956
0
LINE
8
BLACK
6
CONTINUOUS
10
126.848
20
-142.956
11
126.848
21
-142.956
0
LINE
8
BLACK
6
CONTINUOUS
10
126.848
20
-142.956
11
126.848
21
-142.956
0
LINE
8
BLACK
6
CONTINUOUS
10
126.848
20
-142.956
11
126.739
21
-142.886
0
LINE
8
BLACK
6
CONTINUOUS
10
126.739
20
-142.886
11
126.739
21
-142.886
0
LINE
8
BLACK
6
CONTINUOUS
10
126.739
20
-142.886
11
126.739
21
-142.886
0
LINE
8
BLACK
6
CONTINUOUS
10
126.739
20
-142.886
11
126.739
21
-142.886
0
LINE
8
BLACK
6
CONTINUOUS
10
126.739
20
-142.886
11
126.615
21
-142.85
0
LINE
8
BLACK
6
CONTINUOUS
10
126.615
20
-142.85
11
126.615
21
-142.85
0
LINE
8
BLACK
6
CONTINUOUS
10
126.615
20
-142.85
11
126.485
21
-142.85
0
LINE
8
BLACK
6
CONTINUOUS
10
126.485
20
-142.85
11
126.485
21
-142.85
0
LINE
8
BLACK
6
CONTINUOUS
10
126.485
20
-142.85
11
126.361
21
-142.886
0
LINE
8
BLACK
6
CONTINUOUS
10
157.212
20
-139.822
11
157.189
21
-139.772
0
LINE
8
BLACK
6
CONTINUOUS
10
157.189
20
-139.772
11
157.158
21
-139.704
0
LINE
8
BLACK
6
CONTINUOUS
10
157.158
20
-139.704
11
157.073
21
-139.606
0
LINE
8
BLACK
6
CONTINUOUS
10
157.073
20
-139.606
11
157.073
21
-139.606
0
LINE
8
BLACK
6
CONTINUOUS
10
157.073
20
-139.606
11
157.073
21
-139.606
0
LINE
8
BLACK
6
CONTINUOUS
10
157.073
20
-139.606
11
156.964
21
-139.536
0
LINE
8
BLACK
6
CONTINUOUS
10
156.964
20
-139.536
11
156.964
21
-139.536
0
LINE
8
BLACK
6
CONTINUOUS
10
156.964
20
-139.536
11
156.964
21
-139.536
0
LINE
8
BLACK
6
CONTINUOUS
10
156.964
20
-139.536
11
156.964
21
-139.536
0
LINE
8
BLACK
6
CONTINUOUS
10
156.964
20
-139.536
11
156.84
21
-139.499
0
LINE
8
BLACK
6
CONTINUOUS
10
156.84
20
-139.499
11
156.84
21
-139.499
0
LINE
8
BLACK
6
CONTINUOUS
10
156.84
20
-139.499
11
156.71
21
-139.499
0
LINE
8
BLACK
6
CONTINUOUS
10
156.71
20
-139.499
11
156.71
21
-139.499
0
LINE
8
BLACK
6
CONTINUOUS
10
156.71
20
-139.499
11
156.586
21
-139.536
0
LINE
8
BLACK
6
CONTINUOUS
10
156.586
20
-139.536
11
156.586
21
-139.536
0
LINE
8
BLACK
6
CONTINUOUS
10
156.586
20
-139.536
11
156.477
21
-139.606
0
LINE
8
BLACK
6
CONTINUOUS
10
156.477
20
-139.606
11
156.392
21
-139.704
0
LINE
8
BLACK
6
CONTINUOUS
10
156.392
20
-139.704
11
156.338
21
-139.822
0
LINE
8
BLACK
6
CONTINUOUS
10
156.338
20
-139.822
11
156.32
21
-139.95
0
LINE
8
BLACK
6
CONTINUOUS
10
156.32
20
-139.95
11
156.32
21
-139.95
0
LINE
8
BLACK
6
CONTINUOUS
10
156.32
20
-139.95
11
156.338
21
-140.078
0
LINE
8
BLACK
6
CONTINUOUS
10
156.338
20
-140.078
11
156.369
21
-140.146
0
LINE
8
BLACK
6
CONTINUOUS
10
156.369
20
-140.146
11
156.392
21
-140.196
0
LINE
8
BLACK
6
CONTINUOUS
10
156.392
20
-140.196
11
156.477
21
-140.294
0
LINE
8
BLACK
6
CONTINUOUS
10
156.477
20
-140.294
11
156.477
21
-140.294
0
LINE
8
BLACK
6
CONTINUOUS
10
156.477
20
-140.294
11
156.565
21
-140.35
0
LINE
8
BLACK
6
CONTINUOUS
10
156.565
20
-140.35
11
156.586
21
-140.364
0
LINE
8
BLACK
6
CONTINUOUS
10
156.586
20
-140.364
11
156.71
21
-140.4
0
LINE
8
BLACK
6
CONTINUOUS
10
156.71
20
-140.4
11
156.71
21
-140.4
0
LINE
8
BLACK
6
CONTINUOUS
10
156.71
20
-140.4
11
156.84
21
-140.4
0
LINE
8
BLACK
6
CONTINUOUS
10
156.84
20
-140.4
11
156.84
21
-140.4
0
LINE
8
BLACK
6
CONTINUOUS
10
156.84
20
-140.4
11
156.964
21
-140.364
0
LINE
8
BLACK
6
CONTINUOUS
10
156.964
20
-140.364
11
157.073
21
-140.294
0
LINE
8
BLACK
6
CONTINUOUS
10
157.073
20
-140.294
11
157.158
21
-140.196
0
LINE
8
BLACK
6
CONTINUOUS
10
157.158
20
-140.196
11
157.212
21
-140.078
0
LINE
8
BLACK
6
CONTINUOUS
10
157.212
20
-140.078
11
157.23
21
-139.95
0
LINE
8
BLACK
6
CONTINUOUS
10
157.23
20
-139.95
11
157.223
21
-139.9
0
LINE
8
BLACK
6
CONTINUOUS
10
157.223
20
-139.9
11
157.212
21
-139.822
0
LINE
8
BLACK
6
CONTINUOUS
10
167
20
-141.49
11
166.849
21
-141.569
0
LINE
8
BLACK
6
CONTINUOUS
10
166.849
20
-141.569
11
166.722
21
-141.682
0
LINE
8
BLACK
6
CONTINUOUS
10
166.722
20
-141.682
11
166.722
21
-141.682
0
LINE
8
BLACK
6
CONTINUOUS
10
166.722
20
-141.682
11
166.722
21
-141.682
0
LINE
8
BLACK
6
CONTINUOUS
10
166.722
20
-141.682
11
166.625
21
-141.822
0
LINE
8
BLACK
6
CONTINUOUS
10
166.625
20
-141.822
11
166.565
21
-141.981
0
LINE
8
BLACK
6
CONTINUOUS
10
166.565
20
-141.981
11
166.544
21
-142.15
0
LINE
8
BLACK
6
CONTINUOUS
10
166.544
20
-142.15
11
166.565
21
-142.319
0
LINE
8
BLACK
6
CONTINUOUS
10
166.565
20
-142.319
11
166.625
21
-142.478
0
LINE
8
BLACK
6
CONTINUOUS
10
166.625
20
-142.478
11
166.722
21
-142.618
0
LINE
8
BLACK
6
CONTINUOUS
10
166.722
20
-142.618
11
166.849
21
-142.731
0
LINE
8
BLACK
6
CONTINUOUS
10
166.849
20
-142.731
11
167
21
-142.81
0
LINE
8
BLACK
6
CONTINUOUS
10
167
20
-142.81
11
167.165
21
-142.85
0
LINE
8
BLACK
6
CONTINUOUS
10
167.165
20
-142.85
11
167.165
21
-142.85
0
LINE
8
BLACK
6
CONTINUOUS
10
167.165
20
-142.85
11
167.335
21
-142.85
0
LINE
8
BLACK
6
CONTINUOUS
10
167.335
20
-142.85
11
167.335
21
-142.85
0
LINE
8
BLACK
6
CONTINUOUS
10
167.335
20
-142.85
11
167.5
21
-142.81
0
LINE
8
BLACK
6
CONTINUOUS
10
167.5
20
-142.81
11
167.651
21
-142.731
0
LINE
8
BLACK
6
CONTINUOUS
10
167.651
20
-142.731
11
167.778
21
-142.618
0
LINE
8
BLACK
6
CONTINUOUS
10
167.778
20
-142.618
11
167.875
21
-142.478
0
LINE
8
BLACK
6
CONTINUOUS
10
167.875
20
-142.478
11
167.935
21
-142.319
0
LINE
8
BLACK
6
CONTINUOUS
10
167.935
20
-142.319
11
167.956
21
-142.15
0
LINE
8
BLACK
6
CONTINUOUS
10
167.956
20
-142.15
11
167.935
21
-141.981
0
LINE
8
BLACK
6
CONTINUOUS
10
167.935
20
-141.981
11
167.875
21
-141.822
0
LINE
8
BLACK
6
CONTINUOUS
10
167.875
20
-141.822
11
167.778
21
-141.682
0
LINE
8
BLACK
6
CONTINUOUS
10
167.778
20
-141.682
11
167.744
21
-141.652
0
LINE
8
BLACK
6
CONTINUOUS
10
167.744
20
-141.652
11
167.651
21
-141.569
0
LINE
8
BLACK
6
CONTINUOUS
10
167.651
20
-141.569
11
167.651
21
-141.569
0
LINE
8
BLACK
6
CONTINUOUS
10
167.651
20
-141.569
11
167.5
21
-141.49
0
LINE
8
BLACK
6
CONTINUOUS
10
167.5
20
-141.49
11
167.5
21
-141.49
0
LINE
8
BLACK
6
CONTINUOUS
10
167.5
20
-141.49
11
167.5
21
-141.49
0
LINE
8
BLACK
6
CONTINUOUS
10
167.5
20
-141.49
11
167.335
21
-141.45
0
LINE
8
BLACK
6
CONTINUOUS
10
167.335
20
-141.45
11
167.335
21
-141.45
0
LINE
8
BLACK
6
CONTINUOUS
10
167.335
20
-141.45
11
167.165
21
-141.45
0
LINE
8
BLACK
6
CONTINUOUS
10
167.165
20
-141.45
11
167.165
21
-141.45
0
LINE
8
BLACK
6
CONTINUOUS
10
167.165
20
-141.45
11
167
21
-141.49
0
LINE
8
BLACK
6
CONTINUOUS
10
105.486
20
-137.243
11
105.803
21
-137.318
0
LINE
8
BLACK
6
CONTINUOUS
10
105.803
20
-137.318
11
106.109
21
-137.429
0
LINE
8
BLACK
6
CONTINUOUS
10
106.109
20
-137.429
11
106.4
21
-137.575
0
LINE
8
BLACK
6
CONTINUOUS
10
106.4
20
-137.575
11
106.672
21
-137.754
0
LINE
8
BLACK
6
CONTINUOUS
10
106.672
20
-137.754
11
106.921
21
-137.963
0
LINE
8
BLACK
6
CONTINUOUS
10
106.921
20
-137.963
11
107.145
21
-138.2
0
LINE
8
BLACK
6
CONTINUOUS
10
107.145
20
-138.2
11
107.339
21
-138.461
0
LINE
8
BLACK
6
CONTINUOUS
10
107.339
20
-138.461
11
107.502
21
-138.743
0
LINE
8
BLACK
6
CONTINUOUS
10
107.502
20
-138.743
11
107.631
21
-139.042
0
LINE
8
BLACK
6
CONTINUOUS
10
107.631
20
-139.042
11
107.725
21
-139.354
0
LINE
8
BLACK
6
CONTINUOUS
10
107.725
20
-139.354
11
107.781
21
-139.675
0
LINE
8
BLACK
6
CONTINUOUS
10
107.781
20
-139.675
11
107.8
21
-140
0
LINE
8
BLACK
6
CONTINUOUS
10
107.8
20
-140
11
107.781
21
-140.325
0
LINE
8
BLACK
6
CONTINUOUS
10
107.781
20
-140.325
11
107.725
21
-140.646
0
LINE
8
BLACK
6
CONTINUOUS
10
107.725
20
-140.646
11
107.631
21
-140.958
0
LINE
8
BLACK
6
CONTINUOUS
10
107.631
20
-140.958
11
107.502
21
-141.257
0
LINE
8
BLACK
6
CONTINUOUS
10
107.502
20
-141.257
11
107.339
21
-141.539
0
LINE
8
BLACK
6
CONTINUOUS
10
107.339
20
-141.539
11
107.145
21
-141.8
0
LINE
8
BLACK
6
CONTINUOUS
10
107.145
20
-141.8
11
106.921
21
-142.037
0
LINE
8
BLACK
6
CONTINUOUS
10
106.921
20
-142.037
11
106.672
21
-142.246
0
LINE
8
BLACK
6
CONTINUOUS
10
106.672
20
-142.246
11
106.4
21
-142.425
0
LINE
8
BLACK
6
CONTINUOUS
10
106.4
20
-142.425
11
106.109
21
-142.571
0
LINE
8
BLACK
6
CONTINUOUS
10
106.109
20
-142.571
11
105.803
21
-142.682
0
LINE
8
BLACK
6
CONTINUOUS
10
105.803
20
-142.682
11
105.486
21
-142.757
0
LINE
8
BLACK
6
CONTINUOUS
10
105.486
20
-142.757
11
105.163
21
-142.795
0
LINE
8
BLACK
6
CONTINUOUS
10
105.163
20
-142.795
11
104.837
21
-142.795
0
LINE
8
BLACK
6
CONTINUOUS
10
104.837
20
-142.795
11
104.514
21
-142.757
0
LINE
8
BLACK
6
CONTINUOUS
10
104.514
20
-142.757
11
104.197
21
-142.682
0
LINE
8
BLACK
6
CONTINUOUS
10
104.197
20
-142.682
11
103.891
21
-142.571
0
LINE
8
BLACK
6
CONTINUOUS
10
103.891
20
-142.571
11
103.6
21
-142.425
0
LINE
8
BLACK
6
CONTINUOUS
10
103.6
20
-142.425
11
103.328
21
-142.246
0
LINE
8
BLACK
6
CONTINUOUS
10
103.328
20
-142.246
11
103.079
21
-142.037
0
LINE
8
BLACK
6
CONTINUOUS
10
103.079
20
-142.037
11
102.855
21
-141.8
0
LINE
8
BLACK
6
CONTINUOUS
10
102.855
20
-141.8
11
102.661
21
-141.539
0
LINE
8
BLACK
6
CONTINUOUS
10
102.661
20
-141.539
11
102.498
21
-141.257
0
LINE
8
BLACK
6
CONTINUOUS
10
102.498
20
-141.257
11
102.369
21
-140.958
0
LINE
8
BLACK
6
CONTINUOUS
10
102.369
20
-140.958
11
102.275
21
-140.646
0
LINE
8
BLACK
6
CONTINUOUS
10
102.275
20
-140.646
11
102.219
21
-140.325
0
LINE
8
BLACK
6
CONTINUOUS
10
102.219
20
-140.325
11
102.2
21
-140
0
LINE
8
BLACK
6
CONTINUOUS
10
102.2
20
-140
11
102.219
21
-139.675
0
LINE
8
BLACK
6
CONTINUOUS
10
102.219
20
-139.675
11
102.275
21
-139.354
0
LINE
8
BLACK
6
CONTINUOUS
10
102.275
20
-139.354
11
102.369
21
-139.042
0
LINE
8
BLACK
6
CONTINUOUS
10
102.369
20
-139.042
11
102.498
21
-138.743
0
LINE
8
BLACK
6
CONTINUOUS
10
102.498
20
-138.743
11
102.661
21
-138.461
0
LINE
8
BLACK
6
CONTINUOUS
10
102.661
20
-138.461
11
102.855
21
-138.2
0
LINE
8
BLACK
6
CONTINUOUS
10
102.855
20
-138.2
11
103.079
21
-137.963
0
LINE
8
BLACK
6
CONTINUOUS
10
103.079
20
-137.963
11
103.328
21
-137.754
0
LINE
8
BLACK
6
CONTINUOUS
10
103.328
20
-137.754
11
103.6
21
-137.575
0
LINE
8
BLACK
6
CONTINUOUS
10
103.6
20
-137.575
11
103.891
21
-137.429
0
LINE
8
BLACK
6
CONTINUOUS
10
103.891
20
-137.429
11
104.197
21
-137.318
0
LINE
8
BLACK
6
CONTINUOUS
10
104.197
20
-137.318
11
104.514
21
-137.243
0
LINE
8
BLACK
6
CONTINUOUS
10
104.514
20
-137.243
11
104.837
21
-137.205
0
LINE
8
BLACK
6
CONTINUOUS
10
104.837
20
-137.205
11
105.163
21
-137.205
0
LINE
8
BLACK
6
CONTINUOUS
10
105.163
20
-137.205
11
105.486
21
-137.243
0
LINE
8
BLACK
6
CONTINUOUS
10
177.995
20
-140.014
11
178.015
21
-140.349
0
LINE
8
BLACK
6
CONTINUOUS
10
178.015
20
-140.349
11
178.075
21
-140.693
0
LINE
8
BLACK
6
CONTINUOUS
10
178.075
20
-140.693
11
178.075
21
-140.693
0
LINE
8
BLACK
6
CONTINUOUS
10
178.075
20
-140.693
11
178.176
21
-141.028
0
LINE
8
BLACK
6
CONTINUOUS
10
178.176
20
-141.028
11
178.176
21
-141.028
0
LINE
8
BLACK
6
CONTINUOUS
10
178.176
20
-141.028
11
178.308
21
-141.335
0
LINE
8
BLACK
6
CONTINUOUS
10
178.308
20
-141.335
11
178.314
21
-141.349
0
LINE
8
BLACK
6
CONTINUOUS
10
178.314
20
-141.349
11
178.489
21
-141.652
0
LINE
8
BLACK
6
CONTINUOUS
10
178.489
20
-141.652
11
178.698
21
-141.932
0
LINE
8
BLACK
6
CONTINUOUS
10
178.698
20
-141.932
11
178.937
21
-142.186
0
LINE
8
BLACK
6
CONTINUOUS
10
178.937
20
-142.186
11
179.205
21
-142.411
0
LINE
8
BLACK
6
CONTINUOUS
10
179.205
20
-142.411
11
179.497
21
-142.603
0
LINE
8
BLACK
6
CONTINUOUS
10
179.497
20
-142.603
11
179.81
21
-142.76
0
LINE
8
BLACK
6
CONTINUOUS
10
179.81
20
-142.76
11
180.138
21
-142.879
0
LINE
8
BLACK
6
CONTINUOUS
10
180.138
20
-142.879
11
180.138
21
-142.879
0
LINE
8
BLACK
6
CONTINUOUS
10
180.138
20
-142.879
11
180.138
21
-142.879
0
LINE
8
BLACK
6
CONTINUOUS
10
180.138
20
-142.879
11
180.478
21
-142.96
0
LINE
8
BLACK
6
CONTINUOUS
10
180.478
20
-142.96
11
180.478
21
-142.96
0
LINE
8
BLACK
6
CONTINUOUS
10
180.478
20
-142.96
11
180.478
21
-142.96
0
LINE
8
BLACK
6
CONTINUOUS
10
180.478
20
-142.96
11
180.825
21
-143
0
LINE
8
BLACK
6
CONTINUOUS
10
180.825
20
-143
11
180.825
21
-143
0
LINE
8
BLACK
6
CONTINUOUS
10
180.825
20
-143
11
181.175
21
-143
0
LINE
8
BLACK
6
CONTINUOUS
10
181.175
20
-143
11
181.175
21
-143
0
LINE
8
BLACK
6
CONTINUOUS
10
181.175
20
-143
11
181.522
21
-142.96
0
LINE
8
BLACK
6
CONTINUOUS
10
181.522
20
-142.96
11
181.522
21
-142.96
0
LINE
8
BLACK
6
CONTINUOUS
10
181.522
20
-142.96
11
181.522
21
-142.96
0
LINE
8
BLACK
6
CONTINUOUS
10
181.522
20
-142.96
11
181.749
21
-142.906
0
LINE
8
BLACK
6
CONTINUOUS
10
181.749
20
-142.906
11
181.862
21
-142.879
0
LINE
8
BLACK
6
CONTINUOUS
10
181.862
20
-142.879
11
182.19
21
-142.76
0
LINE
8
BLACK
6
CONTINUOUS
10
182.19
20
-142.76
11
182.503
21
-142.603
0
LINE
8
BLACK
6
CONTINUOUS
10
182.503
20
-142.603
11
182.795
21
-142.411
0
LINE
8
BLACK
6
CONTINUOUS
10
182.795
20
-142.411
11
183.063
21
-142.186
0
LINE
8
BLACK
6
CONTINUOUS
10
183.063
20
-142.186
11
183.302
21
-141.932
0
LINE
8
BLACK
6
CONTINUOUS
10
183.302
20
-141.932
11
183.511
21
-141.652
0
LINE
8
BLACK
6
CONTINUOUS
10
183.511
20
-141.652
11
183.686
21
-141.349
0
LINE
8
BLACK
6
CONTINUOUS
10
183.686
20
-141.349
11
183.824
21
-141.028
0
LINE
8
BLACK
6
CONTINUOUS
10
183.824
20
-141.028
11
183.925
21
-140.693
0
LINE
8
BLACK
6
CONTINUOUS
10
183.925
20
-140.693
11
183.985
21
-140.349
0
LINE
8
BLACK
6
CONTINUOUS
10
183.985
20
-140.349
11
184.006
21
-140
0
LINE
8
BLACK
6
CONTINUOUS
10
184.006
20
-140
11
183.985
21
-139.651
0
LINE
8
BLACK
6
CONTINUOUS
10
183.985
20
-139.651
11
183.925
21
-139.307
0
LINE
8
BLACK
6
CONTINUOUS
10
183.925
20
-139.307
11
183.824
21
-138.972
0
LINE
8
BLACK
6
CONTINUOUS
10
183.824
20
-138.972
11
183.686
21
-138.651
0
LINE
8
BLACK
6
CONTINUOUS
10
183.686
20
-138.651
11
183.511
21
-138.348
0
LINE
8
BLACK
6
CONTINUOUS
10
183.511
20
-138.348
11
183.302
21
-138.068
0
LINE
8
BLACK
6
CONTINUOUS
10
183.302
20
-138.068
11
183.063
21
-137.814
0
LINE
8
BLACK
6
CONTINUOUS
10
183.063
20
-137.814
11
183.045
21
-137.799
0
LINE
8
BLACK
6
CONTINUOUS
10
183.045
20
-137.799
11
182.939
21
-137.71
0
LINE
8
BLACK
6
CONTINUOUS
10
182.939
20
-137.71
11
182.795
21
-137.589
0
LINE
8
BLACK
6
CONTINUOUS
10
182.795
20
-137.589
11
182.684
21
-137.516
0
LINE
8
BLACK
6
CONTINUOUS
10
182.684
20
-137.516
11
182.503
21
-137.397
0
LINE
8
BLACK
6
CONTINUOUS
10
182.503
20
-137.397
11
182.19
21
-137.24
0
LINE
8
BLACK
6
CONTINUOUS
10
182.19
20
-137.24
11
182.19
21
-137.24
0
LINE
8
BLACK
6
CONTINUOUS
10
182.19
20
-137.24
11
182.19
21
-137.24
0
LINE
8
BLACK
6
CONTINUOUS
10
182.19
20
-137.24
11
181.891
21
-137.131
0
LINE
8
BLACK
6
CONTINUOUS
10
181.891
20
-137.131
11
181.862
21
-137.121
0
LINE
8
BLACK
6
CONTINUOUS
10
181.862
20
-137.121
11
181.522
21
-137.04
0
LINE
8
BLACK
6
CONTINUOUS
10
181.522
20
-137.04
11
181.384
21
-137.024
0
LINE
8
BLACK
6
CONTINUOUS
10
181.384
20
-137.024
11
181.175
21
-136.999
0
LINE
8
BLACK
6
CONTINUOUS
10
181.175
20
-136.999
11
180.825
21
-136.999
0
LINE
8
BLACK
6
CONTINUOUS
10
180.825
20
-136.999
11
180.634
21
-137.022
0
LINE
8
BLACK
6
CONTINUOUS
10
180.634
20
-137.022
11
180.478
21
-137.04
0
LINE
8
BLACK
6
CONTINUOUS
10
180.478
20
-137.04
11
180.138
21
-137.121
0
LINE
8
BLACK
6
CONTINUOUS
10
180.138
20
-137.121
11
180.037
21
-137.157
0
LINE
8
BLACK
6
CONTINUOUS
10
180.037
20
-137.157
11
179.81
21
-137.24
0
LINE
8
BLACK
6
CONTINUOUS
10
179.81
20
-137.24
11
179.81
21
-137.24
0
LINE
8
BLACK
6
CONTINUOUS
10
179.81
20
-137.24
11
179.81
21
-137.24
0
LINE
8
BLACK
6
CONTINUOUS
10
179.81
20
-137.24
11
179.497
21
-137.397
0
LINE
8
BLACK
6
CONTINUOUS
10
179.497
20
-137.397
11
179.205
21
-137.589
0
LINE
8
BLACK
6
CONTINUOUS
10
179.205
20
-137.589
11
178.937
21
-137.814
0
LINE
8
BLACK
6
CONTINUOUS
10
178.937
20
-137.814
11
178.698
21
-138.068
0
LINE
8
BLACK
6
CONTINUOUS
10
178.698
20
-138.068
11
178.489
21
-138.348
0
LINE
8
BLACK
6
CONTINUOUS
10
178.489
20
-138.348
11
178.489
21
-138.348
0
LINE
8
BLACK
6
CONTINUOUS
10
178.489
20
-138.348
11
178.314
21
-138.651
0
LINE
8
BLACK
6
CONTINUOUS
10
178.314
20
-138.651
11
178.314
21
-138.651
0
LINE
8
BLACK
6
CONTINUOUS
10
178.314
20
-138.651
11
178.176
21
-138.972
0
LINE
8
BLACK
6
CONTINUOUS
10
178.176
20
-138.972
11
178.176
21
-138.972
0
LINE
8
BLACK
6
CONTINUOUS
10
178.176
20
-138.972
11
178.075
21
-139.307
0
LINE
8
BLACK
6
CONTINUOUS
10
178.075
20
-139.307
11
178.075
21
-139.307
0
LINE
8
BLACK
6
CONTINUOUS
10
178.075
20
-139.307
11
178.015
21
-139.651
0
LINE
8
BLACK
6
CONTINUOUS
10
178.015
20
-139.651
11
177.997
21
-139.95
0
LINE
8
BLACK
6
CONTINUOUS
10
177.997
20
-139.95
11
177.994
21
-140
0
LINE
8
BLACK
6
CONTINUOUS
10
177.994
20
-140
11
177.995
21
-140.014
0
LINE
8
BLACK
6
CONTINUOUS
10
172.011
20
-140.686
11
172.011
21
-140.686
0
LINE
8
BLACK
6
CONTINUOUS
10
172.011
20
-140.686
11
171.902
21
-140.756
0
LINE
8
BLACK
6
CONTINUOUS
10
171.902
20
-140.756
11
171.817
21
-140.854
0
LINE
8
BLACK
6
CONTINUOUS
10
171.817
20
-140.854
11
171.763
21
-140.972
0
LINE
8
BLACK
6
CONTINUOUS
10
171.763
20
-140.972
11
171.745
21
-141.1
0
LINE
8
BLACK
6
CONTINUOUS
10
171.745
20
-141.1
11
171.745
21
-141.1
0
LINE
8
BLACK
6
CONTINUOUS
10
171.745
20
-141.1
11
171.763
21
-141.228
0
LINE
8
BLACK
6
CONTINUOUS
10
171.763
20
-141.228
11
171.817
21
-141.346
0
LINE
8
BLACK
6
CONTINUOUS
10
171.817
20
-141.346
11
171.817
21
-141.346
0
LINE
8
BLACK
6
CONTINUOUS
10
171.817
20
-141.346
11
171.82
21
-141.349
0
LINE
8
BLACK
6
CONTINUOUS
10
171.82
20
-141.349
11
171.902
21
-141.444
0
LINE
8
BLACK
6
CONTINUOUS
10
171.902
20
-141.444
11
172.011
21
-141.514
0
LINE
8
BLACK
6
CONTINUOUS
10
172.011
20
-141.514
11
172.011
21
-141.514
0
LINE
8
BLACK
6
CONTINUOUS
10
172.011
20
-141.514
11
172.135
21
-141.55
0
LINE
8
BLACK
6
CONTINUOUS
10
172.135
20
-141.55
11
172.135
21
-141.55
0
LINE
8
BLACK
6
CONTINUOUS
10
172.135
20
-141.55
11
172.265
21
-141.55
0
LINE
8
BLACK
6
CONTINUOUS
10
172.265
20
-141.55
11
172.265
21
-141.55
0
LINE
8
BLACK
6
CONTINUOUS
10
172.265
20
-141.55
11
172.389
21
-141.514
0
LINE
8
BLACK
6
CONTINUOUS
10
172.389
20
-141.514
11
172.498
21
-141.444
0
LINE
8
BLACK
6
CONTINUOUS
10
172.498
20
-141.444
11
172.583
21
-141.346
0
LINE
8
BLACK
6
CONTINUOUS
10
172.583
20
-141.346
11
172.637
21
-141.228
0
LINE
8
BLACK
6
CONTINUOUS
10
172.637
20
-141.228
11
172.655
21
-141.1
0
LINE
8
BLACK
6
CONTINUOUS
10
172.655
20
-141.1
11
172.653
21
-141.088
0
LINE
8
BLACK
6
CONTINUOUS
10
172.653
20
-141.088
11
172.637
21
-140.972
0
LINE
8
BLACK
6
CONTINUOUS
10
172.637
20
-140.972
11
172.583
21
-140.854
0
LINE
8
BLACK
6
CONTINUOUS
10
172.583
20
-140.854
11
172.583
21
-140.854
0
LINE
8
BLACK
6
CONTINUOUS
10
172.583
20
-140.854
11
172.498
21
-140.756
0
LINE
8
BLACK
6
CONTINUOUS
10
172.498
20
-140.756
11
172.498
21
-140.756
0
LINE
8
BLACK
6
CONTINUOUS
10
172.498
20
-140.756
11
172.498
21
-140.756
0
LINE
8
BLACK
6
CONTINUOUS
10
172.498
20
-140.756
11
172.389
21
-140.686
0
LINE
8
BLACK
6
CONTINUOUS
10
172.389
20
-140.686
11
172.389
21
-140.686
0
LINE
8
BLACK
6
CONTINUOUS
10
172.389
20
-140.686
11
172.389
21
-140.686
0
LINE
8
BLACK
6
CONTINUOUS
10
172.389
20
-140.686
11
172.389
21
-140.686
0
LINE
8
BLACK
6
CONTINUOUS
10
172.389
20
-140.686
11
172.265
21
-140.649
0
LINE
8
BLACK
6
CONTINUOUS
10
172.265
20
-140.649
11
172.265
21
-140.649
0
LINE
8
BLACK
6
CONTINUOUS
10
172.265
20
-140.649
11
172.135
21
-140.649
0
LINE
8
BLACK
6
CONTINUOUS
10
172.135
20
-140.649
11
172.135
21
-140.649
0
LINE
8
BLACK
6
CONTINUOUS
10
172.135
20
-140.649
11
172.011
21
-140.686
0
LINE
8
BLACK
6
CONTINUOUS
10
165.813
20
-140.028
11
165.867
21
-140.146
0
LINE
8
BLACK
6
CONTINUOUS
10
165.867
20
-140.146
11
165.867
21
-140.146
0
LINE
8
BLACK
6
CONTINUOUS
10
165.867
20
-140.146
11
165.895
21
-140.178
0
LINE
8
BLACK
6
CONTINUOUS
10
165.895
20
-140.178
11
165.952
21
-140.244
0
LINE
8
BLACK
6
CONTINUOUS
10
165.952
20
-140.244
11
166.03
21
-140.294
0
LINE
8
BLACK
6
CONTINUOUS
10
166.03
20
-140.294
11
166.061
21
-140.314
0
LINE
8
BLACK
6
CONTINUOUS
10
166.061
20
-140.314
11
166.185
21
-140.35
0
LINE
8
BLACK
6
CONTINUOUS
10
166.185
20
-140.35
11
166.185
21
-140.35
0
LINE
8
BLACK
6
CONTINUOUS
10
166.185
20
-140.35
11
166.315
21
-140.35
0
LINE
8
BLACK
6
CONTINUOUS
10
166.315
20
-140.35
11
166.315
21
-140.35
0
LINE
8
BLACK
6
CONTINUOUS
10
166.315
20
-140.35
11
166.439
21
-140.314
0
LINE
8
BLACK
6
CONTINUOUS
10
166.439
20
-140.314
11
166.548
21
-140.244
0
LINE
8
BLACK
6
CONTINUOUS
10
166.548
20
-140.244
11
166.633
21
-140.146
0
LINE
8
BLACK
6
CONTINUOUS
10
166.633
20
-140.146
11
166.687
21
-140.028
0
LINE
8
BLACK
6
CONTINUOUS
10
166.687
20
-140.028
11
166.691
21
-140
0
LINE
8
BLACK
6
CONTINUOUS
10
166.691
20
-140
11
166.698
21
-139.95
0
LINE
8
BLACK
6
CONTINUOUS
10
166.698
20
-139.95
11
166.705
21
-139.9
0
LINE
8
BLACK
6
CONTINUOUS
10
166.705
20
-139.9
11
166.705
21
-139.9
0
LINE
8
BLACK
6
CONTINUOUS
10
166.705
20
-139.9
11
166.687
21
-139.772
0
LINE
8
BLACK
6
CONTINUOUS
10
166.687
20
-139.772
11
166.667
21
-139.728
0
LINE
8
BLACK
6
CONTINUOUS
10
166.667
20
-139.728
11
166.633
21
-139.654
0
LINE
8
BLACK
6
CONTINUOUS
10
166.633
20
-139.654
11
166.548
21
-139.556
0
LINE
8
BLACK
6
CONTINUOUS
10
166.548
20
-139.556
11
166.548
21
-139.556
0
LINE
8
BLACK
6
CONTINUOUS
10
166.548
20
-139.556
11
166.548
21
-139.556
0
LINE
8
BLACK
6
CONTINUOUS
10
166.548
20
-139.556
11
166.439
21
-139.486
0
LINE
8
BLACK
6
CONTINUOUS
10
166.439
20
-139.486
11
166.439
21
-139.486
0
LINE
8
BLACK
6
CONTINUOUS
10
166.439
20
-139.486
11
166.439
21
-139.486
0
LINE
8
BLACK
6
CONTINUOUS
10
166.439
20
-139.486
11
166.439
21
-139.486
0
LINE
8
BLACK
6
CONTINUOUS
10
166.439
20
-139.486
11
166.315
21
-139.45
0
LINE
8
BLACK
6
CONTINUOUS
10
166.315
20
-139.45
11
166.315
21
-139.45
0
LINE
8
BLACK
6
CONTINUOUS
10
166.315
20
-139.45
11
166.185
21
-139.45
0
LINE
8
BLACK
6
CONTINUOUS
10
166.185
20
-139.45
11
166.185
21
-139.45
0
LINE
8
BLACK
6
CONTINUOUS
10
166.185
20
-139.45
11
166.061
21
-139.486
0
LINE
8
BLACK
6
CONTINUOUS
10
166.061
20
-139.486
11
166.061
21
-139.486
0
LINE
8
BLACK
6
CONTINUOUS
10
166.061
20
-139.486
11
165.952
21
-139.556
0
LINE
8
BLACK
6
CONTINUOUS
10
165.952
20
-139.556
11
165.867
21
-139.654
0
LINE
8
BLACK
6
CONTINUOUS
10
165.867
20
-139.654
11
165.813
21
-139.772
0
LINE
8
BLACK
6
CONTINUOUS
10
165.813
20
-139.772
11
165.795
21
-139.9
0
LINE
8
BLACK
6
CONTINUOUS
10
165.795
20
-139.9
11
165.795
21
-139.9
0
LINE
8
BLACK
6
CONTINUOUS
10
165.795
20
-139.9
11
165.813
21
-140.028
0
LINE
8
BLACK
6
CONTINUOUS
10
145.211
20
-139.186
11
145.211
21
-139.186
0
LINE
8
BLACK
6
CONTINUOUS
10
145.211
20
-139.186
11
145.102
21
-139.256
0
LINE
8
BLACK
6
CONTINUOUS
10
145.102
20
-139.256
11
145.017
21
-139.354
0
LINE
8
BLACK
6
CONTINUOUS
10
145.017
20
-139.354
11
144.963
21
-139.472
0
LINE
8
BLACK
6
CONTINUOUS
10
144.963
20
-139.472
11
144.945
21
-139.6
0
LINE
8
BLACK
6
CONTINUOUS
10
144.945
20
-139.6
11
144.945
21
-139.6
0
LINE
8
BLACK
6
CONTINUOUS
10
144.945
20
-139.6
11
144.963
21
-139.728
0
LINE
8
BLACK
6
CONTINUOUS
10
144.963
20
-139.728
11
144.983
21
-139.772
0
LINE
8
BLACK
6
CONTINUOUS
10
144.983
20
-139.772
11
145.017
21
-139.846
0
LINE
8
BLACK
6
CONTINUOUS
10
145.017
20
-139.846
11
145.102
21
-139.944
0
LINE
8
BLACK
6
CONTINUOUS
10
145.102
20
-139.944
11
145.102
21
-139.944
0
LINE
8
BLACK
6
CONTINUOUS
10
145.102
20
-139.944
11
145.189
21
-140
0
LINE
8
BLACK
6
CONTINUOUS
10
145.189
20
-140
11
145.211
21
-140.014
0
LINE
8
BLACK
6
CONTINUOUS
10
145.211
20
-140.014
11
145.335
21
-140.05
0
LINE
8
BLACK
6
CONTINUOUS
10
145.335
20
-140.05
11
145.335
21
-140.05
0
LINE
8
BLACK
6
CONTINUOUS
10
145.335
20
-140.05
11
145.465
21
-140.05
0
LINE
8
BLACK
6
CONTINUOUS
10
145.465
20
-140.05
11
145.465
21
-140.05
0
LINE
8
BLACK
6
CONTINUOUS
10
145.465
20
-140.05
11
145.589
21
-140.014
0
LINE
8
BLACK
6
CONTINUOUS
10
145.589
20
-140.014
11
145.689
21
-139.95
0
LINE
8
BLACK
6
CONTINUOUS
10
145.689
20
-139.95
11
145.698
21
-139.944
0
LINE
8
BLACK
6
CONTINUOUS
10
145.698
20
-139.944
11
145.783
21
-139.846
0
LINE
8
BLACK
6
CONTINUOUS
10
145.783
20
-139.846
11
145.837
21
-139.728
0
LINE
8
BLACK
6
CONTINUOUS
10
145.837
20
-139.728
11
145.855
21
-139.6
0
LINE
8
BLACK
6
CONTINUOUS
10
145.855
20
-139.6
11
145.852
21
-139.581
0
LINE
8
BLACK
6
CONTINUOUS
10
145.852
20
-139.581
11
145.837
21
-139.472
0
LINE
8
BLACK
6
CONTINUOUS
10
145.837
20
-139.472
11
145.83
21
-139.456
0
LINE
8
BLACK
6
CONTINUOUS
10
145.83
20
-139.456
11
145.783
21
-139.354
0
LINE
8
BLACK
6
CONTINUOUS
10
145.783
20
-139.354
11
145.698
21
-139.256
0
LINE
8
BLACK
6
CONTINUOUS
10
145.698
20
-139.256
11
145.698
21
-139.256
0
LINE
8
BLACK
6
CONTINUOUS
10
145.698
20
-139.256
11
145.698
21
-139.256
0
LINE
8
BLACK
6
CONTINUOUS
10
145.698
20
-139.256
11
145.589
21
-139.186
0
LINE
8
BLACK
6
CONTINUOUS
10
145.589
20
-139.186
11
145.589
21
-139.186
0
LINE
8
BLACK
6
CONTINUOUS
10
145.589
20
-139.186
11
145.589
21
-139.186
0
LINE
8
BLACK
6
CONTINUOUS
10
145.589
20
-139.186
11
145.589
21
-139.186
0
LINE
8
BLACK
6
CONTINUOUS
10
145.589
20
-139.186
11
145.465
21
-139.149
0
LINE
8
BLACK
6
CONTINUOUS
10
145.465
20
-139.149
11
145.465
21
-139.149
0
LINE
8
BLACK
6
CONTINUOUS
10
145.465
20
-139.149
11
145.335
21
-139.149
0
LINE
8
BLACK
6
CONTINUOUS
10
145.335
20
-139.149
11
145.335
21
-139.149
0
LINE
8
BLACK
6
CONTINUOUS
10
145.335
20
-139.149
11
145.211
21
-139.186
0
LINE
8
BLACK
6
CONTINUOUS
10
127.226
20
-138.899
11
127.307
21
-138.953
0
LINE
8
BLACK
6
CONTINUOUS
10
127.307
20
-138.953
11
127.361
21
-139.034
0
LINE
8
BLACK
6
CONTINUOUS
10
127.361
20
-139.034
11
127.38
21
-139.13
0
LINE
8
BLACK
6
CONTINUOUS
10
127.38
20
-139.13
11
127.361
21
-139.226
0
LINE
8
BLACK
6
CONTINUOUS
10
127.361
20
-139.226
11
127.307
21
-139.307
0
LINE
8
BLACK
6
CONTINUOUS
10
127.307
20
-139.307
11
127.226
21
-139.361
0
LINE
8
BLACK
6
CONTINUOUS
10
127.226
20
-139.361
11
127.13
21
-139.38
0
LINE
8
BLACK
6
CONTINUOUS
10
127.13
20
-139.38
11
127.034
21
-139.361
0
LINE
8
BLACK
6
CONTINUOUS
10
127.034
20
-139.361
11
126.953
21
-139.307
0
LINE
8
BLACK
6
CONTINUOUS
10
126.953
20
-139.307
11
126.899
21
-139.226
0
LINE
8
BLACK
6
CONTINUOUS
10
126.899
20
-139.226
11
126.88
21
-139.13
0
LINE
8
BLACK
6
CONTINUOUS
10
126.88
20
-139.13
11
126.899
21
-139.034
0
LINE
8
BLACK
6
CONTINUOUS
10
126.899
20
-139.034
11
126.953
21
-138.953
0
LINE
8
BLACK
6
CONTINUOUS
10
126.953
20
-138.953
11
127.034
21
-138.899
0
LINE
8
BLACK
6
CONTINUOUS
10
127.034
20
-138.899
11
127.13
21
-138.88
0
LINE
8
BLACK
6
CONTINUOUS
10
127.13
20
-138.88
11
127.226
21
-138.899
0
LINE
8
BLACK
6
CONTINUOUS
10
165.437
20
-138.06
11
165.437
21
-138.06
0
LINE
8
BLACK
6
CONTINUOUS
10
165.437
20
-138.06
11
165.328
21
-138.13
0
LINE
8
BLACK
6
CONTINUOUS
10
165.328
20
-138.13
11
165.243
21
-138.228
0
LINE
8
BLACK
6
CONTINUOUS
10
165.243
20
-138.228
11
165.189
21
-138.346
0
LINE
8
BLACK
6
CONTINUOUS
10
165.189
20
-138.346
11
165.171
21
-138.474
0
LINE
8
BLACK
6
CONTINUOUS
10
165.171
20
-138.474
11
165.171
21
-138.474
0
LINE
8
BLACK
6
CONTINUOUS
10
165.171
20
-138.474
11
165.189
21
-138.602
0
LINE
8
BLACK
6
CONTINUOUS
10
165.189
20
-138.602
11
165.218
21
-138.664
0
LINE
8
BLACK
6
CONTINUOUS
10
165.218
20
-138.664
11
165.243
21
-138.72
0
LINE
8
BLACK
6
CONTINUOUS
10
165.243
20
-138.72
11
165.3
21
-138.786
0
LINE
8
BLACK
6
CONTINUOUS
10
165.3
20
-138.786
11
165.328
21
-138.818
0
LINE
8
BLACK
6
CONTINUOUS
10
165.328
20
-138.818
11
165.431
21
-138.884
0
LINE
8
BLACK
6
CONTINUOUS
10
165.431
20
-138.884
11
165.437
21
-138.888
0
LINE
8
BLACK
6
CONTINUOUS
10
165.437
20
-138.888
11
165.561
21
-138.924
0
LINE
8
BLACK
6
CONTINUOUS
10
165.561
20
-138.924
11
165.561
21
-138.924
0
LINE
8
BLACK
6
CONTINUOUS
10
165.561
20
-138.924
11
165.691
21
-138.924
0
LINE
8
BLACK
6
CONTINUOUS
10
165.691
20
-138.924
11
165.691
21
-138.924
0
LINE
8
BLACK
6
CONTINUOUS
10
165.691
20
-138.924
11
165.815
21
-138.888
0
LINE
8
BLACK
6
CONTINUOUS
10
165.815
20
-138.888
11
165.924
21
-138.818
0
LINE
8
BLACK
6
CONTINUOUS
10
165.924
20
-138.818
11
166.009
21
-138.72
0
LINE
8
BLACK
6
CONTINUOUS
10
166.009
20
-138.72
11
166.063
21
-138.602
0
LINE
8
BLACK
6
CONTINUOUS
10
166.063
20
-138.602
11
166.069
21
-138.559
0
LINE
8
BLACK
6
CONTINUOUS
10
166.069
20
-138.559
11
166.081
21
-138.474
0
LINE
8
BLACK
6
CONTINUOUS
10
166.081
20
-138.474
11
166.081
21
-138.474
0
LINE
8
BLACK
6
CONTINUOUS
10
166.081
20
-138.474
11
166.063
21
-138.346
0
LINE
8
BLACK
6
CONTINUOUS
10
166.063
20
-138.346
11
166.019
21
-138.25
0
LINE
8
BLACK
6
CONTINUOUS
10
166.019
20
-138.25
11
166.009
21
-138.228
0
LINE
8
BLACK
6
CONTINUOUS
10
166.009
20
-138.228
11
165.924
21
-138.13
0
LINE
8
BLACK
6
CONTINUOUS
10
165.924
20
-138.13
11
165.924
21
-138.13
0
LINE
8
BLACK
6
CONTINUOUS
10
165.924
20
-138.13
11
165.924
21
-138.13
0
LINE
8
BLACK
6
CONTINUOUS
10
165.924
20
-138.13
11
165.815
21
-138.06
0
LINE
8
BLACK
6
CONTINUOUS
10
165.815
20
-138.06
11
165.815
21
-138.06
0
LINE
8
BLACK
6
CONTINUOUS
10
165.815
20
-138.06
11
165.815
21
-138.06
0
LINE
8
BLACK
6
CONTINUOUS
10
165.815
20
-138.06
11
165.815
21
-138.06
0
LINE
8
BLACK
6
CONTINUOUS
10
165.815
20
-138.06
11
165.691
21
-138.023
0
LINE
8
BLACK
6
CONTINUOUS
10
165.691
20
-138.023
11
165.691
21
-138.023
0
LINE
8
BLACK
6
CONTINUOUS
10
165.691
20
-138.023
11
165.561
21
-138.023
0
LINE
8
BLACK
6
CONTINUOUS
10
165.561
20
-138.023
11
165.561
21
-138.023
0
LINE
8
BLACK
6
CONTINUOUS
10
165.561
20
-138.023
11
165.437
21
-138.06
0
LINE
8
BLACK
6
CONTINUOUS
10
109.358
20
-137.895
11
109.477
21
-137.972
0
LINE
8
BLACK
6
CONTINUOUS
10
109.477
20
-137.972
11
109.571
21
-138.08
0
LINE
8
BLACK
6
CONTINUOUS
10
109.571
20
-138.08
11
109.63
21
-138.209
0
LINE
8
BLACK
6
CONTINUOUS
10
109.63
20
-138.209
11
109.65
21
-138.35
0
LINE
8
BLACK
6
CONTINUOUS
10
109.65
20
-138.35
11
109.63
21
-138.491
0
LINE
8
BLACK
6
CONTINUOUS
10
109.63
20
-138.491
11
109.571
21
-138.62
0
LINE
8
BLACK
6
CONTINUOUS
10
109.571
20
-138.62
11
109.477
21
-138.728
0
LINE
8
BLACK
6
CONTINUOUS
10
109.477
20
-138.728
11
109.358
21
-138.805
0
LINE
8
BLACK
6
CONTINUOUS
10
109.358
20
-138.805
11
109.221
21
-138.845
0
LINE
8
BLACK
6
CONTINUOUS
10
109.221
20
-138.845
11
109.079
21
-138.845
0
LINE
8
BLACK
6
CONTINUOUS
10
109.079
20
-138.845
11
108.942
21
-138.805
0
LINE
8
BLACK
6
CONTINUOUS
10
108.942
20
-138.805
11
108.823
21
-138.728
0
LINE
8
BLACK
6
CONTINUOUS
10
108.823
20
-138.728
11
108.729
21
-138.62
0
LINE
8
BLACK
6
CONTINUOUS
10
108.729
20
-138.62
11
108.67
21
-138.491
0
LINE
8
BLACK
6
CONTINUOUS
10
108.67
20
-138.491
11
108.65
21
-138.35
0
LINE
8
BLACK
6
CONTINUOUS
10
108.65
20
-138.35
11
108.67
21
-138.209
0
LINE
8
BLACK
6
CONTINUOUS
10
108.67
20
-138.209
11
108.729
21
-138.08
0
LINE
8
BLACK
6
CONTINUOUS
10
108.729
20
-138.08
11
108.823
21
-137.972
0
LINE
8
BLACK
6
CONTINUOUS
10
108.823
20
-137.972
11
108.942
21
-137.895
0
LINE
8
BLACK
6
CONTINUOUS
10
108.942
20
-137.895
11
109.079
21
-137.855
0
LINE
8
BLACK
6
CONTINUOUS
10
109.079
20
-137.855
11
109.221
21
-137.855
0
LINE
8
BLACK
6
CONTINUOUS
10
109.221
20
-137.855
11
109.358
21
-137.895
0
LINE
8
BLACK
6
CONTINUOUS
10
140.411
20
-137.836
11
140.411
21
-137.836
0
LINE
8
BLACK
6
CONTINUOUS
10
140.411
20
-137.836
11
140.302
21
-137.906
0
LINE
8
BLACK
6
CONTINUOUS
10
140.302
20
-137.906
11
140.217
21
-138.004
0
LINE
8
BLACK
6
CONTINUOUS
10
140.217
20
-138.004
11
140.163
21
-138.122
0
LINE
8
BLACK
6
CONTINUOUS
10
140.163
20
-138.122
11
140.145
21
-138.25
0
LINE
8
BLACK
6
CONTINUOUS
10
140.145
20
-138.25
11
140.145
21
-138.25
0
LINE
8
BLACK
6
CONTINUOUS
10
140.145
20
-138.25
11
140.163
21
-138.378
0
LINE
8
BLACK
6
CONTINUOUS
10
140.163
20
-138.378
11
140.18
21
-138.414
0
LINE
8
BLACK
6
CONTINUOUS
10
140.18
20
-138.414
11
140.217
21
-138.496
0
LINE
8
BLACK
6
CONTINUOUS
10
140.217
20
-138.496
11
140.237
21
-138.519
0
LINE
8
BLACK
6
CONTINUOUS
10
140.237
20
-138.519
11
140.302
21
-138.594
0
LINE
8
BLACK
6
CONTINUOUS
10
140.302
20
-138.594
11
140.391
21
-138.651
0
LINE
8
BLACK
6
CONTINUOUS
10
140.391
20
-138.651
11
140.411
21
-138.664
0
LINE
8
BLACK
6
CONTINUOUS
10
140.411
20
-138.664
11
140.535
21
-138.701
0
LINE
8
BLACK
6
CONTINUOUS
10
140.535
20
-138.701
11
140.535
21
-138.701
0
LINE
8
BLACK
6
CONTINUOUS
10
140.535
20
-138.701
11
140.665
21
-138.701
0
LINE
8
BLACK
6
CONTINUOUS
10
140.665
20
-138.701
11
140.665
21
-138.701
0
LINE
8
BLACK
6
CONTINUOUS
10
140.665
20
-138.701
11
140.789
21
-138.664
0
LINE
8
BLACK
6
CONTINUOUS
10
140.789
20
-138.664
11
140.898
21
-138.594
0
LINE
8
BLACK
6
CONTINUOUS
10
140.898
20
-138.594
11
140.983
21
-138.496
0
LINE
8
BLACK
6
CONTINUOUS
10
140.983
20
-138.496
11
140.993
21
-138.474
0
LINE
8
BLACK
6
CONTINUOUS
10
140.993
20
-138.474
11
141.037
21
-138.378
0
LINE
8
BLACK
6
CONTINUOUS
10
141.037
20
-138.378
11
141.055
21
-138.25
0
LINE
8
BLACK
6
CONTINUOUS
10
141.055
20
-138.25
11
141.037
21
-138.122
0
LINE
8
BLACK
6
CONTINUOUS
10
141.037
20
-138.122
11
140.983
21
-138.004
0
LINE
8
BLACK
6
CONTINUOUS
10
140.983
20
-138.004
11
140.979
21
-138
0
LINE
8
BLACK
6
CONTINUOUS
10
140.979
20
-138
11
140.898
21
-137.906
0
LINE
8
BLACK
6
CONTINUOUS
10
140.898
20
-137.906
11
140.898
21
-137.906
0
LINE
8
BLACK
6
CONTINUOUS
10
140.898
20
-137.906
11
140.898
21
-137.906
0
LINE
8
BLACK
6
CONTINUOUS
10
140.898
20
-137.906
11
140.789
21
-137.836
0
LINE
8
BLACK
6
CONTINUOUS
10
140.789
20
-137.836
11
140.789
21
-137.836
0
LINE
8
BLACK
6
CONTINUOUS
10
140.789
20
-137.836
11
140.789
21
-137.836
0
LINE
8
BLACK
6
CONTINUOUS
10
140.789
20
-137.836
11
140.789
21
-137.836
0
LINE
8
BLACK
6
CONTINUOUS
10
140.789
20
-137.836
11
140.665
21
-137.799
0
LINE
8
BLACK
6
CONTINUOUS
10
140.665
20
-137.799
11
140.665
21
-137.799
0
LINE
8
BLACK
6
CONTINUOUS
10
140.665
20
-137.799
11
140.535
21
-137.799
0
LINE
8
BLACK
6
CONTINUOUS
10
140.535
20
-137.799
11
140.535
21
-137.799
0
LINE
8
BLACK
6
CONTINUOUS
10
140.535
20
-137.799
11
140.411
21
-137.836
0
LINE
8
BLACK
6
CONTINUOUS
10
144.661
20
-137.586
11
144.661
21
-137.586
0
LINE
8
BLACK
6
CONTINUOUS
10
144.661
20
-137.586
11
144.552
21
-137.656
0
LINE
8
BLACK
6
CONTINUOUS
10
144.552
20
-137.656
11
144.467
21
-137.754
0
LINE
8
BLACK
6
CONTINUOUS
10
144.467
20
-137.754
11
144.413
21
-137.872
0
LINE
8
BLACK
6
CONTINUOUS
10
144.413
20
-137.872
11
144.395
21
-138
0
LINE
8
BLACK
6
CONTINUOUS
10
144.395
20
-138
11
144.395
21
-138
0
LINE
8
BLACK
6
CONTINUOUS
10
144.395
20
-138
11
144.413
21
-138.128
0
LINE
8
BLACK
6
CONTINUOUS
10
144.413
20
-138.128
11
144.437
21
-138.181
0
LINE
8
BLACK
6
CONTINUOUS
10
144.437
20
-138.181
11
144.467
21
-138.246
0
LINE
8
BLACK
6
CONTINUOUS
10
144.467
20
-138.246
11
144.552
21
-138.344
0
LINE
8
BLACK
6
CONTINUOUS
10
144.552
20
-138.344
11
144.552
21
-138.344
0
LINE
8
BLACK
6
CONTINUOUS
10
144.552
20
-138.344
11
144.605
21
-138.378
0
LINE
8
BLACK
6
CONTINUOUS
10
144.605
20
-138.378
11
144.661
21
-138.414
0
LINE
8
BLACK
6
CONTINUOUS
10
144.661
20
-138.414
11
144.785
21
-138.451
0
LINE
8
BLACK
6
CONTINUOUS
10
144.785
20
-138.451
11
144.785
21
-138.451
0
LINE
8
BLACK
6
CONTINUOUS
10
144.785
20
-138.451
11
144.915
21
-138.451
0
LINE
8
BLACK
6
CONTINUOUS
10
144.915
20
-138.451
11
144.915
21
-138.451
0
LINE
8
BLACK
6
CONTINUOUS
10
144.915
20
-138.451
11
145.039
21
-138.414
0
LINE
8
BLACK
6
CONTINUOUS
10
145.039
20
-138.414
11
145.148
21
-138.344
0
LINE
8
BLACK
6
CONTINUOUS
10
145.148
20
-138.344
11
145.233
21
-138.246
0
LINE
8
BLACK
6
CONTINUOUS
10
145.233
20
-138.246
11
145.287
21
-138.128
0
LINE
8
BLACK
6
CONTINUOUS
10
145.287
20
-138.128
11
145.305
21
-138
0
LINE
8
BLACK
6
CONTINUOUS
10
145.305
20
-138
11
145.288
21
-137.882
0
LINE
8
BLACK
6
CONTINUOUS
10
145.288
20
-137.882
11
145.287
21
-137.872
0
LINE
8
BLACK
6
CONTINUOUS
10
145.287
20
-137.872
11
145.27
21
-137.836
0
LINE
8
BLACK
6
CONTINUOUS
10
145.27
20
-137.836
11
145.233
21
-137.754
0
LINE
8
BLACK
6
CONTINUOUS
10
145.233
20
-137.754
11
145.148
21
-137.656
0
LINE
8
BLACK
6
CONTINUOUS
10
145.148
20
-137.656
11
145.148
21
-137.656
0
LINE
8
BLACK
6
CONTINUOUS
10
145.148
20
-137.656
11
145.148
21
-137.656
0
LINE
8
BLACK
6
CONTINUOUS
10
145.148
20
-137.656
11
145.039
21
-137.586
0
LINE
8
BLACK
6
CONTINUOUS
10
145.039
20
-137.586
11
145.039
21
-137.586
0
LINE
8
BLACK
6
CONTINUOUS
10
145.039
20
-137.586
11
145.039
21
-137.586
0
LINE
8
BLACK
6
CONTINUOUS
10
145.039
20
-137.586
11
145.039
21
-137.586
0
LINE
8
BLACK
6
CONTINUOUS
10
145.039
20
-137.586
11
144.915
21
-137.549
0
LINE
8
BLACK
6
CONTINUOUS
10
144.915
20
-137.549
11
144.915
21
-137.549
0
LINE
8
BLACK
6
CONTINUOUS
10
144.915
20
-137.549
11
144.785
21
-137.549
0
LINE
8
BLACK
6
CONTINUOUS
10
144.785
20
-137.549
11
144.785
21
-137.549
0
LINE
8
BLACK
6
CONTINUOUS
10
144.785
20
-137.549
11
144.661
21
-137.586
0
LINE
8
BLACK
6
CONTINUOUS
10
109.358
20
-136.645
11
109.477
21
-136.722
0
LINE
8
BLACK
6
CONTINUOUS
10
109.477
20
-136.722
11
109.571
21
-136.83
0
LINE
8
BLACK
6
CONTINUOUS
10
109.571
20
-136.83
11
109.63
21
-136.959
0
LINE
8
BLACK
6
CONTINUOUS
10
109.63
20
-136.959
11
109.65
21
-137.1
0
LINE
8
BLACK
6
CONTINUOUS
10
109.65
20
-137.1
11
109.63
21
-137.241
0
LINE
8
BLACK
6
CONTINUOUS
10
109.63
20
-137.241
11
109.571
21
-137.37
0
LINE
8
BLACK
6
CONTINUOUS
10
109.571
20
-137.37
11
109.477
21
-137.478
0
LINE
8
BLACK
6
CONTINUOUS
10
109.477
20
-137.478
11
109.358
21
-137.555
0
LINE
8
BLACK
6
CONTINUOUS
10
109.358
20
-137.555
11
109.221
21
-137.595
0
LINE
8
BLACK
6
CONTINUOUS
10
109.221
20
-137.595
11
109.079
21
-137.595
0
LINE
8
BLACK
6
CONTINUOUS
10
109.079
20
-137.595
11
108.942
21
-137.555
0
LINE
8
BLACK
6
CONTINUOUS
10
108.942
20
-137.555
11
108.823
21
-137.478
0
LINE
8
BLACK
6
CONTINUOUS
10
108.823
20
-137.478
11
108.729
21
-137.37
0
LINE
8
BLACK
6
CONTINUOUS
10
108.729
20
-137.37
11
108.67
21
-137.241
0
LINE
8
BLACK
6
CONTINUOUS
10
108.67
20
-137.241
11
108.65
21
-137.1
0
LINE
8
BLACK
6
CONTINUOUS
10
108.65
20
-137.1
11
108.67
21
-136.959
0
LINE
8
BLACK
6
CONTINUOUS
10
108.67
20
-136.959
11
108.729
21
-136.83
0
LINE
8
BLACK
6
CONTINUOUS
10
108.729
20
-136.83
11
108.823
21
-136.722
0
LINE
8
BLACK
6
CONTINUOUS
10
108.823
20
-136.722
11
108.942
21
-136.645
0
LINE
8
BLACK
6
CONTINUOUS
10
108.942
20
-136.645
11
109.079
21
-136.605
0
LINE
8
BLACK
6
CONTINUOUS
10
109.079
20
-136.605
11
109.221
21
-136.605
0
LINE
8
BLACK
6
CONTINUOUS
10
109.221
20
-136.605
11
109.358
21
-136.645
0
LINE
8
BLACK
6
CONTINUOUS
10
151.343
20
-135.656
11
151.343
21
-135.656
0
LINE
8
BLACK
6
CONTINUOUS
10
151.343
20
-135.656
11
151.208
21
-135.707
0
LINE
8
BLACK
6
CONTINUOUS
10
151.208
20
-135.707
11
151.208
21
-135.707
0
LINE
8
BLACK
6
CONTINUOUS
10
151.208
20
-135.707
11
151.093
21
-135.793
0
LINE
8
BLACK
6
CONTINUOUS
10
151.093
20
-135.793
11
151.093
21
-135.793
0
LINE
8
BLACK
6
CONTINUOUS
10
151.093
20
-135.793
11
151.007
21
-135.908
0
LINE
8
BLACK
6
CONTINUOUS
10
151.007
20
-135.908
11
151.003
21
-135.914
0
LINE
8
BLACK
6
CONTINUOUS
10
151.003
20
-135.914
11
151.002
21
-135.913
0
LINE
8
BLACK
6
CONTINUOUS
10
151.002
20
-135.913
11
150.969
21
-135.954
0
LINE
8
BLACK
6
CONTINUOUS
10
150.969
20
-135.954
11
150.91
21
-135.97
0
LINE
8
BLACK
6
CONTINUOUS
10
150.91
20
-135.97
11
150.853
21
-135.949
0
LINE
8
BLACK
6
CONTINUOUS
10
150.853
20
-135.949
11
150.836
21
-135.932
0
LINE
8
BLACK
6
CONTINUOUS
10
150.836
20
-135.932
11
150.828
21
-135.922
0
LINE
8
BLACK
6
CONTINUOUS
10
150.828
20
-135.922
11
150.828
21
-135.922
0
LINE
8
BLACK
6
CONTINUOUS
10
150.828
20
-135.922
11
150.828
21
-135.922
0
LINE
8
BLACK
6
CONTINUOUS
10
150.828
20
-135.922
11
150.828
21
-135.922
0
LINE
8
BLACK
6
CONTINUOUS
10
150.828
20
-135.922
11
150.828
21
-135.922
0
LINE
8
BLACK
6
CONTINUOUS
10
150.828
20
-135.922
11
150.703
21
-135.825
0
LINE
8
BLACK
6
CONTINUOUS
10
150.703
20
-135.825
11
150.557
21
-135.765
0
LINE
8
BLACK
6
CONTINUOUS
10
150.557
20
-135.765
11
150.557
21
-135.765
0
LINE
8
BLACK
6
CONTINUOUS
10
150.557
20
-135.765
11
150.4
21
-135.744
0
LINE
8
BLACK
6
CONTINUOUS
10
150.4
20
-135.744
11
150.4
21
-135.744
0
LINE
8
BLACK
6
CONTINUOUS
10
150.4
20
-135.744
11
150.243
21
-135.765
0
LINE
8
BLACK
6
CONTINUOUS
10
150.243
20
-135.765
11
150.243
21
-135.765
0
LINE
8
BLACK
6
CONTINUOUS
10
150.243
20
-135.765
11
150.097
21
-135.825
0
LINE
8
BLACK
6
CONTINUOUS
10
150.097
20
-135.825
11
150.097
21
-135.825
0
LINE
8
BLACK
6
CONTINUOUS
10
150.097
20
-135.825
11
149.972
21
-135.922
0
LINE
8
BLACK
6
CONTINUOUS
10
149.972
20
-135.922
11
149.972
21
-135.922
0
LINE
8
BLACK
6
CONTINUOUS
10
149.972
20
-135.922
11
149.875
21
-136.047
0
LINE
8
BLACK
6
CONTINUOUS
10
149.875
20
-136.047
11
149.866
21
-136.069
0
LINE
8
BLACK
6
CONTINUOUS
10
149.866
20
-136.069
11
149.827
21
-136.115
0
LINE
8
BLACK
6
CONTINUOUS
10
149.827
20
-136.115
11
149.767
21
-136.13
0
LINE
8
BLACK
6
CONTINUOUS
10
149.767
20
-136.13
11
149.711
21
-136.106
0
LINE
8
BLACK
6
CONTINUOUS
10
149.711
20
-136.106
11
149.684
21
-136.069
0
LINE
8
BLACK
6
CONTINUOUS
10
149.684
20
-136.069
11
149.679
21
-136.059
0
LINE
8
BLACK
6
CONTINUOUS
10
149.679
20
-136.059
11
149.675
21
-136.047
0
LINE
8
BLACK
6
CONTINUOUS
10
149.675
20
-136.047
11
149.578
21
-135.922
0
LINE
8
BLACK
6
CONTINUOUS
10
149.578
20
-135.922
11
149.578
21
-135.922
0
LINE
8
BLACK
6
CONTINUOUS
10
149.578
20
-135.922
11
149.578
21
-135.922
0
LINE
8
BLACK
6
CONTINUOUS
10
149.578
20
-135.922
11
149.453
21
-135.825
0
LINE
8
BLACK
6
CONTINUOUS
10
149.453
20
-135.825
11
149.307
21
-135.765
0
LINE
8
BLACK
6
CONTINUOUS
10
149.307
20
-135.765
11
149.307
21
-135.765
0
LINE
8
BLACK
6
CONTINUOUS
10
149.307
20
-135.765
11
149.15
21
-135.744
0
LINE
8
BLACK
6
CONTINUOUS
10
149.15
20
-135.744
11
149.15
21
-135.744
0
LINE
8
BLACK
6
CONTINUOUS
10
149.15
20
-135.744
11
148.993
21
-135.765
0
LINE
8
BLACK
6
CONTINUOUS
10
148.993
20
-135.765
11
148.993
21
-135.765
0
LINE
8
BLACK
6
CONTINUOUS
10
148.993
20
-135.765
11
148.847
21
-135.825
0
LINE
8
BLACK
6
CONTINUOUS
10
148.847
20
-135.825
11
148.847
21
-135.825
0
LINE
8
BLACK
6
CONTINUOUS
10
148.847
20
-135.825
11
148.722
21
-135.922
0
LINE
8
BLACK
6
CONTINUOUS
10
148.722
20
-135.922
11
148.722
21
-135.922
0
LINE
8
BLACK
6
CONTINUOUS
10
148.722
20
-135.922
11
148.625
21
-136.047
0
LINE
8
BLACK
6
CONTINUOUS
10
148.625
20
-136.047
11
148.625
21
-136.047
0
LINE
8
BLACK
6
CONTINUOUS
10
148.625
20
-136.047
11
148.565
21
-136.193
0
LINE
8
BLACK
6
CONTINUOUS
10
148.565
20
-136.193
11
148.565
21
-136.193
0
LINE
8
BLACK
6
CONTINUOUS
10
148.565
20
-136.193
11
148.549
21
-136.311
0
LINE
8
BLACK
6
CONTINUOUS
10
148.549
20
-136.311
11
148.549
21
-136.889
0
LINE
8
BLACK
6
CONTINUOUS
10
148.549
20
-136.889
11
148.565
21
-137.007
0
LINE
8
BLACK
6
CONTINUOUS
10
148.565
20
-137.007
11
148.565
21
-137.007
0
LINE
8
BLACK
6
CONTINUOUS
10
148.565
20
-137.007
11
148.625
21
-137.153
0
LINE
8
BLACK
6
CONTINUOUS
10
148.625
20
-137.153
11
148.625
21
-137.153
0
LINE
8
BLACK
6
CONTINUOUS
10
148.625
20
-137.153
11
148.722
21
-137.278
0
LINE
8
BLACK
6
CONTINUOUS
10
148.722
20
-137.278
11
148.722
21
-137.278
0
LINE
8
BLACK
6
CONTINUOUS
10
148.722
20
-137.278
11
148.847
21
-137.375
0
LINE
8
BLACK
6
CONTINUOUS
10
148.847
20
-137.375
11
148.847
21
-137.375
0
LINE
8
BLACK
6
CONTINUOUS
10
148.847
20
-137.375
11
148.847
21
-137.375
0
LINE
8
BLACK
6
CONTINUOUS
10
148.847
20
-137.375
11
148.976
21
-137.428
0
LINE
8
BLACK
6
CONTINUOUS
10
148.976
20
-137.428
11
148.993
21
-137.435
0
LINE
8
BLACK
6
CONTINUOUS
10
148.993
20
-137.435
11
149.111
21
-137.451
0
LINE
8
BLACK
6
CONTINUOUS
10
149.111
20
-137.451
11
149.15
21
-137.456
0
LINE
8
BLACK
6
CONTINUOUS
10
149.15
20
-137.456
11
149.15
21
-137.456
0
LINE
8
BLACK
6
CONTINUOUS
10
149.15
20
-137.456
11
149.15
21
-137.456
0
LINE
8
BLACK
6
CONTINUOUS
10
149.15
20
-137.456
11
149.181
21
-137.452
0
LINE
8
BLACK
6
CONTINUOUS
10
149.181
20
-137.452
11
149.307
21
-137.435
0
LINE
8
BLACK
6
CONTINUOUS
10
149.307
20
-137.435
11
149.453
21
-137.375
0
LINE
8
BLACK
6
CONTINUOUS
10
149.453
20
-137.375
11
149.578
21
-137.278
0
LINE
8
BLACK
6
CONTINUOUS
10
149.578
20
-137.278
11
149.675
21
-137.153
0
LINE
8
BLACK
6
CONTINUOUS
10
149.675
20
-137.153
11
149.679
21
-137.142
0
LINE
8
BLACK
6
CONTINUOUS
10
149.679
20
-137.142
11
149.684
21
-137.131
0
LINE
8
BLACK
6
CONTINUOUS
10
149.684
20
-137.131
11
149.723
21
-137.085
0
LINE
8
BLACK
6
CONTINUOUS
10
149.723
20
-137.085
11
149.783
21
-137.07
0
LINE
8
BLACK
6
CONTINUOUS
10
149.783
20
-137.07
11
149.839
21
-137.094
0
LINE
8
BLACK
6
CONTINUOUS
10
149.839
20
-137.094
11
149.866
21
-137.131
0
LINE
8
BLACK
6
CONTINUOUS
10
149.866
20
-137.131
11
149.875
21
-137.153
0
LINE
8
BLACK
6
CONTINUOUS
10
149.875
20
-137.153
11
149.875
21
-137.153
0
LINE
8
BLACK
6
CONTINUOUS
10
149.875
20
-137.153
11
149.972
21
-137.278
0
LINE
8
BLACK
6
CONTINUOUS
10
149.972
20
-137.278
11
149.972
21
-137.278
0
LINE
8
BLACK
6
CONTINUOUS
10
149.972
20
-137.278
11
150.097
21
-137.375
0
LINE
8
BLACK
6
CONTINUOUS
10
150.097
20
-137.375
11
150.097
21
-137.375
0
LINE
8
BLACK
6
CONTINUOUS
10
150.097
20
-137.375
11
150.097
21
-137.375
0
LINE
8
BLACK
6
CONTINUOUS
10
150.097
20
-137.375
11
150.226
21
-137.428
0
LINE
8
BLACK
6
CONTINUOUS
10
150.226
20
-137.428
11
150.243
21
-137.435
0
LINE
8
BLACK
6
CONTINUOUS
10
150.243
20
-137.435
11
150.361
21
-137.451
0
LINE
8
BLACK
6
CONTINUOUS
10
150.361
20
-137.451
11
150.4
21
-137.456
0
LINE
8
BLACK
6
CONTINUOUS
10
150.4
20
-137.456
11
150.4
21
-137.456
0
LINE
8
BLACK
6
CONTINUOUS
10
150.4
20
-137.456
11
150.4
21
-137.456
0
LINE
8
BLACK
6
CONTINUOUS
10
150.4
20
-137.456
11
150.431
21
-137.452
0
LINE
8
BLACK
6
CONTINUOUS
10
150.431
20
-137.452
11
150.557
21
-137.435
0
LINE
8
BLACK
6
CONTINUOUS
10
150.557
20
-137.435
11
150.703
21
-137.375
0
LINE
8
BLACK
6
CONTINUOUS
10
150.703
20
-137.375
11
150.828
21
-137.278
0
LINE
8
BLACK
6
CONTINUOUS
10
150.828
20
-137.278
11
150.836
21
-137.268
0
LINE
8
BLACK
6
CONTINUOUS
10
150.836
20
-137.268
11
150.886
21
-137.234
0
LINE
8
BLACK
6
CONTINUOUS
10
150.886
20
-137.234
11
150.948
21
-137.235
0
LINE
8
BLACK
6
CONTINUOUS
10
150.948
20
-137.235
11
150.996
21
-137.272
0
LINE
8
BLACK
6
CONTINUOUS
10
150.996
20
-137.272
11
151.003
21
-137.286
0
LINE
8
BLACK
6
CONTINUOUS
10
151.003
20
-137.286
11
151.003
21
-137.286
0
LINE
8
BLACK
6
CONTINUOUS
10
151.003
20
-137.286
11
151.007
21
-137.292
0
LINE
8
BLACK
6
CONTINUOUS
10
151.007
20
-137.292
11
151.093
21
-137.407
0
LINE
8
BLACK
6
CONTINUOUS
10
151.093
20
-137.407
11
151.093
21
-137.407
0
LINE
8
BLACK
6
CONTINUOUS
10
151.093
20
-137.407
11
151.208
21
-137.493
0
LINE
8
BLACK
6
CONTINUOUS
10
151.208
20
-137.493
11
151.208
21
-137.493
0
LINE
8
BLACK
6
CONTINUOUS
10
151.208
20
-137.493
11
151.343
21
-137.544
0
LINE
8
BLACK
6
CONTINUOUS
10
151.343
20
-137.544
11
151.343
21
-137.544
0
LINE
8
BLACK
6
CONTINUOUS
10
151.343
20
-137.544
11
151.402
21
-137.55
0
LINE
8
BLACK
6
CONTINUOUS
10
151.402
20
-137.55
11
151.5
21
-137.55
0
LINE
8
BLACK
6
CONTINUOUS
10
151.5
20
-137.55
11
151.5
21
-137.55
0
LINE
8
BLACK
6
CONTINUOUS
10
151.5
20
-137.55
11
151.5
21
-137.25
0
LINE
8
BLACK
6
CONTINUOUS
10
151.5
20
-137.25
11
151.45
21
-137.25
0
LINE
8
BLACK
6
CONTINUOUS
10
151.45
20
-137.25
11
151.373
21
-137.235
0
LINE
8
BLACK
6
CONTINUOUS
10
151.373
20
-137.235
11
151.309
21
-137.191
0
LINE
8
BLACK
6
CONTINUOUS
10
151.309
20
-137.191
11
151.265
21
-137.127
0
LINE
8
BLACK
6
CONTINUOUS
10
151.265
20
-137.127
11
151.25
21
-137.05
0
LINE
8
BLACK
6
CONTINUOUS
10
151.25
20
-137.05
11
151.25
21
-136.15
0
LINE
8
BLACK
6
CONTINUOUS
10
151.25
20
-136.15
11
151.265
21
-136.073
0
LINE
8
BLACK
6
CONTINUOUS
10
151.265
20
-136.073
11
151.309
21
-136.009
0
LINE
8
BLACK
6
CONTINUOUS
10
151.309
20
-136.009
11
151.373
21
-135.965
0
LINE
8
BLACK
6
CONTINUOUS
10
151.373
20
-135.965
11
151.45
21
-135.95
0
LINE
8
BLACK
6
CONTINUOUS
10
151.45
20
-135.95
11
151.5
21
-135.95
0
LINE
8
BLACK
6
CONTINUOUS
10
151.5
20
-135.95
11
151.5
21
-135.65
0
LINE
8
BLACK
6
CONTINUOUS
10
151.5
20
-135.65
11
151.5
21
-135.65
0
LINE
8
BLACK
6
CONTINUOUS
10
151.5
20
-135.65
11
151.402
21
-135.65
0
LINE
8
BLACK
6
CONTINUOUS
10
151.402
20
-135.65
11
151.343
21
-135.656
0
LINE
8
BLACK
6
CONTINUOUS
10
152.05
20
-137.05
11
152.035
21
-137.127
0
LINE
8
BLACK
6
CONTINUOUS
10
152.035
20
-137.127
11
151.991
21
-137.191
0
LINE
8
BLACK
6
CONTINUOUS
10
151.991
20
-137.191
11
151.927
21
-137.235
0
LINE
8
BLACK
6
CONTINUOUS
10
151.927
20
-137.235
11
151.85
21
-137.25
0
LINE
8
BLACK
6
CONTINUOUS
10
151.85
20
-137.25
11
151.8
21
-137.25
0
LINE
8
BLACK
6
CONTINUOUS
10
151.8
20
-137.25
11
151.8
21
-137.55
0
LINE
8
BLACK
6
CONTINUOUS
10
151.8
20
-137.55
11
151.8
21
-137.55
0
LINE
8
BLACK
6
CONTINUOUS
10
151.8
20
-137.55
11
151.898
21
-137.55
0
LINE
8
BLACK
6
CONTINUOUS
10
151.898
20
-137.55
11
151.957
21
-137.544
0
LINE
8
BLACK
6
CONTINUOUS
10
151.957
20
-137.544
11
151.957
21
-137.544
0
LINE
8
BLACK
6
CONTINUOUS
10
151.957
20
-137.544
11
152.092
21
-137.493
0
LINE
8
BLACK
6
CONTINUOUS
10
152.092
20
-137.493
11
152.092
21
-137.493
0
LINE
8
BLACK
6
CONTINUOUS
10
152.092
20
-137.493
11
152.207
21
-137.407
0
LINE
8
BLACK
6
CONTINUOUS
10
152.207
20
-137.407
11
152.207
21
-137.407
0
LINE
8
BLACK
6
CONTINUOUS
10
152.207
20
-137.407
11
152.293
21
-137.292
0
LINE
8
BLACK
6
CONTINUOUS
10
152.293
20
-137.292
11
152.293
21
-137.292
0
LINE
8
BLACK
6
CONTINUOUS
10
152.293
20
-137.292
11
152.344
21
-137.157
0
LINE
8
BLACK
6
CONTINUOUS
10
152.344
20
-137.157
11
152.344
21
-137.157
0
LINE
8
BLACK
6
CONTINUOUS
10
152.344
20
-137.157
11
152.35
21
-137.098
0
LINE
8
BLACK
6
CONTINUOUS
10
152.35
20
-137.098
11
152.35
21
-136.75
0
LINE
8
BLACK
6
CONTINUOUS
10
152.35
20
-136.75
11
152.35
21
-136.75
0
LINE
8
BLACK
6
CONTINUOUS
10
152.35
20
-136.75
11
152.05
21
-136.75
0
LINE
8
BLACK
6
CONTINUOUS
10
152.05
20
-136.75
11
152.05
21
-137.05
0
LINE
8
BLACK
6
CONTINUOUS
10
129.766
20
-137.039
11
129.847
21
-137.093
0
LINE
8
BLACK
6
CONTINUOUS
10
129.847
20
-137.093
11
129.901
21
-137.174
0
LINE
8
BLACK
6
CONTINUOUS
10
129.901
20
-137.174
11
129.92
21
-137.27
0
LINE
8
BLACK
6
CONTINUOUS
10
129.92
20
-137.27
11
129.901
21
-137.366
0
LINE
8
BLACK
6
CONTINUOUS
10
129.901
20
-137.366
11
129.847
21
-137.447
0
LINE
8
BLACK
6
CONTINUOUS
10
129.847
20
-137.447
11
129.766
21
-137.501
0
LINE
8
BLACK
6
CONTINUOUS
10
129.766
20
-137.501
11
129.67
21
-137.52
0
LINE
8
BLACK
6
CONTINUOUS
10
129.67
20
-137.52
11
129.574
21
-137.501
0
LINE
8
BLACK
6
CONTINUOUS
10
129.574
20
-137.501
11
129.493
21
-137.447
0
LINE
8
BLACK
6
CONTINUOUS
10
129.493
20
-137.447
11
129.439
21
-137.366
0
LINE
8
BLACK
6
CONTINUOUS
10
129.439
20
-137.366
11
129.42
21
-137.27
0
LINE
8
BLACK
6
CONTINUOUS
10
129.42
20
-137.27
11
129.439
21
-137.174
0
LINE
8
BLACK
6
CONTINUOUS
10
129.439
20
-137.174
11
129.493
21
-137.093
0
LINE
8
BLACK
6
CONTINUOUS
10
129.493
20
-137.093
11
129.574
21
-137.039
0
LINE
8
BLACK
6
CONTINUOUS
10
129.574
20
-137.039
11
129.67
21
-137.02
0
LINE
8
BLACK
6
CONTINUOUS
10
129.67
20
-137.02
11
129.766
21
-137.039
0
LINE
8
BLACK
6
CONTINUOUS
10
138.296
20
-137.039
11
138.377
21
-137.093
0
LINE
8
BLACK
6
CONTINUOUS
10
138.377
20
-137.093
11
138.431
21
-137.174
0
LINE
8
BLACK
6
CONTINUOUS
10
138.431
20
-137.174
11
138.45
21
-137.27
0
LINE
8
BLACK
6
CONTINUOUS
10
138.45
20
-137.27
11
138.431
21
-137.366
0
LINE
8
BLACK
6
CONTINUOUS
10
138.431
20
-137.366
11
138.377
21
-137.447
0
LINE
8
BLACK
6
CONTINUOUS
10
138.377
20
-137.447
11
138.296
21
-137.501
0
LINE
8
BLACK
6
CONTINUOUS
10
138.296
20
-137.501
11
138.2
21
-137.52
0
LINE
8
BLACK
6
CONTINUOUS
10
138.2
20
-137.52
11
138.104
21
-137.501
0
LINE
8
BLACK
6
CONTINUOUS
10
138.104
20
-137.501
11
138.023
21
-137.447
0
LINE
8
BLACK
6
CONTINUOUS
10
138.023
20
-137.447
11
137.969
21
-137.366
0
LINE
8
BLACK
6
CONTINUOUS
10
137.969
20
-137.366
11
137.95
21
-137.27
0
LINE
8
BLACK
6
CONTINUOUS
10
137.95
20
-137.27
11
137.969
21
-137.174
0
LINE
8
BLACK
6
CONTINUOUS
10
137.969
20
-137.174
11
138.023
21
-137.093
0
LINE
8
BLACK
6
CONTINUOUS
10
138.023
20
-137.093
11
138.104
21
-137.039
0
LINE
8
BLACK
6
CONTINUOUS
10
138.104
20
-137.039
11
138.2
21
-137.02
0
LINE
8
BLACK
6
CONTINUOUS
10
138.2
20
-137.02
11
138.296
21
-137.039
0
LINE
8
BLACK
6
CONTINUOUS
10
137.436
20
-137.029
11
137.517
21
-137.083
0
LINE
8
BLACK
6
CONTINUOUS
10
137.517
20
-137.083
11
137.571
21
-137.164
0
LINE
8
BLACK
6
CONTINUOUS
10
137.571
20
-137.164
11
137.59
21
-137.26
0
LINE
8
BLACK
6
CONTINUOUS
10
137.59
20
-137.26
11
137.571
21
-137.356
0
LINE
8
BLACK
6
CONTINUOUS
10
137.571
20
-137.356
11
137.517
21
-137.437
0
LINE
8
BLACK
6
CONTINUOUS
10
137.517
20
-137.437
11
137.436
21
-137.491
0
LINE
8
BLACK
6
CONTINUOUS
10
137.436
20
-137.491
11
137.34
21
-137.51
0
LINE
8
BLACK
6
CONTINUOUS
10
137.34
20
-137.51
11
137.244
21
-137.491
0
LINE
8
BLACK
6
CONTINUOUS
10
137.244
20
-137.491
11
137.163
21
-137.437
0
LINE
8
BLACK
6
CONTINUOUS
10
137.163
20
-137.437
11
137.109
21
-137.356
0
LINE
8
BLACK
6
CONTINUOUS
10
137.109
20
-137.356
11
137.09
21
-137.26
0
LINE
8
BLACK
6
CONTINUOUS
10
137.09
20
-137.26
11
137.109
21
-137.164
0
LINE
8
BLACK
6
CONTINUOUS
10
137.109
20
-137.164
11
137.163
21
-137.083
0
LINE
8
BLACK
6
CONTINUOUS
10
137.163
20
-137.083
11
137.244
21
-137.029
0
LINE
8
BLACK
6
CONTINUOUS
10
137.244
20
-137.029
11
137.34
21
-137.01
0
LINE
8
BLACK
6
CONTINUOUS
10
137.34
20
-137.01
11
137.436
21
-137.029
0
LINE
8
BLACK
6
CONTINUOUS
10
137.436
20
-136.229
11
137.517
21
-136.283
0
LINE
8
BLACK
6
CONTINUOUS
10
137.517
20
-136.283
11
137.571
21
-136.364
0
LINE
8
BLACK
6
CONTINUOUS
10
137.571
20
-136.364
11
137.59
21
-136.46
0
LINE
8
BLACK
6
CONTINUOUS
10
137.59
20
-136.46
11
137.571
21
-136.556
0
LINE
8
BLACK
6
CONTINUOUS
10
137.571
20
-136.556
11
137.517
21
-136.637
0
LINE
8
BLACK
6
CONTINUOUS
10
137.517
20
-136.637
11
137.436
21
-136.691
0
LINE
8
BLACK
6
CONTINUOUS
10
137.436
20
-136.691
11
137.34
21
-136.71
0
LINE
8
BLACK
6
CONTINUOUS
10
137.34
20
-136.71
11
137.244
21
-136.691
0
LINE
8
BLACK
6
CONTINUOUS
10
137.244
20
-136.691
11
137.163
21
-136.637
0
LINE
8
BLACK
6
CONTINUOUS
10
137.163
20
-136.637
11
137.109
21
-136.556
0
LINE
8
BLACK
6
CONTINUOUS
10
137.109
20
-136.556
11
137.09
21
-136.46
0
LINE
8
BLACK
6
CONTINUOUS
10
137.09
20
-136.46
11
137.109
21
-136.364
0
LINE
8
BLACK
6
CONTINUOUS
10
137.109
20
-136.364
11
137.163
21
-136.283
0
LINE
8
BLACK
6
CONTINUOUS
10
137.163
20
-136.283
11
137.244
21
-136.229
0
LINE
8
BLACK
6
CONTINUOUS
10
137.244
20
-136.229
11
137.34
21
-136.21
0
LINE
8
BLACK
6
CONTINUOUS
10
137.34
20
-136.21
11
137.436
21
-136.229
0
LINE
8
BLACK
6
CONTINUOUS
10
138.296
20
-136.229
11
138.377
21
-136.283
0
LINE
8
BLACK
6
CONTINUOUS
10
138.377
20
-136.283
11
138.431
21
-136.364
0
LINE
8
BLACK
6
CONTINUOUS
10
138.431
20
-136.364
11
138.45
21
-136.46
0
LINE
8
BLACK
6
CONTINUOUS
10
138.45
20
-136.46
11
138.431
21
-136.556
0
LINE
8
BLACK
6
CONTINUOUS
10
138.431
20
-136.556
11
138.377
21
-136.637
0
LINE
8
BLACK
6
CONTINUOUS
10
138.377
20
-136.637
11
138.296
21
-136.691
0
LINE
8
BLACK
6
CONTINUOUS
10
138.296
20
-136.691
11
138.2
21
-136.71
0
LINE
8
BLACK
6
CONTINUOUS
10
138.2
20
-136.71
11
138.104
21
-136.691
0
LINE
8
BLACK
6
CONTINUOUS
10
138.104
20
-136.691
11
138.023
21
-136.637
0
LINE
8
BLACK
6
CONTINUOUS
10
138.023
20
-136.637
11
137.969
21
-136.556
0
LINE
8
BLACK
6
CONTINUOUS
10
137.969
20
-136.556
11
137.95
21
-136.46
0
LINE
8
BLACK
6
CONTINUOUS
10
137.95
20
-136.46
11
137.969
21
-136.364
0
LINE
8
BLACK
6
CONTINUOUS
10
137.969
20
-136.364
11
138.023
21
-136.283
0
LINE
8
BLACK
6
CONTINUOUS
10
138.023
20
-136.283
11
138.104
21
-136.229
0
LINE
8
BLACK
6
CONTINUOUS
10
138.104
20
-136.229
11
138.2
21
-136.21
0
LINE
8
BLACK
6
CONTINUOUS
10
138.2
20
-136.21
11
138.296
21
-136.229
0
LINE
8
BLACK
6
CONTINUOUS
10
151.8
20
-135.65
11
151.8
21
-135.95
0
LINE
8
BLACK
6
CONTINUOUS
10
151.8
20
-135.95
11
151.85
21
-135.95
0
LINE
8
BLACK
6
CONTINUOUS
10
151.85
20
-135.95
11
151.927
21
-135.965
0
LINE
8
BLACK
6
CONTINUOUS
10
151.927
20
-135.965
11
151.991
21
-136.009
0
LINE
8
BLACK
6
CONTINUOUS
10
151.991
20
-136.009
11
152.035
21
-136.073
0
LINE
8
BLACK
6
CONTINUOUS
10
152.035
20
-136.073
11
152.05
21
-136.15
0
LINE
8
BLACK
6
CONTINUOUS
10
152.05
20
-136.15
11
152.05
21
-136.45
0
LINE
8
BLACK
6
CONTINUOUS
10
152.05
20
-136.45
11
152.35
21
-136.45
0
LINE
8
BLACK
6
CONTINUOUS
10
152.35
20
-136.45
11
152.35
21
-136.45
0
LINE
8
BLACK
6
CONTINUOUS
10
152.35
20
-136.45
11
152.35
21
-136.102
0
LINE
8
BLACK
6
CONTINUOUS
10
152.35
20
-136.102
11
152.344
21
-136.043
0
LINE
8
BLACK
6
CONTINUOUS
10
152.344
20
-136.043
11
152.344
21
-136.043
0
LINE
8
BLACK
6
CONTINUOUS
10
152.344
20
-136.043
11
152.293
21
-135.908
0
LINE
8
BLACK
6
CONTINUOUS
10
152.293
20
-135.908
11
152.293
21
-135.908
0
LINE
8
BLACK
6
CONTINUOUS
10
152.293
20
-135.908
11
152.207
21
-135.793
0
LINE
8
BLACK
6
CONTINUOUS
10
152.207
20
-135.793
11
152.207
21
-135.793
0
LINE
8
BLACK
6
CONTINUOUS
10
152.207
20
-135.793
11
152.092
21
-135.707
0
LINE
8
BLACK
6
CONTINUOUS
10
152.092
20
-135.707
11
152.092
21
-135.707
0
LINE
8
BLACK
6
CONTINUOUS
10
152.092
20
-135.707
11
151.957
21
-135.656
0
LINE
8
BLACK
6
CONTINUOUS
10
151.957
20
-135.656
11
151.957
21
-135.656
0
LINE
8
BLACK
6
CONTINUOUS
10
151.957
20
-135.656
11
151.898
21
-135.65
0
LINE
8
BLACK
6
CONTINUOUS
10
151.898
20
-135.65
11
151.8
21
-135.65
0
LINE
8
BLACK
6
CONTINUOUS
10
151.8
20
-135.65
11
151.8
21
-135.65
0
LINE
8
BLACK
6
CONTINUOUS
10
133.78
20
-134.386
11
133.78
21
-134.386
0
LINE
8
BLACK
6
CONTINUOUS
10
133.78
20
-134.386
11
133.671
21
-134.456
0
LINE
8
BLACK
6
CONTINUOUS
10
133.671
20
-134.456
11
133.587
21
-134.554
0
LINE
8
BLACK
6
CONTINUOUS
10
133.587
20
-134.554
11
133.533
21
-134.672
0
LINE
8
BLACK
6
CONTINUOUS
10
133.533
20
-134.672
11
133.514
21
-134.8
0
LINE
8
BLACK
6
CONTINUOUS
10
133.514
20
-134.8
11
133.514
21
-134.8
0
LINE
8
BLACK
6
CONTINUOUS
10
133.514
20
-134.8
11
133.533
21
-134.928
0
LINE
8
BLACK
6
CONTINUOUS
10
133.533
20
-134.928
11
133.543
21
-134.951
0
LINE
8
BLACK
6
CONTINUOUS
10
133.543
20
-134.951
11
133.587
21
-135.046
0
LINE
8
BLACK
6
CONTINUOUS
10
133.587
20
-135.046
11
133.671
21
-135.144
0
LINE
8
BLACK
6
CONTINUOUS
10
133.671
20
-135.144
11
133.671
21
-135.144
0
LINE
8
BLACK
6
CONTINUOUS
10
133.671
20
-135.144
11
133.78
21
-135.214
0
LINE
8
BLACK
6
CONTINUOUS
10
133.78
20
-135.214
11
133.78
21
-135.214
0
LINE
8
BLACK
6
CONTINUOUS
10
133.78
20
-135.214
11
133.905
21
-135.25
0
LINE
8
BLACK
6
CONTINUOUS
10
133.905
20
-135.25
11
133.905
21
-135.25
0
LINE
8
BLACK
6
CONTINUOUS
10
133.905
20
-135.25
11
134.034
21
-135.25
0
LINE
8
BLACK
6
CONTINUOUS
10
134.034
20
-135.25
11
134.034
21
-135.25
0
LINE
8
BLACK
6
CONTINUOUS
10
134.034
20
-135.25
11
134.159
21
-135.214
0
LINE
8
BLACK
6
CONTINUOUS
10
134.159
20
-135.214
11
134.268
21
-135.144
0
LINE
8
BLACK
6
CONTINUOUS
10
134.268
20
-135.144
11
134.352
21
-135.046
0
LINE
8
BLACK
6
CONTINUOUS
10
134.352
20
-135.046
11
134.406
21
-134.928
0
LINE
8
BLACK
6
CONTINUOUS
10
134.406
20
-134.928
11
134.412
21
-134.885
0
LINE
8
BLACK
6
CONTINUOUS
10
134.412
20
-134.885
11
134.425
21
-134.8
0
LINE
8
BLACK
6
CONTINUOUS
10
134.425
20
-134.8
11
134.425
21
-134.8
0
LINE
8
BLACK
6
CONTINUOUS
10
134.425
20
-134.8
11
134.406
21
-134.672
0
LINE
8
BLACK
6
CONTINUOUS
10
134.406
20
-134.672
11
134.386
21
-134.628
0
LINE
8
BLACK
6
CONTINUOUS
10
134.386
20
-134.628
11
134.352
21
-134.554
0
LINE
8
BLACK
6
CONTINUOUS
10
134.352
20
-134.554
11
134.306
21
-134.5
0
LINE
8
BLACK
6
CONTINUOUS
10
134.306
20
-134.5
11
134.268
21
-134.456
0
LINE
8
BLACK
6
CONTINUOUS
10
134.268
20
-134.456
11
134.268
21
-134.456
0
LINE
8
BLACK
6
CONTINUOUS
10
134.268
20
-134.456
11
134.268
21
-134.456
0
LINE
8
BLACK
6
CONTINUOUS
10
134.268
20
-134.456
11
134.159
21
-134.386
0
LINE
8
BLACK
6
CONTINUOUS
10
134.159
20
-134.386
11
134.159
21
-134.386
0
LINE
8
BLACK
6
CONTINUOUS
10
134.159
20
-134.386
11
134.159
21
-134.386
0
LINE
8
BLACK
6
CONTINUOUS
10
134.159
20
-134.386
11
134.159
21
-134.386
0
LINE
8
BLACK
6
CONTINUOUS
10
134.159
20
-134.386
11
134.034
21
-134.35
0
LINE
8
BLACK
6
CONTINUOUS
10
134.034
20
-134.35
11
134.034
21
-134.35
0
LINE
8
BLACK
6
CONTINUOUS
10
134.034
20
-134.35
11
133.905
21
-134.35
0
LINE
8
BLACK
6
CONTINUOUS
10
133.905
20
-134.35
11
133.905
21
-134.35
0
LINE
8
BLACK
6
CONTINUOUS
10
133.905
20
-134.35
11
133.78
21
-134.386
0
LINE
8
BLACK
6
CONTINUOUS
10
140.921
20
-133.256
11
140.921
21
-133.256
0
LINE
8
BLACK
6
CONTINUOUS
10
140.921
20
-133.256
11
140.812
21
-133.326
0
LINE
8
BLACK
6
CONTINUOUS
10
140.812
20
-133.326
11
140.727
21
-133.424
0
LINE
8
BLACK
6
CONTINUOUS
10
140.727
20
-133.424
11
140.673
21
-133.542
0
LINE
8
BLACK
6
CONTINUOUS
10
140.673
20
-133.542
11
140.655
21
-133.67
0
LINE
8
BLACK
6
CONTINUOUS
10
140.655
20
-133.67
11
140.655
21
-133.67
0
LINE
8
BLACK
6
CONTINUOUS
10
140.655
20
-133.67
11
140.673
21
-133.798
0
LINE
8
BLACK
6
CONTINUOUS
10
140.673
20
-133.798
11
140.697
21
-133.85
0
LINE
8
BLACK
6
CONTINUOUS
10
140.697
20
-133.85
11
140.727
21
-133.916
0
LINE
8
BLACK
6
CONTINUOUS
10
140.727
20
-133.916
11
140.812
21
-134.014
0
LINE
8
BLACK
6
CONTINUOUS
10
140.812
20
-134.014
11
140.813
21
-134.015
0
LINE
8
BLACK
6
CONTINUOUS
10
140.813
20
-134.015
11
140.837
21
-134.072
0
LINE
8
BLACK
6
CONTINUOUS
10
140.837
20
-134.072
11
140.823
21
-134.131
0
LINE
8
BLACK
6
CONTINUOUS
10
140.823
20
-134.131
11
140.803
21
-134.155
0
LINE
8
BLACK
6
CONTINUOUS
10
140.803
20
-134.155
11
140.802
21
-134.156
0
LINE
8
BLACK
6
CONTINUOUS
10
140.802
20
-134.156
11
140.717
21
-134.254
0
LINE
8
BLACK
6
CONTINUOUS
10
140.717
20
-134.254
11
140.663
21
-134.372
0
LINE
8
BLACK
6
CONTINUOUS
10
140.663
20
-134.372
11
140.645
21
-134.5
0
LINE
8
BLACK
6
CONTINUOUS
10
140.645
20
-134.5
11
140.645
21
-134.5
0
LINE
8
BLACK
6
CONTINUOUS
10
140.645
20
-134.5
11
140.663
21
-134.628
0
LINE
8
BLACK
6
CONTINUOUS
10
140.663
20
-134.628
11
140.683
21
-134.671
0
LINE
8
BLACK
6
CONTINUOUS
10
140.683
20
-134.671
11
140.717
21
-134.746
0
LINE
8
BLACK
6
CONTINUOUS
10
140.717
20
-134.746
11
140.764
21
-134.8
0
LINE
8
BLACK
6
CONTINUOUS
10
140.764
20
-134.8
11
140.802
21
-134.844
0
LINE
8
BLACK
6
CONTINUOUS
10
140.802
20
-134.844
11
140.911
21
-134.914
0
LINE
8
BLACK
6
CONTINUOUS
10
140.911
20
-134.914
11
140.911
21
-134.914
0
LINE
8
BLACK
6
CONTINUOUS
10
140.911
20
-134.914
11
141.035
21
-134.951
0
LINE
8
BLACK
6
CONTINUOUS
10
141.035
20
-134.951
11
141.035
21
-134.951
0
LINE
8
BLACK
6
CONTINUOUS
10
141.035
20
-134.951
11
141.165
21
-134.951
0
LINE
8
BLACK
6
CONTINUOUS
10
141.165
20
-134.951
11
141.165
21
-134.951
0
LINE
8
BLACK
6
CONTINUOUS
10
141.165
20
-134.951
11
141.289
21
-134.914
0
LINE
8
BLACK
6
CONTINUOUS
10
141.289
20
-134.914
11
141.398
21
-134.844
0
LINE
8
BLACK
6
CONTINUOUS
10
141.398
20
-134.844
11
141.445
21
-134.79
0
LINE
8
BLACK
6
CONTINUOUS
10
141.445
20
-134.79
11
141.497
21
-134.759
0
LINE
8
BLACK
6
CONTINUOUS
10
141.497
20
-134.759
11
141.558
21
-134.764
0
LINE
8
BLACK
6
CONTINUOUS
10
141.558
20
-134.764
11
141.594
21
-134.79
0
LINE
8
BLACK
6
CONTINUOUS
10
141.594
20
-134.79
11
141.632
21
-134.834
0
LINE
8
BLACK
6
CONTINUOUS
10
141.632
20
-134.834
11
141.741
21
-134.904
0
LINE
8
BLACK
6
CONTINUOUS
10
141.741
20
-134.904
11
141.865
21
-134.94
0
LINE
8
BLACK
6
CONTINUOUS
10
141.865
20
-134.94
11
141.865
21
-134.94
0
LINE
8
BLACK
6
CONTINUOUS
10
141.865
20
-134.94
11
141.995
21
-134.94
0
LINE
8
BLACK
6
CONTINUOUS
10
141.995
20
-134.94
11
141.995
21
-134.94
0
LINE
8
BLACK
6
CONTINUOUS
10
141.995
20
-134.94
11
142.119
21
-134.904
0
LINE
8
BLACK
6
CONTINUOUS
10
142.119
20
-134.904
11
142.228
21
-134.834
0
LINE
8
BLACK
6
CONTINUOUS
10
142.228
20
-134.834
11
142.313
21
-134.736
0
LINE
8
BLACK
6
CONTINUOUS
10
142.313
20
-134.736
11
142.367
21
-134.618
0
LINE
8
BLACK
6
CONTINUOUS
10
142.367
20
-134.618
11
142.385
21
-134.49
0
LINE
8
BLACK
6
CONTINUOUS
10
142.385
20
-134.49
11
142.38
21
-134.456
0
LINE
8
BLACK
6
CONTINUOUS
10
142.38
20
-134.456
11
142.367
21
-134.362
0
LINE
8
BLACK
6
CONTINUOUS
10
142.367
20
-134.362
11
142.317
21
-134.254
0
LINE
8
BLACK
6
CONTINUOUS
10
142.317
20
-134.254
11
142.313
21
-134.244
0
LINE
8
BLACK
6
CONTINUOUS
10
142.313
20
-134.244
11
142.301
21
-134.231
0
LINE
8
BLACK
6
CONTINUOUS
10
142.301
20
-134.231
11
142.227
21
-134.144
0
LINE
8
BLACK
6
CONTINUOUS
10
142.227
20
-134.144
11
142.203
21
-134.088
0
LINE
8
BLACK
6
CONTINUOUS
10
142.203
20
-134.088
11
142.217
21
-134.028
0
LINE
8
BLACK
6
CONTINUOUS
10
142.217
20
-134.028
11
142.227
21
-134.015
0
LINE
8
BLACK
6
CONTINUOUS
10
142.227
20
-134.015
11
142.227
21
-134.014
0
LINE
8
BLACK
6
CONTINUOUS
10
142.227
20
-134.014
11
142.308
21
-133.921
0
LINE
8
BLACK
6
CONTINUOUS
10
142.308
20
-133.921
11
142.362
21
-133.803
0
LINE
8
BLACK
6
CONTINUOUS
10
142.362
20
-133.803
11
142.38
21
-133.675
0
LINE
8
BLACK
6
CONTINUOUS
10
142.38
20
-133.675
11
142.379
21
-133.67
0
LINE
8
BLACK
6
CONTINUOUS
10
142.379
20
-133.67
11
142.362
21
-133.547
0
LINE
8
BLACK
6
CONTINUOUS
10
142.362
20
-133.547
11
142.308
21
-133.429
0
LINE
8
BLACK
6
CONTINUOUS
10
142.308
20
-133.429
11
142.308
21
-133.429
0
LINE
8
BLACK
6
CONTINUOUS
10
142.308
20
-133.429
11
142.283
21
-133.4
0
LINE
8
BLACK
6
CONTINUOUS
10
142.283
20
-133.4
11
142.223
21
-133.331
0
LINE
8
BLACK
6
CONTINUOUS
10
142.223
20
-133.331
11
142.223
21
-133.331
0
LINE
8
BLACK
6
CONTINUOUS
10
142.223
20
-133.331
11
142.223
21
-133.331
0
LINE
8
BLACK
6
CONTINUOUS
10
142.223
20
-133.331
11
142.114
21
-133.261
0
LINE
8
BLACK
6
CONTINUOUS
10
142.114
20
-133.261
11
142.114
21
-133.261
0
LINE
8
BLACK
6
CONTINUOUS
10
142.114
20
-133.261
11
142.114
21
-133.261
0
LINE
8
BLACK
6
CONTINUOUS
10
142.114
20
-133.261
11
142.114
21
-133.261
0
LINE
8
BLACK
6
CONTINUOUS
10
142.114
20
-133.261
11
141.99
21
-133.225
0
LINE
8
BLACK
6
CONTINUOUS
10
141.99
20
-133.225
11
141.99
21
-133.225
0
LINE
8
BLACK
6
CONTINUOUS
10
141.99
20
-133.225
11
141.86
21
-133.225
0
LINE
8
BLACK
6
CONTINUOUS
10
141.86
20
-133.225
11
141.86
21
-133.225
0
LINE
8
BLACK
6
CONTINUOUS
10
141.86
20
-133.225
11
141.736
21
-133.261
0
LINE
8
BLACK
6
CONTINUOUS
10
141.736
20
-133.261
11
141.736
21
-133.261
0
LINE
8
BLACK
6
CONTINUOUS
10
141.736
20
-133.261
11
141.627
21
-133.331
0
LINE
8
BLACK
6
CONTINUOUS
10
141.627
20
-133.331
11
141.627
21
-133.331
0
LINE
8
BLACK
6
CONTINUOUS
10
141.627
20
-133.331
11
141.594
21
-133.368
0
LINE
8
BLACK
6
CONTINUOUS
10
141.594
20
-133.368
11
141.542
21
-133.4
0
LINE
8
BLACK
6
CONTINUOUS
10
141.542
20
-133.4
11
141.481
21
-133.395
0
LINE
8
BLACK
6
CONTINUOUS
10
141.481
20
-133.395
11
141.445
21
-133.368
0
LINE
8
BLACK
6
CONTINUOUS
10
141.445
20
-133.368
11
141.412
21
-133.331
0
LINE
8
BLACK
6
CONTINUOUS
10
141.412
20
-133.331
11
141.408
21
-133.326
0
LINE
8
BLACK
6
CONTINUOUS
10
141.408
20
-133.326
11
141.408
21
-133.326
0
LINE
8
BLACK
6
CONTINUOUS
10
141.408
20
-133.326
11
141.408
21
-133.326
0
LINE
8
BLACK
6
CONTINUOUS
10
141.408
20
-133.326
11
141.299
21
-133.256
0
LINE
8
BLACK
6
CONTINUOUS
10
141.299
20
-133.256
11
141.299
21
-133.256
0
LINE
8
BLACK
6
CONTINUOUS
10
141.299
20
-133.256
11
141.299
21
-133.256
0
LINE
8
BLACK
6
CONTINUOUS
10
141.299
20
-133.256
11
141.299
21
-133.256
0
LINE
8
BLACK
6
CONTINUOUS
10
141.299
20
-133.256
11
141.175
21
-133.219
0
LINE
8
BLACK
6
CONTINUOUS
10
141.175
20
-133.219
11
141.175
21
-133.219
0
LINE
8
BLACK
6
CONTINUOUS
10
141.175
20
-133.219
11
141.045
21
-133.219
0
LINE
8
BLACK
6
CONTINUOUS
10
141.045
20
-133.219
11
141.045
21
-133.219
0
LINE
8
BLACK
6
CONTINUOUS
10
141.045
20
-133.219
11
140.921
21
-133.256
0
LINE
8
BLACK
6
CONTINUOUS
10
163.161
20
-132.986
11
163.161
21
-132.986
0
LINE
8
BLACK
6
CONTINUOUS
10
163.161
20
-132.986
11
163.052
21
-133.056
0
LINE
8
BLACK
6
CONTINUOUS
10
163.052
20
-133.056
11
162.967
21
-133.154
0
LINE
8
BLACK
6
CONTINUOUS
10
162.967
20
-133.154
11
162.913
21
-133.272
0
LINE
8
BLACK
6
CONTINUOUS
10
162.913
20
-133.272
11
162.895
21
-133.4
0
LINE
8
BLACK
6
CONTINUOUS
10
162.895
20
-133.4
11
162.895
21
-133.4
0
LINE
8
BLACK
6
CONTINUOUS
10
162.895
20
-133.4
11
162.913
21
-133.528
0
LINE
8
BLACK
6
CONTINUOUS
10
162.913
20
-133.528
11
162.967
21
-133.646
0
LINE
8
BLACK
6
CONTINUOUS
10
162.967
20
-133.646
11
162.967
21
-133.646
0
LINE
8
BLACK
6
CONTINUOUS
10
162.967
20
-133.646
11
163.052
21
-133.744
0
LINE
8
BLACK
6
CONTINUOUS
10
163.052
20
-133.744
11
163.052
21
-133.744
0
LINE
8
BLACK
6
CONTINUOUS
10
163.052
20
-133.744
11
163.144
21
-133.803
0
LINE
8
BLACK
6
CONTINUOUS
10
163.144
20
-133.803
11
163.161
21
-133.814
0
LINE
8
BLACK
6
CONTINUOUS
10
163.161
20
-133.814
11
163.285
21
-133.85
0
LINE
8
BLACK
6
CONTINUOUS
10
163.285
20
-133.85
11
163.285
21
-133.85
0
LINE
8
BLACK
6
CONTINUOUS
10
163.285
20
-133.85
11
163.415
21
-133.85
0
LINE
8
BLACK
6
CONTINUOUS
10
163.415
20
-133.85
11
163.415
21
-133.85
0
LINE
8
BLACK
6
CONTINUOUS
10
163.415
20
-133.85
11
163.539
21
-133.814
0
LINE
8
BLACK
6
CONTINUOUS
10
163.539
20
-133.814
11
163.648
21
-133.744
0
LINE
8
BLACK
6
CONTINUOUS
10
163.648
20
-133.744
11
163.733
21
-133.646
0
LINE
8
BLACK
6
CONTINUOUS
10
163.733
20
-133.646
11
163.787
21
-133.528
0
LINE
8
BLACK
6
CONTINUOUS
10
163.787
20
-133.528
11
163.794
21
-133.48
0
LINE
8
BLACK
6
CONTINUOUS
10
163.794
20
-133.48
11
163.805
21
-133.4
0
LINE
8
BLACK
6
CONTINUOUS
10
163.805
20
-133.4
11
163.805
21
-133.4
0
LINE
8
BLACK
6
CONTINUOUS
10
163.805
20
-133.4
11
163.787
21
-133.272
0
LINE
8
BLACK
6
CONTINUOUS
10
163.787
20
-133.272
11
163.733
21
-133.154
0
LINE
8
BLACK
6
CONTINUOUS
10
163.733
20
-133.154
11
163.733
21
-133.154
0
LINE
8
BLACK
6
CONTINUOUS
10
163.733
20
-133.154
11
163.648
21
-133.056
0
LINE
8
BLACK
6
CONTINUOUS
10
163.648
20
-133.056
11
163.648
21
-133.056
0
LINE
8
BLACK
6
CONTINUOUS
10
163.648
20
-133.056
11
163.648
21
-133.056
0
LINE
8
BLACK
6
CONTINUOUS
10
163.648
20
-133.056
11
163.539
21
-132.986
0
LINE
8
BLACK
6
CONTINUOUS
10
163.539
20
-132.986
11
163.539
21
-132.986
0
LINE
8
BLACK
6
CONTINUOUS
10
163.539
20
-132.986
11
163.539
21
-132.986
0
LINE
8
BLACK
6
CONTINUOUS
10
163.539
20
-132.986
11
163.539
21
-132.986
0
LINE
8
BLACK
6
CONTINUOUS
10
163.539
20
-132.986
11
163.415
21
-132.95
0
LINE
8
BLACK
6
CONTINUOUS
10
163.415
20
-132.95
11
163.415
21
-132.95
0
LINE
8
BLACK
6
CONTINUOUS
10
163.415
20
-132.95
11
163.285
21
-132.95
0
LINE
8
BLACK
6
CONTINUOUS
10
163.285
20
-132.95
11
163.285
21
-132.95
0
LINE
8
BLACK
6
CONTINUOUS
10
163.285
20
-132.95
11
163.161
21
-132.986
0
LINE
8
BLACK
6
CONTINUOUS
10
163.231
20
-131.256
11
163.231
21
-131.256
0
LINE
8
BLACK
6
CONTINUOUS
10
163.231
20
-131.256
11
163.122
21
-131.326
0
LINE
8
BLACK
6
CONTINUOUS
10
163.122
20
-131.326
11
163.037
21
-131.424
0
LINE
8
BLACK
6
CONTINUOUS
10
163.037
20
-131.424
11
162.983
21
-131.542
0
LINE
8
BLACK
6
CONTINUOUS
10
162.983
20
-131.542
11
162.965
21
-131.67
0
LINE
8
BLACK
6
CONTINUOUS
10
162.965
20
-131.67
11
162.965
21
-131.67
0
LINE
8
BLACK
6
CONTINUOUS
10
162.965
20
-131.67
11
162.983
21
-131.798
0
LINE
8
BLACK
6
CONTINUOUS
10
162.983
20
-131.798
11
163.037
21
-131.916
0
LINE
8
BLACK
6
CONTINUOUS
10
163.037
20
-131.916
11
163.037
21
-131.916
0
LINE
8
BLACK
6
CONTINUOUS
10
163.037
20
-131.916
11
163.086
21
-131.972
0
LINE
8
BLACK
6
CONTINUOUS
10
163.086
20
-131.972
11
163.122
21
-132.014
0
LINE
8
BLACK
6
CONTINUOUS
10
163.122
20
-132.014
11
163.179
21
-132.051
0
LINE
8
BLACK
6
CONTINUOUS
10
163.179
20
-132.051
11
163.231
21
-132.084
0
LINE
8
BLACK
6
CONTINUOUS
10
163.231
20
-132.084
11
163.355
21
-132.12
0
LINE
8
BLACK
6
CONTINUOUS
10
163.355
20
-132.12
11
163.355
21
-132.12
0
LINE
8
BLACK
6
CONTINUOUS
10
163.355
20
-132.12
11
163.485
21
-132.12
0
LINE
8
BLACK
6
CONTINUOUS
10
163.485
20
-132.12
11
163.485
21
-132.12
0
LINE
8
BLACK
6
CONTINUOUS
10
163.485
20
-132.12
11
163.609
21
-132.084
0
LINE
8
BLACK
6
CONTINUOUS
10
163.609
20
-132.084
11
163.718
21
-132.014
0
LINE
8
BLACK
6
CONTINUOUS
10
163.718
20
-132.014
11
163.803
21
-131.916
0
LINE
8
BLACK
6
CONTINUOUS
10
163.803
20
-131.916
11
163.857
21
-131.798
0
LINE
8
BLACK
6
CONTINUOUS
10
163.857
20
-131.798
11
163.872
21
-131.69
0
LINE
8
BLACK
6
CONTINUOUS
10
163.872
20
-131.69
11
163.875
21
-131.67
0
LINE
8
BLACK
6
CONTINUOUS
10
163.875
20
-131.67
11
163.875
21
-131.67
0
LINE
8
BLACK
6
CONTINUOUS
10
163.875
20
-131.67
11
163.857
21
-131.542
0
LINE
8
BLACK
6
CONTINUOUS
10
163.857
20
-131.542
11
163.857
21
-131.542
0
LINE
8
BLACK
6
CONTINUOUS
10
163.857
20
-131.542
11
163.803
21
-131.424
0
LINE
8
BLACK
6
CONTINUOUS
10
163.803
20
-131.424
11
163.718
21
-131.326
0
LINE
8
BLACK
6
CONTINUOUS
10
163.718
20
-131.326
11
163.718
21
-131.326
0
LINE
8
BLACK
6
CONTINUOUS
10
163.718
20
-131.326
11
163.718
21
-131.326
0
LINE
8
BLACK
6
CONTINUOUS
10
163.718
20
-131.326
11
163.609
21
-131.256
0
LINE
8
BLACK
6
CONTINUOUS
10
163.609
20
-131.256
11
163.609
21
-131.256
0
LINE
8
BLACK
6
CONTINUOUS
10
163.609
20
-131.256
11
163.609
21
-131.256
0
LINE
8
BLACK
6
CONTINUOUS
10
163.609
20
-131.256
11
163.609
21
-131.256
0
LINE
8
BLACK
6
CONTINUOUS
10
163.609
20
-131.256
11
163.485
21
-131.219
0
LINE
8
BLACK
6
CONTINUOUS
10
163.485
20
-131.219
11
163.485
21
-131.219
0
LINE
8
BLACK
6
CONTINUOUS
10
163.485
20
-131.219
11
163.355
21
-131.219
0
LINE
8
BLACK
6
CONTINUOUS
10
163.355
20
-131.219
11
163.355
21
-131.219
0
LINE
8
BLACK
6
CONTINUOUS
10
163.355
20
-131.219
11
163.231
21
-131.256
0
LINE
8
BLACK
6
CONTINUOUS
10
171.411
20
-130.636
11
171.411
21
-130.636
0
LINE
8
BLACK
6
CONTINUOUS
10
171.411
20
-130.636
11
171.302
21
-130.706
0
LINE
8
BLACK
6
CONTINUOUS
10
171.302
20
-130.706
11
171.218
21
-130.804
0
LINE
8
BLACK
6
CONTINUOUS
10
171.218
20
-130.804
11
171.164
21
-130.922
0
LINE
8
BLACK
6
CONTINUOUS
10
171.164
20
-130.922
11
171.145
21
-131.05
0
LINE
8
BLACK
6
CONTINUOUS
10
171.145
20
-131.05
11
171.145
21
-131.05
0
LINE
8
BLACK
6
CONTINUOUS
10
171.145
20
-131.05
11
171.164
21
-131.178
0
LINE
8
BLACK
6
CONTINUOUS
10
171.164
20
-131.178
11
171.218
21
-131.296
0
LINE
8
BLACK
6
CONTINUOUS
10
171.218
20
-131.296
11
171.218
21
-131.296
0
LINE
8
BLACK
6
CONTINUOUS
10
171.218
20
-131.296
11
171.244
21
-131.326
0
LINE
8
BLACK
6
CONTINUOUS
10
171.244
20
-131.326
11
171.302
21
-131.394
0
LINE
8
BLACK
6
CONTINUOUS
10
171.302
20
-131.394
11
171.411
21
-131.464
0
LINE
8
BLACK
6
CONTINUOUS
10
171.411
20
-131.464
11
171.411
21
-131.464
0
LINE
8
BLACK
6
CONTINUOUS
10
171.411
20
-131.464
11
171.536
21
-131.5
0
LINE
8
BLACK
6
CONTINUOUS
10
171.536
20
-131.5
11
171.536
21
-131.5
0
LINE
8
BLACK
6
CONTINUOUS
10
171.536
20
-131.5
11
171.665
21
-131.5
0
LINE
8
BLACK
6
CONTINUOUS
10
171.665
20
-131.5
11
171.665
21
-131.5
0
LINE
8
BLACK
6
CONTINUOUS
10
171.665
20
-131.5
11
171.79
21
-131.464
0
LINE
8
BLACK
6
CONTINUOUS
10
171.79
20
-131.464
11
171.899
21
-131.394
0
LINE
8
BLACK
6
CONTINUOUS
10
171.899
20
-131.394
11
171.983
21
-131.296
0
LINE
8
BLACK
6
CONTINUOUS
10
171.983
20
-131.296
11
172.037
21
-131.178
0
LINE
8
BLACK
6
CONTINUOUS
10
172.037
20
-131.178
11
172.056
21
-131.05
0
LINE
8
BLACK
6
CONTINUOUS
10
172.056
20
-131.05
11
172.056
21
-131.05
0
LINE
8
BLACK
6
CONTINUOUS
10
172.056
20
-131.05
11
172.037
21
-130.922
0
LINE
8
BLACK
6
CONTINUOUS
10
172.037
20
-130.922
11
171.983
21
-130.804
0
LINE
8
BLACK
6
CONTINUOUS
10
171.983
20
-130.804
11
171.899
21
-130.706
0
LINE
8
BLACK
6
CONTINUOUS
10
171.899
20
-130.706
11
171.899
21
-130.706
0
LINE
8
BLACK
6
CONTINUOUS
10
171.899
20
-130.706
11
171.899
21
-130.706
0
LINE
8
BLACK
6
CONTINUOUS
10
171.899
20
-130.706
11
171.79
21
-130.636
0
LINE
8
BLACK
6
CONTINUOUS
10
171.79
20
-130.636
11
171.79
21
-130.636
0
LINE
8
BLACK
6
CONTINUOUS
10
171.79
20
-130.636
11
171.79
21
-130.636
0
LINE
8
BLACK
6
CONTINUOUS
10
171.79
20
-130.636
11
171.79
21
-130.636
0
LINE
8
BLACK
6
CONTINUOUS
10
171.79
20
-130.636
11
171.665
21
-130.6
0
LINE
8
BLACK
6
CONTINUOUS
10
171.665
20
-130.6
11
171.665
21
-130.6
0
LINE
8
BLACK
6
CONTINUOUS
10
171.665
20
-130.6
11
171.536
21
-130.6
0
LINE
8
BLACK
6
CONTINUOUS
10
171.536
20
-130.6
11
171.536
21
-130.6
0
LINE
8
BLACK
6
CONTINUOUS
10
171.536
20
-130.6
11
171.411
21
-130.636
0
LINE
8
BLACK
6
CONTINUOUS
10
172.563
20
-131.178
11
172.617
21
-131.296
0
LINE
8
BLACK
6
CONTINUOUS
10
172.617
20
-131.296
11
172.617
21
-131.296
0
LINE
8
BLACK
6
CONTINUOUS
10
172.617
20
-131.296
11
172.643
21
-131.326
0
LINE
8
BLACK
6
CONTINUOUS
10
172.643
20
-131.326
11
172.702
21
-131.394
0
LINE
8
BLACK
6
CONTINUOUS
10
172.702
20
-131.394
11
172.811
21
-131.464
0
LINE
8
BLACK
6
CONTINUOUS
10
172.811
20
-131.464
11
172.811
21
-131.464
0
LINE
8
BLACK
6
CONTINUOUS
10
172.811
20
-131.464
11
172.935
21
-131.5
0
LINE
8
BLACK
6
CONTINUOUS
10
172.935
20
-131.5
11
172.935
21
-131.5
0
LINE
8
BLACK
6
CONTINUOUS
10
172.935
20
-131.5
11
173.065
21
-131.5
0
LINE
8
BLACK
6
CONTINUOUS
10
173.065
20
-131.5
11
173.065
21
-131.5
0
LINE
8
BLACK
6
CONTINUOUS
10
173.065
20
-131.5
11
173.189
21
-131.464
0
LINE
8
BLACK
6
CONTINUOUS
10
173.189
20
-131.464
11
173.298
21
-131.394
0
LINE
8
BLACK
6
CONTINUOUS
10
173.298
20
-131.394
11
173.383
21
-131.296
0
LINE
8
BLACK
6
CONTINUOUS
10
173.383
20
-131.296
11
173.437
21
-131.178
0
LINE
8
BLACK
6
CONTINUOUS
10
173.437
20
-131.178
11
173.455
21
-131.05
0
LINE
8
BLACK
6
CONTINUOUS
10
173.455
20
-131.05
11
173.437
21
-130.922
0
LINE
8
BLACK
6
CONTINUOUS
10
173.437
20
-130.922
11
173.383
21
-130.804
0
LINE
8
BLACK
6
CONTINUOUS
10
173.383
20
-130.804
11
173.298
21
-130.706
0
LINE
8
BLACK
6
CONTINUOUS
10
173.298
20
-130.706
11
173.298
21
-130.706
0
LINE
8
BLACK
6
CONTINUOUS
10
173.298
20
-130.706
11
173.298
21
-130.706
0
LINE
8
BLACK
6
CONTINUOUS
10
173.298
20
-130.706
11
173.189
21
-130.636
0
LINE
8
BLACK
6
CONTINUOUS
10
173.189
20
-130.636
11
173.189
21
-130.636
0
LINE
8
BLACK
6
CONTINUOUS
10
173.189
20
-130.636
11
173.189
21
-130.636
0
LINE
8
BLACK
6
CONTINUOUS
10
173.189
20
-130.636
11
173.189
21
-130.636
0
LINE
8
BLACK
6
CONTINUOUS
10
173.189
20
-130.636
11
173.065
21
-130.6
0
LINE
8
BLACK
6
CONTINUOUS
10
173.065
20
-130.6
11
173.065
21
-130.6
0
LINE
8
BLACK
6
CONTINUOUS
10
173.065
20
-130.6
11
172.935
21
-130.6
0
LINE
8
BLACK
6
CONTINUOUS
10
172.935
20
-130.6
11
172.935
21
-130.6
0
LINE
8
BLACK
6
CONTINUOUS
10
172.935
20
-130.6
11
172.811
21
-130.636
0
LINE
8
BLACK
6
CONTINUOUS
10
172.811
20
-130.636
11
172.811
21
-130.636
0
LINE
8
BLACK
6
CONTINUOUS
10
172.811
20
-130.636
11
172.702
21
-130.706
0
LINE
8
BLACK
6
CONTINUOUS
10
172.702
20
-130.706
11
172.617
21
-130.804
0
LINE
8
BLACK
6
CONTINUOUS
10
172.617
20
-130.804
11
172.563
21
-130.922
0
LINE
8
BLACK
6
CONTINUOUS
10
172.563
20
-130.922
11
172.545
21
-131.05
0
LINE
8
BLACK
6
CONTINUOUS
10
172.545
20
-131.05
11
172.545
21
-131.05
0
LINE
8
BLACK
6
CONTINUOUS
10
172.545
20
-131.05
11
172.563
21
-131.178
0
LINE
8
BLACK
6
CONTINUOUS
10
163.526
20
-129.809
11
163.607
21
-129.863
0
LINE
8
BLACK
6
CONTINUOUS
10
163.607
20
-129.863
11
163.661
21
-129.944
0
LINE
8
BLACK
6
CONTINUOUS
10
163.661
20
-129.944
11
163.68
21
-130.04
0
LINE
8
BLACK
6
CONTINUOUS
10
163.68
20
-130.04
11
163.661
21
-130.136
0
LINE
8
BLACK
6
CONTINUOUS
10
163.661
20
-130.136
11
163.607
21
-130.217
0
LINE
8
BLACK
6
CONTINUOUS
10
163.607
20
-130.217
11
163.526
21
-130.271
0
LINE
8
BLACK
6
CONTINUOUS
10
163.526
20
-130.271
11
163.43
21
-130.29
0
LINE
8
BLACK
6
CONTINUOUS
10
163.43
20
-130.29
11
163.334
21
-130.271
0
LINE
8
BLACK
6
CONTINUOUS
10
163.334
20
-130.271
11
163.253
21
-130.217
0
LINE
8
BLACK
6
CONTINUOUS
10
163.253
20
-130.217
11
163.199
21
-130.136
0
LINE
8
BLACK
6
CONTINUOUS
10
163.199
20
-130.136
11
163.18
21
-130.04
0
LINE
8
BLACK
6
CONTINUOUS
10
163.18
20
-130.04
11
163.199
21
-129.944
0
LINE
8
BLACK
6
CONTINUOUS
10
163.199
20
-129.944
11
163.253
21
-129.863
0
LINE
8
BLACK
6
CONTINUOUS
10
163.253
20
-129.863
11
163.334
21
-129.809
0
LINE
8
BLACK
6
CONTINUOUS
10
163.334
20
-129.809
11
163.43
21
-129.79
0
LINE
8
BLACK
6
CONTINUOUS
10
163.43
20
-129.79
11
163.526
21
-129.809
0
LINE
8
BLACK
6
CONTINUOUS
10
171.626
20
-129.719
11
171.707
21
-129.773
0
LINE
8
BLACK
6
CONTINUOUS
10
171.707
20
-129.773
11
171.761
21
-129.854
0
LINE
8
BLACK
6
CONTINUOUS
10
171.761
20
-129.854
11
171.78
21
-129.95
0
LINE
8
BLACK
6
CONTINUOUS
10
171.78
20
-129.95
11
171.761
21
-130.046
0
LINE
8
BLACK
6
CONTINUOUS
10
171.761
20
-130.046
11
171.707
21
-130.127
0
LINE
8
BLACK
6
CONTINUOUS
10
171.707
20
-130.127
11
171.626
21
-130.181
0
LINE
8
BLACK
6
CONTINUOUS
10
171.626
20
-130.181
11
171.53
21
-130.2
0
LINE
8
BLACK
6
CONTINUOUS
10
171.53
20
-130.2
11
171.434
21
-130.181
0
LINE
8
BLACK
6
CONTINUOUS
10
171.434
20
-130.181
11
171.353
21
-130.127
0
LINE
8
BLACK
6
CONTINUOUS
10
171.353
20
-130.127
11
171.299
21
-130.046
0
LINE
8
BLACK
6
CONTINUOUS
10
171.299
20
-130.046
11
171.28
21
-129.95
0
LINE
8
BLACK
6
CONTINUOUS
10
171.28
20
-129.95
11
171.299
21
-129.854
0
LINE
8
BLACK
6
CONTINUOUS
10
171.299
20
-129.854
11
171.353
21
-129.773
0
LINE
8
BLACK
6
CONTINUOUS
10
171.353
20
-129.773
11
171.434
21
-129.719
0
LINE
8
BLACK
6
CONTINUOUS
10
171.434
20
-129.719
11
171.53
21
-129.7
0
LINE
8
BLACK
6
CONTINUOUS
10
171.53
20
-129.7
11
171.626
21
-129.719
0
LINE
8
BLACK
6
CONTINUOUS
10
169.086
20
-129.669
11
169.167
21
-129.723
0
LINE
8
BLACK
6
CONTINUOUS
10
169.167
20
-129.723
11
169.221
21
-129.804
0
LINE
8
BLACK
6
CONTINUOUS
10
169.221
20
-129.804
11
169.24
21
-129.9
0
LINE
8
BLACK
6
CONTINUOUS
10
169.24
20
-129.9
11
169.221
21
-129.996
0
LINE
8
BLACK
6
CONTINUOUS
10
169.221
20
-129.996
11
169.167
21
-130.077
0
LINE
8
BLACK
6
CONTINUOUS
10
169.167
20
-130.077
11
169.086
21
-130.131
0
LINE
8
BLACK
6
CONTINUOUS
10
169.086
20
-130.131
11
168.99
21
-130.15
0
LINE
8
BLACK
6
CONTINUOUS
10
168.99
20
-130.15
11
168.894
21
-130.131
0
LINE
8
BLACK
6
CONTINUOUS
10
168.894
20
-130.131
11
168.813
21
-130.077
0
LINE
8
BLACK
6
CONTINUOUS
10
168.813
20
-130.077
11
168.759
21
-129.996
0
LINE
8
BLACK
6
CONTINUOUS
10
168.759
20
-129.996
11
168.74
21
-129.9
0
LINE
8
BLACK
6
CONTINUOUS
10
168.74
20
-129.9
11
168.759
21
-129.804
0
LINE
8
BLACK
6
CONTINUOUS
10
168.759
20
-129.804
11
168.813
21
-129.723
0
LINE
8
BLACK
6
CONTINUOUS
10
168.813
20
-129.723
11
168.894
21
-129.669
0
LINE
8
BLACK
6
CONTINUOUS
10
168.894
20
-129.669
11
168.99
21
-129.65
0
LINE
8
BLACK
6
CONTINUOUS
10
168.99
20
-129.65
11
169.086
21
-129.669
0
LINE
8
BLACK
6
CONTINUOUS
10
167.816
20
-129.649
11
167.897
21
-129.703
0
LINE
8
BLACK
6
CONTINUOUS
10
167.897
20
-129.703
11
167.951
21
-129.784
0
LINE
8
BLACK
6
CONTINUOUS
10
167.951
20
-129.784
11
167.97
21
-129.88
0
LINE
8
BLACK
6
CONTINUOUS
10
167.97
20
-129.88
11
167.951
21
-129.976
0
LINE
8
BLACK
6
CONTINUOUS
10
167.951
20
-129.976
11
167.897
21
-130.057
0
LINE
8
BLACK
6
CONTINUOUS
10
167.897
20
-130.057
11
167.816
21
-130.111
0
LINE
8
BLACK
6
CONTINUOUS
10
167.816
20
-130.111
11
167.72
21
-130.13
0
LINE
8
BLACK
6
CONTINUOUS
10
167.72
20
-130.13
11
167.624
21
-130.111
0
LINE
8
BLACK
6
CONTINUOUS
10
167.624
20
-130.111
11
167.543
21
-130.057
0
LINE
8
BLACK
6
CONTINUOUS
10
167.543
20
-130.057
11
167.489
21
-129.976
0
LINE
8
BLACK
6
CONTINUOUS
10
167.489
20
-129.976
11
167.47
21
-129.88
0
LINE
8
BLACK
6
CONTINUOUS
10
167.47
20
-129.88
11
167.489
21
-129.784
0
LINE
8
BLACK
6
CONTINUOUS
10
167.489
20
-129.784
11
167.543
21
-129.703
0
LINE
8
BLACK
6
CONTINUOUS
10
167.543
20
-129.703
11
167.624
21
-129.649
0
LINE
8
BLACK
6
CONTINUOUS
10
167.624
20
-129.649
11
167.72
21
-129.63
0
LINE
8
BLACK
6
CONTINUOUS
10
167.72
20
-129.63
11
167.816
21
-129.649
0
LINE
8
BLACK
6
CONTINUOUS
10
139.561
20
-127.486
11
139.561
21
-127.486
0
LINE
8
BLACK
6
CONTINUOUS
10
139.561
20
-127.486
11
139.452
21
-127.556
0
LINE
8
BLACK
6
CONTINUOUS
10
139.452
20
-127.556
11
139.367
21
-127.654
0
LINE
8
BLACK
6
CONTINUOUS
10
139.367
20
-127.654
11
139.313
21
-127.772
0
LINE
8
BLACK
6
CONTINUOUS
10
139.313
20
-127.772
11
139.295
21
-127.9
0
LINE
8
BLACK
6
CONTINUOUS
10
139.295
20
-127.9
11
139.295
21
-127.9
0
LINE
8
BLACK
6
CONTINUOUS
10
139.295
20
-127.9
11
139.313
21
-128.028
0
LINE
8
BLACK
6
CONTINUOUS
10
139.313
20
-128.028
11
139.367
21
-128.146
0
LINE
8
BLACK
6
CONTINUOUS
10
139.367
20
-128.146
11
139.367
21
-128.146
0
LINE
8
BLACK
6
CONTINUOUS
10
139.367
20
-128.146
11
139.452
21
-128.244
0
LINE
8
BLACK
6
CONTINUOUS
10
139.452
20
-128.244
11
139.452
21
-128.244
0
LINE
8
BLACK
6
CONTINUOUS
10
139.452
20
-128.244
11
139.561
21
-128.314
0
LINE
8
BLACK
6
CONTINUOUS
10
139.561
20
-128.314
11
139.561
21
-128.314
0
LINE
8
BLACK
6
CONTINUOUS
10
139.561
20
-128.314
11
139.685
21
-128.35
0
LINE
8
BLACK
6
CONTINUOUS
10
139.685
20
-128.35
11
139.685
21
-128.35
0
LINE
8
BLACK
6
CONTINUOUS
10
139.685
20
-128.35
11
139.815
21
-128.35
0
LINE
8
BLACK
6
CONTINUOUS
10
139.815
20
-128.35
11
139.815
21
-128.35
0
LINE
8
BLACK
6
CONTINUOUS
10
139.815
20
-128.35
11
139.939
21
-128.314
0
LINE
8
BLACK
6
CONTINUOUS
10
139.939
20
-128.314
11
140.048
21
-128.244
0
LINE
8
BLACK
6
CONTINUOUS
10
140.048
20
-128.244
11
140.133
21
-128.146
0
LINE
8
BLACK
6
CONTINUOUS
10
140.133
20
-128.146
11
140.187
21
-128.028
0
LINE
8
BLACK
6
CONTINUOUS
10
140.187
20
-128.028
11
140.205
21
-127.9
0
LINE
8
BLACK
6
CONTINUOUS
10
140.205
20
-127.9
11
140.187
21
-127.772
0
LINE
8
BLACK
6
CONTINUOUS
10
140.187
20
-127.772
11
140.133
21
-127.654
0
LINE
8
BLACK
6
CONTINUOUS
10
140.133
20
-127.654
11
140.048
21
-127.556
0
LINE
8
BLACK
6
CONTINUOUS
10
140.048
20
-127.556
11
140.048
21
-127.556
0
LINE
8
BLACK
6
CONTINUOUS
10
140.048
20
-127.556
11
140.048
21
-127.556
0
LINE
8
BLACK
6
CONTINUOUS
10
140.048
20
-127.556
11
139.939
21
-127.486
0
LINE
8
BLACK
6
CONTINUOUS
10
139.939
20
-127.486
11
139.939
21
-127.486
0
LINE
8
BLACK
6
CONTINUOUS
10
139.939
20
-127.486
11
139.939
21
-127.486
0
LINE
8
BLACK
6
CONTINUOUS
10
139.939
20
-127.486
11
139.939
21
-127.486
0
LINE
8
BLACK
6
CONTINUOUS
10
139.939
20
-127.486
11
139.815
21
-127.45
0
LINE
8
BLACK
6
CONTINUOUS
10
139.815
20
-127.45
11
139.815
21
-127.45
0
LINE
8
BLACK
6
CONTINUOUS
10
139.815
20
-127.45
11
139.685
21
-127.45
0
LINE
8
BLACK
6
CONTINUOUS
10
139.685
20
-127.45
11
139.685
21
-127.45
0
LINE
8
BLACK
6
CONTINUOUS
10
139.685
20
-127.45
11
139.561
21
-127.486
0
LINE
8
BLACK
6
CONTINUOUS
10
140.121
20
-126.194
11
140.202
21
-126.248
0
LINE
8
BLACK
6
CONTINUOUS
10
140.202
20
-126.248
11
140.256
21
-126.329
0
LINE
8
BLACK
6
CONTINUOUS
10
140.256
20
-126.329
11
140.275
21
-126.425
0
LINE
8
BLACK
6
CONTINUOUS
10
140.275
20
-126.425
11
140.256
21
-126.521
0
LINE
8
BLACK
6
CONTINUOUS
10
140.256
20
-126.521
11
140.202
21
-126.602
0
LINE
8
BLACK
6
CONTINUOUS
10
140.202
20
-126.602
11
140.121
21
-126.656
0
LINE
8
BLACK
6
CONTINUOUS
10
140.121
20
-126.656
11
140.025
21
-126.675
0
LINE
8
BLACK
6
CONTINUOUS
10
140.025
20
-126.675
11
139.929
21
-126.656
0
LINE
8
BLACK
6
CONTINUOUS
10
139.929
20
-126.656
11
139.848
21
-126.602
0
LINE
8
BLACK
6
CONTINUOUS
10
139.848
20
-126.602
11
139.794
21
-126.521
0
LINE
8
BLACK
6
CONTINUOUS
10
139.794
20
-126.521
11
139.775
21
-126.425
0
LINE
8
BLACK
6
CONTINUOUS
10
139.775
20
-126.425
11
139.794
21
-126.329
0
LINE
8
BLACK
6
CONTINUOUS
10
139.794
20
-126.329
11
139.848
21
-126.248
0
LINE
8
BLACK
6
CONTINUOUS
10
139.848
20
-126.248
11
139.929
21
-126.194
0
LINE
8
BLACK
6
CONTINUOUS
10
139.929
20
-126.194
11
140.025
21
-126.175
0
LINE
8
BLACK
6
CONTINUOUS
10
140.025
20
-126.175
11
140.121
21
-126.194
0
LINE
8
BLACK
6
CONTINUOUS
10
132.9
20
-124.99
11
132.749
21
-125.069
0
LINE
8
BLACK
6
CONTINUOUS
10
132.749
20
-125.069
11
132.622
21
-125.182
0
LINE
8
BLACK
6
CONTINUOUS
10
132.622
20
-125.182
11
132.622
21
-125.182
0
LINE
8
BLACK
6
CONTINUOUS
10
132.622
20
-125.182
11
132.525
21
-125.322
0
LINE
8
BLACK
6
CONTINUOUS
10
132.525
20
-125.322
11
132.525
21
-125.322
0
LINE
8
BLACK
6
CONTINUOUS
10
132.525
20
-125.322
11
132.465
21
-125.481
0
LINE
8
BLACK
6
CONTINUOUS
10
132.465
20
-125.481
11
132.444
21
-125.65
0
LINE
8
BLACK
6
CONTINUOUS
10
132.444
20
-125.65
11
132.465
21
-125.819
0
LINE
8
BLACK
6
CONTINUOUS
10
132.465
20
-125.819
11
132.525
21
-125.978
0
LINE
8
BLACK
6
CONTINUOUS
10
132.525
20
-125.978
11
132.622
21
-126.118
0
LINE
8
BLACK
6
CONTINUOUS
10
132.622
20
-126.118
11
132.749
21
-126.231
0
LINE
8
BLACK
6
CONTINUOUS
10
132.749
20
-126.231
11
132.9
21
-126.31
0
LINE
8
BLACK
6
CONTINUOUS
10
132.9
20
-126.31
11
133.065
21
-126.35
0
LINE
8
BLACK
6
CONTINUOUS
10
133.065
20
-126.35
11
133.065
21
-126.35
0
LINE
8
BLACK
6
CONTINUOUS
10
133.065
20
-126.35
11
133.235
21
-126.35
0
LINE
8
BLACK
6
CONTINUOUS
10
133.235
20
-126.35
11
133.235
21
-126.35
0
LINE
8
BLACK
6
CONTINUOUS
10
133.235
20
-126.35
11
133.4
21
-126.31
0
LINE
8
BLACK
6
CONTINUOUS
10
133.4
20
-126.31
11
133.551
21
-126.231
0
LINE
8
BLACK
6
CONTINUOUS
10
133.551
20
-126.231
11
133.678
21
-126.118
0
LINE
8
BLACK
6
CONTINUOUS
10
133.678
20
-126.118
11
133.775
21
-125.978
0
LINE
8
BLACK
6
CONTINUOUS
10
133.775
20
-125.978
11
133.835
21
-125.819
0
LINE
8
BLACK
6
CONTINUOUS
10
133.835
20
-125.819
11
133.856
21
-125.65
0
LINE
8
BLACK
6
CONTINUOUS
10
133.856
20
-125.65
11
133.835
21
-125.481
0
LINE
8
BLACK
6
CONTINUOUS
10
133.835
20
-125.481
11
133.775
21
-125.322
0
LINE
8
BLACK
6
CONTINUOUS
10
133.775
20
-125.322
11
133.678
21
-125.182
0
LINE
8
BLACK
6
CONTINUOUS
10
133.678
20
-125.182
11
133.551
21
-125.069
0
LINE
8
BLACK
6
CONTINUOUS
10
133.551
20
-125.069
11
133.4
21
-124.99
0
LINE
8
BLACK
6
CONTINUOUS
10
133.4
20
-124.99
11
133.4
21
-124.99
0
LINE
8
BLACK
6
CONTINUOUS
10
133.4
20
-124.99
11
133.4
21
-124.99
0
LINE
8
BLACK
6
CONTINUOUS
10
133.4
20
-124.99
11
133.235
21
-124.95
0
LINE
8
BLACK
6
CONTINUOUS
10
133.235
20
-124.95
11
133.235
21
-124.95
0
LINE
8
BLACK
6
CONTINUOUS
10
133.235
20
-124.95
11
133.065
21
-124.95
0
LINE
8
BLACK
6
CONTINUOUS
10
133.065
20
-124.95
11
133.065
21
-124.95
0
LINE
8
BLACK
6
CONTINUOUS
10
133.065
20
-124.95
11
132.9
21
-124.99
0
LINE
8
BLACK
6
CONTINUOUS
10
113.196
20
-125.669
11
113.277
21
-125.723
0
LINE
8
BLACK
6
CONTINUOUS
10
113.277
20
-125.723
11
113.331
21
-125.804
0
LINE
8
BLACK
6
CONTINUOUS
10
113.331
20
-125.804
11
113.35
21
-125.9
0
LINE
8
BLACK
6
CONTINUOUS
10
113.35
20
-125.9
11
113.331
21
-125.996
0
LINE
8
BLACK
6
CONTINUOUS
10
113.331
20
-125.996
11
113.277
21
-126.077
0
LINE
8
BLACK
6
CONTINUOUS
10
113.277
20
-126.077
11
113.196
21
-126.131
0
LINE
8
BLACK
6
CONTINUOUS
10
113.196
20
-126.131
11
113.1
21
-126.15
0
LINE
8
BLACK
6
CONTINUOUS
10
113.1
20
-126.15
11
113.004
21
-126.131
0
LINE
8
BLACK
6
CONTINUOUS
10
113.004
20
-126.131
11
112.923
21
-126.077
0
LINE
8
BLACK
6
CONTINUOUS
10
112.923
20
-126.077
11
112.869
21
-125.996
0
LINE
8
BLACK
6
CONTINUOUS
10
112.869
20
-125.996
11
112.85
21
-125.9
0
LINE
8
BLACK
6
CONTINUOUS
10
112.85
20
-125.9
11
112.869
21
-125.804
0
LINE
8
BLACK
6
CONTINUOUS
10
112.869
20
-125.804
11
112.923
21
-125.723
0
LINE
8
BLACK
6
CONTINUOUS
10
112.923
20
-125.723
11
113.004
21
-125.669
0
LINE
8
BLACK
6
CONTINUOUS
10
113.004
20
-125.669
11
113.1
21
-125.65
0
LINE
8
BLACK
6
CONTINUOUS
10
113.1
20
-125.65
11
113.196
21
-125.669
0
LINE
8
BLACK
6
CONTINUOUS
10
107.274
20
-124.22
11
107.443
21
-124.279
0
LINE
8
BLACK
6
CONTINUOUS
10
107.443
20
-124.279
11
107.594
21
-124.374
0
LINE
8
BLACK
6
CONTINUOUS
10
107.594
20
-124.374
11
107.721
21
-124.501
0
LINE
8
BLACK
6
CONTINUOUS
10
107.721
20
-124.501
11
107.816
21
-124.653
0
LINE
8
BLACK
6
CONTINUOUS
10
107.816
20
-124.653
11
107.876
21
-124.822
0
LINE
8
BLACK
6
CONTINUOUS
10
107.876
20
-124.822
11
107.896
21
-125
0
LINE
8
BLACK
6
CONTINUOUS
10
107.896
20
-125
11
107.876
21
-125.178
0
LINE
8
BLACK
6
CONTINUOUS
10
107.876
20
-125.178
11
107.816
21
-125.347
0
LINE
8
BLACK
6
CONTINUOUS
10
107.816
20
-125.347
11
107.721
21
-125.499
0
LINE
8
BLACK
6
CONTINUOUS
10
107.721
20
-125.499
11
107.594
21
-125.626
0
LINE
8
BLACK
6
CONTINUOUS
10
107.594
20
-125.626
11
107.443
21
-125.721
0
LINE
8
BLACK
6
CONTINUOUS
10
107.443
20
-125.721
11
107.274
21
-125.78
0
LINE
8
BLACK
6
CONTINUOUS
10
107.274
20
-125.78
11
107.096
21
-125.8
0
LINE
8
BLACK
6
CONTINUOUS
10
107.096
20
-125.8
11
106.918
21
-125.78
0
LINE
8
BLACK
6
CONTINUOUS
10
106.918
20
-125.78
11
106.748
21
-125.721
0
LINE
8
BLACK
6
CONTINUOUS
10
106.748
20
-125.721
11
106.597
21
-125.626
0
LINE
8
BLACK
6
CONTINUOUS
10
106.597
20
-125.626
11
106.47
21
-125.499
0
LINE
8
BLACK
6
CONTINUOUS
10
106.47
20
-125.499
11
106.375
21
-125.347
0
LINE
8
BLACK
6
CONTINUOUS
10
106.375
20
-125.347
11
106.316
21
-125.178
0
LINE
8
BLACK
6
CONTINUOUS
10
106.316
20
-125.178
11
106.295
21
-125
0
LINE
8
BLACK
6
CONTINUOUS
10
106.295
20
-125
11
106.316
21
-124.822
0
LINE
8
BLACK
6
CONTINUOUS
10
106.316
20
-124.822
11
106.375
21
-124.653
0
LINE
8
BLACK
6
CONTINUOUS
10
106.375
20
-124.653
11
106.47
21
-124.501
0
LINE
8
BLACK
6
CONTINUOUS
10
106.47
20
-124.501
11
106.597
21
-124.374
0
LINE
8
BLACK
6
CONTINUOUS
10
106.597
20
-124.374
11
106.748
21
-124.279
0
LINE
8
BLACK
6
CONTINUOUS
10
106.748
20
-124.279
11
106.918
21
-124.22
0
LINE
8
BLACK
6
CONTINUOUS
10
106.918
20
-124.22
11
107.096
21
-124.2
0
LINE
8
BLACK
6
CONTINUOUS
10
107.096
20
-124.2
11
107.274
21
-124.22
0
LINE
8
BLACK
6
CONTINUOUS
10
110.274
20
-124.22
11
110.443
21
-124.279
0
LINE
8
BLACK
6
CONTINUOUS
10
110.443
20
-124.279
11
110.594
21
-124.374
0
LINE
8
BLACK
6
CONTINUOUS
10
110.594
20
-124.374
11
110.721
21
-124.501
0
LINE
8
BLACK
6
CONTINUOUS
10
110.721
20
-124.501
11
110.816
21
-124.653
0
LINE
8
BLACK
6
CONTINUOUS
10
110.816
20
-124.653
11
110.876
21
-124.822
0
LINE
8
BLACK
6
CONTINUOUS
10
110.876
20
-124.822
11
110.896
21
-125
0
LINE
8
BLACK
6
CONTINUOUS
10
110.896
20
-125
11
110.876
21
-125.178
0
LINE
8
BLACK
6
CONTINUOUS
10
110.876
20
-125.178
11
110.816
21
-125.347
0
LINE
8
BLACK
6
CONTINUOUS
10
110.816
20
-125.347
11
110.721
21
-125.499
0
LINE
8
BLACK
6
CONTINUOUS
10
110.721
20
-125.499
11
110.594
21
-125.626
0
LINE
8
BLACK
6
CONTINUOUS
10
110.594
20
-125.626
11
110.443
21
-125.721
0
LINE
8
BLACK
6
CONTINUOUS
10
110.443
20
-125.721
11
110.274
21
-125.78
0
LINE
8
BLACK
6
CONTINUOUS
10
110.274
20
-125.78
11
110.096
21
-125.8
0
LINE
8
BLACK
6
CONTINUOUS
10
110.096
20
-125.8
11
109.918
21
-125.78
0
LINE
8
BLACK
6
CONTINUOUS
10
109.918
20
-125.78
11
109.748
21
-125.721
0
LINE
8
BLACK
6
CONTINUOUS
10
109.748
20
-125.721
11
109.597
21
-125.626
0
LINE
8
BLACK
6
CONTINUOUS
10
109.597
20
-125.626
11
109.47
21
-125.499
0
LINE
8
BLACK
6
CONTINUOUS
10
109.47
20
-125.499
11
109.375
21
-125.347
0
LINE
8
BLACK
6
CONTINUOUS
10
109.375
20
-125.347
11
109.316
21
-125.178
0
LINE
8
BLACK
6
CONTINUOUS
10
109.316
20
-125.178
11
109.295
21
-125
0
LINE
8
BLACK
6
CONTINUOUS
10
109.295
20
-125
11
109.316
21
-124.822
0
LINE
8
BLACK
6
CONTINUOUS
10
109.316
20
-124.822
11
109.375
21
-124.653
0
LINE
8
BLACK
6
CONTINUOUS
10
109.375
20
-124.653
11
109.47
21
-124.501
0
LINE
8
BLACK
6
CONTINUOUS
10
109.47
20
-124.501
11
109.597
21
-124.374
0
LINE
8
BLACK
6
CONTINUOUS
10
109.597
20
-124.374
11
109.748
21
-124.279
0
LINE
8
BLACK
6
CONTINUOUS
10
109.748
20
-124.279
11
109.918
21
-124.22
0
LINE
8
BLACK
6
CONTINUOUS
10
109.918
20
-124.22
11
110.096
21
-124.2
0
LINE
8
BLACK
6
CONTINUOUS
10
110.096
20
-124.2
11
110.274
21
-124.22
0
LINE
8
BLACK
6
CONTINUOUS
10
176.561
20
-123.836
11
176.561
21
-123.836
0
LINE
8
BLACK
6
CONTINUOUS
10
176.561
20
-123.836
11
176.452
21
-123.906
0
LINE
8
BLACK
6
CONTINUOUS
10
176.452
20
-123.906
11
176.367
21
-124.004
0
LINE
8
BLACK
6
CONTINUOUS
10
176.367
20
-124.004
11
176.313
21
-124.122
0
LINE
8
BLACK
6
CONTINUOUS
10
176.313
20
-124.122
11
176.295
21
-124.25
0
LINE
8
BLACK
6
CONTINUOUS
10
176.295
20
-124.25
11
176.295
21
-124.25
0
LINE
8
BLACK
6
CONTINUOUS
10
176.295
20
-124.25
11
176.313
21
-124.378
0
LINE
8
BLACK
6
CONTINUOUS
10
176.313
20
-124.378
11
176.352
21
-124.464
0
LINE
8
BLACK
6
CONTINUOUS
10
176.352
20
-124.464
11
176.367
21
-124.496
0
LINE
8
BLACK
6
CONTINUOUS
10
176.367
20
-124.496
11
176.417
21
-124.553
0
LINE
8
BLACK
6
CONTINUOUS
10
176.417
20
-124.553
11
176.452
21
-124.594
0
LINE
8
BLACK
6
CONTINUOUS
10
176.452
20
-124.594
11
176.485
21
-124.615
0
LINE
8
BLACK
6
CONTINUOUS
10
176.485
20
-124.615
11
176.561
21
-124.664
0
LINE
8
BLACK
6
CONTINUOUS
10
176.561
20
-124.664
11
176.685
21
-124.7
0
LINE
8
BLACK
6
CONTINUOUS
10
176.685
20
-124.7
11
176.685
21
-124.7
0
LINE
8
BLACK
6
CONTINUOUS
10
176.685
20
-124.7
11
176.815
21
-124.7
0
LINE
8
BLACK
6
CONTINUOUS
10
176.815
20
-124.7
11
176.815
21
-124.7
0
LINE
8
BLACK
6
CONTINUOUS
10
176.815
20
-124.7
11
176.939
21
-124.664
0
LINE
8
BLACK
6
CONTINUOUS
10
176.939
20
-124.664
11
177.048
21
-124.594
0
LINE
8
BLACK
6
CONTINUOUS
10
177.048
20
-124.594
11
177.133
21
-124.496
0
LINE
8
BLACK
6
CONTINUOUS
10
177.133
20
-124.496
11
177.187
21
-124.378
0
LINE
8
BLACK
6
CONTINUOUS
10
177.187
20
-124.378
11
177.199
21
-124.296
0
LINE
8
BLACK
6
CONTINUOUS
10
177.199
20
-124.296
11
177.205
21
-124.25
0
LINE
8
BLACK
6
CONTINUOUS
10
177.205
20
-124.25
11
177.205
21
-124.25
0
LINE
8
BLACK
6
CONTINUOUS
10
177.205
20
-124.25
11
177.187
21
-124.122
0
LINE
8
BLACK
6
CONTINUOUS
10
177.187
20
-124.122
11
177.154
21
-124.05
0
LINE
8
BLACK
6
CONTINUOUS
10
177.154
20
-124.05
11
177.133
21
-124.004
0
LINE
8
BLACK
6
CONTINUOUS
10
177.133
20
-124.004
11
177.048
21
-123.906
0
LINE
8
BLACK
6
CONTINUOUS
10
177.048
20
-123.906
11
177.048
21
-123.906
0
LINE
8
BLACK
6
CONTINUOUS
10
177.048
20
-123.906
11
177.048
21
-123.906
0
LINE
8
BLACK
6
CONTINUOUS
10
177.048
20
-123.906
11
176.939
21
-123.836
0
LINE
8
BLACK
6
CONTINUOUS
10
176.939
20
-123.836
11
176.939
21
-123.836
0
LINE
8
BLACK
6
CONTINUOUS
10
176.939
20
-123.836
11
176.939
21
-123.836
0
LINE
8
BLACK
6
CONTINUOUS
10
176.939
20
-123.836
11
176.939
21
-123.836
0
LINE
8
BLACK
6
CONTINUOUS
10
176.939
20
-123.836
11
176.815
21
-123.799
0
LINE
8
BLACK
6
CONTINUOUS
10
176.815
20
-123.799
11
176.815
21
-123.799
0
LINE
8
BLACK
6
CONTINUOUS
10
176.815
20
-123.799
11
176.685
21
-123.799
0
LINE
8
BLACK
6
CONTINUOUS
10
176.685
20
-123.799
11
176.685
21
-123.799
0
LINE
8
BLACK
6
CONTINUOUS
10
176.685
20
-123.799
11
176.561
21
-123.836
0
LINE
8
BLACK
6
CONTINUOUS
10
104.846
20
-123.819
11
104.927
21
-123.873
0
LINE
8
BLACK
6
CONTINUOUS
10
104.927
20
-123.873
11
104.981
21
-123.954
0
LINE
8
BLACK
6
CONTINUOUS
10
104.981
20
-123.954
11
105
21
-124.05
0
LINE
8
BLACK
6
CONTINUOUS
10
105
20
-124.05
11
104.981
21
-124.146
0
LINE
8
BLACK
6
CONTINUOUS
10
104.981
20
-124.146
11
104.927
21
-124.227
0
LINE
8
BLACK
6
CONTINUOUS
10
104.927
20
-124.227
11
104.846
21
-124.281
0
LINE
8
BLACK
6
CONTINUOUS
10
104.846
20
-124.281
11
104.75
21
-124.3
0
LINE
8
BLACK
6
CONTINUOUS
10
104.75
20
-124.3
11
104.654
21
-124.281
0
LINE
8
BLACK
6
CONTINUOUS
10
104.654
20
-124.281
11
104.573
21
-124.227
0
LINE
8
BLACK
6
CONTINUOUS
10
104.573
20
-124.227
11
104.519
21
-124.146
0
LINE
8
BLACK
6
CONTINUOUS
10
104.519
20
-124.146
11
104.5
21
-124.05
0
LINE
8
BLACK
6
CONTINUOUS
10
104.5
20
-124.05
11
104.519
21
-123.954
0
LINE
8
BLACK
6
CONTINUOUS
10
104.519
20
-123.954
11
104.573
21
-123.873
0
LINE
8
BLACK
6
CONTINUOUS
10
104.573
20
-123.873
11
104.654
21
-123.819
0
LINE
8
BLACK
6
CONTINUOUS
10
104.654
20
-123.819
11
104.75
21
-123.8
0
LINE
8
BLACK
6
CONTINUOUS
10
104.75
20
-123.8
11
104.846
21
-123.819
0
LINE
8
BLACK
6
CONTINUOUS
10
153.161
20
-122.836
11
153.161
21
-122.836
0
LINE
8
BLACK
6
CONTINUOUS
10
153.161
20
-122.836
11
153.052
21
-122.906
0
LINE
8
BLACK
6
CONTINUOUS
10
153.052
20
-122.906
11
152.967
21
-123.004
0
LINE
8
BLACK
6
CONTINUOUS
10
152.967
20
-123.004
11
152.913
21
-123.122
0
LINE
8
BLACK
6
CONTINUOUS
10
152.913
20
-123.122
11
152.895
21
-123.25
0
LINE
8
BLACK
6
CONTINUOUS
10
152.895
20
-123.25
11
152.895
21
-123.25
0
LINE
8
BLACK
6
CONTINUOUS
10
152.895
20
-123.25
11
152.913
21
-123.378
0
LINE
8
BLACK
6
CONTINUOUS
10
152.913
20
-123.378
11
152.963
21
-123.486
0
LINE
8
BLACK
6
CONTINUOUS
10
152.963
20
-123.486
11
152.967
21
-123.496
0
LINE
8
BLACK
6
CONTINUOUS
10
152.967
20
-123.496
11
153.052
21
-123.594
0
LINE
8
BLACK
6
CONTINUOUS
10
153.052
20
-123.594
11
153.052
21
-123.594
0
LINE
8
BLACK
6
CONTINUOUS
10
153.052
20
-123.594
11
153.117
21
-123.636
0
LINE
8
BLACK
6
CONTINUOUS
10
153.117
20
-123.636
11
153.161
21
-123.664
0
LINE
8
BLACK
6
CONTINUOUS
10
153.161
20
-123.664
11
153.285
21
-123.701
0
LINE
8
BLACK
6
CONTINUOUS
10
153.285
20
-123.701
11
153.285
21
-123.701
0
LINE
8
BLACK
6
CONTINUOUS
10
153.285
20
-123.701
11
153.415
21
-123.701
0
LINE
8
BLACK
6
CONTINUOUS
10
153.415
20
-123.701
11
153.415
21
-123.701
0
LINE
8
BLACK
6
CONTINUOUS
10
153.415
20
-123.701
11
153.539
21
-123.664
0
LINE
8
BLACK
6
CONTINUOUS
10
153.539
20
-123.664
11
153.648
21
-123.594
0
LINE
8
BLACK
6
CONTINUOUS
10
153.648
20
-123.594
11
153.733
21
-123.496
0
LINE
8
BLACK
6
CONTINUOUS
10
153.733
20
-123.496
11
153.787
21
-123.378
0
LINE
8
BLACK
6
CONTINUOUS
10
153.787
20
-123.378
11
153.805
21
-123.25
0
LINE
8
BLACK
6
CONTINUOUS
10
153.805
20
-123.25
11
153.8
21
-123.211
0
LINE
8
BLACK
6
CONTINUOUS
10
153.8
20
-123.211
11
153.787
21
-123.122
0
LINE
8
BLACK
6
CONTINUOUS
10
153.787
20
-123.122
11
153.733
21
-123.004
0
LINE
8
BLACK
6
CONTINUOUS
10
153.733
20
-123.004
11
153.733
21
-123.004
0
LINE
8
BLACK
6
CONTINUOUS
10
153.733
20
-123.004
11
153.648
21
-122.906
0
LINE
8
BLACK
6
CONTINUOUS
10
153.648
20
-122.906
11
153.648
21
-122.906
0
LINE
8
BLACK
6
CONTINUOUS
10
153.648
20
-122.906
11
153.648
21
-122.906
0
LINE
8
BLACK
6
CONTINUOUS
10
153.648
20
-122.906
11
153.539
21
-122.836
0
LINE
8
BLACK
6
CONTINUOUS
10
153.539
20
-122.836
11
153.539
21
-122.836
0
LINE
8
BLACK
6
CONTINUOUS
10
153.539
20
-122.836
11
153.539
21
-122.836
0
LINE
8
BLACK
6
CONTINUOUS
10
153.539
20
-122.836
11
153.539
21
-122.836
0
LINE
8
BLACK
6
CONTINUOUS
10
153.539
20
-122.836
11
153.415
21
-122.8
0
LINE
8
BLACK
6
CONTINUOUS
10
153.415
20
-122.8
11
153.415
21
-122.8
0
LINE
8
BLACK
6
CONTINUOUS
10
153.415
20
-122.8
11
153.285
21
-122.8
0
LINE
8
BLACK
6
CONTINUOUS
10
153.285
20
-122.8
11
153.285
21
-122.8
0
LINE
8
BLACK
6
CONTINUOUS
10
153.285
20
-122.8
11
153.161
21
-122.836
0
LINE
8
BLACK
6
CONTINUOUS
10
107.274
20
-121.72
11
107.443
21
-121.779
0
LINE
8
BLACK
6
CONTINUOUS
10
107.443
20
-121.779
11
107.594
21
-121.874
0
LINE
8
BLACK
6
CONTINUOUS
10
107.594
20
-121.874
11
107.721
21
-122.001
0
LINE
8
BLACK
6
CONTINUOUS
10
107.721
20
-122.001
11
107.816
21
-122.153
0
LINE
8
BLACK
6
CONTINUOUS
10
107.816
20
-122.153
11
107.876
21
-122.322
0
LINE
8
BLACK
6
CONTINUOUS
10
107.876
20
-122.322
11
107.896
21
-122.5
0
LINE
8
BLACK
6
CONTINUOUS
10
107.896
20
-122.5
11
107.876
21
-122.678
0
LINE
8
BLACK
6
CONTINUOUS
10
107.876
20
-122.678
11
107.816
21
-122.847
0
LINE
8
BLACK
6
CONTINUOUS
10
107.816
20
-122.847
11
107.721
21
-122.999
0
LINE
8
BLACK
6
CONTINUOUS
10
107.721
20
-122.999
11
107.594
21
-123.126
0
LINE
8
BLACK
6
CONTINUOUS
10
107.594
20
-123.126
11
107.443
21
-123.221
0
LINE
8
BLACK
6
CONTINUOUS
10
107.443
20
-123.221
11
107.274
21
-123.28
0
LINE
8
BLACK
6
CONTINUOUS
10
107.274
20
-123.28
11
107.096
21
-123.3
0
LINE
8
BLACK
6
CONTINUOUS
10
107.096
20
-123.3
11
106.918
21
-123.28
0
LINE
8
BLACK
6
CONTINUOUS
10
106.918
20
-123.28
11
106.748
21
-123.221
0
LINE
8
BLACK
6
CONTINUOUS
10
106.748
20
-123.221
11
106.597
21
-123.126
0
LINE
8
BLACK
6
CONTINUOUS
10
106.597
20
-123.126
11
106.47
21
-122.999
0
LINE
8
BLACK
6
CONTINUOUS
10
106.47
20
-122.999
11
106.375
21
-122.847
0
LINE
8
BLACK
6
CONTINUOUS
10
106.375
20
-122.847
11
106.316
21
-122.678
0
LINE
8
BLACK
6
CONTINUOUS
10
106.316
20
-122.678
11
106.295
21
-122.5
0
LINE
8
BLACK
6
CONTINUOUS
10
106.295
20
-122.5
11
106.316
21
-122.322
0
LINE
8
BLACK
6
CONTINUOUS
10
106.316
20
-122.322
11
106.375
21
-122.153
0
LINE
8
BLACK
6
CONTINUOUS
10
106.375
20
-122.153
11
106.47
21
-122.001
0
LINE
8
BLACK
6
CONTINUOUS
10
106.47
20
-122.001
11
106.597
21
-121.874
0
LINE
8
BLACK
6
CONTINUOUS
10
106.597
20
-121.874
11
106.748
21
-121.779
0
LINE
8
BLACK
6
CONTINUOUS
10
106.748
20
-121.779
11
106.918
21
-121.72
0
LINE
8
BLACK
6
CONTINUOUS
10
106.918
20
-121.72
11
107.096
21
-121.7
0
LINE
8
BLACK
6
CONTINUOUS
10
107.096
20
-121.7
11
107.274
21
-121.72
0
LINE
8
BLACK
6
CONTINUOUS
10
110.274
20
-121.72
11
110.443
21
-121.779
0
LINE
8
BLACK
6
CONTINUOUS
10
110.443
20
-121.779
11
110.594
21
-121.874
0
LINE
8
BLACK
6
CONTINUOUS
10
110.594
20
-121.874
11
110.721
21
-122.001
0
LINE
8
BLACK
6
CONTINUOUS
10
110.721
20
-122.001
11
110.816
21
-122.153
0
LINE
8
BLACK
6
CONTINUOUS
10
110.816
20
-122.153
11
110.876
21
-122.322
0
LINE
8
BLACK
6
CONTINUOUS
10
110.876
20
-122.322
11
110.896
21
-122.5
0
LINE
8
BLACK
6
CONTINUOUS
10
110.896
20
-122.5
11
110.876
21
-122.678
0
LINE
8
BLACK
6
CONTINUOUS
10
110.876
20
-122.678
11
110.816
21
-122.847
0
LINE
8
BLACK
6
CONTINUOUS
10
110.816
20
-122.847
11
110.721
21
-122.999
0
LINE
8
BLACK
6
CONTINUOUS
10
110.721
20
-122.999
11
110.594
21
-123.126
0
LINE
8
BLACK
6
CONTINUOUS
10
110.594
20
-123.126
11
110.443
21
-123.221
0
LINE
8
BLACK
6
CONTINUOUS
10
110.443
20
-123.221
11
110.274
21
-123.28
0
LINE
8
BLACK
6
CONTINUOUS
10
110.274
20
-123.28
11
110.096
21
-123.3
0
LINE
8
BLACK
6
CONTINUOUS
10
110.096
20
-123.3
11
109.918
21
-123.28
0
LINE
8
BLACK
6
CONTINUOUS
10
109.918
20
-123.28
11
109.748
21
-123.221
0
LINE
8
BLACK
6
CONTINUOUS
10
109.748
20
-123.221
11
109.597
21
-123.126
0
LINE
8
BLACK
6
CONTINUOUS
10
109.597
20
-123.126
11
109.47
21
-122.999
0
LINE
8
BLACK
6
CONTINUOUS
10
109.47
20
-122.999
11
109.375
21
-122.847
0
LINE
8
BLACK
6
CONTINUOUS
10
109.375
20
-122.847
11
109.316
21
-122.678
0
LINE
8
BLACK
6
CONTINUOUS
10
109.316
20
-122.678
11
109.295
21
-122.5
0
LINE
8
BLACK
6
CONTINUOUS
10
109.295
20
-122.5
11
109.316
21
-122.322
0
LINE
8
BLACK
6
CONTINUOUS
10
109.316
20
-122.322
11
109.375
21
-122.153
0
LINE
8
BLACK
6
CONTINUOUS
10
109.375
20
-122.153
11
109.47
21
-122.001
0
LINE
8
BLACK
6
CONTINUOUS
10
109.47
20
-122.001
11
109.597
21
-121.874
0
LINE
8
BLACK
6
CONTINUOUS
10
109.597
20
-121.874
11
109.748
21
-121.779
0
LINE
8
BLACK
6
CONTINUOUS
10
109.748
20
-121.779
11
109.918
21
-121.72
0
LINE
8
BLACK
6
CONTINUOUS
10
109.918
20
-121.72
11
110.096
21
-121.7
0
LINE
8
BLACK
6
CONTINUOUS
10
110.096
20
-121.7
11
110.274
21
-121.72
0
LINE
8
BLACK
6
CONTINUOUS
10
127.878
20
-121.775
11
127.997
21
-121.852
0
LINE
8
BLACK
6
CONTINUOUS
10
127.997
20
-121.852
11
128.091
21
-121.96
0
LINE
8
BLACK
6
CONTINUOUS
10
128.091
20
-121.96
11
128.15
21
-122.089
0
LINE
8
BLACK
6
CONTINUOUS
10
128.15
20
-122.089
11
128.17
21
-122.23
0
LINE
8
BLACK
6
CONTINUOUS
10
128.17
20
-122.23
11
128.15
21
-122.371
0
LINE
8
BLACK
6
CONTINUOUS
10
128.15
20
-122.371
11
128.091
21
-122.5
0
LINE
8
BLACK
6
CONTINUOUS
10
128.091
20
-122.5
11
127.997
21
-122.608
0
LINE
8
BLACK
6
CONTINUOUS
10
127.997
20
-122.608
11
127.878
21
-122.685
0
LINE
8
BLACK
6
CONTINUOUS
10
127.878
20
-122.685
11
127.741
21
-122.725
0
LINE
8
BLACK
6
CONTINUOUS
10
127.741
20
-122.725
11
127.599
21
-122.725
0
LINE
8
BLACK
6
CONTINUOUS
10
127.599
20
-122.725
11
127.462
21
-122.685
0
LINE
8
BLACK
6
CONTINUOUS
10
127.462
20
-122.685
11
127.343
21
-122.608
0
LINE
8
BLACK
6
CONTINUOUS
10
127.343
20
-122.608
11
127.249
21
-122.5
0
LINE
8
BLACK
6
CONTINUOUS
10
127.249
20
-122.5
11
127.19
21
-122.371
0
LINE
8
BLACK
6
CONTINUOUS
10
127.19
20
-122.371
11
127.17
21
-122.23
0
LINE
8
BLACK
6
CONTINUOUS
10
127.17
20
-122.23
11
127.19
21
-122.089
0
LINE
8
BLACK
6
CONTINUOUS
10
127.19
20
-122.089
11
127.249
21
-121.96
0
LINE
8
BLACK
6
CONTINUOUS
10
127.249
20
-121.96
11
127.343
21
-121.852
0
LINE
8
BLACK
6
CONTINUOUS
10
127.343
20
-121.852
11
127.462
21
-121.775
0
LINE
8
BLACK
6
CONTINUOUS
10
127.462
20
-121.775
11
127.599
21
-121.735
0
LINE
8
BLACK
6
CONTINUOUS
10
127.599
20
-121.735
11
127.741
21
-121.735
0
LINE
8
BLACK
6
CONTINUOUS
10
127.741
20
-121.735
11
127.878
21
-121.775
0
LINE
8
BLACK
6
CONTINUOUS
10
138.048
20
-121.755
11
138.167
21
-121.832
0
LINE
8
BLACK
6
CONTINUOUS
10
138.167
20
-121.832
11
138.261
21
-121.94
0
LINE
8
BLACK
6
CONTINUOUS
10
138.261
20
-121.94
11
138.32
21
-122.069
0
LINE
8
BLACK
6
CONTINUOUS
10
138.32
20
-122.069
11
138.34
21
-122.21
0
LINE
8
BLACK
6
CONTINUOUS
10
138.34
20
-122.21
11
138.32
21
-122.351
0
LINE
8
BLACK
6
CONTINUOUS
10
138.32
20
-122.351
11
138.261
21
-122.48
0
LINE
8
BLACK
6
CONTINUOUS
10
138.261
20
-122.48
11
138.167
21
-122.588
0
LINE
8
BLACK
6
CONTINUOUS
10
138.167
20
-122.588
11
138.048
21
-122.665
0
LINE
8
BLACK
6
CONTINUOUS
10
138.048
20
-122.665
11
137.911
21
-122.705
0
LINE
8
BLACK
6
CONTINUOUS
10
137.911
20
-122.705
11
137.769
21
-122.705
0
LINE
8
BLACK
6
CONTINUOUS
10
137.769
20
-122.705
11
137.632
21
-122.665
0
LINE
8
BLACK
6
CONTINUOUS
10
137.632
20
-122.665
11
137.513
21
-122.588
0
LINE
8
BLACK
6
CONTINUOUS
10
137.513
20
-122.588
11
137.419
21
-122.48
0
LINE
8
BLACK
6
CONTINUOUS
10
137.419
20
-122.48
11
137.36
21
-122.351
0
LINE
8
BLACK
6
CONTINUOUS
10
137.36
20
-122.351
11
137.34
21
-122.21
0
LINE
8
BLACK
6
CONTINUOUS
10
137.34
20
-122.21
11
137.36
21
-122.069
0
LINE
8
BLACK
6
CONTINUOUS
10
137.36
20
-122.069
11
137.419
21
-121.94
0
LINE
8
BLACK
6
CONTINUOUS
10
137.419
20
-121.94
11
137.513
21
-121.832
0
LINE
8
BLACK
6
CONTINUOUS
10
137.513
20
-121.832
11
137.632
21
-121.755
0
LINE
8
BLACK
6
CONTINUOUS
10
137.632
20
-121.755
11
137.769
21
-121.715
0
LINE
8
BLACK
6
CONTINUOUS
10
137.769
20
-121.715
11
137.911
21
-121.715
0
LINE
8
BLACK
6
CONTINUOUS
10
137.911
20
-121.715
11
138.048
21
-121.755
0
LINE
8
BLACK
6
CONTINUOUS
10
125.938
20
-121.745
11
126.057
21
-121.822
0
LINE
8
BLACK
6
CONTINUOUS
10
126.057
20
-121.822
11
126.151
21
-121.93
0
LINE
8
BLACK
6
CONTINUOUS
10
126.151
20
-121.93
11
126.21
21
-122.059
0
LINE
8
BLACK
6
CONTINUOUS
10
126.21
20
-122.059
11
126.23
21
-122.2
0
LINE
8
BLACK
6
CONTINUOUS
10
126.23
20
-122.2
11
126.21
21
-122.341
0
LINE
8
BLACK
6
CONTINUOUS
10
126.21
20
-122.341
11
126.151
21
-122.47
0
LINE
8
BLACK
6
CONTINUOUS
10
126.151
20
-122.47
11
126.057
21
-122.578
0
LINE
8
BLACK
6
CONTINUOUS
10
126.057
20
-122.578
11
125.938
21
-122.655
0
LINE
8
BLACK
6
CONTINUOUS
10
125.938
20
-122.655
11
125.801
21
-122.695
0
LINE
8
BLACK
6
CONTINUOUS
10
125.801
20
-122.695
11
125.659
21
-122.695
0
LINE
8
BLACK
6
CONTINUOUS
10
125.659
20
-122.695
11
125.522
21
-122.655
0
LINE
8
BLACK
6
CONTINUOUS
10
125.522
20
-122.655
11
125.403
21
-122.578
0
LINE
8
BLACK
6
CONTINUOUS
10
125.403
20
-122.578
11
125.309
21
-122.47
0
LINE
8
BLACK
6
CONTINUOUS
10
125.309
20
-122.47
11
125.25
21
-122.341
0
LINE
8
BLACK
6
CONTINUOUS
10
125.25
20
-122.341
11
125.23
21
-122.2
0
LINE
8
BLACK
6
CONTINUOUS
10
125.23
20
-122.2
11
125.25
21
-122.059
0
LINE
8
BLACK
6
CONTINUOUS
10
125.25
20
-122.059
11
125.309
21
-121.93
0
LINE
8
BLACK
6
CONTINUOUS
10
125.309
20
-121.93
11
125.403
21
-121.822
0
LINE
8
BLACK
6
CONTINUOUS
10
125.403
20
-121.822
11
125.522
21
-121.745
0
LINE
8
BLACK
6
CONTINUOUS
10
125.522
20
-121.745
11
125.659
21
-121.705
0
LINE
8
BLACK
6
CONTINUOUS
10
125.659
20
-121.705
11
125.801
21
-121.705
0
LINE
8
BLACK
6
CONTINUOUS
10
125.801
20
-121.705
11
125.938
21
-121.745
0
LINE
8
BLACK
6
CONTINUOUS
10
136.318
20
-121.745
11
136.437
21
-121.822
0
LINE
8
BLACK
6
CONTINUOUS
10
136.437
20
-121.822
11
136.531
21
-121.93
0
LINE
8
BLACK
6
CONTINUOUS
10
136.531
20
-121.93
11
136.59
21
-122.059
0
LINE
8
BLACK
6
CONTINUOUS
10
136.59
20
-122.059
11
136.61
21
-122.2
0
LINE
8
BLACK
6
CONTINUOUS
10
136.61
20
-122.2
11
136.59
21
-122.341
0
LINE
8
BLACK
6
CONTINUOUS
10
136.59
20
-122.341
11
136.531
21
-122.47
0
LINE
8
BLACK
6
CONTINUOUS
10
136.531
20
-122.47
11
136.437
21
-122.578
0
LINE
8
BLACK
6
CONTINUOUS
10
136.437
20
-122.578
11
136.318
21
-122.655
0
LINE
8
BLACK
6
CONTINUOUS
10
136.318
20
-122.655
11
136.181
21
-122.695
0
LINE
8
BLACK
6
CONTINUOUS
10
136.181
20
-122.695
11
136.039
21
-122.695
0
LINE
8
BLACK
6
CONTINUOUS
10
136.039
20
-122.695
11
135.902
21
-122.655
0
LINE
8
BLACK
6
CONTINUOUS
10
135.902
20
-122.655
11
135.783
21
-122.578
0
LINE
8
BLACK
6
CONTINUOUS
10
135.783
20
-122.578
11
135.689
21
-122.47
0
LINE
8
BLACK
6
CONTINUOUS
10
135.689
20
-122.47
11
135.63
21
-122.341
0
LINE
8
BLACK
6
CONTINUOUS
10
135.63
20
-122.341
11
135.61
21
-122.2
0
LINE
8
BLACK
6
CONTINUOUS
10
135.61
20
-122.2
11
135.63
21
-122.059
0
LINE
8
BLACK
6
CONTINUOUS
10
135.63
20
-122.059
11
135.689
21
-121.93
0
LINE
8
BLACK
6
CONTINUOUS
10
135.689
20
-121.93
11
135.783
21
-121.822
0
LINE
8
BLACK
6
CONTINUOUS
10
135.783
20
-121.822
11
135.902
21
-121.745
0
LINE
8
BLACK
6
CONTINUOUS
10
135.902
20
-121.745
11
136.039
21
-121.705
0
LINE
8
BLACK
6
CONTINUOUS
10
136.039
20
-121.705
11
136.181
21
-121.705
0
LINE
8
BLACK
6
CONTINUOUS
10
136.181
20
-121.705
11
136.318
21
-121.745
0
LINE
8
BLACK
6
CONTINUOUS
10
153.946
20
-121.969
11
154.027
21
-122.023
0
LINE
8
BLACK
6
CONTINUOUS
10
154.027
20
-122.023
11
154.081
21
-122.104
0
LINE
8
BLACK
6
CONTINUOUS
10
154.081
20
-122.104
11
154.1
21
-122.2
0
LINE
8
BLACK
6
CONTINUOUS
10
154.1
20
-122.2
11
154.081
21
-122.296
0
LINE
8
BLACK
6
CONTINUOUS
10
154.081
20
-122.296
11
154.027
21
-122.377
0
LINE
8
BLACK
6
CONTINUOUS
10
154.027
20
-122.377
11
153.946
21
-122.431
0
LINE
8
BLACK
6
CONTINUOUS
10
153.946
20
-122.431
11
153.85
21
-122.45
0
LINE
8
BLACK
6
CONTINUOUS
10
153.85
20
-122.45
11
153.754
21
-122.431
0
LINE
8
BLACK
6
CONTINUOUS
10
153.754
20
-122.431
11
153.673
21
-122.377
0
LINE
8
BLACK
6
CONTINUOUS
10
153.673
20
-122.377
11
153.619
21
-122.296
0
LINE
8
BLACK
6
CONTINUOUS
10
153.619
20
-122.296
11
153.6
21
-122.2
0
LINE
8
BLACK
6
CONTINUOUS
10
153.6
20
-122.2
11
153.619
21
-122.104
0
LINE
8
BLACK
6
CONTINUOUS
10
153.619
20
-122.104
11
153.673
21
-122.023
0
LINE
8
BLACK
6
CONTINUOUS
10
153.673
20
-122.023
11
153.754
21
-121.969
0
LINE
8
BLACK
6
CONTINUOUS
10
153.754
20
-121.969
11
153.85
21
-121.95
0
LINE
8
BLACK
6
CONTINUOUS
10
153.85
20
-121.95
11
153.946
21
-121.969
0
LINE
8
BLACK
6
CONTINUOUS
10
154.186
20
-120.461
11
154.186
21
-120.461
0
LINE
8
BLACK
6
CONTINUOUS
10
154.186
20
-120.461
11
154.077
21
-120.531
0
LINE
8
BLACK
6
CONTINUOUS
10
154.077
20
-120.531
11
153.992
21
-120.629
0
LINE
8
BLACK
6
CONTINUOUS
10
153.992
20
-120.629
11
153.938
21
-120.747
0
LINE
8
BLACK
6
CONTINUOUS
10
153.938
20
-120.747
11
153.92
21
-120.875
0
LINE
8
BLACK
6
CONTINUOUS
10
153.92
20
-120.875
11
153.92
21
-120.875
0
LINE
8
BLACK
6
CONTINUOUS
10
153.92
20
-120.875
11
153.938
21
-121.003
0
LINE
8
BLACK
6
CONTINUOUS
10
153.938
20
-121.003
11
153.992
21
-121.121
0
LINE
8
BLACK
6
CONTINUOUS
10
153.992
20
-121.121
11
153.992
21
-121.121
0
LINE
8
BLACK
6
CONTINUOUS
10
153.992
20
-121.121
11
154.077
21
-121.219
0
LINE
8
BLACK
6
CONTINUOUS
10
154.077
20
-121.219
11
154.077
21
-121.219
0
LINE
8
BLACK
6
CONTINUOUS
10
154.077
20
-121.219
11
154.186
21
-121.289
0
LINE
8
BLACK
6
CONTINUOUS
10
154.186
20
-121.289
11
154.186
21
-121.289
0
LINE
8
BLACK
6
CONTINUOUS
10
154.186
20
-121.289
11
154.31
21
-121.325
0
LINE
8
BLACK
6
CONTINUOUS
10
154.31
20
-121.325
11
154.31
21
-121.325
0
LINE
8
BLACK
6
CONTINUOUS
10
154.31
20
-121.325
11
154.44
21
-121.325
0
LINE
8
BLACK
6
CONTINUOUS
10
154.44
20
-121.325
11
154.44
21
-121.325
0
LINE
8
BLACK
6
CONTINUOUS
10
154.44
20
-121.325
11
154.564
21
-121.289
0
LINE
8
BLACK
6
CONTINUOUS
10
154.564
20
-121.289
11
154.673
21
-121.219
0
LINE
8
BLACK
6
CONTINUOUS
10
154.673
20
-121.219
11
154.758
21
-121.121
0
LINE
8
BLACK
6
CONTINUOUS
10
154.758
20
-121.121
11
154.812
21
-121.003
0
LINE
8
BLACK
6
CONTINUOUS
10
154.812
20
-121.003
11
154.83
21
-120.875
0
LINE
8
BLACK
6
CONTINUOUS
10
154.83
20
-120.875
11
154.825
21
-120.836
0
LINE
8
BLACK
6
CONTINUOUS
10
154.825
20
-120.836
11
154.812
21
-120.747
0
LINE
8
BLACK
6
CONTINUOUS
10
154.812
20
-120.747
11
154.795
21
-120.711
0
LINE
8
BLACK
6
CONTINUOUS
10
154.795
20
-120.711
11
154.758
21
-120.629
0
LINE
8
BLACK
6
CONTINUOUS
10
154.758
20
-120.629
11
154.673
21
-120.531
0
LINE
8
BLACK
6
CONTINUOUS
10
154.673
20
-120.531
11
154.673
21
-120.531
0
LINE
8
BLACK
6
CONTINUOUS
10
154.673
20
-120.531
11
154.673
21
-120.531
0
LINE
8
BLACK
6
CONTINUOUS
10
154.673
20
-120.531
11
154.564
21
-120.461
0
LINE
8
BLACK
6
CONTINUOUS
10
154.564
20
-120.461
11
154.564
21
-120.461
0
LINE
8
BLACK
6
CONTINUOUS
10
154.564
20
-120.461
11
154.564
21
-120.461
0
LINE
8
BLACK
6
CONTINUOUS
10
154.564
20
-120.461
11
154.564
21
-120.461
0
LINE
8
BLACK
6
CONTINUOUS
10
154.564
20
-120.461
11
154.44
21
-120.424
0
LINE
8
BLACK
6
CONTINUOUS
10
154.44
20
-120.424
11
154.44
21
-120.424
0
LINE
8
BLACK
6
CONTINUOUS
10
154.44
20
-120.424
11
154.31
21
-120.424
0
LINE
8
BLACK
6
CONTINUOUS
10
154.31
20
-120.424
11
154.31
21
-120.424
0
LINE
8
BLACK
6
CONTINUOUS
10
154.31
20
-120.424
11
154.186
21
-120.461
0
LINE
8
BLACK
6
CONTINUOUS
10
174.011
20
-118.386
11
174.011
21
-118.386
0
LINE
8
BLACK
6
CONTINUOUS
10
174.011
20
-118.386
11
173.902
21
-118.456
0
LINE
8
BLACK
6
CONTINUOUS
10
173.902
20
-118.456
11
173.817
21
-118.554
0
LINE
8
BLACK
6
CONTINUOUS
10
173.817
20
-118.554
11
173.763
21
-118.672
0
LINE
8
BLACK
6
CONTINUOUS
10
173.763
20
-118.672
11
173.745
21
-118.8
0
LINE
8
BLACK
6
CONTINUOUS
10
173.745
20
-118.8
11
173.745
21
-118.8
0
LINE
8
BLACK
6
CONTINUOUS
10
173.745
20
-118.8
11
173.763
21
-118.928
0
LINE
8
BLACK
6
CONTINUOUS
10
173.763
20
-118.928
11
173.802
21
-119.014
0
LINE
8
BLACK
6
CONTINUOUS
10
173.802
20
-119.014
11
173.817
21
-119.046
0
LINE
8
BLACK
6
CONTINUOUS
10
173.817
20
-119.046
11
173.873
21
-119.11
0
LINE
8
BLACK
6
CONTINUOUS
10
173.873
20
-119.11
11
173.902
21
-119.144
0
LINE
8
BLACK
6
CONTINUOUS
10
173.902
20
-119.144
11
173.927
21
-119.16
0
LINE
8
BLACK
6
CONTINUOUS
10
173.927
20
-119.16
11
173.966
21
-119.207
0
LINE
8
BLACK
6
CONTINUOUS
10
173.966
20
-119.207
11
173.969
21
-119.268
0
LINE
8
BLACK
6
CONTINUOUS
10
173.969
20
-119.268
11
173.936
21
-119.32
0
LINE
8
BLACK
6
CONTINUOUS
10
173.936
20
-119.32
11
173.927
21
-119.326
0
LINE
8
BLACK
6
CONTINUOUS
10
173.927
20
-119.326
11
173.912
21
-119.336
0
LINE
8
BLACK
6
CONTINUOUS
10
173.912
20
-119.336
11
173.827
21
-119.434
0
LINE
8
BLACK
6
CONTINUOUS
10
173.827
20
-119.434
11
173.773
21
-119.552
0
LINE
8
BLACK
6
CONTINUOUS
10
173.773
20
-119.552
11
173.755
21
-119.68
0
LINE
8
BLACK
6
CONTINUOUS
10
173.755
20
-119.68
11
173.755
21
-119.68
0
LINE
8
BLACK
6
CONTINUOUS
10
173.755
20
-119.68
11
173.773
21
-119.808
0
LINE
8
BLACK
6
CONTINUOUS
10
173.773
20
-119.808
11
173.827
21
-119.926
0
LINE
8
BLACK
6
CONTINUOUS
10
173.827
20
-119.926
11
173.827
21
-119.926
0
LINE
8
BLACK
6
CONTINUOUS
10
173.827
20
-119.926
11
173.912
21
-120.024
0
LINE
8
BLACK
6
CONTINUOUS
10
173.912
20
-120.024
11
173.912
21
-120.024
0
LINE
8
BLACK
6
CONTINUOUS
10
173.912
20
-120.024
11
173.937
21
-120.04
0
LINE
8
BLACK
6
CONTINUOUS
10
173.937
20
-120.04
11
173.976
21
-120.087
0
LINE
8
BLACK
6
CONTINUOUS
10
173.976
20
-120.087
11
173.979
21
-120.148
0
LINE
8
BLACK
6
CONTINUOUS
10
173.979
20
-120.148
11
173.946
21
-120.2
0
LINE
8
BLACK
6
CONTINUOUS
10
173.946
20
-120.2
11
173.937
21
-120.206
0
LINE
8
BLACK
6
CONTINUOUS
10
173.937
20
-120.206
11
173.922
21
-120.216
0
LINE
8
BLACK
6
CONTINUOUS
10
173.922
20
-120.216
11
173.837
21
-120.314
0
LINE
8
BLACK
6
CONTINUOUS
10
173.837
20
-120.314
11
173.783
21
-120.432
0
LINE
8
BLACK
6
CONTINUOUS
10
173.783
20
-120.432
11
173.765
21
-120.56
0
LINE
8
BLACK
6
CONTINUOUS
10
173.765
20
-120.56
11
173.765
21
-120.56
0
LINE
8
BLACK
6
CONTINUOUS
10
173.765
20
-120.56
11
173.783
21
-120.688
0
LINE
8
BLACK
6
CONTINUOUS
10
173.783
20
-120.688
11
173.794
21
-120.711
0
LINE
8
BLACK
6
CONTINUOUS
10
173.794
20
-120.711
11
173.837
21
-120.806
0
LINE
8
BLACK
6
CONTINUOUS
10
173.837
20
-120.806
11
173.897
21
-120.875
0
LINE
8
BLACK
6
CONTINUOUS
10
173.897
20
-120.875
11
173.922
21
-120.904
0
LINE
8
BLACK
6
CONTINUOUS
10
173.922
20
-120.904
11
174.031
21
-120.974
0
LINE
8
BLACK
6
CONTINUOUS
10
174.031
20
-120.974
11
174.031
21
-120.974
0
LINE
8
BLACK
6
CONTINUOUS
10
174.031
20
-120.974
11
174.155
21
-121.01
0
LINE
8
BLACK
6
CONTINUOUS
10
174.155
20
-121.01
11
174.155
21
-121.01
0
LINE
8
BLACK
6
CONTINUOUS
10
174.155
20
-121.01
11
174.285
21
-121.01
0
LINE
8
BLACK
6
CONTINUOUS
10
174.285
20
-121.01
11
174.285
21
-121.01
0
LINE
8
BLACK
6
CONTINUOUS
10
174.285
20
-121.01
11
174.409
21
-120.974
0
LINE
8
BLACK
6
CONTINUOUS
10
174.409
20
-120.974
11
174.518
21
-120.904
0
LINE
8
BLACK
6
CONTINUOUS
10
174.518
20
-120.904
11
174.603
21
-120.806
0
LINE
8
BLACK
6
CONTINUOUS
10
174.603
20
-120.806
11
174.657
21
-120.688
0
LINE
8
BLACK
6
CONTINUOUS
10
174.657
20
-120.688
11
174.675
21
-120.56
0
LINE
8
BLACK
6
CONTINUOUS
10
174.675
20
-120.56
11
174.675
21
-120.559
0
LINE
8
BLACK
6
CONTINUOUS
10
174.675
20
-120.559
11
174.657
21
-120.432
0
LINE
8
BLACK
6
CONTINUOUS
10
174.657
20
-120.432
11
174.603
21
-120.314
0
LINE
8
BLACK
6
CONTINUOUS
10
174.603
20
-120.314
11
174.603
21
-120.314
0
LINE
8
BLACK
6
CONTINUOUS
10
174.603
20
-120.314
11
174.518
21
-120.216
0
LINE
8
BLACK
6
CONTINUOUS
10
174.518
20
-120.216
11
174.518
21
-120.216
0
LINE
8
BLACK
6
CONTINUOUS
10
174.518
20
-120.216
11
174.493
21
-120.2
0
LINE
8
BLACK
6
CONTINUOUS
10
174.493
20
-120.2
11
174.454
21
-120.153
0
LINE
8
BLACK
6
CONTINUOUS
10
174.454
20
-120.153
11
174.451
21
-120.092
0
LINE
8
BLACK
6
CONTINUOUS
10
174.451
20
-120.092
11
174.484
21
-120.04
0
LINE
8
BLACK
6
CONTINUOUS
10
174.484
20
-120.04
11
174.493
21
-120.034
0
LINE
8
BLACK
6
CONTINUOUS
10
174.493
20
-120.034
11
174.508
21
-120.024
0
LINE
8
BLACK
6
CONTINUOUS
10
174.508
20
-120.024
11
174.593
21
-119.926
0
LINE
8
BLACK
6
CONTINUOUS
10
174.593
20
-119.926
11
174.647
21
-119.808
0
LINE
8
BLACK
6
CONTINUOUS
10
174.647
20
-119.808
11
174.662
21
-119.7
0
LINE
8
BLACK
6
CONTINUOUS
10
174.662
20
-119.7
11
174.665
21
-119.68
0
LINE
8
BLACK
6
CONTINUOUS
10
174.665
20
-119.68
11
174.665
21
-119.68
0
LINE
8
BLACK
6
CONTINUOUS
10
174.665
20
-119.68
11
174.647
21
-119.552
0
LINE
8
BLACK
6
CONTINUOUS
10
174.647
20
-119.552
11
174.632
21
-119.52
0
LINE
8
BLACK
6
CONTINUOUS
10
174.632
20
-119.52
11
174.602
21
-119.454
0
LINE
8
BLACK
6
CONTINUOUS
10
174.602
20
-119.454
11
174.593
21
-119.434
0
LINE
8
BLACK
6
CONTINUOUS
10
174.593
20
-119.434
11
174.508
21
-119.336
0
LINE
8
BLACK
6
CONTINUOUS
10
174.508
20
-119.336
11
174.508
21
-119.336
0
LINE
8
BLACK
6
CONTINUOUS
10
174.508
20
-119.336
11
174.483
21
-119.32
0
LINE
8
BLACK
6
CONTINUOUS
10
174.483
20
-119.32
11
174.444
21
-119.273
0
LINE
8
BLACK
6
CONTINUOUS
10
174.444
20
-119.273
11
174.441
21
-119.212
0
LINE
8
BLACK
6
CONTINUOUS
10
174.441
20
-119.212
11
174.474
21
-119.16
0
LINE
8
BLACK
6
CONTINUOUS
10
174.474
20
-119.16
11
174.483
21
-119.154
0
LINE
8
BLACK
6
CONTINUOUS
10
174.483
20
-119.154
11
174.498
21
-119.144
0
LINE
8
BLACK
6
CONTINUOUS
10
174.498
20
-119.144
11
174.583
21
-119.046
0
LINE
8
BLACK
6
CONTINUOUS
10
174.583
20
-119.046
11
174.637
21
-118.928
0
LINE
8
BLACK
6
CONTINUOUS
10
174.637
20
-118.928
11
174.655
21
-118.8
0
LINE
8
BLACK
6
CONTINUOUS
10
174.655
20
-118.8
11
174.65
21
-118.766
0
LINE
8
BLACK
6
CONTINUOUS
10
174.65
20
-118.766
11
174.637
21
-118.672
0
LINE
8
BLACK
6
CONTINUOUS
10
174.637
20
-118.672
11
174.627
21
-118.65
0
LINE
8
BLACK
6
CONTINUOUS
10
174.627
20
-118.65
11
174.583
21
-118.554
0
LINE
8
BLACK
6
CONTINUOUS
10
174.583
20
-118.554
11
174.498
21
-118.456
0
LINE
8
BLACK
6
CONTINUOUS
10
174.498
20
-118.456
11
174.498
21
-118.456
0
LINE
8
BLACK
6
CONTINUOUS
10
174.498
20
-118.456
11
174.498
21
-118.456
0
LINE
8
BLACK
6
CONTINUOUS
10
174.498
20
-118.456
11
174.389
21
-118.386
0
LINE
8
BLACK
6
CONTINUOUS
10
174.389
20
-118.386
11
174.389
21
-118.386
0
LINE
8
BLACK
6
CONTINUOUS
10
174.389
20
-118.386
11
174.389
21
-118.386
0
LINE
8
BLACK
6
CONTINUOUS
10
174.389
20
-118.386
11
174.389
21
-118.386
0
LINE
8
BLACK
6
CONTINUOUS
10
174.389
20
-118.386
11
174.265
21
-118.349
0
LINE
8
BLACK
6
CONTINUOUS
10
174.265
20
-118.349
11
174.265
21
-118.349
0
LINE
8
BLACK
6
CONTINUOUS
10
174.265
20
-118.349
11
174.135
21
-118.349
0
LINE
8
BLACK
6
CONTINUOUS
10
174.135
20
-118.349
11
174.135
21
-118.349
0
LINE
8
BLACK
6
CONTINUOUS
10
174.135
20
-118.349
11
174.011
21
-118.386
0
LINE
8
BLACK
6
CONTINUOUS
10
107.274
20
-119.22
11
107.443
21
-119.279
0
LINE
8
BLACK
6
CONTINUOUS
10
107.443
20
-119.279
11
107.594
21
-119.374
0
LINE
8
BLACK
6
CONTINUOUS
10
107.594
20
-119.374
11
107.721
21
-119.501
0
LINE
8
BLACK
6
CONTINUOUS
10
107.721
20
-119.501
11
107.816
21
-119.653
0
LINE
8
BLACK
6
CONTINUOUS
10
107.816
20
-119.653
11
107.876
21
-119.822
0
LINE
8
BLACK
6
CONTINUOUS
10
107.876
20
-119.822
11
107.896
21
-120
0
LINE
8
BLACK
6
CONTINUOUS
10
107.896
20
-120
11
107.876
21
-120.178
0
LINE
8
BLACK
6
CONTINUOUS
10
107.876
20
-120.178
11
107.816
21
-120.347
0
LINE
8
BLACK
6
CONTINUOUS
10
107.816
20
-120.347
11
107.721
21
-120.499
0
LINE
8
BLACK
6
CONTINUOUS
10
107.721
20
-120.499
11
107.594
21
-120.626
0
LINE
8
BLACK
6
CONTINUOUS
10
107.594
20
-120.626
11
107.443
21
-120.721
0
LINE
8
BLACK
6
CONTINUOUS
10
107.443
20
-120.721
11
107.274
21
-120.78
0
LINE
8
BLACK
6
CONTINUOUS
10
107.274
20
-120.78
11
107.096
21
-120.8
0
LINE
8
BLACK
6
CONTINUOUS
10
107.096
20
-120.8
11
106.918
21
-120.78
0
LINE
8
BLACK
6
CONTINUOUS
10
106.918
20
-120.78
11
106.748
21
-120.721
0
LINE
8
BLACK
6
CONTINUOUS
10
106.748
20
-120.721
11
106.597
21
-120.626
0
LINE
8
BLACK
6
CONTINUOUS
10
106.597
20
-120.626
11
106.47
21
-120.499
0
LINE
8
BLACK
6
CONTINUOUS
10
106.47
20
-120.499
11
106.375
21
-120.347
0
LINE
8
BLACK
6
CONTINUOUS
10
106.375
20
-120.347
11
106.316
21
-120.178
0
LINE
8
BLACK
6
CONTINUOUS
10
106.316
20
-120.178
11
106.295
21
-120
0
LINE
8
BLACK
6
CONTINUOUS
10
106.295
20
-120
11
106.316
21
-119.822
0
LINE
8
BLACK
6
CONTINUOUS
10
106.316
20
-119.822
11
106.375
21
-119.653
0
LINE
8
BLACK
6
CONTINUOUS
10
106.375
20
-119.653
11
106.47
21
-119.501
0
LINE
8
BLACK
6
CONTINUOUS
10
106.47
20
-119.501
11
106.597
21
-119.374
0
LINE
8
BLACK
6
CONTINUOUS
10
106.597
20
-119.374
11
106.748
21
-119.279
0
LINE
8
BLACK
6
CONTINUOUS
10
106.748
20
-119.279
11
106.918
21
-119.22
0
LINE
8
BLACK
6
CONTINUOUS
10
106.918
20
-119.22
11
107.096
21
-119.2
0
LINE
8
BLACK
6
CONTINUOUS
10
107.096
20
-119.2
11
107.274
21
-119.22
0
LINE
8
BLACK
6
CONTINUOUS
10
110.274
20
-119.22
11
110.443
21
-119.279
0
LINE
8
BLACK
6
CONTINUOUS
10
110.443
20
-119.279
11
110.594
21
-119.374
0
LINE
8
BLACK
6
CONTINUOUS
10
110.594
20
-119.374
11
110.721
21
-119.501
0
LINE
8
BLACK
6
CONTINUOUS
10
110.721
20
-119.501
11
110.816
21
-119.653
0
LINE
8
BLACK
6
CONTINUOUS
10
110.816
20
-119.653
11
110.876
21
-119.822
0
LINE
8
BLACK
6
CONTINUOUS
10
110.876
20
-119.822
11
110.896
21
-120
0
LINE
8
BLACK
6
CONTINUOUS
10
110.896
20
-120
11
110.876
21
-120.178
0
LINE
8
BLACK
6
CONTINUOUS
10
110.876
20
-120.178
11
110.816
21
-120.347
0
LINE
8
BLACK
6
CONTINUOUS
10
110.816
20
-120.347
11
110.721
21
-120.499
0
LINE
8
BLACK
6
CONTINUOUS
10
110.721
20
-120.499
11
110.594
21
-120.626
0
LINE
8
BLACK
6
CONTINUOUS
10
110.594
20
-120.626
11
110.443
21
-120.721
0
LINE
8
BLACK
6
CONTINUOUS
10
110.443
20
-120.721
11
110.274
21
-120.78
0
LINE
8
BLACK
6
CONTINUOUS
10
110.274
20
-120.78
11
110.096
21
-120.8
0
LINE
8
BLACK
6
CONTINUOUS
10
110.096
20
-120.8
11
109.918
21
-120.78
0
LINE
8
BLACK
6
CONTINUOUS
10
109.918
20
-120.78
11
109.748
21
-120.721
0
LINE
8
BLACK
6
CONTINUOUS
10
109.748
20
-120.721
11
109.597
21
-120.626
0
LINE
8
BLACK
6
CONTINUOUS
10
109.597
20
-120.626
11
109.47
21
-120.499
0
LINE
8
BLACK
6
CONTINUOUS
10
109.47
20
-120.499
11
109.375
21
-120.347
0
LINE
8
BLACK
6
CONTINUOUS
10
109.375
20
-120.347
11
109.316
21
-120.178
0
LINE
8
BLACK
6
CONTINUOUS
10
109.316
20
-120.178
11
109.295
21
-120
0
LINE
8
BLACK
6
CONTINUOUS
10
109.295
20
-120
11
109.316
21
-119.822
0
LINE
8
BLACK
6
CONTINUOUS
10
109.316
20
-119.822
11
109.375
21
-119.653
0
LINE
8
BLACK
6
CONTINUOUS
10
109.375
20
-119.653
11
109.47
21
-119.501
0
LINE
8
BLACK
6
CONTINUOUS
10
109.47
20
-119.501
11
109.597
21
-119.374
0
LINE
8
BLACK
6
CONTINUOUS
10
109.597
20
-119.374
11
109.748
21
-119.279
0
LINE
8
BLACK
6
CONTINUOUS
10
109.748
20
-119.279
11
109.918
21
-119.22
0
LINE
8
BLACK
6
CONTINUOUS
10
109.918
20
-119.22
11
110.096
21
-119.2
0
LINE
8
BLACK
6
CONTINUOUS
10
110.096
20
-119.2
11
110.274
21
-119.22
0
LINE
8
BLACK
6
CONTINUOUS
10
153.446
20
-119.469
11
153.527
21
-119.523
0
LINE
8
BLACK
6
CONTINUOUS
10
153.527
20
-119.523
11
153.581
21
-119.604
0
LINE
8
BLACK
6
CONTINUOUS
10
153.581
20
-119.604
11
153.6
21
-119.7
0
LINE
8
BLACK
6
CONTINUOUS
10
153.6
20
-119.7
11
153.581
21
-119.796
0
LINE
8
BLACK
6
CONTINUOUS
10
153.581
20
-119.796
11
153.527
21
-119.877
0
LINE
8
BLACK
6
CONTINUOUS
10
153.527
20
-119.877
11
153.446
21
-119.931
0
LINE
8
BLACK
6
CONTINUOUS
10
153.446
20
-119.931
11
153.35
21
-119.95
0
LINE
8
BLACK
6
CONTINUOUS
10
153.35
20
-119.95
11
153.254
21
-119.931
0
LINE
8
BLACK
6
CONTINUOUS
10
153.254
20
-119.931
11
153.173
21
-119.877
0
LINE
8
BLACK
6
CONTINUOUS
10
153.173
20
-119.877
11
153.119
21
-119.796
0
LINE
8
BLACK
6
CONTINUOUS
10
153.119
20
-119.796
11
153.1
21
-119.7
0
LINE
8
BLACK
6
CONTINUOUS
10
153.1
20
-119.7
11
153.119
21
-119.604
0
LINE
8
BLACK
6
CONTINUOUS
10
153.119
20
-119.604
11
153.173
21
-119.523
0
LINE
8
BLACK
6
CONTINUOUS
10
153.173
20
-119.523
11
153.254
21
-119.469
0
LINE
8
BLACK
6
CONTINUOUS
10
153.254
20
-119.469
11
153.35
21
-119.45
0
LINE
8
BLACK
6
CONTINUOUS
10
153.35
20
-119.45
11
153.446
21
-119.469
0
LINE
8
BLACK
6
CONTINUOUS
10
176.483
20
-119.648
11
176.537
21
-119.766
0
LINE
8
BLACK
6
CONTINUOUS
10
176.537
20
-119.766
11
176.537
21
-119.766
0
LINE
8
BLACK
6
CONTINUOUS
10
176.537
20
-119.766
11
176.57
21
-119.804
0
LINE
8
BLACK
6
CONTINUOUS
10
176.57
20
-119.804
11
176.622
21
-119.864
0
LINE
8
BLACK
6
CONTINUOUS
10
176.622
20
-119.864
11
176.731
21
-119.934
0
LINE
8
BLACK
6
CONTINUOUS
10
176.731
20
-119.934
11
176.731
21
-119.934
0
LINE
8
BLACK
6
CONTINUOUS
10
176.731
20
-119.934
11
176.855
21
-119.971
0
LINE
8
BLACK
6
CONTINUOUS
10
176.855
20
-119.971
11
176.855
21
-119.971
0
LINE
8
BLACK
6
CONTINUOUS
10
176.855
20
-119.971
11
176.985
21
-119.971
0
LINE
8
BLACK
6
CONTINUOUS
10
176.985
20
-119.971
11
176.985
21
-119.971
0
LINE
8
BLACK
6
CONTINUOUS
10
176.985
20
-119.971
11
177.109
21
-119.934
0
LINE
8
BLACK
6
CONTINUOUS
10
177.109
20
-119.934
11
177.218
21
-119.864
0
LINE
8
BLACK
6
CONTINUOUS
10
177.218
20
-119.864
11
177.303
21
-119.766
0
LINE
8
BLACK
6
CONTINUOUS
10
177.303
20
-119.766
11
177.357
21
-119.648
0
LINE
8
BLACK
6
CONTINUOUS
10
177.357
20
-119.648
11
177.371
21
-119.552
0
LINE
8
BLACK
6
CONTINUOUS
10
177.371
20
-119.552
11
177.375
21
-119.52
0
LINE
8
BLACK
6
CONTINUOUS
10
177.375
20
-119.52
11
177.375
21
-119.52
0
LINE
8
BLACK
6
CONTINUOUS
10
177.375
20
-119.52
11
177.357
21
-119.392
0
LINE
8
BLACK
6
CONTINUOUS
10
177.357
20
-119.392
11
177.34
21
-119.356
0
LINE
8
BLACK
6
CONTINUOUS
10
177.34
20
-119.356
11
177.303
21
-119.274
0
LINE
8
BLACK
6
CONTINUOUS
10
177.303
20
-119.274
11
177.218
21
-119.176
0
LINE
8
BLACK
6
CONTINUOUS
10
177.218
20
-119.176
11
177.218
21
-119.176
0
LINE
8
BLACK
6
CONTINUOUS
10
177.218
20
-119.176
11
177.218
21
-119.176
0
LINE
8
BLACK
6
CONTINUOUS
10
177.218
20
-119.176
11
177.109
21
-119.106
0
LINE
8
BLACK
6
CONTINUOUS
10
177.109
20
-119.106
11
177.109
21
-119.106
0
LINE
8
BLACK
6
CONTINUOUS
10
177.109
20
-119.106
11
177.109
21
-119.106
0
LINE
8
BLACK
6
CONTINUOUS
10
177.109
20
-119.106
11
177.109
21
-119.106
0
LINE
8
BLACK
6
CONTINUOUS
10
177.109
20
-119.106
11
176.985
21
-119.069
0
LINE
8
BLACK
6
CONTINUOUS
10
176.985
20
-119.069
11
176.985
21
-119.069
0
LINE
8
BLACK
6
CONTINUOUS
10
176.985
20
-119.069
11
176.855
21
-119.069
0
LINE
8
BLACK
6
CONTINUOUS
10
176.855
20
-119.069
11
176.855
21
-119.069
0
LINE
8
BLACK
6
CONTINUOUS
10
176.855
20
-119.069
11
176.731
21
-119.106
0
LINE
8
BLACK
6
CONTINUOUS
10
176.731
20
-119.106
11
176.731
21
-119.106
0
LINE
8
BLACK
6
CONTINUOUS
10
176.731
20
-119.106
11
176.622
21
-119.176
0
LINE
8
BLACK
6
CONTINUOUS
10
176.622
20
-119.176
11
176.537
21
-119.274
0
LINE
8
BLACK
6
CONTINUOUS
10
176.537
20
-119.274
11
176.483
21
-119.392
0
LINE
8
BLACK
6
CONTINUOUS
10
176.483
20
-119.392
11
176.465
21
-119.52
0
LINE
8
BLACK
6
CONTINUOUS
10
176.465
20
-119.52
11
176.465
21
-119.52
0
LINE
8
BLACK
6
CONTINUOUS
10
176.465
20
-119.52
11
176.483
21
-119.648
0
LINE
8
BLACK
6
CONTINUOUS
10
102.176
20
-118.879
11
102.257
21
-118.933
0
LINE
8
BLACK
6
CONTINUOUS
10
102.257
20
-118.933
11
102.311
21
-119.014
0
LINE
8
BLACK
6
CONTINUOUS
10
102.311
20
-119.014
11
102.33
21
-119.11
0
LINE
8
BLACK
6
CONTINUOUS
10
102.33
20
-119.11
11
102.311
21
-119.206
0
LINE
8
BLACK
6
CONTINUOUS
10
102.311
20
-119.206
11
102.257
21
-119.287
0
LINE
8
BLACK
6
CONTINUOUS
10
102.257
20
-119.287
11
102.176
21
-119.341
0
LINE
8
BLACK
6
CONTINUOUS
10
102.176
20
-119.341
11
102.08
21
-119.36
0
LINE
8
BLACK
6
CONTINUOUS
10
102.08
20
-119.36
11
101.984
21
-119.341
0
LINE
8
BLACK
6
CONTINUOUS
10
101.984
20
-119.341
11
101.903
21
-119.287
0
LINE
8
BLACK
6
CONTINUOUS
10
101.903
20
-119.287
11
101.849
21
-119.206
0
LINE
8
BLACK
6
CONTINUOUS
10
101.849
20
-119.206
11
101.83
21
-119.11
0
LINE
8
BLACK
6
CONTINUOUS
10
101.83
20
-119.11
11
101.849
21
-119.014
0
LINE
8
BLACK
6
CONTINUOUS
10
101.849
20
-119.014
11
101.903
21
-118.933
0
LINE
8
BLACK
6
CONTINUOUS
10
101.903
20
-118.933
11
101.984
21
-118.879
0
LINE
8
BLACK
6
CONTINUOUS
10
101.984
20
-118.879
11
102.08
21
-118.86
0
LINE
8
BLACK
6
CONTINUOUS
10
102.08
20
-118.86
11
102.176
21
-118.879
0
LINE
8
BLACK
6
CONTINUOUS
10
140.778
20
-115.932
11
140.775
21
-115.929
0
LINE
8
BLACK
6
CONTINUOUS
10
140.775
20
-115.929
11
140.651
21
-115.819
0
LINE
8
BLACK
6
CONTINUOUS
10
140.651
20
-115.819
11
140.651
21
-115.819
0
LINE
8
BLACK
6
CONTINUOUS
10
140.651
20
-115.819
11
140.5
21
-115.74
0
LINE
8
BLACK
6
CONTINUOUS
10
140.5
20
-115.74
11
140.5
21
-115.74
0
LINE
8
BLACK
6
CONTINUOUS
10
140.5
20
-115.74
11
140.5
21
-115.74
0
LINE
8
BLACK
6
CONTINUOUS
10
140.5
20
-115.74
11
140.335
21
-115.7
0
LINE
8
BLACK
6
CONTINUOUS
10
140.335
20
-115.7
11
140.335
21
-115.7
0
LINE
8
BLACK
6
CONTINUOUS
10
140.335
20
-115.7
11
140.165
21
-115.7
0
LINE
8
BLACK
6
CONTINUOUS
10
140.165
20
-115.7
11
140.165
21
-115.7
0
LINE
8
BLACK
6
CONTINUOUS
10
140.165
20
-115.7
11
140
21
-115.74
0
LINE
8
BLACK
6
CONTINUOUS
10
140
20
-115.74
11
139.849
21
-115.819
0
LINE
8
BLACK
6
CONTINUOUS
10
139.849
20
-115.819
11
139.722
21
-115.932
0
LINE
8
BLACK
6
CONTINUOUS
10
139.722
20
-115.932
11
139.722
21
-115.932
0
LINE
8
BLACK
6
CONTINUOUS
10
139.722
20
-115.932
11
139.722
21
-115.932
0
LINE
8
BLACK
6
CONTINUOUS
10
139.722
20
-115.932
11
139.625
21
-116.072
0
LINE
8
BLACK
6
CONTINUOUS
10
139.625
20
-116.072
11
139.565
21
-116.231
0
LINE
8
BLACK
6
CONTINUOUS
10
139.565
20
-116.231
11
139.544
21
-116.4
0
LINE
8
BLACK
6
CONTINUOUS
10
139.544
20
-116.4
11
139.565
21
-116.569
0
LINE
8
BLACK
6
CONTINUOUS
10
139.565
20
-116.569
11
139.625
21
-116.728
0
LINE
8
BLACK
6
CONTINUOUS
10
139.625
20
-116.728
11
139.722
21
-116.868
0
LINE
8
BLACK
6
CONTINUOUS
10
139.722
20
-116.868
11
139.849
21
-116.981
0
LINE
8
BLACK
6
CONTINUOUS
10
139.849
20
-116.981
11
140
21
-117.06
0
LINE
8
BLACK
6
CONTINUOUS
10
140
20
-117.06
11
140.039
21
-117.07
0
LINE
8
BLACK
6
CONTINUOUS
10
140.039
20
-117.07
11
140.077
21
-117.079
0
LINE
8
BLACK
6
CONTINUOUS
10
140.077
20
-117.079
11
140.129
21
-117.111
0
LINE
8
BLACK
6
CONTINUOUS
10
140.129
20
-117.111
11
140.152
21
-117.168
0
LINE
8
BLACK
6
CONTINUOUS
10
140.152
20
-117.168
11
140.138
21
-117.227
0
LINE
8
BLACK
6
CONTINUOUS
10
140.138
20
-117.227
11
140.091
21
-117.267
0
LINE
8
BLACK
6
CONTINUOUS
10
140.091
20
-117.267
11
140.077
21
-117.271
0
LINE
8
BLACK
6
CONTINUOUS
10
140.077
20
-117.271
11
140
21
-117.29
0
LINE
8
BLACK
6
CONTINUOUS
10
140
20
-117.29
11
139.849
21
-117.369
0
LINE
8
BLACK
6
CONTINUOUS
10
139.849
20
-117.369
11
139.722
21
-117.482
0
LINE
8
BLACK
6
CONTINUOUS
10
139.722
20
-117.482
11
139.722
21
-117.482
0
LINE
8
BLACK
6
CONTINUOUS
10
139.722
20
-117.482
11
139.714
21
-117.494
0
LINE
8
BLACK
6
CONTINUOUS
10
139.714
20
-117.494
11
139.625
21
-117.622
0
LINE
8
BLACK
6
CONTINUOUS
10
139.625
20
-117.622
11
139.584
21
-117.731
0
LINE
8
BLACK
6
CONTINUOUS
10
139.584
20
-117.731
11
139.565
21
-117.781
0
LINE
8
BLACK
6
CONTINUOUS
10
139.565
20
-117.781
11
139.552
21
-117.885
0
LINE
8
BLACK
6
CONTINUOUS
10
139.552
20
-117.885
11
139.544
21
-117.95
0
LINE
8
BLACK
6
CONTINUOUS
10
139.544
20
-117.95
11
139.565
21
-118.119
0
LINE
8
BLACK
6
CONTINUOUS
10
139.565
20
-118.119
11
139.625
21
-118.278
0
LINE
8
BLACK
6
CONTINUOUS
10
139.625
20
-118.278
11
139.722
21
-118.418
0
LINE
8
BLACK
6
CONTINUOUS
10
139.722
20
-118.418
11
139.722
21
-118.418
0
LINE
8
BLACK
6
CONTINUOUS
10
139.722
20
-118.418
11
139.764
21
-118.456
0
LINE
8
BLACK
6
CONTINUOUS
10
139.764
20
-118.456
11
139.849
21
-118.531
0
LINE
8
BLACK
6
CONTINUOUS
10
139.849
20
-118.531
11
140
21
-118.61
0
LINE
8
BLACK
6
CONTINUOUS
10
140
20
-118.61
11
140.165
21
-118.65
0
LINE
8
BLACK
6
CONTINUOUS
10
140.165
20
-118.65
11
140.165
21
-118.65
0
LINE
8
BLACK
6
CONTINUOUS
10
140.165
20
-118.65
11
140.335
21
-118.65
0
LINE
8
BLACK
6
CONTINUOUS
10
140.335
20
-118.65
11
140.335
21
-118.65
0
LINE
8
BLACK
6
CONTINUOUS
10
140.335
20
-118.65
11
140.5
21
-118.61
0
LINE
8
BLACK
6
CONTINUOUS
10
140.5
20
-118.61
11
140.651
21
-118.531
0
LINE
8
BLACK
6
CONTINUOUS
10
140.651
20
-118.531
11
140.778
21
-118.418
0
LINE
8
BLACK
6
CONTINUOUS
10
140.778
20
-118.418
11
140.875
21
-118.278
0
LINE
8
BLACK
6
CONTINUOUS
10
140.875
20
-118.278
11
140.935
21
-118.119
0
LINE
8
BLACK
6
CONTINUOUS
10
140.935
20
-118.119
11
140.956
21
-117.95
0
LINE
8
BLACK
6
CONTINUOUS
10
140.956
20
-117.95
11
140.935
21
-117.781
0
LINE
8
BLACK
6
CONTINUOUS
10
140.935
20
-117.781
11
140.875
21
-117.622
0
LINE
8
BLACK
6
CONTINUOUS
10
140.875
20
-117.622
11
140.778
21
-117.482
0
LINE
8
BLACK
6
CONTINUOUS
10
140.778
20
-117.482
11
140.651
21
-117.369
0
LINE
8
BLACK
6
CONTINUOUS
10
140.651
20
-117.369
11
140.5
21
-117.29
0
LINE
8
BLACK
6
CONTINUOUS
10
140.5
20
-117.29
11
140.5
21
-117.29
0
LINE
8
BLACK
6
CONTINUOUS
10
140.5
20
-117.29
11
140.5
21
-117.29
0
LINE
8
BLACK
6
CONTINUOUS
10
140.5
20
-117.29
11
140.423
21
-117.271
0
LINE
8
BLACK
6
CONTINUOUS
10
140.423
20
-117.271
11
140.371
21
-117.239
0
LINE
8
BLACK
6
CONTINUOUS
10
140.371
20
-117.239
11
140.348
21
-117.182
0
LINE
8
BLACK
6
CONTINUOUS
10
140.348
20
-117.182
11
140.362
21
-117.123
0
LINE
8
BLACK
6
CONTINUOUS
10
140.362
20
-117.123
11
140.409
21
-117.083
0
LINE
8
BLACK
6
CONTINUOUS
10
140.409
20
-117.083
11
140.423
21
-117.079
0
LINE
8
BLACK
6
CONTINUOUS
10
140.423
20
-117.079
11
140.452
21
-117.072
0
LINE
8
BLACK
6
CONTINUOUS
10
140.452
20
-117.072
11
140.5
21
-117.06
0
LINE
8
BLACK
6
CONTINUOUS
10
140.5
20
-117.06
11
140.651
21
-116.981
0
LINE
8
BLACK
6
CONTINUOUS
10
140.651
20
-116.981
11
140.778
21
-116.868
0
LINE
8
BLACK
6
CONTINUOUS
10
140.778
20
-116.868
11
140.875
21
-116.728
0
LINE
8
BLACK
6
CONTINUOUS
10
140.875
20
-116.728
11
140.935
21
-116.569
0
LINE
8
BLACK
6
CONTINUOUS
10
140.935
20
-116.569
11
140.956
21
-116.4
0
LINE
8
BLACK
6
CONTINUOUS
10
140.956
20
-116.4
11
140.935
21
-116.231
0
LINE
8
BLACK
6
CONTINUOUS
10
140.935
20
-116.231
11
140.875
21
-116.072
0
LINE
8
BLACK
6
CONTINUOUS
10
140.875
20
-116.072
11
140.825
21
-116
0
LINE
8
BLACK
6
CONTINUOUS
10
140.825
20
-116
11
140.778
21
-115.932
0
LINE
8
BLACK
6
CONTINUOUS
10
107.274
20
-116.72
11
107.443
21
-116.779
0
LINE
8
BLACK
6
CONTINUOUS
10
107.443
20
-116.779
11
107.594
21
-116.874
0
LINE
8
BLACK
6
CONTINUOUS
10
107.594
20
-116.874
11
107.721
21
-117.001
0
LINE
8
BLACK
6
CONTINUOUS
10
107.721
20
-117.001
11
107.816
21
-117.153
0
LINE
8
BLACK
6
CONTINUOUS
10
107.816
20
-117.153
11
107.876
21
-117.322
0
LINE
8
BLACK
6
CONTINUOUS
10
107.876
20
-117.322
11
107.896
21
-117.5
0
LINE
8
BLACK
6
CONTINUOUS
10
107.896
20
-117.5
11
107.876
21
-117.678
0
LINE
8
BLACK
6
CONTINUOUS
10
107.876
20
-117.678
11
107.816
21
-117.847
0
LINE
8
BLACK
6
CONTINUOUS
10
107.816
20
-117.847
11
107.721
21
-117.999
0
LINE
8
BLACK
6
CONTINUOUS
10
107.721
20
-117.999
11
107.594
21
-118.126
0
LINE
8
BLACK
6
CONTINUOUS
10
107.594
20
-118.126
11
107.443
21
-118.221
0
LINE
8
BLACK
6
CONTINUOUS
10
107.443
20
-118.221
11
107.274
21
-118.28
0
LINE
8
BLACK
6
CONTINUOUS
10
107.274
20
-118.28
11
107.096
21
-118.3
0
LINE
8
BLACK
6
CONTINUOUS
10
107.096
20
-118.3
11
106.918
21
-118.28
0
LINE
8
BLACK
6
CONTINUOUS
10
106.918
20
-118.28
11
106.748
21
-118.221
0
LINE
8
BLACK
6
CONTINUOUS
10
106.748
20
-118.221
11
106.597
21
-118.126
0
LINE
8
BLACK
6
CONTINUOUS
10
106.597
20
-118.126
11
106.47
21
-117.999
0
LINE
8
BLACK
6
CONTINUOUS
10
106.47
20
-117.999
11
106.375
21
-117.847
0
LINE
8
BLACK
6
CONTINUOUS
10
106.375
20
-117.847
11
106.316
21
-117.678
0
LINE
8
BLACK
6
CONTINUOUS
10
106.316
20
-117.678
11
106.295
21
-117.5
0
LINE
8
BLACK
6
CONTINUOUS
10
106.295
20
-117.5
11
106.316
21
-117.322
0
LINE
8
BLACK
6
CONTINUOUS
10
106.316
20
-117.322
11
106.375
21
-117.153
0
LINE
8
BLACK
6
CONTINUOUS
10
106.375
20
-117.153
11
106.47
21
-117.001
0
LINE
8
BLACK
6
CONTINUOUS
10
106.47
20
-117.001
11
106.597
21
-116.874
0
LINE
8
BLACK
6
CONTINUOUS
10
106.597
20
-116.874
11
106.748
21
-116.779
0
LINE
8
BLACK
6
CONTINUOUS
10
106.748
20
-116.779
11
106.918
21
-116.72
0
LINE
8
BLACK
6
CONTINUOUS
10
106.918
20
-116.72
11
107.096
21
-116.7
0
LINE
8
BLACK
6
CONTINUOUS
10
107.096
20
-116.7
11
107.274
21
-116.72
0
LINE
8
BLACK
6
CONTINUOUS
10
110.274
20
-116.72
11
110.443
21
-116.779
0
LINE
8
BLACK
6
CONTINUOUS
10
110.443
20
-116.779
11
110.594
21
-116.874
0
LINE
8
BLACK
6
CONTINUOUS
10
110.594
20
-116.874
11
110.721
21
-117.001
0
LINE
8
BLACK
6
CONTINUOUS
10
110.721
20
-117.001
11
110.816
21
-117.153
0
LINE
8
BLACK
6
CONTINUOUS
10
110.816
20
-117.153
11
110.876
21
-117.322
0
LINE
8
BLACK
6
CONTINUOUS
10
110.876
20
-117.322
11
110.896
21
-117.5
0
LINE
8
BLACK
6
CONTINUOUS
10
110.896
20
-117.5
11
110.876
21
-117.678
0
LINE
8
BLACK
6
CONTINUOUS
10
110.876
20
-117.678
11
110.816
21
-117.847
0
LINE
8
BLACK
6
CONTINUOUS
10
110.816
20
-117.847
11
110.721
21
-117.999
0
LINE
8
BLACK
6
CONTINUOUS
10
110.721
20
-117.999
11
110.594
21
-118.126
0
LINE
8
BLACK
6
CONTINUOUS
10
110.594
20
-118.126
11
110.443
21
-118.221
0
LINE
8
BLACK
6
CONTINUOUS
10
110.443
20
-118.221
11
110.274
21
-118.28
0
LINE
8
BLACK
6
CONTINUOUS
10
110.274
20
-118.28
11
110.096
21
-118.3
0
LINE
8
BLACK
6
CONTINUOUS
10
110.096
20
-118.3
11
109.918
21
-118.28
0
LINE
8
BLACK
6
CONTINUOUS
10
109.918
20
-118.28
11
109.748
21
-118.221
0
LINE
8
BLACK
6
CONTINUOUS
10
109.748
20
-118.221
11
109.597
21
-118.126
0
LINE
8
BLACK
6
CONTINUOUS
10
109.597
20
-118.126
11
109.47
21
-117.999
0
LINE
8
BLACK
6
CONTINUOUS
10
109.47
20
-117.999
11
109.375
21
-117.847
0
LINE
8
BLACK
6
CONTINUOUS
10
109.375
20
-117.847
11
109.316
21
-117.678
0
LINE
8
BLACK
6
CONTINUOUS
10
109.316
20
-117.678
11
109.295
21
-117.5
0
LINE
8
BLACK
6
CONTINUOUS
10
109.295
20
-117.5
11
109.316
21
-117.322
0
LINE
8
BLACK
6
CONTINUOUS
10
109.316
20
-117.322
11
109.375
21
-117.153
0
LINE
8
BLACK
6
CONTINUOUS
10
109.375
20
-117.153
11
109.47
21
-117.001
0
LINE
8
BLACK
6
CONTINUOUS
10
109.47
20
-117.001
11
109.597
21
-116.874
0
LINE
8
BLACK
6
CONTINUOUS
10
109.597
20
-116.874
11
109.748
21
-116.779
0
LINE
8
BLACK
6
CONTINUOUS
10
109.748
20
-116.779
11
109.918
21
-116.72
0
LINE
8
BLACK
6
CONTINUOUS
10
109.918
20
-116.72
11
110.096
21
-116.7
0
LINE
8
BLACK
6
CONTINUOUS
10
110.096
20
-116.7
11
110.274
21
-116.72
0
LINE
8
BLACK
6
CONTINUOUS
10
116.746
20
-117.157
11
116.827
21
-117.211
0
LINE
8
BLACK
6
CONTINUOUS
10
116.827
20
-117.211
11
116.881
21
-117.292
0
LINE
8
BLACK
6
CONTINUOUS
10
116.881
20
-117.292
11
116.9
21
-117.387
0
LINE
8
BLACK
6
CONTINUOUS
10
116.9
20
-117.387
11
116.881
21
-117.483
0
LINE
8
BLACK
6
CONTINUOUS
10
116.881
20
-117.483
11
116.827
21
-117.564
0
LINE
8
BLACK
6
CONTINUOUS
10
116.827
20
-117.564
11
116.746
21
-117.618
0
LINE
8
BLACK
6
CONTINUOUS
10
116.746
20
-117.618
11
116.65
21
-117.637
0
LINE
8
BLACK
6
CONTINUOUS
10
116.65
20
-117.637
11
116.554
21
-117.618
0
LINE
8
BLACK
6
CONTINUOUS
10
116.554
20
-117.618
11
116.473
21
-117.564
0
LINE
8
BLACK
6
CONTINUOUS
10
116.473
20
-117.564
11
116.419
21
-117.483
0
LINE
8
BLACK
6
CONTINUOUS
10
116.419
20
-117.483
11
116.4
21
-117.387
0
LINE
8
BLACK
6
CONTINUOUS
10
116.4
20
-117.387
11
116.419
21
-117.292
0
LINE
8
BLACK
6
CONTINUOUS
10
116.419
20
-117.292
11
116.473
21
-117.211
0
LINE
8
BLACK
6
CONTINUOUS
10
116.473
20
-117.211
11
116.554
21
-117.157
0
LINE
8
BLACK
6
CONTINUOUS
10
116.554
20
-117.157
11
116.65
21
-117.137
0
LINE
8
BLACK
6
CONTINUOUS
10
116.65
20
-117.137
11
116.746
21
-117.157
0
LINE
8
BLACK
6
CONTINUOUS
10
135.111
20
-116.736
11
135.111
21
-116.736
0
LINE
8
BLACK
6
CONTINUOUS
10
135.111
20
-116.736
11
135.002
21
-116.806
0
LINE
8
BLACK
6
CONTINUOUS
10
135.002
20
-116.806
11
134.917
21
-116.904
0
LINE
8
BLACK
6
CONTINUOUS
10
134.917
20
-116.904
11
134.863
21
-117.022
0
LINE
8
BLACK
6
CONTINUOUS
10
134.863
20
-117.022
11
134.845
21
-117.15
0
LINE
8
BLACK
6
CONTINUOUS
10
134.845
20
-117.15
11
134.845
21
-117.15
0
LINE
8
BLACK
6
CONTINUOUS
10
134.845
20
-117.15
11
134.863
21
-117.278
0
LINE
8
BLACK
6
CONTINUOUS
10
134.863
20
-117.278
11
134.913
21
-117.387
0
LINE
8
BLACK
6
CONTINUOUS
10
134.913
20
-117.387
11
134.917
21
-117.396
0
LINE
8
BLACK
6
CONTINUOUS
10
134.917
20
-117.396
11
134.992
21
-117.482
0
LINE
8
BLACK
6
CONTINUOUS
10
134.992
20
-117.482
11
135.002
21
-117.494
0
LINE
8
BLACK
6
CONTINUOUS
10
135.002
20
-117.494
11
135.08
21
-117.544
0
LINE
8
BLACK
6
CONTINUOUS
10
135.08
20
-117.544
11
135.111
21
-117.564
0
LINE
8
BLACK
6
CONTINUOUS
10
135.111
20
-117.564
11
135.235
21
-117.6
0
LINE
8
BLACK
6
CONTINUOUS
10
135.235
20
-117.6
11
135.235
21
-117.6
0
LINE
8
BLACK
6
CONTINUOUS
10
135.235
20
-117.6
11
135.365
21
-117.6
0
LINE
8
BLACK
6
CONTINUOUS
10
135.365
20
-117.6
11
135.365
21
-117.6
0
LINE
8
BLACK
6
CONTINUOUS
10
135.365
20
-117.6
11
135.489
21
-117.564
0
LINE
8
BLACK
6
CONTINUOUS
10
135.489
20
-117.564
11
135.598
21
-117.494
0
LINE
8
BLACK
6
CONTINUOUS
10
135.598
20
-117.494
11
135.683
21
-117.396
0
LINE
8
BLACK
6
CONTINUOUS
10
135.683
20
-117.396
11
135.737
21
-117.278
0
LINE
8
BLACK
6
CONTINUOUS
10
135.737
20
-117.278
11
135.748
21
-117.2
0
LINE
8
BLACK
6
CONTINUOUS
10
135.748
20
-117.2
11
135.755
21
-117.15
0
LINE
8
BLACK
6
CONTINUOUS
10
135.755
20
-117.15
11
135.755
21
-117.15
0
LINE
8
BLACK
6
CONTINUOUS
10
135.755
20
-117.15
11
135.737
21
-117.022
0
LINE
8
BLACK
6
CONTINUOUS
10
135.737
20
-117.022
11
135.718
21
-116.981
0
LINE
8
BLACK
6
CONTINUOUS
10
135.718
20
-116.981
11
135.683
21
-116.904
0
LINE
8
BLACK
6
CONTINUOUS
10
135.683
20
-116.904
11
135.598
21
-116.806
0
LINE
8
BLACK
6
CONTINUOUS
10
135.598
20
-116.806
11
135.598
21
-116.806
0
LINE
8
BLACK
6
CONTINUOUS
10
135.598
20
-116.806
11
135.598
21
-116.806
0
LINE
8
BLACK
6
CONTINUOUS
10
135.598
20
-116.806
11
135.489
21
-116.736
0
LINE
8
BLACK
6
CONTINUOUS
10
135.489
20
-116.736
11
135.489
21
-116.736
0
LINE
8
BLACK
6
CONTINUOUS
10
135.489
20
-116.736
11
135.489
21
-116.736
0
LINE
8
BLACK
6
CONTINUOUS
10
135.489
20
-116.736
11
135.489
21
-116.736
0
LINE
8
BLACK
6
CONTINUOUS
10
135.489
20
-116.736
11
135.365
21
-116.7
0
LINE
8
BLACK
6
CONTINUOUS
10
135.365
20
-116.7
11
135.365
21
-116.7
0
LINE
8
BLACK
6
CONTINUOUS
10
135.365
20
-116.7
11
135.235
21
-116.7
0
LINE
8
BLACK
6
CONTINUOUS
10
135.235
20
-116.7
11
135.235
21
-116.7
0
LINE
8
BLACK
6
CONTINUOUS
10
135.235
20
-116.7
11
135.111
21
-116.736
0
LINE
8
BLACK
6
CONTINUOUS
10
127.896
20
-116.969
11
127.977
21
-117.023
0
LINE
8
BLACK
6
CONTINUOUS
10
127.977
20
-117.023
11
128.031
21
-117.104
0
LINE
8
BLACK
6
CONTINUOUS
10
128.031
20
-117.104
11
128.05
21
-117.2
0
LINE
8
BLACK
6
CONTINUOUS
10
128.05
20
-117.2
11
128.031
21
-117.296
0
LINE
8
BLACK
6
CONTINUOUS
10
128.031
20
-117.296
11
127.977
21
-117.377
0
LINE
8
BLACK
6
CONTINUOUS
10
127.977
20
-117.377
11
127.896
21
-117.431
0
LINE
8
BLACK
6
CONTINUOUS
10
127.896
20
-117.431
11
127.8
21
-117.45
0
LINE
8
BLACK
6
CONTINUOUS
10
127.8
20
-117.45
11
127.704
21
-117.431
0
LINE
8
BLACK
6
CONTINUOUS
10
127.704
20
-117.431
11
127.623
21
-117.377
0
LINE
8
BLACK
6
CONTINUOUS
10
127.623
20
-117.377
11
127.569
21
-117.296
0
LINE
8
BLACK
6
CONTINUOUS
10
127.569
20
-117.296
11
127.55
21
-117.2
0
LINE
8
BLACK
6
CONTINUOUS
10
127.55
20
-117.2
11
127.569
21
-117.104
0
LINE
8
BLACK
6
CONTINUOUS
10
127.569
20
-117.104
11
127.623
21
-117.023
0
LINE
8
BLACK
6
CONTINUOUS
10
127.623
20
-117.023
11
127.704
21
-116.969
0
LINE
8
BLACK
6
CONTINUOUS
10
127.704
20
-116.969
11
127.8
21
-116.95
0
LINE
8
BLACK
6
CONTINUOUS
10
127.8
20
-116.95
11
127.896
21
-116.969
0
LINE
8
BLACK
6
CONTINUOUS
10
146.065
20
-116.222
11
146.126
21
-116.436
0
LINE
8
BLACK
6
CONTINUOUS
10
146.126
20
-116.436
11
146.225
21
-116.635
0
LINE
8
BLACK
6
CONTINUOUS
10
146.225
20
-116.635
11
146.359
21
-116.812
0
LINE
8
BLACK
6
CONTINUOUS
10
146.359
20
-116.812
11
146.523
21
-116.962
0
LINE
8
BLACK
6
CONTINUOUS
10
146.523
20
-116.962
11
146.713
21
-117.079
0
LINE
8
BLACK
6
CONTINUOUS
10
146.713
20
-117.079
11
146.92
21
-117.16
0
LINE
8
BLACK
6
CONTINUOUS
10
146.92
20
-117.16
11
147.139
21
-117.2
0
LINE
8
BLACK
6
CONTINUOUS
10
147.139
20
-117.2
11
147.361
21
-117.2
0
LINE
8
BLACK
6
CONTINUOUS
10
147.361
20
-117.2
11
147.58
21
-117.16
0
LINE
8
BLACK
6
CONTINUOUS
10
147.58
20
-117.16
11
147.787
21
-117.079
0
LINE
8
BLACK
6
CONTINUOUS
10
147.787
20
-117.079
11
147.977
21
-116.962
0
LINE
8
BLACK
6
CONTINUOUS
10
147.977
20
-116.962
11
148.141
21
-116.812
0
LINE
8
BLACK
6
CONTINUOUS
10
148.141
20
-116.812
11
148.275
21
-116.635
0
LINE
8
BLACK
6
CONTINUOUS
10
148.275
20
-116.635
11
148.374
21
-116.436
0
LINE
8
BLACK
6
CONTINUOUS
10
148.374
20
-116.436
11
148.435
21
-116.222
0
LINE
8
BLACK
6
CONTINUOUS
10
148.435
20
-116.222
11
148.456
21
-116
0
LINE
8
BLACK
6
CONTINUOUS
10
148.456
20
-116
11
148.435
21
-115.778
0
LINE
8
BLACK
6
CONTINUOUS
10
148.435
20
-115.778
11
148.374
21
-115.564
0
LINE
8
BLACK
6
CONTINUOUS
10
148.374
20
-115.564
11
148.275
21
-115.365
0
LINE
8
BLACK
6
CONTINUOUS
10
148.275
20
-115.365
11
148.141
21
-115.188
0
LINE
8
BLACK
6
CONTINUOUS
10
148.141
20
-115.188
11
147.977
21
-115.038
0
LINE
8
BLACK
6
CONTINUOUS
10
147.977
20
-115.038
11
147.787
21
-114.921
0
LINE
8
BLACK
6
CONTINUOUS
10
147.787
20
-114.921
11
147.58
21
-114.84
0
LINE
8
BLACK
6
CONTINUOUS
10
147.58
20
-114.84
11
147.58
21
-114.84
0
LINE
8
BLACK
6
CONTINUOUS
10
147.58
20
-114.84
11
147.58
21
-114.84
0
LINE
8
BLACK
6
CONTINUOUS
10
147.58
20
-114.84
11
147.361
21
-114.799
0
LINE
8
BLACK
6
CONTINUOUS
10
147.361
20
-114.799
11
147.139
21
-114.799
0
LINE
8
BLACK
6
CONTINUOUS
10
147.139
20
-114.799
11
146.92
21
-114.84
0
LINE
8
BLACK
6
CONTINUOUS
10
146.92
20
-114.84
11
146.844
21
-114.87
0
LINE
8
BLACK
6
CONTINUOUS
10
146.844
20
-114.87
11
146.713
21
-114.921
0
LINE
8
BLACK
6
CONTINUOUS
10
146.713
20
-114.921
11
146.523
21
-115.038
0
LINE
8
BLACK
6
CONTINUOUS
10
146.523
20
-115.038
11
146.523
21
-115.038
0
LINE
8
BLACK
6
CONTINUOUS
10
146.523
20
-115.038
11
146.359
21
-115.188
0
LINE
8
BLACK
6
CONTINUOUS
10
146.359
20
-115.188
11
146.225
21
-115.365
0
LINE
8
BLACK
6
CONTINUOUS
10
146.225
20
-115.365
11
146.225
21
-115.365
0
LINE
8
BLACK
6
CONTINUOUS
10
146.225
20
-115.365
11
146.129
21
-115.559
0
LINE
8
BLACK
6
CONTINUOUS
10
146.129
20
-115.559
11
146.126
21
-115.564
0
LINE
8
BLACK
6
CONTINUOUS
10
146.126
20
-115.564
11
146.065
21
-115.778
0
LINE
8
BLACK
6
CONTINUOUS
10
146.065
20
-115.778
11
146.044
21
-116
0
LINE
8
BLACK
6
CONTINUOUS
10
146.044
20
-116
11
146.065
21
-116.222
0
LINE
8
BLACK
6
CONTINUOUS
10
107.274
20
-114.22
11
107.443
21
-114.279
0
LINE
8
BLACK
6
CONTINUOUS
10
107.443
20
-114.279
11
107.594
21
-114.374
0
LINE
8
BLACK
6
CONTINUOUS
10
107.594
20
-114.374
11
107.721
21
-114.501
0
LINE
8
BLACK
6
CONTINUOUS
10
107.721
20
-114.501
11
107.816
21
-114.653
0
LINE
8
BLACK
6
CONTINUOUS
10
107.816
20
-114.653
11
107.876
21
-114.822
0
LINE
8
BLACK
6
CONTINUOUS
10
107.876
20
-114.822
11
107.896
21
-115
0
LINE
8
BLACK
6
CONTINUOUS
10
107.896
20
-115
11
107.876
21
-115.178
0
LINE
8
BLACK
6
CONTINUOUS
10
107.876
20
-115.178
11
107.816
21
-115.347
0
LINE
8
BLACK
6
CONTINUOUS
10
107.816
20
-115.347
11
107.721
21
-115.499
0
LINE
8
BLACK
6
CONTINUOUS
10
107.721
20
-115.499
11
107.594
21
-115.626
0
LINE
8
BLACK
6
CONTINUOUS
10
107.594
20
-115.626
11
107.443
21
-115.721
0
LINE
8
BLACK
6
CONTINUOUS
10
107.443
20
-115.721
11
107.274
21
-115.78
0
LINE
8
BLACK
6
CONTINUOUS
10
107.274
20
-115.78
11
107.096
21
-115.8
0
LINE
8
BLACK
6
CONTINUOUS
10
107.096
20
-115.8
11
106.918
21
-115.78
0
LINE
8
BLACK
6
CONTINUOUS
10
106.918
20
-115.78
11
106.748
21
-115.721
0
LINE
8
BLACK
6
CONTINUOUS
10
106.748
20
-115.721
11
106.597
21
-115.626
0
LINE
8
BLACK
6
CONTINUOUS
10
106.597
20
-115.626
11
106.47
21
-115.499
0
LINE
8
BLACK
6
CONTINUOUS
10
106.47
20
-115.499
11
106.375
21
-115.347
0
LINE
8
BLACK
6
CONTINUOUS
10
106.375
20
-115.347
11
106.316
21
-115.178
0
LINE
8
BLACK
6
CONTINUOUS
10
106.316
20
-115.178
11
106.295
21
-115
0
LINE
8
BLACK
6
CONTINUOUS
10
106.295
20
-115
11
106.316
21
-114.822
0
LINE
8
BLACK
6
CONTINUOUS
10
106.316
20
-114.822
11
106.375
21
-114.653
0
LINE
8
BLACK
6
CONTINUOUS
10
106.375
20
-114.653
11
106.47
21
-114.501
0
LINE
8
BLACK
6
CONTINUOUS
10
106.47
20
-114.501
11
106.597
21
-114.374
0
LINE
8
BLACK
6
CONTINUOUS
10
106.597
20
-114.374
11
106.748
21
-114.279
0
LINE
8
BLACK
6
CONTINUOUS
10
106.748
20
-114.279
11
106.918
21
-114.22
0
LINE
8
BLACK
6
CONTINUOUS
10
106.918
20
-114.22
11
107.096
21
-114.2
0
LINE
8
BLACK
6
CONTINUOUS
10
107.096
20
-114.2
11
107.274
21
-114.22
0
LINE
8
BLACK
6
CONTINUOUS
10
110.274
20
-114.22
11
110.443
21
-114.279
0
LINE
8
BLACK
6
CONTINUOUS
10
110.443
20
-114.279
11
110.594
21
-114.374
0
LINE
8
BLACK
6
CONTINUOUS
10
110.594
20
-114.374
11
110.721
21
-114.501
0
LINE
8
BLACK
6
CONTINUOUS
10
110.721
20
-114.501
11
110.816
21
-114.653
0
LINE
8
BLACK
6
CONTINUOUS
10
110.816
20
-114.653
11
110.876
21
-114.822
0
LINE
8
BLACK
6
CONTINUOUS
10
110.876
20
-114.822
11
110.896
21
-115
0
LINE
8
BLACK
6
CONTINUOUS
10
110.896
20
-115
11
110.876
21
-115.178
0
LINE
8
BLACK
6
CONTINUOUS
10
110.876
20
-115.178
11
110.816
21
-115.347
0
LINE
8
BLACK
6
CONTINUOUS
10
110.816
20
-115.347
11
110.721
21
-115.499
0
LINE
8
BLACK
6
CONTINUOUS
10
110.721
20
-115.499
11
110.594
21
-115.626
0
LINE
8
BLACK
6
CONTINUOUS
10
110.594
20
-115.626
11
110.443
21
-115.721
0
LINE
8
BLACK
6
CONTINUOUS
10
110.443
20
-115.721
11
110.274
21
-115.78
0
LINE
8
BLACK
6
CONTINUOUS
10
110.274
20
-115.78
11
110.096
21
-115.8
0
LINE
8
BLACK
6
CONTINUOUS
10
110.096
20
-115.8
11
109.918
21
-115.78
0
LINE
8
BLACK
6
CONTINUOUS
10
109.918
20
-115.78
11
109.748
21
-115.721
0
LINE
8
BLACK
6
CONTINUOUS
10
109.748
20
-115.721
11
109.597
21
-115.626
0
LINE
8
BLACK
6
CONTINUOUS
10
109.597
20
-115.626
11
109.47
21
-115.499
0
LINE
8
BLACK
6
CONTINUOUS
10
109.47
20
-115.499
11
109.375
21
-115.347
0
LINE
8
BLACK
6
CONTINUOUS
10
109.375
20
-115.347
11
109.316
21
-115.178
0
LINE
8
BLACK
6
CONTINUOUS
10
109.316
20
-115.178
11
109.295
21
-115
0
LINE
8
BLACK
6
CONTINUOUS
10
109.295
20
-115
11
109.316
21
-114.822
0
LINE
8
BLACK
6
CONTINUOUS
10
109.316
20
-114.822
11
109.375
21
-114.653
0
LINE
8
BLACK
6
CONTINUOUS
10
109.375
20
-114.653
11
109.47
21
-114.501
0
LINE
8
BLACK
6
CONTINUOUS
10
109.47
20
-114.501
11
109.597
21
-114.374
0
LINE
8
BLACK
6
CONTINUOUS
10
109.597
20
-114.374
11
109.748
21
-114.279
0
LINE
8
BLACK
6
CONTINUOUS
10
109.748
20
-114.279
11
109.918
21
-114.22
0
LINE
8
BLACK
6
CONTINUOUS
10
109.918
20
-114.22
11
110.096
21
-114.2
0
LINE
8
BLACK
6
CONTINUOUS
10
110.096
20
-114.2
11
110.274
21
-114.22
0
LINE
8
BLACK
6
CONTINUOUS
10
119.673
20
-114.3
11
119.68
21
-114.25
0
LINE
8
BLACK
6
CONTINUOUS
10
119.68
20
-114.25
11
119.68
21
-114.25
0
LINE
8
BLACK
6
CONTINUOUS
10
119.68
20
-114.25
11
119.662
21
-114.122
0
LINE
8
BLACK
6
CONTINUOUS
10
119.662
20
-114.122
11
119.631
21
-114.054
0
LINE
8
BLACK
6
CONTINUOUS
10
119.631
20
-114.054
11
119.608
21
-114.004
0
LINE
8
BLACK
6
CONTINUOUS
10
119.608
20
-114.004
11
119.523
21
-113.906
0
LINE
8
BLACK
6
CONTINUOUS
10
119.523
20
-113.906
11
119.523
21
-113.906
0
LINE
8
BLACK
6
CONTINUOUS
10
119.523
20
-113.906
11
119.523
21
-113.906
0
LINE
8
BLACK
6
CONTINUOUS
10
119.523
20
-113.906
11
119.414
21
-113.836
0
LINE
8
BLACK
6
CONTINUOUS
10
119.414
20
-113.836
11
119.414
21
-113.836
0
LINE
8
BLACK
6
CONTINUOUS
10
119.414
20
-113.836
11
119.414
21
-113.836
0
LINE
8
BLACK
6
CONTINUOUS
10
119.414
20
-113.836
11
119.414
21
-113.836
0
LINE
8
BLACK
6
CONTINUOUS
10
119.414
20
-113.836
11
119.29
21
-113.799
0
LINE
8
BLACK
6
CONTINUOUS
10
119.29
20
-113.799
11
119.29
21
-113.799
0
LINE
8
BLACK
6
CONTINUOUS
10
119.29
20
-113.799
11
119.16
21
-113.799
0
LINE
8
BLACK
6
CONTINUOUS
10
119.16
20
-113.799
11
119.16
21
-113.799
0
LINE
8
BLACK
6
CONTINUOUS
10
119.16
20
-113.799
11
119.036
21
-113.836
0
LINE
8
BLACK
6
CONTINUOUS
10
119.036
20
-113.836
11
119.036
21
-113.836
0
LINE
8
BLACK
6
CONTINUOUS
10
119.036
20
-113.836
11
118.927
21
-113.906
0
LINE
8
BLACK
6
CONTINUOUS
10
118.927
20
-113.906
11
118.842
21
-114.004
0
LINE
8
BLACK
6
CONTINUOUS
10
118.842
20
-114.004
11
118.788
21
-114.122
0
LINE
8
BLACK
6
CONTINUOUS
10
118.788
20
-114.122
11
118.77
21
-114.25
0
LINE
8
BLACK
6
CONTINUOUS
10
118.77
20
-114.25
11
118.77
21
-114.25
0
LINE
8
BLACK
6
CONTINUOUS
10
118.77
20
-114.25
11
118.788
21
-114.378
0
LINE
8
BLACK
6
CONTINUOUS
10
118.788
20
-114.378
11
118.819
21
-114.446
0
LINE
8
BLACK
6
CONTINUOUS
10
118.819
20
-114.446
11
118.842
21
-114.496
0
LINE
8
BLACK
6
CONTINUOUS
10
118.842
20
-114.496
11
118.885
21
-114.546
0
LINE
8
BLACK
6
CONTINUOUS
10
118.885
20
-114.546
11
118.927
21
-114.594
0
LINE
8
BLACK
6
CONTINUOUS
10
118.927
20
-114.594
11
119.015
21
-114.65
0
LINE
8
BLACK
6
CONTINUOUS
10
119.015
20
-114.65
11
119.036
21
-114.664
0
LINE
8
BLACK
6
CONTINUOUS
10
119.036
20
-114.664
11
119.16
21
-114.7
0
LINE
8
BLACK
6
CONTINUOUS
10
119.16
20
-114.7
11
119.16
21
-114.7
0
LINE
8
BLACK
6
CONTINUOUS
10
119.16
20
-114.7
11
119.29
21
-114.7
0
LINE
8
BLACK
6
CONTINUOUS
10
119.29
20
-114.7
11
119.29
21
-114.7
0
LINE
8
BLACK
6
CONTINUOUS
10
119.29
20
-114.7
11
119.414
21
-114.664
0
LINE
8
BLACK
6
CONTINUOUS
10
119.414
20
-114.664
11
119.523
21
-114.594
0
LINE
8
BLACK
6
CONTINUOUS
10
119.523
20
-114.594
11
119.608
21
-114.496
0
LINE
8
BLACK
6
CONTINUOUS
10
119.608
20
-114.496
11
119.662
21
-114.378
0
LINE
8
BLACK
6
CONTINUOUS
10
119.662
20
-114.378
11
119.673
21
-114.3
0
LINE
8
BLACK
6
CONTINUOUS
10
119.673
20
-114.3
11
119.673
21
-114.3
0
LINE
8
BLACK
6
CONTINUOUS
10
117.096
20
-114.069
11
117.177
21
-114.123
0
LINE
8
BLACK
6
CONTINUOUS
10
117.177
20
-114.123
11
117.231
21
-114.204
0
LINE
8
BLACK
6
CONTINUOUS
10
117.231
20
-114.204
11
117.25
21
-114.3
0
LINE
8
BLACK
6
CONTINUOUS
10
117.25
20
-114.3
11
117.231
21
-114.396
0
LINE
8
BLACK
6
CONTINUOUS
10
117.231
20
-114.396
11
117.177
21
-114.477
0
LINE
8
BLACK
6
CONTINUOUS
10
117.177
20
-114.477
11
117.096
21
-114.531
0
LINE
8
BLACK
6
CONTINUOUS
10
117.096
20
-114.531
11
117
21
-114.55
0
LINE
8
BLACK
6
CONTINUOUS
10
117
20
-114.55
11
116.904
21
-114.531
0
LINE
8
BLACK
6
CONTINUOUS
10
116.904
20
-114.531
11
116.823
21
-114.477
0
LINE
8
BLACK
6
CONTINUOUS
10
116.823
20
-114.477
11
116.769
21
-114.396
0
LINE
8
BLACK
6
CONTINUOUS
10
116.769
20
-114.396
11
116.75
21
-114.3
0
LINE
8
BLACK
6
CONTINUOUS
10
116.75
20
-114.3
11
116.769
21
-114.204
0
LINE
8
BLACK
6
CONTINUOUS
10
116.769
20
-114.204
11
116.823
21
-114.123
0
LINE
8
BLACK
6
CONTINUOUS
10
116.823
20
-114.123
11
116.904
21
-114.069
0
LINE
8
BLACK
6
CONTINUOUS
10
116.904
20
-114.069
11
117
21
-114.05
0
LINE
8
BLACK
6
CONTINUOUS
10
117
20
-114.05
11
117.096
21
-114.069
0
LINE
8
BLACK
6
CONTINUOUS
10
121.663
20
-114.428
11
121.694
21
-114.496
0
LINE
8
BLACK
6
CONTINUOUS
10
121.694
20
-114.496
11
121.717
21
-114.546
0
LINE
8
BLACK
6
CONTINUOUS
10
121.717
20
-114.546
11
121.777
21
-114.615
0
LINE
8
BLACK
6
CONTINUOUS
10
121.777
20
-114.615
11
121.802
21
-114.644
0
LINE
8
BLACK
6
CONTINUOUS
10
121.802
20
-114.644
11
121.89
21
-114.7
0
LINE
8
BLACK
6
CONTINUOUS
10
121.89
20
-114.7
11
121.911
21
-114.714
0
LINE
8
BLACK
6
CONTINUOUS
10
121.911
20
-114.714
11
122.035
21
-114.75
0
LINE
8
BLACK
6
CONTINUOUS
10
122.035
20
-114.75
11
122.035
21
-114.75
0
LINE
8
BLACK
6
CONTINUOUS
10
122.035
20
-114.75
11
122.165
21
-114.75
0
LINE
8
BLACK
6
CONTINUOUS
10
122.165
20
-114.75
11
122.165
21
-114.75
0
LINE
8
BLACK
6
CONTINUOUS
10
122.165
20
-114.75
11
122.289
21
-114.714
0
LINE
8
BLACK
6
CONTINUOUS
10
122.289
20
-114.714
11
122.398
21
-114.644
0
LINE
8
BLACK
6
CONTINUOUS
10
122.398
20
-114.644
11
122.483
21
-114.546
0
LINE
8
BLACK
6
CONTINUOUS
10
122.483
20
-114.546
11
122.537
21
-114.428
0
LINE
8
BLACK
6
CONTINUOUS
10
122.537
20
-114.428
11
122.548
21
-114.35
0
LINE
8
BLACK
6
CONTINUOUS
10
122.548
20
-114.35
11
122.555
21
-114.3
0
LINE
8
BLACK
6
CONTINUOUS
10
122.555
20
-114.3
11
122.555
21
-114.3
0
LINE
8
BLACK
6
CONTINUOUS
10
122.555
20
-114.3
11
122.537
21
-114.172
0
LINE
8
BLACK
6
CONTINUOUS
10
122.537
20
-114.172
11
122.491
21
-114.071
0
LINE
8
BLACK
6
CONTINUOUS
10
122.491
20
-114.071
11
122.483
21
-114.054
0
LINE
8
BLACK
6
CONTINUOUS
10
122.483
20
-114.054
11
122.398
21
-113.956
0
LINE
8
BLACK
6
CONTINUOUS
10
122.398
20
-113.956
11
122.398
21
-113.956
0
LINE
8
BLACK
6
CONTINUOUS
10
122.398
20
-113.956
11
122.398
21
-113.956
0
LINE
8
BLACK
6
CONTINUOUS
10
122.398
20
-113.956
11
122.311
21
-113.9
0
LINE
8
BLACK
6
CONTINUOUS
10
122.311
20
-113.9
11
122.289
21
-113.886
0
LINE
8
BLACK
6
CONTINUOUS
10
122.289
20
-113.886
11
122.289
21
-113.886
0
LINE
8
BLACK
6
CONTINUOUS
10
122.289
20
-113.886
11
122.289
21
-113.886
0
LINE
8
BLACK
6
CONTINUOUS
10
122.289
20
-113.886
11
122.289
21
-113.886
0
LINE
8
BLACK
6
CONTINUOUS
10
122.289
20
-113.886
11
122.165
21
-113.849
0
LINE
8
BLACK
6
CONTINUOUS
10
122.165
20
-113.849
11
122.165
21
-113.849
0
LINE
8
BLACK
6
CONTINUOUS
10
122.165
20
-113.849
11
122.035
21
-113.849
0
LINE
8
BLACK
6
CONTINUOUS
10
122.035
20
-113.849
11
122.035
21
-113.849
0
LINE
8
BLACK
6
CONTINUOUS
10
122.035
20
-113.849
11
121.911
21
-113.886
0
LINE
8
BLACK
6
CONTINUOUS
10
121.911
20
-113.886
11
121.911
21
-113.886
0
LINE
8
BLACK
6
CONTINUOUS
10
121.911
20
-113.886
11
121.802
21
-113.956
0
LINE
8
BLACK
6
CONTINUOUS
10
121.802
20
-113.956
11
121.717
21
-114.054
0
LINE
8
BLACK
6
CONTINUOUS
10
121.717
20
-114.054
11
121.663
21
-114.172
0
LINE
8
BLACK
6
CONTINUOUS
10
121.663
20
-114.172
11
121.645
21
-114.3
0
LINE
8
BLACK
6
CONTINUOUS
10
121.645
20
-114.3
11
121.645
21
-114.3
0
LINE
8
BLACK
6
CONTINUOUS
10
121.645
20
-114.3
11
121.663
21
-114.428
0
LINE
8
BLACK
6
CONTINUOUS
10
114.196
20
-113.969
11
114.277
21
-114.023
0
LINE
8
BLACK
6
CONTINUOUS
10
114.277
20
-114.023
11
114.331
21
-114.104
0
LINE
8
BLACK
6
CONTINUOUS
10
114.331
20
-114.104
11
114.35
21
-114.2
0
LINE
8
BLACK
6
CONTINUOUS
10
114.35
20
-114.2
11
114.331
21
-114.296
0
LINE
8
BLACK
6
CONTINUOUS
10
114.331
20
-114.296
11
114.277
21
-114.377
0
LINE
8
BLACK
6
CONTINUOUS
10
114.277
20
-114.377
11
114.196
21
-114.431
0
LINE
8
BLACK
6
CONTINUOUS
10
114.196
20
-114.431
11
114.1
21
-114.45
0
LINE
8
BLACK
6
CONTINUOUS
10
114.1
20
-114.45
11
114.004
21
-114.431
0
LINE
8
BLACK
6
CONTINUOUS
10
114.004
20
-114.431
11
113.923
21
-114.377
0
LINE
8
BLACK
6
CONTINUOUS
10
113.923
20
-114.377
11
113.869
21
-114.296
0
LINE
8
BLACK
6
CONTINUOUS
10
113.869
20
-114.296
11
113.85
21
-114.2
0
LINE
8
BLACK
6
CONTINUOUS
10
113.85
20
-114.2
11
113.869
21
-114.104
0
LINE
8
BLACK
6
CONTINUOUS
10
113.869
20
-114.104
11
113.923
21
-114.023
0
LINE
8
BLACK
6
CONTINUOUS
10
113.923
20
-114.023
11
114.004
21
-113.969
0
LINE
8
BLACK
6
CONTINUOUS
10
114.004
20
-113.969
11
114.1
21
-113.95
0
LINE
8
BLACK
6
CONTINUOUS
10
114.1
20
-113.95
11
114.196
21
-113.969
0
LINE
8
BLACK
6
CONTINUOUS
10
132.896
20
-113.669
11
132.977
21
-113.723
0
LINE
8
BLACK
6
CONTINUOUS
10
132.977
20
-113.723
11
133.031
21
-113.804
0
LINE
8
BLACK
6
CONTINUOUS
10
133.031
20
-113.804
11
133.05
21
-113.9
0
LINE
8
BLACK
6
CONTINUOUS
10
133.05
20
-113.9
11
133.031
21
-113.996
0
LINE
8
BLACK
6
CONTINUOUS
10
133.031
20
-113.996
11
132.977
21
-114.077
0
LINE
8
BLACK
6
CONTINUOUS
10
132.977
20
-114.077
11
132.896
21
-114.131
0
LINE
8
BLACK
6
CONTINUOUS
10
132.896
20
-114.131
11
132.8
21
-114.15
0
LINE
8
BLACK
6
CONTINUOUS
10
132.8
20
-114.15
11
132.704
21
-114.131
0
LINE
8
BLACK
6
CONTINUOUS
10
132.704
20
-114.131
11
132.623
21
-114.077
0
LINE
8
BLACK
6
CONTINUOUS
10
132.623
20
-114.077
11
132.569
21
-113.996
0
LINE
8
BLACK
6
CONTINUOUS
10
132.569
20
-113.996
11
132.55
21
-113.9
0
LINE
8
BLACK
6
CONTINUOUS
10
132.55
20
-113.9
11
132.569
21
-113.804
0
LINE
8
BLACK
6
CONTINUOUS
10
132.569
20
-113.804
11
132.623
21
-113.723
0
LINE
8
BLACK
6
CONTINUOUS
10
132.623
20
-113.723
11
132.704
21
-113.669
0
LINE
8
BLACK
6
CONTINUOUS
10
132.704
20
-113.669
11
132.8
21
-113.65
0
LINE
8
BLACK
6
CONTINUOUS
10
132.8
20
-113.65
11
132.896
21
-113.669
0
LINE
8
BLACK
6
CONTINUOUS
10
107.274
20
-111.72
11
107.443
21
-111.779
0
LINE
8
BLACK
6
CONTINUOUS
10
107.443
20
-111.779
11
107.594
21
-111.874
0
LINE
8
BLACK
6
CONTINUOUS
10
107.594
20
-111.874
11
107.721
21
-112.001
0
LINE
8
BLACK
6
CONTINUOUS
10
107.721
20
-112.001
11
107.816
21
-112.153
0
LINE
8
BLACK
6
CONTINUOUS
10
107.816
20
-112.153
11
107.876
21
-112.322
0
LINE
8
BLACK
6
CONTINUOUS
10
107.876
20
-112.322
11
107.896
21
-112.5
0
LINE
8
BLACK
6
CONTINUOUS
10
107.896
20
-112.5
11
107.876
21
-112.678
0
LINE
8
BLACK
6
CONTINUOUS
10
107.876
20
-112.678
11
107.816
21
-112.847
0
LINE
8
BLACK
6
CONTINUOUS
10
107.816
20
-112.847
11
107.721
21
-112.999
0
LINE
8
BLACK
6
CONTINUOUS
10
107.721
20
-112.999
11
107.594
21
-113.126
0
LINE
8
BLACK
6
CONTINUOUS
10
107.594
20
-113.126
11
107.443
21
-113.221
0
LINE
8
BLACK
6
CONTINUOUS
10
107.443
20
-113.221
11
107.274
21
-113.28
0
LINE
8
BLACK
6
CONTINUOUS
10
107.274
20
-113.28
11
107.096
21
-113.3
0
LINE
8
BLACK
6
CONTINUOUS
10
107.096
20
-113.3
11
106.918
21
-113.28
0
LINE
8
BLACK
6
CONTINUOUS
10
106.918
20
-113.28
11
106.748
21
-113.221
0
LINE
8
BLACK
6
CONTINUOUS
10
106.748
20
-113.221
11
106.597
21
-113.126
0
LINE
8
BLACK
6
CONTINUOUS
10
106.597
20
-113.126
11
106.47
21
-112.999
0
LINE
8
BLACK
6
CONTINUOUS
10
106.47
20
-112.999
11
106.375
21
-112.847
0
LINE
8
BLACK
6
CONTINUOUS
10
106.375
20
-112.847
11
106.316
21
-112.678
0
LINE
8
BLACK
6
CONTINUOUS
10
106.316
20
-112.678
11
106.295
21
-112.5
0
LINE
8
BLACK
6
CONTINUOUS
10
106.295
20
-112.5
11
106.316
21
-112.322
0
LINE
8
BLACK
6
CONTINUOUS
10
106.316
20
-112.322
11
106.375
21
-112.153
0
LINE
8
BLACK
6
CONTINUOUS
10
106.375
20
-112.153
11
106.47
21
-112.001
0
LINE
8
BLACK
6
CONTINUOUS
10
106.47
20
-112.001
11
106.597
21
-111.874
0
LINE
8
BLACK
6
CONTINUOUS
10
106.597
20
-111.874
11
106.748
21
-111.779
0
LINE
8
BLACK
6
CONTINUOUS
10
106.748
20
-111.779
11
106.918
21
-111.72
0
LINE
8
BLACK
6
CONTINUOUS
10
106.918
20
-111.72
11
107.096
21
-111.7
0
LINE
8
BLACK
6
CONTINUOUS
10
107.096
20
-111.7
11
107.274
21
-111.72
0
LINE
8
BLACK
6
CONTINUOUS
10
110.274
20
-111.72
11
110.443
21
-111.779
0
LINE
8
BLACK
6
CONTINUOUS
10
110.443
20
-111.779
11
110.594
21
-111.874
0
LINE
8
BLACK
6
CONTINUOUS
10
110.594
20
-111.874
11
110.721
21
-112.001
0
LINE
8
BLACK
6
CONTINUOUS
10
110.721
20
-112.001
11
110.816
21
-112.153
0
LINE
8
BLACK
6
CONTINUOUS
10
110.816
20
-112.153
11
110.876
21
-112.322
0
LINE
8
BLACK
6
CONTINUOUS
10
110.876
20
-112.322
11
110.896
21
-112.5
0
LINE
8
BLACK
6
CONTINUOUS
10
110.896
20
-112.5
11
110.876
21
-112.678
0
LINE
8
BLACK
6
CONTINUOUS
10
110.876
20
-112.678
11
110.816
21
-112.847
0
LINE
8
BLACK
6
CONTINUOUS
10
110.816
20
-112.847
11
110.721
21
-112.999
0
LINE
8
BLACK
6
CONTINUOUS
10
110.721
20
-112.999
11
110.594
21
-113.126
0
LINE
8
BLACK
6
CONTINUOUS
10
110.594
20
-113.126
11
110.443
21
-113.221
0
LINE
8
BLACK
6
CONTINUOUS
10
110.443
20
-113.221
11
110.274
21
-113.28
0
LINE
8
BLACK
6
CONTINUOUS
10
110.274
20
-113.28
11
110.096
21
-113.3
0
LINE
8
BLACK
6
CONTINUOUS
10
110.096
20
-113.3
11
109.918
21
-113.28
0
LINE
8
BLACK
6
CONTINUOUS
10
109.918
20
-113.28
11
109.748
21
-113.221
0
LINE
8
BLACK
6
CONTINUOUS
10
109.748
20
-113.221
11
109.597
21
-113.126
0
LINE
8
BLACK
6
CONTINUOUS
10
109.597
20
-113.126
11
109.47
21
-112.999
0
LINE
8
BLACK
6
CONTINUOUS
10
109.47
20
-112.999
11
109.375
21
-112.847
0
LINE
8
BLACK
6
CONTINUOUS
10
109.375
20
-112.847
11
109.316
21
-112.678
0
LINE
8
BLACK
6
CONTINUOUS
10
109.316
20
-112.678
11
109.295
21
-112.5
0
LINE
8
BLACK
6
CONTINUOUS
10
109.295
20
-112.5
11
109.316
21
-112.322
0
LINE
8
BLACK
6
CONTINUOUS
10
109.316
20
-112.322
11
109.375
21
-112.153
0
LINE
8
BLACK
6
CONTINUOUS
10
109.375
20
-112.153
11
109.47
21
-112.001
0
LINE
8
BLACK
6
CONTINUOUS
10
109.47
20
-112.001
11
109.597
21
-111.874
0
LINE
8
BLACK
6
CONTINUOUS
10
109.597
20
-111.874
11
109.748
21
-111.779
0
LINE
8
BLACK
6
CONTINUOUS
10
109.748
20
-111.779
11
109.918
21
-111.72
0
LINE
8
BLACK
6
CONTINUOUS
10
109.918
20
-111.72
11
110.096
21
-111.7
0
LINE
8
BLACK
6
CONTINUOUS
10
110.096
20
-111.7
11
110.274
21
-111.72
0
LINE
8
BLACK
6
CONTINUOUS
10
130.781
20
-111.526
11
130.781
21
-111.526
0
LINE
8
BLACK
6
CONTINUOUS
10
130.781
20
-111.526
11
130.672
21
-111.596
0
LINE
8
BLACK
6
CONTINUOUS
10
130.672
20
-111.596
11
130.587
21
-111.694
0
LINE
8
BLACK
6
CONTINUOUS
10
130.587
20
-111.694
11
130.534
21
-111.812
0
LINE
8
BLACK
6
CONTINUOUS
10
130.534
20
-111.812
11
130.515
21
-111.94
0
LINE
8
BLACK
6
CONTINUOUS
10
130.515
20
-111.94
11
130.515
21
-111.94
0
LINE
8
BLACK
6
CONTINUOUS
10
130.515
20
-111.94
11
130.534
21
-112.069
0
LINE
8
BLACK
6
CONTINUOUS
10
130.534
20
-112.069
11
130.587
21
-112.186
0
LINE
8
BLACK
6
CONTINUOUS
10
130.587
20
-112.186
11
130.587
21
-112.186
0
LINE
8
BLACK
6
CONTINUOUS
10
130.587
20
-112.186
11
130.672
21
-112.284
0
LINE
8
BLACK
6
CONTINUOUS
10
130.672
20
-112.284
11
130.672
21
-112.284
0
LINE
8
BLACK
6
CONTINUOUS
10
130.672
20
-112.284
11
130.702
21
-112.304
0
LINE
8
BLACK
6
CONTINUOUS
10
130.702
20
-112.304
11
130.781
21
-112.354
0
LINE
8
BLACK
6
CONTINUOUS
10
130.781
20
-112.354
11
130.905
21
-112.391
0
LINE
8
BLACK
6
CONTINUOUS
10
130.905
20
-112.391
11
130.905
21
-112.391
0
LINE
8
BLACK
6
CONTINUOUS
10
130.905
20
-112.391
11
131.035
21
-112.391
0
LINE
8
BLACK
6
CONTINUOUS
10
131.035
20
-112.391
11
131.035
21
-112.391
0
LINE
8
BLACK
6
CONTINUOUS
10
131.035
20
-112.391
11
131.159
21
-112.354
0
LINE
8
BLACK
6
CONTINUOUS
10
131.159
20
-112.354
11
131.268
21
-112.284
0
LINE
8
BLACK
6
CONTINUOUS
10
131.268
20
-112.284
11
131.353
21
-112.186
0
LINE
8
BLACK
6
CONTINUOUS
10
131.353
20
-112.186
11
131.407
21
-112.069
0
LINE
8
BLACK
6
CONTINUOUS
10
131.407
20
-112.069
11
131.425
21
-111.94
0
LINE
8
BLACK
6
CONTINUOUS
10
131.425
20
-111.94
11
131.407
21
-111.812
0
LINE
8
BLACK
6
CONTINUOUS
10
131.407
20
-111.812
11
131.353
21
-111.694
0
LINE
8
BLACK
6
CONTINUOUS
10
131.353
20
-111.694
11
131.268
21
-111.596
0
LINE
8
BLACK
6
CONTINUOUS
10
131.268
20
-111.596
11
131.268
21
-111.596
0
LINE
8
BLACK
6
CONTINUOUS
10
131.268
20
-111.596
11
131.268
21
-111.596
0
LINE
8
BLACK
6
CONTINUOUS
10
131.268
20
-111.596
11
131.159
21
-111.526
0
LINE
8
BLACK
6
CONTINUOUS
10
131.159
20
-111.526
11
131.159
21
-111.526
0
LINE
8
BLACK
6
CONTINUOUS
10
131.159
20
-111.526
11
131.159
21
-111.526
0
LINE
8
BLACK
6
CONTINUOUS
10
131.159
20
-111.526
11
131.159
21
-111.526
0
LINE
8
BLACK
6
CONTINUOUS
10
131.159
20
-111.526
11
131.035
21
-111.49
0
LINE
8
BLACK
6
CONTINUOUS
10
131.035
20
-111.49
11
131.035
21
-111.49
0
LINE
8
BLACK
6
CONTINUOUS
10
131.035
20
-111.49
11
130.905
21
-111.49
0
LINE
8
BLACK
6
CONTINUOUS
10
130.905
20
-111.49
11
130.905
21
-111.49
0
LINE
8
BLACK
6
CONTINUOUS
10
130.905
20
-111.49
11
130.781
21
-111.526
0
LINE
8
BLACK
6
CONTINUOUS
10
141.251
20
-110.916
11
141.251
21
-110.916
0
LINE
8
BLACK
6
CONTINUOUS
10
141.251
20
-110.916
11
141.142
21
-110.986
0
LINE
8
BLACK
6
CONTINUOUS
10
141.142
20
-110.986
11
141.057
21
-111.084
0
LINE
8
BLACK
6
CONTINUOUS
10
141.057
20
-111.084
11
141.003
21
-111.202
0
LINE
8
BLACK
6
CONTINUOUS
10
141.003
20
-111.202
11
140.985
21
-111.33
0
LINE
8
BLACK
6
CONTINUOUS
10
140.985
20
-111.33
11
140.985
21
-111.33
0
LINE
8
BLACK
6
CONTINUOUS
10
140.985
20
-111.33
11
141.003
21
-111.458
0
LINE
8
BLACK
6
CONTINUOUS
10
141.003
20
-111.458
11
141.034
21
-111.526
0
LINE
8
BLACK
6
CONTINUOUS
10
141.034
20
-111.526
11
141.057
21
-111.576
0
LINE
8
BLACK
6
CONTINUOUS
10
141.057
20
-111.576
11
141.133
21
-111.664
0
LINE
8
BLACK
6
CONTINUOUS
10
141.133
20
-111.664
11
141.142
21
-111.674
0
LINE
8
BLACK
6
CONTINUOUS
10
141.142
20
-111.674
11
141.251
21
-111.744
0
LINE
8
BLACK
6
CONTINUOUS
10
141.251
20
-111.744
11
141.251
21
-111.744
0
LINE
8
BLACK
6
CONTINUOUS
10
141.251
20
-111.744
11
141.375
21
-111.78
0
LINE
8
BLACK
6
CONTINUOUS
10
141.375
20
-111.78
11
141.375
21
-111.78
0
LINE
8
BLACK
6
CONTINUOUS
10
141.375
20
-111.78
11
141.505
21
-111.78
0
LINE
8
BLACK
6
CONTINUOUS
10
141.505
20
-111.78
11
141.505
21
-111.78
0
LINE
8
BLACK
6
CONTINUOUS
10
141.505
20
-111.78
11
141.629
21
-111.744
0
LINE
8
BLACK
6
CONTINUOUS
10
141.629
20
-111.744
11
141.738
21
-111.674
0
LINE
8
BLACK
6
CONTINUOUS
10
141.738
20
-111.674
11
141.823
21
-111.576
0
LINE
8
BLACK
6
CONTINUOUS
10
141.823
20
-111.576
11
141.877
21
-111.458
0
LINE
8
BLACK
6
CONTINUOUS
10
141.877
20
-111.458
11
141.895
21
-111.33
0
LINE
8
BLACK
6
CONTINUOUS
10
141.895
20
-111.33
11
141.877
21
-111.202
0
LINE
8
BLACK
6
CONTINUOUS
10
141.877
20
-111.202
11
141.823
21
-111.084
0
LINE
8
BLACK
6
CONTINUOUS
10
141.823
20
-111.084
11
141.738
21
-110.986
0
LINE
8
BLACK
6
CONTINUOUS
10
141.738
20
-110.986
11
141.738
21
-110.986
0
LINE
8
BLACK
6
CONTINUOUS
10
141.738
20
-110.986
11
141.738
21
-110.986
0
LINE
8
BLACK
6
CONTINUOUS
10
141.738
20
-110.986
11
141.629
21
-110.916
0
LINE
8
BLACK
6
CONTINUOUS
10
141.629
20
-110.916
11
141.629
21
-110.916
0
LINE
8
BLACK
6
CONTINUOUS
10
141.629
20
-110.916
11
141.629
21
-110.916
0
LINE
8
BLACK
6
CONTINUOUS
10
141.629
20
-110.916
11
141.629
21
-110.916
0
LINE
8
BLACK
6
CONTINUOUS
10
141.629
20
-110.916
11
141.505
21
-110.879
0
LINE
8
BLACK
6
CONTINUOUS
10
141.505
20
-110.879
11
141.505
21
-110.879
0
LINE
8
BLACK
6
CONTINUOUS
10
141.505
20
-110.879
11
141.375
21
-110.879
0
LINE
8
BLACK
6
CONTINUOUS
10
141.375
20
-110.879
11
141.375
21
-110.879
0
LINE
8
BLACK
6
CONTINUOUS
10
141.375
20
-110.879
11
141.251
21
-110.916
0
LINE
8
BLACK
6
CONTINUOUS
10
107.274
20
-109.22
11
107.443
21
-109.279
0
LINE
8
BLACK
6
CONTINUOUS
10
107.443
20
-109.279
11
107.594
21
-109.374
0
LINE
8
BLACK
6
CONTINUOUS
10
107.594
20
-109.374
11
107.721
21
-109.501
0
LINE
8
BLACK
6
CONTINUOUS
10
107.721
20
-109.501
11
107.816
21
-109.653
0
LINE
8
BLACK
6
CONTINUOUS
10
107.816
20
-109.653
11
107.876
21
-109.822
0
LINE
8
BLACK
6
CONTINUOUS
10
107.876
20
-109.822
11
107.896
21
-110
0
LINE
8
BLACK
6
CONTINUOUS
10
107.896
20
-110
11
107.876
21
-110.178
0
LINE
8
BLACK
6
CONTINUOUS
10
107.876
20
-110.178
11
107.816
21
-110.347
0
LINE
8
BLACK
6
CONTINUOUS
10
107.816
20
-110.347
11
107.721
21
-110.499
0
LINE
8
BLACK
6
CONTINUOUS
10
107.721
20
-110.499
11
107.594
21
-110.626
0
LINE
8
BLACK
6
CONTINUOUS
10
107.594
20
-110.626
11
107.443
21
-110.721
0
LINE
8
BLACK
6
CONTINUOUS
10
107.443
20
-110.721
11
107.274
21
-110.78
0
LINE
8
BLACK
6
CONTINUOUS
10
107.274
20
-110.78
11
107.096
21
-110.8
0
LINE
8
BLACK
6
CONTINUOUS
10
107.096
20
-110.8
11
106.918
21
-110.78
0
LINE
8
BLACK
6
CONTINUOUS
10
106.918
20
-110.78
11
106.748
21
-110.721
0
LINE
8
BLACK
6
CONTINUOUS
10
106.748
20
-110.721
11
106.597
21
-110.626
0
LINE
8
BLACK
6
CONTINUOUS
10
106.597
20
-110.626
11
106.47
21
-110.499
0
LINE
8
BLACK
6
CONTINUOUS
10
106.47
20
-110.499
11
106.375
21
-110.347
0
LINE
8
BLACK
6
CONTINUOUS
10
106.375
20
-110.347
11
106.316
21
-110.178
0
LINE
8
BLACK
6
CONTINUOUS
10
106.316
20
-110.178
11
106.295
21
-110
0
LINE
8
BLACK
6
CONTINUOUS
10
106.295
20
-110
11
106.316
21
-109.822
0
LINE
8
BLACK
6
CONTINUOUS
10
106.316
20
-109.822
11
106.375
21
-109.653
0
LINE
8
BLACK
6
CONTINUOUS
10
106.375
20
-109.653
11
106.47
21
-109.501
0
LINE
8
BLACK
6
CONTINUOUS
10
106.47
20
-109.501
11
106.597
21
-109.374
0
LINE
8
BLACK
6
CONTINUOUS
10
106.597
20
-109.374
11
106.748
21
-109.279
0
LINE
8
BLACK
6
CONTINUOUS
10
106.748
20
-109.279
11
106.918
21
-109.22
0
LINE
8
BLACK
6
CONTINUOUS
10
106.918
20
-109.22
11
107.096
21
-109.2
0
LINE
8
BLACK
6
CONTINUOUS
10
107.096
20
-109.2
11
107.274
21
-109.22
0
LINE
8
BLACK
6
CONTINUOUS
10
110.274
20
-109.22
11
110.443
21
-109.279
0
LINE
8
BLACK
6
CONTINUOUS
10
110.443
20
-109.279
11
110.594
21
-109.374
0
LINE
8
BLACK
6
CONTINUOUS
10
110.594
20
-109.374
11
110.721
21
-109.501
0
LINE
8
BLACK
6
CONTINUOUS
10
110.721
20
-109.501
11
110.816
21
-109.653
0
LINE
8
BLACK
6
CONTINUOUS
10
110.816
20
-109.653
11
110.876
21
-109.822
0
LINE
8
BLACK
6
CONTINUOUS
10
110.876
20
-109.822
11
110.896
21
-110
0
LINE
8
BLACK
6
CONTINUOUS
10
110.896
20
-110
11
110.876
21
-110.178
0
LINE
8
BLACK
6
CONTINUOUS
10
110.876
20
-110.178
11
110.816
21
-110.347
0
LINE
8
BLACK
6
CONTINUOUS
10
110.816
20
-110.347
11
110.721
21
-110.499
0
LINE
8
BLACK
6
CONTINUOUS
10
110.721
20
-110.499
11
110.594
21
-110.626
0
LINE
8
BLACK
6
CONTINUOUS
10
110.594
20
-110.626
11
110.443
21
-110.721
0
LINE
8
BLACK
6
CONTINUOUS
10
110.443
20
-110.721
11
110.274
21
-110.78
0
LINE
8
BLACK
6
CONTINUOUS
10
110.274
20
-110.78
11
110.096
21
-110.8
0
LINE
8
BLACK
6
CONTINUOUS
10
110.096
20
-110.8
11
109.918
21
-110.78
0
LINE
8
BLACK
6
CONTINUOUS
10
109.918
20
-110.78
11
109.748
21
-110.721
0
LINE
8
BLACK
6
CONTINUOUS
10
109.748
20
-110.721
11
109.597
21
-110.626
0
LINE
8
BLACK
6
CONTINUOUS
10
109.597
20
-110.626
11
109.47
21
-110.499
0
LINE
8
BLACK
6
CONTINUOUS
10
109.47
20
-110.499
11
109.375
21
-110.347
0
LINE
8
BLACK
6
CONTINUOUS
10
109.375
20
-110.347
11
109.316
21
-110.178
0
LINE
8
BLACK
6
CONTINUOUS
10
109.316
20
-110.178
11
109.295
21
-110
0
LINE
8
BLACK
6
CONTINUOUS
10
109.295
20
-110
11
109.316
21
-109.822
0
LINE
8
BLACK
6
CONTINUOUS
10
109.316
20
-109.822
11
109.375
21
-109.653
0
LINE
8
BLACK
6
CONTINUOUS
10
109.375
20
-109.653
11
109.47
21
-109.501
0
LINE
8
BLACK
6
CONTINUOUS
10
109.47
20
-109.501
11
109.597
21
-109.374
0
LINE
8
BLACK
6
CONTINUOUS
10
109.597
20
-109.374
11
109.748
21
-109.279
0
LINE
8
BLACK
6
CONTINUOUS
10
109.748
20
-109.279
11
109.918
21
-109.22
0
LINE
8
BLACK
6
CONTINUOUS
10
109.918
20
-109.22
11
110.096
21
-109.2
0
LINE
8
BLACK
6
CONTINUOUS
10
110.096
20
-109.2
11
110.274
21
-109.22
0
LINE
8
BLACK
6
CONTINUOUS
10
176.611
20
-109.836
11
176.611
21
-109.836
0
LINE
8
BLACK
6
CONTINUOUS
10
176.611
20
-109.836
11
176.502
21
-109.906
0
LINE
8
BLACK
6
CONTINUOUS
10
176.502
20
-109.906
11
176.417
21
-110.004
0
LINE
8
BLACK
6
CONTINUOUS
10
176.417
20
-110.004
11
176.363
21
-110.122
0
LINE
8
BLACK
6
CONTINUOUS
10
176.363
20
-110.122
11
176.345
21
-110.25
0
LINE
8
BLACK
6
CONTINUOUS
10
176.345
20
-110.25
11
176.345
21
-110.25
0
LINE
8
BLACK
6
CONTINUOUS
10
176.345
20
-110.25
11
176.363
21
-110.378
0
LINE
8
BLACK
6
CONTINUOUS
10
176.363
20
-110.378
11
176.417
21
-110.496
0
LINE
8
BLACK
6
CONTINUOUS
10
176.417
20
-110.496
11
176.417
21
-110.496
0
LINE
8
BLACK
6
CONTINUOUS
10
176.417
20
-110.496
11
176.471
21
-110.559
0
LINE
8
BLACK
6
CONTINUOUS
10
176.471
20
-110.559
11
176.502
21
-110.594
0
LINE
8
BLACK
6
CONTINUOUS
10
176.502
20
-110.594
11
176.611
21
-110.664
0
LINE
8
BLACK
6
CONTINUOUS
10
176.611
20
-110.664
11
176.611
21
-110.664
0
LINE
8
BLACK
6
CONTINUOUS
10
176.611
20
-110.664
11
176.735
21
-110.7
0
LINE
8
BLACK
6
CONTINUOUS
10
176.735
20
-110.7
11
176.735
21
-110.7
0
LINE
8
BLACK
6
CONTINUOUS
10
176.735
20
-110.7
11
176.865
21
-110.7
0
LINE
8
BLACK
6
CONTINUOUS
10
176.865
20
-110.7
11
176.865
21
-110.7
0
LINE
8
BLACK
6
CONTINUOUS
10
176.865
20
-110.7
11
176.989
21
-110.664
0
LINE
8
BLACK
6
CONTINUOUS
10
176.989
20
-110.664
11
177.098
21
-110.594
0
LINE
8
BLACK
6
CONTINUOUS
10
177.098
20
-110.594
11
177.183
21
-110.496
0
LINE
8
BLACK
6
CONTINUOUS
10
177.183
20
-110.496
11
177.237
21
-110.378
0
LINE
8
BLACK
6
CONTINUOUS
10
177.237
20
-110.378
11
177.255
21
-110.25
0
LINE
8
BLACK
6
CONTINUOUS
10
177.255
20
-110.25
11
177.247
21
-110.196
0
LINE
8
BLACK
6
CONTINUOUS
10
177.247
20
-110.196
11
177.237
21
-110.122
0
LINE
8
BLACK
6
CONTINUOUS
10
177.237
20
-110.122
11
177.183
21
-110.004
0
LINE
8
BLACK
6
CONTINUOUS
10
177.183
20
-110.004
11
177.183
21
-110.004
0
LINE
8
BLACK
6
CONTINUOUS
10
177.183
20
-110.004
11
177.098
21
-109.906
0
LINE
8
BLACK
6
CONTINUOUS
10
177.098
20
-109.906
11
177.098
21
-109.906
0
LINE
8
BLACK
6
CONTINUOUS
10
177.098
20
-109.906
11
177.098
21
-109.906
0
LINE
8
BLACK
6
CONTINUOUS
10
177.098
20
-109.906
11
176.989
21
-109.836
0
LINE
8
BLACK
6
CONTINUOUS
10
176.989
20
-109.836
11
176.989
21
-109.836
0
LINE
8
BLACK
6
CONTINUOUS
10
176.989
20
-109.836
11
176.989
21
-109.836
0
LINE
8
BLACK
6
CONTINUOUS
10
176.989
20
-109.836
11
176.989
21
-109.836
0
LINE
8
BLACK
6
CONTINUOUS
10
176.989
20
-109.836
11
176.865
21
-109.799
0
LINE
8
BLACK
6
CONTINUOUS
10
176.865
20
-109.799
11
176.865
21
-109.799
0
LINE
8
BLACK
6
CONTINUOUS
10
176.865
20
-109.799
11
176.735
21
-109.799
0
LINE
8
BLACK
6
CONTINUOUS
10
176.735
20
-109.799
11
176.735
21
-109.799
0
LINE
8
BLACK
6
CONTINUOUS
10
176.735
20
-109.799
11
176.611
21
-109.836
0
LINE
8
BLACK
6
CONTINUOUS
10
136.296
20
-109.069
11
136.377
21
-109.123
0
LINE
8
BLACK
6
CONTINUOUS
10
136.377
20
-109.123
11
136.431
21
-109.204
0
LINE
8
BLACK
6
CONTINUOUS
10
136.431
20
-109.204
11
136.45
21
-109.3
0
LINE
8
BLACK
6
CONTINUOUS
10
136.45
20
-109.3
11
136.431
21
-109.396
0
LINE
8
BLACK
6
CONTINUOUS
10
136.431
20
-109.396
11
136.377
21
-109.477
0
LINE
8
BLACK
6
CONTINUOUS
10
136.377
20
-109.477
11
136.296
21
-109.531
0
LINE
8
BLACK
6
CONTINUOUS
10
136.296
20
-109.531
11
136.2
21
-109.55
0
LINE
8
BLACK
6
CONTINUOUS
10
136.2
20
-109.55
11
136.104
21
-109.531
0
LINE
8
BLACK
6
CONTINUOUS
10
136.104
20
-109.531
11
136.023
21
-109.477
0
LINE
8
BLACK
6
CONTINUOUS
10
136.023
20
-109.477
11
135.969
21
-109.396
0
LINE
8
BLACK
6
CONTINUOUS
10
135.969
20
-109.396
11
135.95
21
-109.3
0
LINE
8
BLACK
6
CONTINUOUS
10
135.95
20
-109.3
11
135.969
21
-109.204
0
LINE
8
BLACK
6
CONTINUOUS
10
135.969
20
-109.204
11
136.023
21
-109.123
0
LINE
8
BLACK
6
CONTINUOUS
10
136.023
20
-109.123
11
136.104
21
-109.069
0
LINE
8
BLACK
6
CONTINUOUS
10
136.104
20
-109.069
11
136.2
21
-109.05
0
LINE
8
BLACK
6
CONTINUOUS
10
136.2
20
-109.05
11
136.296
21
-109.069
0
LINE
8
BLACK
6
CONTINUOUS
10
136.896
20
-108.369
11
136.977
21
-108.423
0
LINE
8
BLACK
6
CONTINUOUS
10
136.977
20
-108.423
11
137.031
21
-108.504
0
LINE
8
BLACK
6
CONTINUOUS
10
137.031
20
-108.504
11
137.05
21
-108.6
0
LINE
8
BLACK
6
CONTINUOUS
10
137.05
20
-108.6
11
137.031
21
-108.696
0
LINE
8
BLACK
6
CONTINUOUS
10
137.031
20
-108.696
11
136.977
21
-108.777
0
LINE
8
BLACK
6
CONTINUOUS
10
136.977
20
-108.777
11
136.896
21
-108.831
0
LINE
8
BLACK
6
CONTINUOUS
10
136.896
20
-108.831
11
136.8
21
-108.85
0
LINE
8
BLACK
6
CONTINUOUS
10
136.8
20
-108.85
11
136.704
21
-108.831
0
LINE
8
BLACK
6
CONTINUOUS
10
136.704
20
-108.831
11
136.623
21
-108.777
0
LINE
8
BLACK
6
CONTINUOUS
10
136.623
20
-108.777
11
136.569
21
-108.696
0
LINE
8
BLACK
6
CONTINUOUS
10
136.569
20
-108.696
11
136.55
21
-108.6
0
LINE
8
BLACK
6
CONTINUOUS
10
136.55
20
-108.6
11
136.569
21
-108.504
0
LINE
8
BLACK
6
CONTINUOUS
10
136.569
20
-108.504
11
136.623
21
-108.423
0
LINE
8
BLACK
6
CONTINUOUS
10
136.623
20
-108.423
11
136.704
21
-108.369
0
LINE
8
BLACK
6
CONTINUOUS
10
136.704
20
-108.369
11
136.8
21
-108.35
0
LINE
8
BLACK
6
CONTINUOUS
10
136.8
20
-108.35
11
136.896
21
-108.369
0
LINE
8
BLACK
6
CONTINUOUS
10
107.274
20
-106.72
11
107.443
21
-106.779
0
LINE
8
BLACK
6
CONTINUOUS
10
107.443
20
-106.779
11
107.594
21
-106.874
0
LINE
8
BLACK
6
CONTINUOUS
10
107.594
20
-106.874
11
107.721
21
-107.001
0
LINE
8
BLACK
6
CONTINUOUS
10
107.721
20
-107.001
11
107.816
21
-107.153
0
LINE
8
BLACK
6
CONTINUOUS
10
107.816
20
-107.153
11
107.876
21
-107.322
0
LINE
8
BLACK
6
CONTINUOUS
10
107.876
20
-107.322
11
107.896
21
-107.5
0
LINE
8
BLACK
6
CONTINUOUS
10
107.896
20
-107.5
11
107.876
21
-107.678
0
LINE
8
BLACK
6
CONTINUOUS
10
107.876
20
-107.678
11
107.816
21
-107.847
0
LINE
8
BLACK
6
CONTINUOUS
10
107.816
20
-107.847
11
107.721
21
-107.999
0
LINE
8
BLACK
6
CONTINUOUS
10
107.721
20
-107.999
11
107.594
21
-108.126
0
LINE
8
BLACK
6
CONTINUOUS
10
107.594
20
-108.126
11
107.443
21
-108.221
0
LINE
8
BLACK
6
CONTINUOUS
10
107.443
20
-108.221
11
107.274
21
-108.28
0
LINE
8
BLACK
6
CONTINUOUS
10
107.274
20
-108.28
11
107.096
21
-108.3
0
LINE
8
BLACK
6
CONTINUOUS
10
107.096
20
-108.3
11
106.918
21
-108.28
0
LINE
8
BLACK
6
CONTINUOUS
10
106.918
20
-108.28
11
106.748
21
-108.221
0
LINE
8
BLACK
6
CONTINUOUS
10
106.748
20
-108.221
11
106.597
21
-108.126
0
LINE
8
BLACK
6
CONTINUOUS
10
106.597
20
-108.126
11
106.47
21
-107.999
0
LINE
8
BLACK
6
CONTINUOUS
10
106.47
20
-107.999
11
106.375
21
-107.847
0
LINE
8
BLACK
6
CONTINUOUS
10
106.375
20
-107.847
11
106.316
21
-107.678
0
LINE
8
BLACK
6
CONTINUOUS
10
106.316
20
-107.678
11
106.295
21
-107.5
0
LINE
8
BLACK
6
CONTINUOUS
10
106.295
20
-107.5
11
106.316
21
-107.322
0
LINE
8
BLACK
6
CONTINUOUS
10
106.316
20
-107.322
11
106.375
21
-107.153
0
LINE
8
BLACK
6
CONTINUOUS
10
106.375
20
-107.153
11
106.47
21
-107.001
0
LINE
8
BLACK
6
CONTINUOUS
10
106.47
20
-107.001
11
106.597
21
-106.874
0
LINE
8
BLACK
6
CONTINUOUS
10
106.597
20
-106.874
11
106.748
21
-106.779
0
LINE
8
BLACK
6
CONTINUOUS
10
106.748
20
-106.779
11
106.918
21
-106.72
0
LINE
8
BLACK
6
CONTINUOUS
10
106.918
20
-106.72
11
107.096
21
-106.7
0
LINE
8
BLACK
6
CONTINUOUS
10
107.096
20
-106.7
11
107.274
21
-106.72
0
LINE
8
BLACK
6
CONTINUOUS
10
110.274
20
-106.72
11
110.443
21
-106.779
0
LINE
8
BLACK
6
CONTINUOUS
10
110.443
20
-106.779
11
110.594
21
-106.874
0
LINE
8
BLACK
6
CONTINUOUS
10
110.594
20
-106.874
11
110.721
21
-107.001
0
LINE
8
BLACK
6
CONTINUOUS
10
110.721
20
-107.001
11
110.816
21
-107.153
0
LINE
8
BLACK
6
CONTINUOUS
10
110.816
20
-107.153
11
110.876
21
-107.322
0
LINE
8
BLACK
6
CONTINUOUS
10
110.876
20
-107.322
11
110.896
21
-107.5
0
LINE
8
BLACK
6
CONTINUOUS
10
110.896
20
-107.5
11
110.876
21
-107.678
0
LINE
8
BLACK
6
CONTINUOUS
10
110.876
20
-107.678
11
110.816
21
-107.847
0
LINE
8
BLACK
6
CONTINUOUS
10
110.816
20
-107.847
11
110.721
21
-107.999
0
LINE
8
BLACK
6
CONTINUOUS
10
110.721
20
-107.999
11
110.594
21
-108.126
0
LINE
8
BLACK
6
CONTINUOUS
10
110.594
20
-108.126
11
110.443
21
-108.221
0
LINE
8
BLACK
6
CONTINUOUS
10
110.443
20
-108.221
11
110.274
21
-108.28
0
LINE
8
BLACK
6
CONTINUOUS
10
110.274
20
-108.28
11
110.096
21
-108.3
0
LINE
8
BLACK
6
CONTINUOUS
10
110.096
20
-108.3
11
109.918
21
-108.28
0
LINE
8
BLACK
6
CONTINUOUS
10
109.918
20
-108.28
11
109.748
21
-108.221
0
LINE
8
BLACK
6
CONTINUOUS
10
109.748
20
-108.221
11
109.597
21
-108.126
0
LINE
8
BLACK
6
CONTINUOUS
10
109.597
20
-108.126
11
109.47
21
-107.999
0
LINE
8
BLACK
6
CONTINUOUS
10
109.47
20
-107.999
11
109.375
21
-107.847
0
LINE
8
BLACK
6
CONTINUOUS
10
109.375
20
-107.847
11
109.316
21
-107.678
0
LINE
8
BLACK
6
CONTINUOUS
10
109.316
20
-107.678
11
109.295
21
-107.5
0
LINE
8
BLACK
6
CONTINUOUS
10
109.295
20
-107.5
11
109.316
21
-107.322
0
LINE
8
BLACK
6
CONTINUOUS
10
109.316
20
-107.322
11
109.375
21
-107.153
0
LINE
8
BLACK
6
CONTINUOUS
10
109.375
20
-107.153
11
109.47
21
-107.001
0
LINE
8
BLACK
6
CONTINUOUS
10
109.47
20
-107.001
11
109.597
21
-106.874
0
LINE
8
BLACK
6
CONTINUOUS
10
109.597
20
-106.874
11
109.748
21
-106.779
0
LINE
8
BLACK
6
CONTINUOUS
10
109.748
20
-106.779
11
109.918
21
-106.72
0
LINE
8
BLACK
6
CONTINUOUS
10
109.918
20
-106.72
11
110.096
21
-106.7
0
LINE
8
BLACK
6
CONTINUOUS
10
110.096
20
-106.7
11
110.274
21
-106.72
0
LINE
8
BLACK
6
CONTINUOUS
10
130.046
20
-107.569
11
130.127
21
-107.623
0
LINE
8
BLACK
6
CONTINUOUS
10
130.127
20
-107.623
11
130.181
21
-107.704
0
LINE
8
BLACK
6
CONTINUOUS
10
130.181
20
-107.704
11
130.201
21
-107.8
0
LINE
8
BLACK
6
CONTINUOUS
10
130.201
20
-107.8
11
130.181
21
-107.896
0
LINE
8
BLACK
6
CONTINUOUS
10
130.181
20
-107.896
11
130.127
21
-107.977
0
LINE
8
BLACK
6
CONTINUOUS
10
130.127
20
-107.977
11
130.046
21
-108.031
0
LINE
8
BLACK
6
CONTINUOUS
10
130.046
20
-108.031
11
129.951
21
-108.05
0
LINE
8
BLACK
6
CONTINUOUS
10
129.951
20
-108.05
11
129.855
21
-108.031
0
LINE
8
BLACK
6
CONTINUOUS
10
129.855
20
-108.031
11
129.774
21
-107.977
0
LINE
8
BLACK
6
CONTINUOUS
10
129.774
20
-107.977
11
129.72
21
-107.896
0
LINE
8
BLACK
6
CONTINUOUS
10
129.72
20
-107.896
11
129.701
21
-107.8
0
LINE
8
BLACK
6
CONTINUOUS
10
129.701
20
-107.8
11
129.72
21
-107.704
0
LINE
8
BLACK
6
CONTINUOUS
10
129.72
20
-107.704
11
129.774
21
-107.623
0
LINE
8
BLACK
6
CONTINUOUS
10
129.774
20
-107.623
11
129.855
21
-107.569
0
LINE
8
BLACK
6
CONTINUOUS
10
129.855
20
-107.569
11
129.951
21
-107.55
0
LINE
8
BLACK
6
CONTINUOUS
10
129.951
20
-107.55
11
130.046
21
-107.569
0
LINE
8
BLACK
6
CONTINUOUS
10
156.486
20
-106.911
11
156.486
21
-106.911
0
LINE
8
BLACK
6
CONTINUOUS
10
156.486
20
-106.911
11
156.377
21
-106.981
0
LINE
8
BLACK
6
CONTINUOUS
10
156.377
20
-106.981
11
156.292
21
-107.079
0
LINE
8
BLACK
6
CONTINUOUS
10
156.292
20
-107.079
11
156.238
21
-107.197
0
LINE
8
BLACK
6
CONTINUOUS
10
156.238
20
-107.197
11
156.22
21
-107.325
0
LINE
8
BLACK
6
CONTINUOUS
10
156.22
20
-107.325
11
156.22
21
-107.325
0
LINE
8
BLACK
6
CONTINUOUS
10
156.22
20
-107.325
11
156.238
21
-107.453
0
LINE
8
BLACK
6
CONTINUOUS
10
156.238
20
-107.453
11
156.26
21
-107.5
0
LINE
8
BLACK
6
CONTINUOUS
10
156.26
20
-107.5
11
156.292
21
-107.571
0
LINE
8
BLACK
6
CONTINUOUS
10
156.292
20
-107.571
11
156.377
21
-107.669
0
LINE
8
BLACK
6
CONTINUOUS
10
156.377
20
-107.669
11
156.377
21
-107.669
0
LINE
8
BLACK
6
CONTINUOUS
10
156.377
20
-107.669
11
156.425
21
-107.7
0
LINE
8
BLACK
6
CONTINUOUS
10
156.425
20
-107.7
11
156.486
21
-107.739
0
LINE
8
BLACK
6
CONTINUOUS
10
156.486
20
-107.739
11
156.61
21
-107.775
0
LINE
8
BLACK
6
CONTINUOUS
10
156.61
20
-107.775
11
156.61
21
-107.775
0
LINE
8
BLACK
6
CONTINUOUS
10
156.61
20
-107.775
11
156.74
21
-107.775
0
LINE
8
BLACK
6
CONTINUOUS
10
156.74
20
-107.775
11
156.74
21
-107.775
0
LINE
8
BLACK
6
CONTINUOUS
10
156.74
20
-107.775
11
156.864
21
-107.739
0
LINE
8
BLACK
6
CONTINUOUS
10
156.864
20
-107.739
11
156.973
21
-107.669
0
LINE
8
BLACK
6
CONTINUOUS
10
156.973
20
-107.669
11
157.058
21
-107.571
0
LINE
8
BLACK
6
CONTINUOUS
10
157.058
20
-107.571
11
157.112
21
-107.453
0
LINE
8
BLACK
6
CONTINUOUS
10
157.112
20
-107.453
11
157.123
21
-107.378
0
LINE
8
BLACK
6
CONTINUOUS
10
157.123
20
-107.378
11
157.13
21
-107.325
0
LINE
8
BLACK
6
CONTINUOUS
10
157.13
20
-107.325
11
157.13
21
-107.325
0
LINE
8
BLACK
6
CONTINUOUS
10
157.13
20
-107.325
11
157.112
21
-107.197
0
LINE
8
BLACK
6
CONTINUOUS
10
157.112
20
-107.197
11
157.074
21
-107.115
0
LINE
8
BLACK
6
CONTINUOUS
10
157.074
20
-107.115
11
157.058
21
-107.079
0
LINE
8
BLACK
6
CONTINUOUS
10
157.058
20
-107.079
11
156.973
21
-106.981
0
LINE
8
BLACK
6
CONTINUOUS
10
156.973
20
-106.981
11
156.973
21
-106.981
0
LINE
8
BLACK
6
CONTINUOUS
10
156.973
20
-106.981
11
156.973
21
-106.981
0
LINE
8
BLACK
6
CONTINUOUS
10
156.973
20
-106.981
11
156.864
21
-106.911
0
LINE
8
BLACK
6
CONTINUOUS
10
156.864
20
-106.911
11
156.864
21
-106.911
0
LINE
8
BLACK
6
CONTINUOUS
10
156.864
20
-106.911
11
156.864
21
-106.911
0
LINE
8
BLACK
6
CONTINUOUS
10
156.864
20
-106.911
11
156.864
21
-106.911
0
LINE
8
BLACK
6
CONTINUOUS
10
156.864
20
-106.911
11
156.74
21
-106.874
0
LINE
8
BLACK
6
CONTINUOUS
10
156.74
20
-106.874
11
156.74
21
-106.874
0
LINE
8
BLACK
6
CONTINUOUS
10
156.74
20
-106.874
11
156.61
21
-106.874
0
LINE
8
BLACK
6
CONTINUOUS
10
156.61
20
-106.874
11
156.61
21
-106.874
0
LINE
8
BLACK
6
CONTINUOUS
10
156.61
20
-106.874
11
156.486
21
-106.911
0
LINE
8
BLACK
6
CONTINUOUS
10
146.896
20
-107.169
11
146.977
21
-107.223
0
LINE
8
BLACK
6
CONTINUOUS
10
146.977
20
-107.223
11
147.031
21
-107.304
0
LINE
8
BLACK
6
CONTINUOUS
10
147.031
20
-107.304
11
147.05
21
-107.4
0
LINE
8
BLACK
6
CONTINUOUS
10
147.05
20
-107.4
11
147.031
21
-107.496
0
LINE
8
BLACK
6
CONTINUOUS
10
147.031
20
-107.496
11
146.977
21
-107.577
0
LINE
8
BLACK
6
CONTINUOUS
10
146.977
20
-107.577
11
146.896
21
-107.631
0
LINE
8
BLACK
6
CONTINUOUS
10
146.896
20
-107.631
11
146.8
21
-107.65
0
LINE
8
BLACK
6
CONTINUOUS
10
146.8
20
-107.65
11
146.704
21
-107.631
0
LINE
8
BLACK
6
CONTINUOUS
10
146.704
20
-107.631
11
146.623
21
-107.577
0
LINE
8
BLACK
6
CONTINUOUS
10
146.623
20
-107.577
11
146.569
21
-107.496
0
LINE
8
BLACK
6
CONTINUOUS
10
146.569
20
-107.496
11
146.55
21
-107.4
0
LINE
8
BLACK
6
CONTINUOUS
10
146.55
20
-107.4
11
146.569
21
-107.304
0
LINE
8
BLACK
6
CONTINUOUS
10
146.569
20
-107.304
11
146.623
21
-107.223
0
LINE
8
BLACK
6
CONTINUOUS
10
146.623
20
-107.223
11
146.704
21
-107.169
0
LINE
8
BLACK
6
CONTINUOUS
10
146.704
20
-107.169
11
146.8
21
-107.15
0
LINE
8
BLACK
6
CONTINUOUS
10
146.8
20
-107.15
11
146.896
21
-107.169
0
LINE
8
BLACK
6
CONTINUOUS
10
123.496
20
-107.019
11
123.577
21
-107.073
0
LINE
8
BLACK
6
CONTINUOUS
10
123.577
20
-107.073
11
123.631
21
-107.154
0
LINE
8
BLACK
6
CONTINUOUS
10
123.631
20
-107.154
11
123.65
21
-107.249
0
LINE
8
BLACK
6
CONTINUOUS
10
123.65
20
-107.249
11
123.631
21
-107.345
0
LINE
8
BLACK
6
CONTINUOUS
10
123.631
20
-107.345
11
123.577
21
-107.426
0
LINE
8
BLACK
6
CONTINUOUS
10
123.577
20
-107.426
11
123.496
21
-107.48
0
LINE
8
BLACK
6
CONTINUOUS
10
123.496
20
-107.48
11
123.4
21
-107.499
0
LINE
8
BLACK
6
CONTINUOUS
10
123.4
20
-107.499
11
123.304
21
-107.48
0
LINE
8
BLACK
6
CONTINUOUS
10
123.304
20
-107.48
11
123.223
21
-107.426
0
LINE
8
BLACK
6
CONTINUOUS
10
123.223
20
-107.426
11
123.169
21
-107.345
0
LINE
8
BLACK
6
CONTINUOUS
10
123.169
20
-107.345
11
123.15
21
-107.249
0
LINE
8
BLACK
6
CONTINUOUS
10
123.15
20
-107.249
11
123.169
21
-107.154
0
LINE
8
BLACK
6
CONTINUOUS
10
123.169
20
-107.154
11
123.223
21
-107.073
0
LINE
8
BLACK
6
CONTINUOUS
10
123.223
20
-107.073
11
123.304
21
-107.019
0
LINE
8
BLACK
6
CONTINUOUS
10
123.304
20
-107.019
11
123.4
21
-106.999
0
LINE
8
BLACK
6
CONTINUOUS
10
123.4
20
-106.999
11
123.496
21
-107.019
0
LINE
8
BLACK
6
CONTINUOUS
10
130.146
20
-106.419
11
130.227
21
-106.473
0
LINE
8
BLACK
6
CONTINUOUS
10
130.227
20
-106.473
11
130.281
21
-106.554
0
LINE
8
BLACK
6
CONTINUOUS
10
130.281
20
-106.554
11
130.3
21
-106.65
0
LINE
8
BLACK
6
CONTINUOUS
10
130.3
20
-106.65
11
130.281
21
-106.746
0
LINE
8
BLACK
6
CONTINUOUS
10
130.281
20
-106.746
11
130.227
21
-106.827
0
LINE
8
BLACK
6
CONTINUOUS
10
130.227
20
-106.827
11
130.146
21
-106.881
0
LINE
8
BLACK
6
CONTINUOUS
10
130.146
20
-106.881
11
130.05
21
-106.9
0
LINE
8
BLACK
6
CONTINUOUS
10
130.05
20
-106.9
11
129.954
21
-106.881
0
LINE
8
BLACK
6
CONTINUOUS
10
129.954
20
-106.881
11
129.873
21
-106.827
0
LINE
8
BLACK
6
CONTINUOUS
10
129.873
20
-106.827
11
129.819
21
-106.746
0
LINE
8
BLACK
6
CONTINUOUS
10
129.819
20
-106.746
11
129.8
21
-106.65
0
LINE
8
BLACK
6
CONTINUOUS
10
129.8
20
-106.65
11
129.819
21
-106.554
0
LINE
8
BLACK
6
CONTINUOUS
10
129.819
20
-106.554
11
129.873
21
-106.473
0
LINE
8
BLACK
6
CONTINUOUS
10
129.873
20
-106.473
11
129.954
21
-106.419
0
LINE
8
BLACK
6
CONTINUOUS
10
129.954
20
-106.419
11
130.05
21
-106.4
0
LINE
8
BLACK
6
CONTINUOUS
10
130.05
20
-106.4
11
130.146
21
-106.419
0
LINE
8
BLACK
6
CONTINUOUS
10
137.076
20
-106.239
11
137.157
21
-106.293
0
LINE
8
BLACK
6
CONTINUOUS
10
137.157
20
-106.293
11
137.211
21
-106.374
0
LINE
8
BLACK
6
CONTINUOUS
10
137.211
20
-106.374
11
137.23
21
-106.47
0
LINE
8
BLACK
6
CONTINUOUS
10
137.23
20
-106.47
11
137.211
21
-106.566
0
LINE
8
BLACK
6
CONTINUOUS
10
137.211
20
-106.566
11
137.157
21
-106.647
0
LINE
8
BLACK
6
CONTINUOUS
10
137.157
20
-106.647
11
137.076
21
-106.701
0
LINE
8
BLACK
6
CONTINUOUS
10
137.076
20
-106.701
11
136.98
21
-106.72
0
LINE
8
BLACK
6
CONTINUOUS
10
136.98
20
-106.72
11
136.884
21
-106.701
0
LINE
8
BLACK
6
CONTINUOUS
10
136.884
20
-106.701
11
136.803
21
-106.647
0
LINE
8
BLACK
6
CONTINUOUS
10
136.803
20
-106.647
11
136.749
21
-106.566
0
LINE
8
BLACK
6
CONTINUOUS
10
136.749
20
-106.566
11
136.73
21
-106.47
0
LINE
8
BLACK
6
CONTINUOUS
10
136.73
20
-106.47
11
136.749
21
-106.374
0
LINE
8
BLACK
6
CONTINUOUS
10
136.749
20
-106.374
11
136.803
21
-106.293
0
LINE
8
BLACK
6
CONTINUOUS
10
136.803
20
-106.293
11
136.884
21
-106.239
0
LINE
8
BLACK
6
CONTINUOUS
10
136.884
20
-106.239
11
136.98
21
-106.22
0
LINE
8
BLACK
6
CONTINUOUS
10
136.98
20
-106.22
11
137.076
21
-106.239
0
LINE
8
BLACK
6
CONTINUOUS
10
107.443
20
-105.721
11
107.274
21
-105.78
0
LINE
8
BLACK
6
CONTINUOUS
10
107.274
20
-105.78
11
107.096
21
-105.8
0
LINE
8
BLACK
6
CONTINUOUS
10
107.096
20
-105.8
11
106.918
21
-105.78
0
LINE
8
BLACK
6
CONTINUOUS
10
106.918
20
-105.78
11
106.748
21
-105.721
0
LINE
8
BLACK
6
CONTINUOUS
10
106.748
20
-105.721
11
106.649
21
-105.659
0
LINE
8
BLACK
6
CONTINUOUS
10
106.649
20
-105.659
11
106.428
21
-105.88
0
LINE
8
BLACK
6
CONTINUOUS
10
106.428
20
-105.88
11
106.43
21
-105.882
0
LINE
8
BLACK
6
CONTINUOUS
10
106.43
20
-105.882
11
106.603
21
-105.989
0
LINE
8
BLACK
6
CONTINUOUS
10
106.603
20
-105.989
11
106.793
21
-106.063
0
LINE
8
BLACK
6
CONTINUOUS
10
106.793
20
-106.063
11
106.994
21
-106.1
0
LINE
8
BLACK
6
CONTINUOUS
10
106.994
20
-106.1
11
107.197
21
-106.1
0
LINE
8
BLACK
6
CONTINUOUS
10
107.197
20
-106.1
11
107.398
21
-106.063
0
LINE
8
BLACK
6
CONTINUOUS
10
107.398
20
-106.063
11
107.588
21
-105.989
0
LINE
8
BLACK
6
CONTINUOUS
10
107.588
20
-105.989
11
107.761
21
-105.882
0
LINE
8
BLACK
6
CONTINUOUS
10
107.761
20
-105.882
11
107.763
21
-105.88
0
LINE
8
BLACK
6
CONTINUOUS
10
107.763
20
-105.88
11
107.542
21
-105.659
0
LINE
8
BLACK
6
CONTINUOUS
10
107.542
20
-105.659
11
107.443
21
-105.721
0
LINE
8
BLACK
6
CONTINUOUS
10
126.287
20
-105.422
11
126.256
21
-105.354
0
LINE
8
BLACK
6
CONTINUOUS
10
126.256
20
-105.354
11
126.233
21
-105.304
0
LINE
8
BLACK
6
CONTINUOUS
10
126.233
20
-105.304
11
126.148
21
-105.206
0
LINE
8
BLACK
6
CONTINUOUS
10
126.148
20
-105.206
11
126.148
21
-105.206
0
LINE
8
BLACK
6
CONTINUOUS
10
126.148
20
-105.206
11
126.148
21
-105.206
0
LINE
8
BLACK
6
CONTINUOUS
10
126.148
20
-105.206
11
126.039
21
-105.136
0
LINE
8
BLACK
6
CONTINUOUS
10
126.039
20
-105.136
11
126.039
21
-105.136
0
LINE
8
BLACK
6
CONTINUOUS
10
126.039
20
-105.136
11
126.039
21
-105.136
0
LINE
8
BLACK
6
CONTINUOUS
10
126.039
20
-105.136
11
126.039
21
-105.136
0
LINE
8
BLACK
6
CONTINUOUS
10
126.039
20
-105.136
11
125.915
21
-105.099
0
LINE
8
BLACK
6
CONTINUOUS
10
125.915
20
-105.099
11
125.915
21
-105.099
0
LINE
8
BLACK
6
CONTINUOUS
10
125.915
20
-105.099
11
125.785
21
-105.099
0
LINE
8
BLACK
6
CONTINUOUS
10
125.785
20
-105.099
11
125.785
21
-105.099
0
LINE
8
BLACK
6
CONTINUOUS
10
125.785
20
-105.099
11
125.661
21
-105.136
0
LINE
8
BLACK
6
CONTINUOUS
10
125.661
20
-105.136
11
125.661
21
-105.136
0
LINE
8
BLACK
6
CONTINUOUS
10
125.661
20
-105.136
11
125.552
21
-105.206
0
LINE
8
BLACK
6
CONTINUOUS
10
125.552
20
-105.206
11
125.467
21
-105.304
0
LINE
8
BLACK
6
CONTINUOUS
10
125.467
20
-105.304
11
125.413
21
-105.422
0
LINE
8
BLACK
6
CONTINUOUS
10
125.413
20
-105.422
11
125.395
21
-105.55
0
LINE
8
BLACK
6
CONTINUOUS
10
125.395
20
-105.55
11
125.395
21
-105.55
0
LINE
8
BLACK
6
CONTINUOUS
10
125.395
20
-105.55
11
125.413
21
-105.678
0
LINE
8
BLACK
6
CONTINUOUS
10
125.413
20
-105.678
11
125.441
21
-105.738
0
LINE
8
BLACK
6
CONTINUOUS
10
125.441
20
-105.738
11
125.467
21
-105.796
0
LINE
8
BLACK
6
CONTINUOUS
10
125.467
20
-105.796
11
125.552
21
-105.894
0
LINE
8
BLACK
6
CONTINUOUS
10
125.552
20
-105.894
11
125.552
21
-105.894
0
LINE
8
BLACK
6
CONTINUOUS
10
125.552
20
-105.894
11
125.649
21
-105.956
0
LINE
8
BLACK
6
CONTINUOUS
10
125.649
20
-105.956
11
125.661
21
-105.964
0
LINE
8
BLACK
6
CONTINUOUS
10
125.661
20
-105.964
11
125.785
21
-106
0
LINE
8
BLACK
6
CONTINUOUS
10
125.785
20
-106
11
125.785
21
-106
0
LINE
8
BLACK
6
CONTINUOUS
10
125.785
20
-106
11
125.915
21
-106
0
LINE
8
BLACK
6
CONTINUOUS
10
125.915
20
-106
11
125.915
21
-106
0
LINE
8
BLACK
6
CONTINUOUS
10
125.915
20
-106
11
126.039
21
-105.964
0
LINE
8
BLACK
6
CONTINUOUS
10
126.039
20
-105.964
11
126.148
21
-105.894
0
LINE
8
BLACK
6
CONTINUOUS
10
126.148
20
-105.894
11
126.233
21
-105.796
0
LINE
8
BLACK
6
CONTINUOUS
10
126.233
20
-105.796
11
126.287
21
-105.678
0
LINE
8
BLACK
6
CONTINUOUS
10
126.287
20
-105.678
11
126.296
21
-105.612
0
LINE
8
BLACK
6
CONTINUOUS
10
126.296
20
-105.612
11
126.305
21
-105.55
0
LINE
8
BLACK
6
CONTINUOUS
10
126.305
20
-105.55
11
126.305
21
-105.55
0
LINE
8
BLACK
6
CONTINUOUS
10
126.305
20
-105.55
11
126.301
21
-105.52
0
LINE
8
BLACK
6
CONTINUOUS
10
126.301
20
-105.52
11
126.287
21
-105.422
0
LINE
8
BLACK
6
CONTINUOUS
10
108.2
20
-105
11
108.182
21
-104.797
0
LINE
8
BLACK
6
CONTINUOUS
10
108.182
20
-104.797
11
108.126
21
-104.601
0
LINE
8
BLACK
6
CONTINUOUS
10
108.126
20
-104.601
11
108.035
21
-104.418
0
LINE
8
BLACK
6
CONTINUOUS
10
108.035
20
-104.418
11
108.035
21
-104.418
0
LINE
8
BLACK
6
CONTINUOUS
10
108.035
20
-104.418
11
107.972
21
-104.335
0
LINE
8
BLACK
6
CONTINUOUS
10
107.972
20
-104.335
11
107.754
21
-104.554
0
LINE
8
BLACK
6
CONTINUOUS
10
107.754
20
-104.554
11
107.816
21
-104.653
0
LINE
8
BLACK
6
CONTINUOUS
10
107.816
20
-104.653
11
107.876
21
-104.822
0
LINE
8
BLACK
6
CONTINUOUS
10
107.876
20
-104.822
11
107.896
21
-105
0
LINE
8
BLACK
6
CONTINUOUS
10
107.896
20
-105
11
107.876
21
-105.178
0
LINE
8
BLACK
6
CONTINUOUS
10
107.876
20
-105.178
11
107.816
21
-105.347
0
LINE
8
BLACK
6
CONTINUOUS
10
107.816
20
-105.347
11
107.754
21
-105.446
0
LINE
8
BLACK
6
CONTINUOUS
10
107.754
20
-105.446
11
107.972
21
-105.665
0
LINE
8
BLACK
6
CONTINUOUS
10
107.972
20
-105.665
11
108.035
21
-105.582
0
LINE
8
BLACK
6
CONTINUOUS
10
108.035
20
-105.582
11
108.035
21
-105.582
0
LINE
8
BLACK
6
CONTINUOUS
10
108.035
20
-105.582
11
108.126
21
-105.399
0
LINE
8
BLACK
6
CONTINUOUS
10
108.126
20
-105.399
11
108.182
21
-105.203
0
LINE
8
BLACK
6
CONTINUOUS
10
108.182
20
-105.203
11
108.2
21
-105
0
LINE
8
BLACK
6
CONTINUOUS
10
108.2
20
-105
11
108.2
21
-105
0
LINE
8
BLACK
6
CONTINUOUS
10
166.188
20
-105.741
11
166.232
21
-105.836
0
LINE
8
BLACK
6
CONTINUOUS
10
166.232
20
-105.836
11
166.242
21
-105.858
0
LINE
8
BLACK
6
CONTINUOUS
10
166.242
20
-105.858
11
166.308
21
-105.934
0
LINE
8
BLACK
6
CONTINUOUS
10
166.308
20
-105.934
11
166.327
21
-105.956
0
LINE
8
BLACK
6
CONTINUOUS
10
166.327
20
-105.956
11
166.432
21
-106.024
0
LINE
8
BLACK
6
CONTINUOUS
10
166.432
20
-106.024
11
166.436
21
-106.026
0
LINE
8
BLACK
6
CONTINUOUS
10
166.436
20
-106.026
11
166.56
21
-106.063
0
LINE
8
BLACK
6
CONTINUOUS
10
166.56
20
-106.063
11
166.56
21
-106.063
0
LINE
8
BLACK
6
CONTINUOUS
10
166.56
20
-106.063
11
166.69
21
-106.063
0
LINE
8
BLACK
6
CONTINUOUS
10
166.69
20
-106.063
11
166.69
21
-106.063
0
LINE
8
BLACK
6
CONTINUOUS
10
166.69
20
-106.063
11
166.814
21
-106.026
0
LINE
8
BLACK
6
CONTINUOUS
10
166.814
20
-106.026
11
166.923
21
-105.956
0
LINE
8
BLACK
6
CONTINUOUS
10
166.923
20
-105.956
11
167.008
21
-105.858
0
LINE
8
BLACK
6
CONTINUOUS
10
167.008
20
-105.858
11
167.062
21
-105.741
0
LINE
8
BLACK
6
CONTINUOUS
10
167.062
20
-105.741
11
167.075
21
-105.648
0
LINE
8
BLACK
6
CONTINUOUS
10
167.075
20
-105.648
11
167.08
21
-105.612
0
LINE
8
BLACK
6
CONTINUOUS
10
167.08
20
-105.612
11
167.08
21
-105.612
0
LINE
8
BLACK
6
CONTINUOUS
10
167.08
20
-105.612
11
167.062
21
-105.484
0
LINE
8
BLACK
6
CONTINUOUS
10
167.062
20
-105.484
11
167.036
21
-105.428
0
LINE
8
BLACK
6
CONTINUOUS
10
167.036
20
-105.428
11
167.008
21
-105.366
0
LINE
8
BLACK
6
CONTINUOUS
10
167.008
20
-105.366
11
166.923
21
-105.268
0
LINE
8
BLACK
6
CONTINUOUS
10
166.923
20
-105.268
11
166.923
21
-105.268
0
LINE
8
BLACK
6
CONTINUOUS
10
166.923
20
-105.268
11
166.923
21
-105.268
0
LINE
8
BLACK
6
CONTINUOUS
10
166.923
20
-105.268
11
166.814
21
-105.198
0
LINE
8
BLACK
6
CONTINUOUS
10
166.814
20
-105.198
11
166.814
21
-105.198
0
LINE
8
BLACK
6
CONTINUOUS
10
166.814
20
-105.198
11
166.814
21
-105.198
0
LINE
8
BLACK
6
CONTINUOUS
10
166.814
20
-105.198
11
166.814
21
-105.198
0
LINE
8
BLACK
6
CONTINUOUS
10
166.814
20
-105.198
11
166.69
21
-105.162
0
LINE
8
BLACK
6
CONTINUOUS
10
166.69
20
-105.162
11
166.69
21
-105.162
0
LINE
8
BLACK
6
CONTINUOUS
10
166.69
20
-105.162
11
166.56
21
-105.162
0
LINE
8
BLACK
6
CONTINUOUS
10
166.56
20
-105.162
11
166.56
21
-105.162
0
LINE
8
BLACK
6
CONTINUOUS
10
166.56
20
-105.162
11
166.436
21
-105.198
0
LINE
8
BLACK
6
CONTINUOUS
10
166.436
20
-105.198
11
166.436
21
-105.198
0
LINE
8
BLACK
6
CONTINUOUS
10
166.436
20
-105.198
11
166.327
21
-105.268
0
LINE
8
BLACK
6
CONTINUOUS
10
166.327
20
-105.268
11
166.242
21
-105.366
0
LINE
8
BLACK
6
CONTINUOUS
10
166.242
20
-105.366
11
166.188
21
-105.484
0
LINE
8
BLACK
6
CONTINUOUS
10
166.188
20
-105.484
11
166.17
21
-105.612
0
LINE
8
BLACK
6
CONTINUOUS
10
166.17
20
-105.612
11
166.17
21
-105.612
0
LINE
8
BLACK
6
CONTINUOUS
10
166.17
20
-105.612
11
166.188
21
-105.741
0
LINE
8
BLACK
6
CONTINUOUS
10
133.583
20
-105.738
11
133.628
21
-105.836
0
LINE
8
BLACK
6
CONTINUOUS
10
133.628
20
-105.836
11
133.637
21
-105.856
0
LINE
8
BLACK
6
CONTINUOUS
10
133.637
20
-105.856
11
133.7
21
-105.929
0
LINE
8
BLACK
6
CONTINUOUS
10
133.7
20
-105.929
11
133.722
21
-105.954
0
LINE
8
BLACK
6
CONTINUOUS
10
133.722
20
-105.954
11
133.831
21
-106.024
0
LINE
8
BLACK
6
CONTINUOUS
10
133.831
20
-106.024
11
133.831
21
-106.024
0
LINE
8
BLACK
6
CONTINUOUS
10
133.831
20
-106.024
11
133.955
21
-106.06
0
LINE
8
BLACK
6
CONTINUOUS
10
133.955
20
-106.06
11
133.955
21
-106.06
0
LINE
8
BLACK
6
CONTINUOUS
10
133.955
20
-106.06
11
134.085
21
-106.06
0
LINE
8
BLACK
6
CONTINUOUS
10
134.085
20
-106.06
11
134.085
21
-106.06
0
LINE
8
BLACK
6
CONTINUOUS
10
134.085
20
-106.06
11
134.209
21
-106.024
0
LINE
8
BLACK
6
CONTINUOUS
10
134.209
20
-106.024
11
134.318
21
-105.954
0
LINE
8
BLACK
6
CONTINUOUS
10
134.318
20
-105.954
11
134.403
21
-105.856
0
LINE
8
BLACK
6
CONTINUOUS
10
134.403
20
-105.856
11
134.457
21
-105.738
0
LINE
8
BLACK
6
CONTINUOUS
10
134.457
20
-105.738
11
134.47
21
-105.648
0
LINE
8
BLACK
6
CONTINUOUS
10
134.47
20
-105.648
11
134.475
21
-105.612
0
LINE
8
BLACK
6
CONTINUOUS
10
134.475
20
-105.612
11
134.475
21
-105.61
0
LINE
8
BLACK
6
CONTINUOUS
10
134.475
20
-105.61
11
134.475
21
-105.61
0
LINE
8
BLACK
6
CONTINUOUS
10
134.475
20
-105.61
11
134.457
21
-105.482
0
LINE
8
BLACK
6
CONTINUOUS
10
134.457
20
-105.482
11
134.432
21
-105.428
0
LINE
8
BLACK
6
CONTINUOUS
10
134.432
20
-105.428
11
134.403
21
-105.364
0
LINE
8
BLACK
6
CONTINUOUS
10
134.403
20
-105.364
11
134.318
21
-105.266
0
LINE
8
BLACK
6
CONTINUOUS
10
134.318
20
-105.266
11
134.318
21
-105.266
0
LINE
8
BLACK
6
CONTINUOUS
10
134.318
20
-105.266
11
134.318
21
-105.266
0
LINE
8
BLACK
6
CONTINUOUS
10
134.318
20
-105.266
11
134.209
21
-105.196
0
LINE
8
BLACK
6
CONTINUOUS
10
134.209
20
-105.196
11
134.209
21
-105.196
0
LINE
8
BLACK
6
CONTINUOUS
10
134.209
20
-105.196
11
134.209
21
-105.196
0
LINE
8
BLACK
6
CONTINUOUS
10
134.209
20
-105.196
11
134.209
21
-105.196
0
LINE
8
BLACK
6
CONTINUOUS
10
134.209
20
-105.196
11
134.085
21
-105.159
0
LINE
8
BLACK
6
CONTINUOUS
10
134.085
20
-105.159
11
134.085
21
-105.159
0
LINE
8
BLACK
6
CONTINUOUS
10
134.085
20
-105.159
11
133.955
21
-105.159
0
LINE
8
BLACK
6
CONTINUOUS
10
133.955
20
-105.159
11
133.955
21
-105.159
0
LINE
8
BLACK
6
CONTINUOUS
10
133.955
20
-105.159
11
133.831
21
-105.196
0
LINE
8
BLACK
6
CONTINUOUS
10
133.831
20
-105.196
11
133.831
21
-105.196
0
LINE
8
BLACK
6
CONTINUOUS
10
133.831
20
-105.196
11
133.722
21
-105.266
0
LINE
8
BLACK
6
CONTINUOUS
10
133.722
20
-105.266
11
133.637
21
-105.364
0
LINE
8
BLACK
6
CONTINUOUS
10
133.637
20
-105.364
11
133.583
21
-105.482
0
LINE
8
BLACK
6
CONTINUOUS
10
133.583
20
-105.482
11
133.565
21
-105.61
0
LINE
8
BLACK
6
CONTINUOUS
10
133.565
20
-105.61
11
133.565
21
-105.61
0
LINE
8
BLACK
6
CONTINUOUS
10
133.565
20
-105.61
11
133.583
21
-105.738
0
LINE
8
BLACK
6
CONTINUOUS
10
131.613
20
-105.728
11
131.644
21
-105.796
0
LINE
8
BLACK
6
CONTINUOUS
10
131.644
20
-105.796
11
131.667
21
-105.846
0
LINE
8
BLACK
6
CONTINUOUS
10
131.667
20
-105.846
11
131.739
21
-105.929
0
LINE
8
BLACK
6
CONTINUOUS
10
131.739
20
-105.929
11
131.752
21
-105.944
0
LINE
8
BLACK
6
CONTINUOUS
10
131.752
20
-105.944
11
131.84
21
-106
0
LINE
8
BLACK
6
CONTINUOUS
10
131.84
20
-106
11
131.861
21
-106.014
0
LINE
8
BLACK
6
CONTINUOUS
10
131.861
20
-106.014
11
131.985
21
-106.05
0
LINE
8
BLACK
6
CONTINUOUS
10
131.985
20
-106.05
11
131.985
21
-106.05
0
LINE
8
BLACK
6
CONTINUOUS
10
131.985
20
-106.05
11
132.115
21
-106.05
0
LINE
8
BLACK
6
CONTINUOUS
10
132.115
20
-106.05
11
132.115
21
-106.05
0
LINE
8
BLACK
6
CONTINUOUS
10
132.115
20
-106.05
11
132.239
21
-106.014
0
LINE
8
BLACK
6
CONTINUOUS
10
132.239
20
-106.014
11
132.348
21
-105.944
0
LINE
8
BLACK
6
CONTINUOUS
10
132.348
20
-105.944
11
132.433
21
-105.846
0
LINE
8
BLACK
6
CONTINUOUS
10
132.433
20
-105.846
11
132.487
21
-105.728
0
LINE
8
BLACK
6
CONTINUOUS
10
132.487
20
-105.728
11
132.496
21
-105.665
0
LINE
8
BLACK
6
CONTINUOUS
10
132.496
20
-105.665
11
132.504
21
-105.61
0
LINE
8
BLACK
6
CONTINUOUS
10
132.504
20
-105.61
11
132.505
21
-105.6
0
LINE
8
BLACK
6
CONTINUOUS
10
132.505
20
-105.6
11
132.505
21
-105.6
0
LINE
8
BLACK
6
CONTINUOUS
10
132.505
20
-105.6
11
132.487
21
-105.472
0
LINE
8
BLACK
6
CONTINUOUS
10
132.487
20
-105.472
11
132.454
21
-105.399
0
LINE
8
BLACK
6
CONTINUOUS
10
132.454
20
-105.399
11
132.433
21
-105.354
0
LINE
8
BLACK
6
CONTINUOUS
10
132.433
20
-105.354
11
132.348
21
-105.256
0
LINE
8
BLACK
6
CONTINUOUS
10
132.348
20
-105.256
11
132.348
21
-105.256
0
LINE
8
BLACK
6
CONTINUOUS
10
132.348
20
-105.256
11
132.348
21
-105.256
0
LINE
8
BLACK
6
CONTINUOUS
10
132.348
20
-105.256
11
132.239
21
-105.186
0
LINE
8
BLACK
6
CONTINUOUS
10
132.239
20
-105.186
11
132.239
21
-105.186
0
LINE
8
BLACK
6
CONTINUOUS
10
132.239
20
-105.186
11
132.239
21
-105.186
0
LINE
8
BLACK
6
CONTINUOUS
10
132.239
20
-105.186
11
132.234
21
-105.185
0
LINE
8
BLACK
6
CONTINUOUS
10
132.234
20
-105.185
11
132.115
21
-105.149
0
LINE
8
BLACK
6
CONTINUOUS
10
132.115
20
-105.149
11
132.115
21
-105.149
0
LINE
8
BLACK
6
CONTINUOUS
10
132.115
20
-105.149
11
131.985
21
-105.149
0
LINE
8
BLACK
6
CONTINUOUS
10
131.985
20
-105.149
11
131.985
21
-105.149
0
LINE
8
BLACK
6
CONTINUOUS
10
131.985
20
-105.149
11
131.861
21
-105.186
0
LINE
8
BLACK
6
CONTINUOUS
10
131.861
20
-105.186
11
131.861
21
-105.186
0
LINE
8
BLACK
6
CONTINUOUS
10
131.861
20
-105.186
11
131.752
21
-105.256
0
LINE
8
BLACK
6
CONTINUOUS
10
131.752
20
-105.256
11
131.667
21
-105.354
0
LINE
8
BLACK
6
CONTINUOUS
10
131.667
20
-105.354
11
131.613
21
-105.472
0
LINE
8
BLACK
6
CONTINUOUS
10
131.613
20
-105.472
11
131.595
21
-105.6
0
LINE
8
BLACK
6
CONTINUOUS
10
131.595
20
-105.6
11
131.595
21
-105.6
0
LINE
8
BLACK
6
CONTINUOUS
10
131.595
20
-105.6
11
131.613
21
-105.728
0
LINE
8
BLACK
6
CONTINUOUS
10
109.109
20
-105.196
11
109.109
21
-105.196
0
LINE
8
BLACK
6
CONTINUOUS
10
109.109
20
-105.196
11
109.167
21
-105.385
0
LINE
8
BLACK
6
CONTINUOUS
10
109.167
20
-105.385
11
109.26
21
-105.559
0
LINE
8
BLACK
6
CONTINUOUS
10
109.26
20
-105.559
11
109.26
21
-105.559
0
LINE
8
BLACK
6
CONTINUOUS
10
109.26
20
-105.559
11
109.26
21
-105.559
0
LINE
8
BLACK
6
CONTINUOUS
10
109.26
20
-105.559
11
109.304
21
-105.612
0
LINE
8
BLACK
6
CONTINUOUS
10
109.304
20
-105.612
11
109.385
21
-105.711
0
LINE
8
BLACK
6
CONTINUOUS
10
109.385
20
-105.711
11
109.385
21
-105.711
0
LINE
8
BLACK
6
CONTINUOUS
10
109.385
20
-105.711
11
109.421
21
-105.741
0
LINE
8
BLACK
6
CONTINUOUS
10
109.421
20
-105.741
11
109.537
21
-105.836
0
LINE
8
BLACK
6
CONTINUOUS
10
109.537
20
-105.836
11
109.537
21
-105.836
0
LINE
8
BLACK
6
CONTINUOUS
10
109.537
20
-105.836
11
109.537
21
-105.836
0
LINE
8
BLACK
6
CONTINUOUS
10
109.537
20
-105.836
11
109.645
21
-105.894
0
LINE
8
BLACK
6
CONTINUOUS
10
109.645
20
-105.894
11
109.711
21
-105.929
0
LINE
8
BLACK
6
CONTINUOUS
10
109.711
20
-105.929
11
109.899
21
-105.986
0
LINE
8
BLACK
6
CONTINUOUS
10
109.899
20
-105.986
11
109.899
21
-105.986
0
LINE
8
BLACK
6
CONTINUOUS
10
109.899
20
-105.986
11
109.899
21
-105.986
0
LINE
8
BLACK
6
CONTINUOUS
10
109.899
20
-105.986
11
110.096
21
-106.005
0
LINE
8
BLACK
6
CONTINUOUS
10
110.096
20
-106.005
11
110.096
21
-106.005
0
LINE
8
BLACK
6
CONTINUOUS
10
110.096
20
-106.005
11
110.096
21
-106.005
0
LINE
8
BLACK
6
CONTINUOUS
10
110.096
20
-106.005
11
110.292
21
-105.986
0
LINE
8
BLACK
6
CONTINUOUS
10
110.292
20
-105.986
11
110.292
21
-105.986
0
LINE
8
BLACK
6
CONTINUOUS
10
110.292
20
-105.986
11
110.292
21
-105.986
0
LINE
8
BLACK
6
CONTINUOUS
10
110.292
20
-105.986
11
110.48
21
-105.929
0
LINE
8
BLACK
6
CONTINUOUS
10
110.48
20
-105.929
11
110.654
21
-105.836
0
LINE
8
BLACK
6
CONTINUOUS
10
110.654
20
-105.836
11
110.807
21
-105.711
0
LINE
8
BLACK
6
CONTINUOUS
10
110.807
20
-105.711
11
110.932
21
-105.559
0
LINE
8
BLACK
6
CONTINUOUS
10
110.932
20
-105.559
11
110.936
21
-105.55
0
LINE
8
BLACK
6
CONTINUOUS
10
110.936
20
-105.55
11
111.024
21
-105.385
0
LINE
8
BLACK
6
CONTINUOUS
10
111.024
20
-105.385
11
111.082
21
-105.196
0
LINE
8
BLACK
6
CONTINUOUS
10
111.082
20
-105.196
11
111.082
21
-105.196
0
LINE
8
BLACK
6
CONTINUOUS
10
111.082
20
-105.196
11
111.101
21
-105
0
LINE
8
BLACK
6
CONTINUOUS
10
111.101
20
-105
11
111.101
21
-105
0
LINE
8
BLACK
6
CONTINUOUS
10
111.101
20
-105
11
111.091
21
-104.9
0
LINE
8
BLACK
6
CONTINUOUS
10
111.091
20
-104.9
11
111.082
21
-104.804
0
LINE
8
BLACK
6
CONTINUOUS
10
111.082
20
-104.804
11
111.082
21
-104.804
0
LINE
8
BLACK
6
CONTINUOUS
10
111.082
20
-104.804
11
111.082
21
-104.804
0
LINE
8
BLACK
6
CONTINUOUS
10
111.082
20
-104.804
11
111.024
21
-104.615
0
LINE
8
BLACK
6
CONTINUOUS
10
111.024
20
-104.615
11
110.961
21
-104.496
0
LINE
8
BLACK
6
CONTINUOUS
10
110.961
20
-104.496
11
110.932
21
-104.441
0
LINE
8
BLACK
6
CONTINUOUS
10
110.932
20
-104.441
11
110.932
21
-104.441
0
LINE
8
BLACK
6
CONTINUOUS
10
110.932
20
-104.441
11
110.932
21
-104.441
0
LINE
8
BLACK
6
CONTINUOUS
10
110.932
20
-104.441
11
110.865
21
-104.36
0
LINE
8
BLACK
6
CONTINUOUS
10
110.865
20
-104.36
11
110.807
21
-104.289
0
LINE
8
BLACK
6
CONTINUOUS
10
110.807
20
-104.289
11
110.807
21
-104.289
0
LINE
8
BLACK
6
CONTINUOUS
10
110.807
20
-104.289
11
110.715
21
-104.214
0
LINE
8
BLACK
6
CONTINUOUS
10
110.715
20
-104.214
11
110.654
21
-104.164
0
LINE
8
BLACK
6
CONTINUOUS
10
110.654
20
-104.164
11
110.654
21
-104.164
0
LINE
8
BLACK
6
CONTINUOUS
10
110.654
20
-104.164
11
110.654
21
-104.164
0
LINE
8
BLACK
6
CONTINUOUS
10
110.654
20
-104.164
11
110.48
21
-104.071
0
LINE
8
BLACK
6
CONTINUOUS
10
110.48
20
-104.071
11
110.48
21
-104.071
0
LINE
8
BLACK
6
CONTINUOUS
10
110.48
20
-104.071
11
110.292
21
-104.014
0
LINE
8
BLACK
6
CONTINUOUS
10
110.292
20
-104.014
11
110.292
21
-104.014
0
LINE
8
BLACK
6
CONTINUOUS
10
110.292
20
-104.014
11
110.096
21
-103.995
0
LINE
8
BLACK
6
CONTINUOUS
10
110.096
20
-103.995
11
110.096
21
-103.995
0
LINE
8
BLACK
6
CONTINUOUS
10
110.096
20
-103.995
11
109.899
21
-104.014
0
LINE
8
BLACK
6
CONTINUOUS
10
109.899
20
-104.014
11
109.899
21
-104.014
0
LINE
8
BLACK
6
CONTINUOUS
10
109.899
20
-104.014
11
109.711
21
-104.071
0
LINE
8
BLACK
6
CONTINUOUS
10
109.711
20
-104.071
11
109.711
21
-104.071
0
LINE
8
BLACK
6
CONTINUOUS
10
109.711
20
-104.071
11
109.537
21
-104.164
0
LINE
8
BLACK
6
CONTINUOUS
10
109.537
20
-104.164
11
109.537
21
-104.164
0
LINE
8
BLACK
6
CONTINUOUS
10
109.537
20
-104.164
11
109.385
21
-104.289
0
LINE
8
BLACK
6
CONTINUOUS
10
109.385
20
-104.289
11
109.385
21
-104.289
0
LINE
8
BLACK
6
CONTINUOUS
10
109.385
20
-104.289
11
109.26
21
-104.441
0
LINE
8
BLACK
6
CONTINUOUS
10
109.26
20
-104.441
11
109.26
21
-104.441
0
LINE
8
BLACK
6
CONTINUOUS
10
109.26
20
-104.441
11
109.167
21
-104.615
0
LINE
8
BLACK
6
CONTINUOUS
10
109.167
20
-104.615
11
109.167
21
-104.615
0
LINE
8
BLACK
6
CONTINUOUS
10
109.167
20
-104.615
11
109.109
21
-104.804
0
LINE
8
BLACK
6
CONTINUOUS
10
109.109
20
-104.804
11
109.109
21
-104.804
0
LINE
8
BLACK
6
CONTINUOUS
10
109.109
20
-104.804
11
109.09
21
-105
0
LINE
8
BLACK
6
CONTINUOUS
10
109.09
20
-105
11
109.09
21
-105
0
LINE
8
BLACK
6
CONTINUOUS
10
109.09
20
-105
11
109.109
21
-105.196
0
LINE
8
BLACK
6
CONTINUOUS
10
126.673
20
-105.648
11
126.716
21
-105.741
0
LINE
8
BLACK
6
CONTINUOUS
10
126.716
20
-105.741
11
126.727
21
-105.766
0
LINE
8
BLACK
6
CONTINUOUS
10
126.727
20
-105.766
11
126.805
21
-105.856
0
LINE
8
BLACK
6
CONTINUOUS
10
126.805
20
-105.856
11
126.812
21
-105.864
0
LINE
8
BLACK
6
CONTINUOUS
10
126.812
20
-105.864
11
126.921
21
-105.934
0
LINE
8
BLACK
6
CONTINUOUS
10
126.921
20
-105.934
11
126.921
21
-105.934
0
LINE
8
BLACK
6
CONTINUOUS
10
126.921
20
-105.934
11
127.045
21
-105.971
0
LINE
8
BLACK
6
CONTINUOUS
10
127.045
20
-105.971
11
127.045
21
-105.971
0
LINE
8
BLACK
6
CONTINUOUS
10
127.045
20
-105.971
11
127.175
21
-105.971
0
LINE
8
BLACK
6
CONTINUOUS
10
127.175
20
-105.971
11
127.175
21
-105.971
0
LINE
8
BLACK
6
CONTINUOUS
10
127.175
20
-105.971
11
127.299
21
-105.934
0
LINE
8
BLACK
6
CONTINUOUS
10
127.299
20
-105.934
11
127.408
21
-105.864
0
LINE
8
BLACK
6
CONTINUOUS
10
127.408
20
-105.864
11
127.493
21
-105.766
0
LINE
8
BLACK
6
CONTINUOUS
10
127.493
20
-105.766
11
127.547
21
-105.648
0
LINE
8
BLACK
6
CONTINUOUS
10
127.547
20
-105.648
11
127.554
21
-105.6
0
LINE
8
BLACK
6
CONTINUOUS
10
127.554
20
-105.6
11
127.556
21
-105.582
0
LINE
8
BLACK
6
CONTINUOUS
10
127.556
20
-105.582
11
127.565
21
-105.52
0
LINE
8
BLACK
6
CONTINUOUS
10
127.565
20
-105.52
11
127.565
21
-105.52
0
LINE
8
BLACK
6
CONTINUOUS
10
127.565
20
-105.52
11
127.547
21
-105.392
0
LINE
8
BLACK
6
CONTINUOUS
10
127.547
20
-105.392
11
127.54
21
-105.376
0
LINE
8
BLACK
6
CONTINUOUS
10
127.54
20
-105.376
11
127.493
21
-105.274
0
LINE
8
BLACK
6
CONTINUOUS
10
127.493
20
-105.274
11
127.408
21
-105.176
0
LINE
8
BLACK
6
CONTINUOUS
10
127.408
20
-105.176
11
127.408
21
-105.176
0
LINE
8
BLACK
6
CONTINUOUS
10
127.408
20
-105.176
11
127.408
21
-105.176
0
LINE
8
BLACK
6
CONTINUOUS
10
127.408
20
-105.176
11
127.299
21
-105.106
0
LINE
8
BLACK
6
CONTINUOUS
10
127.299
20
-105.106
11
127.299
21
-105.106
0
LINE
8
BLACK
6
CONTINUOUS
10
127.299
20
-105.106
11
127.299
21
-105.106
0
LINE
8
BLACK
6
CONTINUOUS
10
127.299
20
-105.106
11
127.299
21
-105.106
0
LINE
8
BLACK
6
CONTINUOUS
10
127.299
20
-105.106
11
127.175
21
-105.069
0
LINE
8
BLACK
6
CONTINUOUS
10
127.175
20
-105.069
11
127.175
21
-105.069
0
LINE
8
BLACK
6
CONTINUOUS
10
127.175
20
-105.069
11
127.045
21
-105.069
0
LINE
8
BLACK
6
CONTINUOUS
10
127.045
20
-105.069
11
127.045
21
-105.069
0
LINE
8
BLACK
6
CONTINUOUS
10
127.045
20
-105.069
11
126.921
21
-105.106
0
LINE
8
BLACK
6
CONTINUOUS
10
126.921
20
-105.106
11
126.921
21
-105.106
0
LINE
8
BLACK
6
CONTINUOUS
10
126.921
20
-105.106
11
126.812
21
-105.176
0
LINE
8
BLACK
6
CONTINUOUS
10
126.812
20
-105.176
11
126.727
21
-105.274
0
LINE
8
BLACK
6
CONTINUOUS
10
126.727
20
-105.274
11
126.673
21
-105.392
0
LINE
8
BLACK
6
CONTINUOUS
10
126.673
20
-105.392
11
126.655
21
-105.52
0
LINE
8
BLACK
6
CONTINUOUS
10
126.655
20
-105.52
11
126.655
21
-105.52
0
LINE
8
BLACK
6
CONTINUOUS
10
126.655
20
-105.52
11
126.673
21
-105.648
0
LINE
8
BLACK
6
CONTINUOUS
10
137.146
20
-104.669
11
137.227
21
-104.723
0
LINE
8
BLACK
6
CONTINUOUS
10
137.227
20
-104.723
11
137.281
21
-104.804
0
LINE
8
BLACK
6
CONTINUOUS
10
137.281
20
-104.804
11
137.3
21
-104.9
0
LINE
8
BLACK
6
CONTINUOUS
10
137.3
20
-104.9
11
137.281
21
-104.996
0
LINE
8
BLACK
6
CONTINUOUS
10
137.281
20
-104.996
11
137.227
21
-105.077
0
LINE
8
BLACK
6
CONTINUOUS
10
137.227
20
-105.077
11
137.146
21
-105.131
0
LINE
8
BLACK
6
CONTINUOUS
10
137.146
20
-105.131
11
137.05
21
-105.15
0
LINE
8
BLACK
6
CONTINUOUS
10
137.05
20
-105.15
11
136.954
21
-105.131
0
LINE
8
BLACK
6
CONTINUOUS
10
136.954
20
-105.131
11
136.873
21
-105.077
0
LINE
8
BLACK
6
CONTINUOUS
10
136.873
20
-105.077
11
136.819
21
-104.996
0
LINE
8
BLACK
6
CONTINUOUS
10
136.819
20
-104.996
11
136.8
21
-104.9
0
LINE
8
BLACK
6
CONTINUOUS
10
136.8
20
-104.9
11
136.819
21
-104.804
0
LINE
8
BLACK
6
CONTINUOUS
10
136.819
20
-104.804
11
136.873
21
-104.723
0
LINE
8
BLACK
6
CONTINUOUS
10
136.873
20
-104.723
11
136.954
21
-104.669
0
LINE
8
BLACK
6
CONTINUOUS
10
136.954
20
-104.669
11
137.05
21
-104.65
0
LINE
8
BLACK
6
CONTINUOUS
10
137.05
20
-104.65
11
137.146
21
-104.669
0
LINE
8
BLACK
6
CONTINUOUS
10
126.165
20
-101.7
11
126.165
21
-101.7
0
LINE
8
BLACK
6
CONTINUOUS
10
126.165
20
-101.7
11
126.035
21
-101.7
0
LINE
8
BLACK
6
CONTINUOUS
10
126.035
20
-101.7
11
126.035
21
-101.7
0
LINE
8
BLACK
6
CONTINUOUS
10
126.035
20
-101.7
11
125.911
21
-101.736
0
LINE
8
BLACK
6
CONTINUOUS
10
125.911
20
-101.736
11
125.911
21
-101.736
0
LINE
8
BLACK
6
CONTINUOUS
10
125.911
20
-101.736
11
125.802
21
-101.806
0
LINE
8
BLACK
6
CONTINUOUS
10
125.802
20
-101.806
11
125.717
21
-101.904
0
LINE
8
BLACK
6
CONTINUOUS
10
125.717
20
-101.904
11
125.663
21
-102.022
0
LINE
8
BLACK
6
CONTINUOUS
10
125.663
20
-102.022
11
125.645
21
-102.15
0
LINE
8
BLACK
6
CONTINUOUS
10
125.645
20
-102.15
11
125.645
21
-102.15
0
LINE
8
BLACK
6
CONTINUOUS
10
125.645
20
-102.15
11
125.663
21
-102.278
0
LINE
8
BLACK
6
CONTINUOUS
10
125.663
20
-102.278
11
125.703
21
-102.366
0
LINE
8
BLACK
6
CONTINUOUS
10
125.703
20
-102.366
11
125.717
21
-102.396
0
LINE
8
BLACK
6
CONTINUOUS
10
125.717
20
-102.396
11
125.764
21
-102.45
0
LINE
8
BLACK
6
CONTINUOUS
10
125.764
20
-102.45
11
125.802
21
-102.494
0
LINE
8
BLACK
6
CONTINUOUS
10
125.802
20
-102.494
11
125.911
21
-102.564
0
LINE
8
BLACK
6
CONTINUOUS
10
125.911
20
-102.564
11
125.911
21
-102.564
0
LINE
8
BLACK
6
CONTINUOUS
10
125.911
20
-102.564
11
126.035
21
-102.6
0
LINE
8
BLACK
6
CONTINUOUS
10
126.035
20
-102.6
11
126.035
21
-102.6
0
LINE
8
BLACK
6
CONTINUOUS
10
126.035
20
-102.6
11
126.165
21
-102.6
0
LINE
8
BLACK
6
CONTINUOUS
10
126.165
20
-102.6
11
126.165
21
-102.6
0
LINE
8
BLACK
6
CONTINUOUS
10
126.165
20
-102.6
11
126.289
21
-102.564
0
LINE
8
BLACK
6
CONTINUOUS
10
126.289
20
-102.564
11
126.398
21
-102.494
0
LINE
8
BLACK
6
CONTINUOUS
10
126.398
20
-102.494
11
126.483
21
-102.396
0
LINE
8
BLACK
6
CONTINUOUS
10
126.483
20
-102.396
11
126.497
21
-102.366
0
LINE
8
BLACK
6
CONTINUOUS
10
126.497
20
-102.366
11
126.537
21
-102.278
0
LINE
8
BLACK
6
CONTINUOUS
10
126.537
20
-102.278
11
126.547
21
-102.204
0
LINE
8
BLACK
6
CONTINUOUS
10
126.547
20
-102.204
11
126.555
21
-102.15
0
LINE
8
BLACK
6
CONTINUOUS
10
126.555
20
-102.15
11
126.555
21
-102.15
0
LINE
8
BLACK
6
CONTINUOUS
10
126.555
20
-102.15
11
126.537
21
-102.022
0
LINE
8
BLACK
6
CONTINUOUS
10
126.537
20
-102.022
11
126.505
21
-101.952
0
LINE
8
BLACK
6
CONTINUOUS
10
126.505
20
-101.952
11
126.483
21
-101.904
0
LINE
8
BLACK
6
CONTINUOUS
10
126.483
20
-101.904
11
126.398
21
-101.806
0
LINE
8
BLACK
6
CONTINUOUS
10
126.398
20
-101.806
11
126.398
21
-101.806
0
LINE
8
BLACK
6
CONTINUOUS
10
126.398
20
-101.806
11
126.398
21
-101.806
0
LINE
8
BLACK
6
CONTINUOUS
10
126.398
20
-101.806
11
126.289
21
-101.736
0
LINE
8
BLACK
6
CONTINUOUS
10
126.289
20
-101.736
11
126.289
21
-101.736
0
LINE
8
BLACK
6
CONTINUOUS
10
126.289
20
-101.736
11
126.289
21
-101.736
0
LINE
8
BLACK
6
CONTINUOUS
10
126.289
20
-101.736
11
126.289
21
-101.736
0
LINE
8
BLACK
6
CONTINUOUS
10
126.289
20
-101.736
11
126.166
21
-101.7
0
LINE
8
BLACK
6
CONTINUOUS
10
126.166
20
-101.7
11
126.165
21
-101.7
0
LINE
8
BLACK
6
CONTINUOUS
10
175.713
20
-104.378
11
175.763
21
-104.486
0
LINE
8
BLACK
6
CONTINUOUS
10
175.763
20
-104.486
11
175.767
21
-104.496
0
LINE
8
BLACK
6
CONTINUOUS
10
175.767
20
-104.496
11
175.852
21
-104.594
0
LINE
8
BLACK
6
CONTINUOUS
10
175.852
20
-104.594
11
175.852
21
-104.594
0
LINE
8
BLACK
6
CONTINUOUS
10
175.852
20
-104.594
11
175.898
21
-104.624
0
LINE
8
BLACK
6
CONTINUOUS
10
175.898
20
-104.624
11
175.961
21
-104.664
0
LINE
8
BLACK
6
CONTINUOUS
10
175.961
20
-104.664
11
176.085
21
-104.7
0
LINE
8
BLACK
6
CONTINUOUS
10
176.085
20
-104.7
11
176.085
21
-104.7
0
LINE
8
BLACK
6
CONTINUOUS
10
176.085
20
-104.7
11
176.215
21
-104.7
0
LINE
8
BLACK
6
CONTINUOUS
10
176.215
20
-104.7
11
176.215
21
-104.7
0
LINE
8
BLACK
6
CONTINUOUS
10
176.215
20
-104.7
11
176.339
21
-104.664
0
LINE
8
BLACK
6
CONTINUOUS
10
176.339
20
-104.664
11
176.448
21
-104.594
0
LINE
8
BLACK
6
CONTINUOUS
10
176.448
20
-104.594
11
176.533
21
-104.496
0
LINE
8
BLACK
6
CONTINUOUS
10
176.533
20
-104.496
11
176.587
21
-104.378
0
LINE
8
BLACK
6
CONTINUOUS
10
176.587
20
-104.378
11
176.605
21
-104.251
0
LINE
8
BLACK
6
CONTINUOUS
10
176.605
20
-104.251
11
176.605
21
-104.25
0
LINE
8
BLACK
6
CONTINUOUS
10
176.605
20
-104.25
11
176.605
21
-104.25
0
LINE
8
BLACK
6
CONTINUOUS
10
176.605
20
-104.25
11
176.587
21
-104.122
0
LINE
8
BLACK
6
CONTINUOUS
10
176.587
20
-104.122
11
176.564
21
-104.071
0
LINE
8
BLACK
6
CONTINUOUS
10
176.564
20
-104.071
11
176.533
21
-104.004
0
LINE
8
BLACK
6
CONTINUOUS
10
176.533
20
-104.004
11
176.448
21
-103.906
0
LINE
8
BLACK
6
CONTINUOUS
10
176.448
20
-103.906
11
176.448
21
-103.906
0
LINE
8
BLACK
6
CONTINUOUS
10
176.448
20
-103.906
11
176.448
21
-103.906
0
LINE
8
BLACK
6
CONTINUOUS
10
176.448
20
-103.906
11
176.339
21
-103.836
0
LINE
8
BLACK
6
CONTINUOUS
10
176.339
20
-103.836
11
176.339
21
-103.836
0
LINE
8
BLACK
6
CONTINUOUS
10
176.339
20
-103.836
11
176.339
21
-103.836
0
LINE
8
BLACK
6
CONTINUOUS
10
176.339
20
-103.836
11
176.339
21
-103.836
0
LINE
8
BLACK
6
CONTINUOUS
10
176.339
20
-103.836
11
176.215
21
-103.799
0
LINE
8
BLACK
6
CONTINUOUS
10
176.215
20
-103.799
11
176.215
21
-103.799
0
LINE
8
BLACK
6
CONTINUOUS
10
176.215
20
-103.799
11
176.085
21
-103.799
0
LINE
8
BLACK
6
CONTINUOUS
10
176.085
20
-103.799
11
176.085
21
-103.799
0
LINE
8
BLACK
6
CONTINUOUS
10
176.085
20
-103.799
11
175.961
21
-103.836
0
LINE
8
BLACK
6
CONTINUOUS
10
175.961
20
-103.836
11
175.961
21
-103.836
0
LINE
8
BLACK
6
CONTINUOUS
10
175.961
20
-103.836
11
175.852
21
-103.906
0
LINE
8
BLACK
6
CONTINUOUS
10
175.852
20
-103.906
11
175.767
21
-104.004
0
LINE
8
BLACK
6
CONTINUOUS
10
175.767
20
-104.004
11
175.713
21
-104.122
0
LINE
8
BLACK
6
CONTINUOUS
10
175.713
20
-104.122
11
175.695
21
-104.25
0
LINE
8
BLACK
6
CONTINUOUS
10
175.695
20
-104.25
11
175.695
21
-104.25
0
LINE
8
BLACK
6
CONTINUOUS
10
175.695
20
-104.25
11
175.713
21
-104.378
0
LINE
8
BLACK
6
CONTINUOUS
10
106.793
20
-103.937
11
106.603
21
-104.011
0
LINE
8
BLACK
6
CONTINUOUS
10
106.603
20
-104.011
11
106.43
21
-104.118
0
LINE
8
BLACK
6
CONTINUOUS
10
106.43
20
-104.118
11
106.428
21
-104.12
0
LINE
8
BLACK
6
CONTINUOUS
10
106.428
20
-104.12
11
106.649
21
-104.341
0
LINE
8
BLACK
6
CONTINUOUS
10
106.649
20
-104.341
11
106.748
21
-104.279
0
LINE
8
BLACK
6
CONTINUOUS
10
106.748
20
-104.279
11
106.918
21
-104.22
0
LINE
8
BLACK
6
CONTINUOUS
10
106.918
20
-104.22
11
107.096
21
-104.2
0
LINE
8
BLACK
6
CONTINUOUS
10
107.096
20
-104.2
11
107.274
21
-104.22
0
LINE
8
BLACK
6
CONTINUOUS
10
107.274
20
-104.22
11
107.443
21
-104.279
0
LINE
8
BLACK
6
CONTINUOUS
10
107.443
20
-104.279
11
107.542
21
-104.341
0
LINE
8
BLACK
6
CONTINUOUS
10
107.542
20
-104.341
11
107.763
21
-104.12
0
LINE
8
BLACK
6
CONTINUOUS
10
107.763
20
-104.12
11
107.761
21
-104.118
0
LINE
8
BLACK
6
CONTINUOUS
10
107.761
20
-104.118
11
107.588
21
-104.011
0
LINE
8
BLACK
6
CONTINUOUS
10
107.588
20
-104.011
11
107.398
21
-103.937
0
LINE
8
BLACK
6
CONTINUOUS
10
107.398
20
-103.937
11
107.197
21
-103.9
0
LINE
8
BLACK
6
CONTINUOUS
10
107.197
20
-103.9
11
106.994
21
-103.9
0
LINE
8
BLACK
6
CONTINUOUS
10
106.994
20
-103.9
11
106.793
21
-103.937
0
LINE
8
BLACK
6
CONTINUOUS
10
137.061
20
-103.386
11
137.061
21
-103.386
0
LINE
8
BLACK
6
CONTINUOUS
10
137.061
20
-103.386
11
136.952
21
-103.456
0
LINE
8
BLACK
6
CONTINUOUS
10
136.952
20
-103.456
11
136.867
21
-103.554
0
LINE
8
BLACK
6
CONTINUOUS
10
136.867
20
-103.554
11
136.813
21
-103.672
0
LINE
8
BLACK
6
CONTINUOUS
10
136.813
20
-103.672
11
136.795
21
-103.8
0
LINE
8
BLACK
6
CONTINUOUS
10
136.795
20
-103.8
11
136.795
21
-103.8
0
LINE
8
BLACK
6
CONTINUOUS
10
136.795
20
-103.8
11
136.813
21
-103.928
0
LINE
8
BLACK
6
CONTINUOUS
10
136.813
20
-103.928
11
136.855
21
-104.019
0
LINE
8
BLACK
6
CONTINUOUS
10
136.855
20
-104.019
11
136.867
21
-104.046
0
LINE
8
BLACK
6
CONTINUOUS
10
136.867
20
-104.046
11
136.952
21
-104.144
0
LINE
8
BLACK
6
CONTINUOUS
10
136.952
20
-104.144
11
136.952
21
-104.144
0
LINE
8
BLACK
6
CONTINUOUS
10
136.952
20
-104.144
11
137.061
21
-104.214
0
LINE
8
BLACK
6
CONTINUOUS
10
137.061
20
-104.214
11
137.061
21
-104.214
0
LINE
8
BLACK
6
CONTINUOUS
10
137.061
20
-104.214
11
137.185
21
-104.251
0
LINE
8
BLACK
6
CONTINUOUS
10
137.185
20
-104.251
11
137.185
21
-104.251
0
LINE
8
BLACK
6
CONTINUOUS
10
137.185
20
-104.251
11
137.315
21
-104.251
0
LINE
8
BLACK
6
CONTINUOUS
10
137.315
20
-104.251
11
137.315
21
-104.251
0
LINE
8
BLACK
6
CONTINUOUS
10
137.315
20
-104.251
11
137.439
21
-104.214
0
LINE
8
BLACK
6
CONTINUOUS
10
137.439
20
-104.214
11
137.548
21
-104.144
0
LINE
8
BLACK
6
CONTINUOUS
10
137.548
20
-104.144
11
137.633
21
-104.046
0
LINE
8
BLACK
6
CONTINUOUS
10
137.633
20
-104.046
11
137.687
21
-103.928
0
LINE
8
BLACK
6
CONTINUOUS
10
137.687
20
-103.928
11
137.705
21
-103.803
0
LINE
8
BLACK
6
CONTINUOUS
10
137.705
20
-103.803
11
137.705
21
-103.8
0
LINE
8
BLACK
6
CONTINUOUS
10
137.705
20
-103.8
11
137.705
21
-103.8
0
LINE
8
BLACK
6
CONTINUOUS
10
137.705
20
-103.8
11
137.687
21
-103.672
0
LINE
8
BLACK
6
CONTINUOUS
10
137.687
20
-103.672
11
137.672
21
-103.641
0
LINE
8
BLACK
6
CONTINUOUS
10
137.672
20
-103.641
11
137.633
21
-103.554
0
LINE
8
BLACK
6
CONTINUOUS
10
137.633
20
-103.554
11
137.548
21
-103.456
0
LINE
8
BLACK
6
CONTINUOUS
10
137.548
20
-103.456
11
137.548
21
-103.456
0
LINE
8
BLACK
6
CONTINUOUS
10
137.548
20
-103.456
11
137.548
21
-103.456
0
LINE
8
BLACK
6
CONTINUOUS
10
137.548
20
-103.456
11
137.439
21
-103.386
0
LINE
8
BLACK
6
CONTINUOUS
10
137.439
20
-103.386
11
137.439
21
-103.386
0
LINE
8
BLACK
6
CONTINUOUS
10
137.439
20
-103.386
11
137.439
21
-103.386
0
LINE
8
BLACK
6
CONTINUOUS
10
137.439
20
-103.386
11
137.439
21
-103.386
0
LINE
8
BLACK
6
CONTINUOUS
10
137.439
20
-103.386
11
137.315
21
-103.349
0
LINE
8
BLACK
6
CONTINUOUS
10
137.315
20
-103.349
11
137.315
21
-103.349
0
LINE
8
BLACK
6
CONTINUOUS
10
137.315
20
-103.349
11
137.185
21
-103.349
0
LINE
8
BLACK
6
CONTINUOUS
10
137.185
20
-103.349
11
137.185
21
-103.349
0
LINE
8
BLACK
6
CONTINUOUS
10
137.185
20
-103.349
11
137.061
21
-103.386
0
LINE
8
BLACK
6
CONTINUOUS
10
110.911
20
-103.261
11
110.911
21
-103.261
0
LINE
8
BLACK
6
CONTINUOUS
10
110.911
20
-103.261
11
110.802
21
-103.331
0
LINE
8
BLACK
6
CONTINUOUS
10
110.802
20
-103.331
11
110.717
21
-103.429
0
LINE
8
BLACK
6
CONTINUOUS
10
110.717
20
-103.429
11
110.663
21
-103.547
0
LINE
8
BLACK
6
CONTINUOUS
10
110.663
20
-103.547
11
110.645
21
-103.675
0
LINE
8
BLACK
6
CONTINUOUS
10
110.645
20
-103.675
11
110.645
21
-103.675
0
LINE
8
BLACK
6
CONTINUOUS
10
110.645
20
-103.675
11
110.663
21
-103.803
0
LINE
8
BLACK
6
CONTINUOUS
10
110.663
20
-103.803
11
110.71
21
-103.906
0
LINE
8
BLACK
6
CONTINUOUS
10
110.71
20
-103.906
11
110.717
21
-103.921
0
LINE
8
BLACK
6
CONTINUOUS
10
110.717
20
-103.921
11
110.795
21
-104.011
0
LINE
8
BLACK
6
CONTINUOUS
10
110.795
20
-104.011
11
110.802
21
-104.019
0
LINE
8
BLACK
6
CONTINUOUS
10
110.802
20
-104.019
11
110.883
21
-104.071
0
LINE
8
BLACK
6
CONTINUOUS
10
110.883
20
-104.071
11
110.911
21
-104.089
0
LINE
8
BLACK
6
CONTINUOUS
10
110.911
20
-104.089
11
111.035
21
-104.126
0
LINE
8
BLACK
6
CONTINUOUS
10
111.035
20
-104.126
11
111.035
21
-104.126
0
LINE
8
BLACK
6
CONTINUOUS
10
111.035
20
-104.126
11
111.165
21
-104.126
0
LINE
8
BLACK
6
CONTINUOUS
10
111.165
20
-104.126
11
111.165
21
-104.126
0
LINE
8
BLACK
6
CONTINUOUS
10
111.165
20
-104.126
11
111.289
21
-104.089
0
LINE
8
BLACK
6
CONTINUOUS
10
111.289
20
-104.089
11
111.398
21
-104.019
0
LINE
8
BLACK
6
CONTINUOUS
10
111.398
20
-104.019
11
111.483
21
-103.921
0
LINE
8
BLACK
6
CONTINUOUS
10
111.483
20
-103.921
11
111.537
21
-103.803
0
LINE
8
BLACK
6
CONTINUOUS
10
111.537
20
-103.803
11
111.537
21
-103.8
0
LINE
8
BLACK
6
CONTINUOUS
10
111.537
20
-103.8
11
111.555
21
-103.675
0
LINE
8
BLACK
6
CONTINUOUS
10
111.555
20
-103.675
11
111.555
21
-103.672
0
LINE
8
BLACK
6
CONTINUOUS
10
111.555
20
-103.672
11
111.537
21
-103.547
0
LINE
8
BLACK
6
CONTINUOUS
10
111.537
20
-103.547
11
111.516
21
-103.501
0
LINE
8
BLACK
6
CONTINUOUS
10
111.516
20
-103.501
11
111.483
21
-103.429
0
LINE
8
BLACK
6
CONTINUOUS
10
111.483
20
-103.429
11
111.398
21
-103.331
0
LINE
8
BLACK
6
CONTINUOUS
10
111.398
20
-103.331
11
111.398
21
-103.331
0
LINE
8
BLACK
6
CONTINUOUS
10
111.398
20
-103.331
11
111.398
21
-103.331
0
LINE
8
BLACK
6
CONTINUOUS
10
111.398
20
-103.331
11
111.289
21
-103.261
0
LINE
8
BLACK
6
CONTINUOUS
10
111.289
20
-103.261
11
111.289
21
-103.261
0
LINE
8
BLACK
6
CONTINUOUS
10
111.289
20
-103.261
11
111.289
21
-103.261
0
LINE
8
BLACK
6
CONTINUOUS
10
111.289
20
-103.261
11
111.289
21
-103.261
0
LINE
8
BLACK
6
CONTINUOUS
10
111.289
20
-103.261
11
111.165
21
-103.224
0
LINE
8
BLACK
6
CONTINUOUS
10
111.165
20
-103.224
11
111.165
21
-103.224
0
LINE
8
BLACK
6
CONTINUOUS
10
111.165
20
-103.224
11
111.035
21
-103.224
0
LINE
8
BLACK
6
CONTINUOUS
10
111.035
20
-103.224
11
111.035
21
-103.224
0
LINE
8
BLACK
6
CONTINUOUS
10
111.035
20
-103.224
11
110.911
21
-103.261
0
LINE
8
BLACK
6
CONTINUOUS
10
151.502
20
-102.494
11
151.55
21
-102.6
0
LINE
8
BLACK
6
CONTINUOUS
10
151.55
20
-102.6
11
151.555
21
-102.612
0
LINE
8
BLACK
6
CONTINUOUS
10
151.555
20
-102.612
11
151.628
21
-102.696
0
LINE
8
BLACK
6
CONTINUOUS
10
151.628
20
-102.696
11
151.64
21
-102.71
0
LINE
8
BLACK
6
CONTINUOUS
10
151.64
20
-102.71
11
151.749
21
-102.78
0
LINE
8
BLACK
6
CONTINUOUS
10
151.749
20
-102.78
11
151.749
21
-102.78
0
LINE
8
BLACK
6
CONTINUOUS
10
151.749
20
-102.78
11
151.874
21
-102.817
0
LINE
8
BLACK
6
CONTINUOUS
10
151.874
20
-102.817
11
151.874
21
-102.817
0
LINE
8
BLACK
6
CONTINUOUS
10
151.874
20
-102.817
11
151.964
21
-102.817
0
LINE
8
BLACK
6
CONTINUOUS
10
151.964
20
-102.817
11
152.022
21
-102.835
0
LINE
8
BLACK
6
CONTINUOUS
10
152.022
20
-102.835
11
152.058
21
-102.885
0
LINE
8
BLACK
6
CONTINUOUS
10
152.058
20
-102.885
11
152.062
21
-102.93
0
LINE
8
BLACK
6
CONTINUOUS
10
152.062
20
-102.93
11
152.045
21
-103.05
0
LINE
8
BLACK
6
CONTINUOUS
10
152.045
20
-103.05
11
152.045
21
-103.05
0
LINE
8
BLACK
6
CONTINUOUS
10
152.045
20
-103.05
11
152.063
21
-103.178
0
LINE
8
BLACK
6
CONTINUOUS
10
152.063
20
-103.178
11
152.063
21
-103.178
0
LINE
8
BLACK
6
CONTINUOUS
10
152.063
20
-103.178
11
152.078
21
-103.209
0
LINE
8
BLACK
6
CONTINUOUS
10
152.078
20
-103.209
11
152.085
21
-103.27
0
LINE
8
BLACK
6
CONTINUOUS
10
152.085
20
-103.27
11
152.054
21
-103.323
0
LINE
8
BLACK
6
CONTINUOUS
10
152.054
20
-103.323
11
151.999
21
-103.349
0
LINE
8
BLACK
6
CONTINUOUS
10
151.999
20
-103.349
11
151.987
21
-103.349
0
LINE
8
BLACK
6
CONTINUOUS
10
151.987
20
-103.349
11
151.905
21
-103.349
0
LINE
8
BLACK
6
CONTINUOUS
10
151.905
20
-103.349
11
151.781
21
-103.386
0
LINE
8
BLACK
6
CONTINUOUS
10
151.781
20
-103.386
11
151.781
21
-103.386
0
LINE
8
BLACK
6
CONTINUOUS
10
151.781
20
-103.386
11
151.672
21
-103.456
0
LINE
8
BLACK
6
CONTINUOUS
10
151.672
20
-103.456
11
151.587
21
-103.554
0
LINE
8
BLACK
6
CONTINUOUS
10
151.587
20
-103.554
11
151.533
21
-103.672
0
LINE
8
BLACK
6
CONTINUOUS
10
151.533
20
-103.672
11
151.515
21
-103.8
0
LINE
8
BLACK
6
CONTINUOUS
10
151.515
20
-103.8
11
151.515
21
-103.8
0
LINE
8
BLACK
6
CONTINUOUS
10
151.515
20
-103.8
11
151.533
21
-103.928
0
LINE
8
BLACK
6
CONTINUOUS
10
151.533
20
-103.928
11
151.575
21
-104.019
0
LINE
8
BLACK
6
CONTINUOUS
10
151.575
20
-104.019
11
151.587
21
-104.046
0
LINE
8
BLACK
6
CONTINUOUS
10
151.587
20
-104.046
11
151.672
21
-104.144
0
LINE
8
BLACK
6
CONTINUOUS
10
151.672
20
-104.144
11
151.672
21
-104.144
0
LINE
8
BLACK
6
CONTINUOUS
10
151.672
20
-104.144
11
151.781
21
-104.214
0
LINE
8
BLACK
6
CONTINUOUS
10
151.781
20
-104.214
11
151.781
21
-104.214
0
LINE
8
BLACK
6
CONTINUOUS
10
151.781
20
-104.214
11
151.905
21
-104.251
0
LINE
8
BLACK
6
CONTINUOUS
10
151.905
20
-104.251
11
151.905
21
-104.251
0
LINE
8
BLACK
6
CONTINUOUS
10
151.905
20
-104.251
11
152.035
21
-104.251
0
LINE
8
BLACK
6
CONTINUOUS
10
152.035
20
-104.251
11
152.035
21
-104.251
0
LINE
8
BLACK
6
CONTINUOUS
10
152.035
20
-104.251
11
152.036
21
-104.25
0
LINE
8
BLACK
6
CONTINUOUS
10
152.036
20
-104.25
11
152.159
21
-104.214
0
LINE
8
BLACK
6
CONTINUOUS
10
152.159
20
-104.214
11
152.268
21
-104.144
0
LINE
8
BLACK
6
CONTINUOUS
10
152.268
20
-104.144
11
152.353
21
-104.046
0
LINE
8
BLACK
6
CONTINUOUS
10
152.353
20
-104.046
11
152.407
21
-103.928
0
LINE
8
BLACK
6
CONTINUOUS
10
152.407
20
-103.928
11
152.425
21
-103.803
0
LINE
8
BLACK
6
CONTINUOUS
10
152.425
20
-103.803
11
152.425
21
-103.8
0
LINE
8
BLACK
6
CONTINUOUS
10
152.425
20
-103.8
11
152.425
21
-103.8
0
LINE
8
BLACK
6
CONTINUOUS
10
152.425
20
-103.8
11
152.407
21
-103.672
0
LINE
8
BLACK
6
CONTINUOUS
10
152.407
20
-103.672
11
152.407
21
-103.672
0
LINE
8
BLACK
6
CONTINUOUS
10
152.407
20
-103.672
11
152.392
21
-103.641
0
LINE
8
BLACK
6
CONTINUOUS
10
152.392
20
-103.641
11
152.385
21
-103.58
0
LINE
8
BLACK
6
CONTINUOUS
10
152.385
20
-103.58
11
152.416
21
-103.527
0
LINE
8
BLACK
6
CONTINUOUS
10
152.416
20
-103.527
11
152.471
21
-103.501
0
LINE
8
BLACK
6
CONTINUOUS
10
152.471
20
-103.501
11
152.483
21
-103.501
0
LINE
8
BLACK
6
CONTINUOUS
10
152.483
20
-103.501
11
152.565
21
-103.501
0
LINE
8
BLACK
6
CONTINUOUS
10
152.565
20
-103.501
11
152.565
21
-103.501
0
LINE
8
BLACK
6
CONTINUOUS
10
152.565
20
-103.501
11
152.689
21
-103.464
0
LINE
8
BLACK
6
CONTINUOUS
10
152.689
20
-103.464
11
152.798
21
-103.394
0
LINE
8
BLACK
6
CONTINUOUS
10
152.798
20
-103.394
11
152.883
21
-103.296
0
LINE
8
BLACK
6
CONTINUOUS
10
152.883
20
-103.296
11
152.937
21
-103.178
0
LINE
8
BLACK
6
CONTINUOUS
10
152.937
20
-103.178
11
152.955
21
-103.05
0
LINE
8
BLACK
6
CONTINUOUS
10
152.955
20
-103.05
11
152.941
21
-102.95
0
LINE
8
BLACK
6
CONTINUOUS
10
152.941
20
-102.95
11
152.937
21
-102.922
0
LINE
8
BLACK
6
CONTINUOUS
10
152.937
20
-102.922
11
152.883
21
-102.804
0
LINE
8
BLACK
6
CONTINUOUS
10
152.883
20
-102.804
11
152.798
21
-102.706
0
LINE
8
BLACK
6
CONTINUOUS
10
152.798
20
-102.706
11
152.798
21
-102.706
0
LINE
8
BLACK
6
CONTINUOUS
10
152.798
20
-102.706
11
152.798
21
-102.706
0
LINE
8
BLACK
6
CONTINUOUS
10
152.798
20
-102.706
11
152.689
21
-102.636
0
LINE
8
BLACK
6
CONTINUOUS
10
152.689
20
-102.636
11
152.689
21
-102.636
0
LINE
8
BLACK
6
CONTINUOUS
10
152.689
20
-102.636
11
152.689
21
-102.636
0
LINE
8
BLACK
6
CONTINUOUS
10
152.689
20
-102.636
11
152.689
21
-102.636
0
LINE
8
BLACK
6
CONTINUOUS
10
152.689
20
-102.636
11
152.565
21
-102.599
0
LINE
8
BLACK
6
CONTINUOUS
10
152.565
20
-102.599
11
152.565
21
-102.599
0
LINE
8
BLACK
6
CONTINUOUS
10
152.565
20
-102.599
11
152.474
21
-102.599
0
LINE
8
BLACK
6
CONTINUOUS
10
152.474
20
-102.599
11
152.416
21
-102.581
0
LINE
8
BLACK
6
CONTINUOUS
10
152.416
20
-102.581
11
152.38
21
-102.531
0
LINE
8
BLACK
6
CONTINUOUS
10
152.38
20
-102.531
11
152.376
21
-102.486
0
LINE
8
BLACK
6
CONTINUOUS
10
152.376
20
-102.486
11
152.381
21
-102.45
0
LINE
8
BLACK
6
CONTINUOUS
10
152.381
20
-102.45
11
152.393
21
-102.366
0
LINE
8
BLACK
6
CONTINUOUS
10
152.393
20
-102.366
11
152.393
21
-102.366
0
LINE
8
BLACK
6
CONTINUOUS
10
152.393
20
-102.366
11
152.375
21
-102.238
0
LINE
8
BLACK
6
CONTINUOUS
10
152.375
20
-102.238
11
152.373
21
-102.231
0
LINE
8
BLACK
6
CONTINUOUS
10
152.373
20
-102.231
11
152.375
21
-102.231
0
LINE
8
BLACK
6
CONTINUOUS
10
152.375
20
-102.231
11
152.369
21
-102.178
0
LINE
8
BLACK
6
CONTINUOUS
10
152.369
20
-102.178
11
152.399
21
-102.125
0
LINE
8
BLACK
6
CONTINUOUS
10
152.399
20
-102.125
11
152.454
21
-102.099
0
LINE
8
BLACK
6
CONTINUOUS
10
152.454
20
-102.099
11
152.48
21
-102.1
0
LINE
8
BLACK
6
CONTINUOUS
10
152.48
20
-102.1
11
152.485
21
-102.1
0
LINE
8
BLACK
6
CONTINUOUS
10
152.485
20
-102.1
11
152.485
21
-102.1
0
LINE
8
BLACK
6
CONTINUOUS
10
152.485
20
-102.1
11
152.485
21
-102.1
0
LINE
8
BLACK
6
CONTINUOUS
10
152.485
20
-102.1
11
152.615
21
-102.1
0
LINE
8
BLACK
6
CONTINUOUS
10
152.615
20
-102.1
11
152.615
21
-102.1
0
LINE
8
BLACK
6
CONTINUOUS
10
152.615
20
-102.1
11
152.739
21
-102.064
0
LINE
8
BLACK
6
CONTINUOUS
10
152.739
20
-102.064
11
152.848
21
-101.994
0
LINE
8
BLACK
6
CONTINUOUS
10
152.848
20
-101.994
11
152.933
21
-101.896
0
LINE
8
BLACK
6
CONTINUOUS
10
152.933
20
-101.896
11
152.987
21
-101.778
0
LINE
8
BLACK
6
CONTINUOUS
10
152.987
20
-101.778
11
152.998
21
-101.7
0
LINE
8
BLACK
6
CONTINUOUS
10
152.998
20
-101.7
11
153.005
21
-101.65
0
LINE
8
BLACK
6
CONTINUOUS
10
153.005
20
-101.65
11
153.005
21
-101.65
0
LINE
8
BLACK
6
CONTINUOUS
10
153.005
20
-101.65
11
152.987
21
-101.522
0
LINE
8
BLACK
6
CONTINUOUS
10
152.987
20
-101.522
11
152.933
21
-101.404
0
LINE
8
BLACK
6
CONTINUOUS
10
152.933
20
-101.404
11
152.848
21
-101.306
0
LINE
8
BLACK
6
CONTINUOUS
10
152.848
20
-101.306
11
152.848
21
-101.306
0
LINE
8
BLACK
6
CONTINUOUS
10
152.848
20
-101.306
11
152.848
21
-101.306
0
LINE
8
BLACK
6
CONTINUOUS
10
152.848
20
-101.306
11
152.739
21
-101.236
0
LINE
8
BLACK
6
CONTINUOUS
10
152.739
20
-101.236
11
152.739
21
-101.236
0
LINE
8
BLACK
6
CONTINUOUS
10
152.739
20
-101.236
11
152.739
21
-101.236
0
LINE
8
BLACK
6
CONTINUOUS
10
152.739
20
-101.236
11
152.739
21
-101.236
0
LINE
8
BLACK
6
CONTINUOUS
10
152.739
20
-101.236
11
152.615
21
-101.2
0
LINE
8
BLACK
6
CONTINUOUS
10
152.615
20
-101.2
11
152.615
21
-101.2
0
LINE
8
BLACK
6
CONTINUOUS
10
152.615
20
-101.2
11
152.485
21
-101.2
0
LINE
8
BLACK
6
CONTINUOUS
10
152.485
20
-101.2
11
152.485
21
-101.2
0
LINE
8
BLACK
6
CONTINUOUS
10
152.485
20
-101.2
11
152.361
21
-101.236
0
LINE
8
BLACK
6
CONTINUOUS
10
152.361
20
-101.236
11
152.361
21
-101.236
0
LINE
8
BLACK
6
CONTINUOUS
10
152.361
20
-101.236
11
152.252
21
-101.306
0
LINE
8
BLACK
6
CONTINUOUS
10
152.252
20
-101.306
11
152.167
21
-101.404
0
LINE
8
BLACK
6
CONTINUOUS
10
152.167
20
-101.404
11
152.113
21
-101.522
0
LINE
8
BLACK
6
CONTINUOUS
10
152.113
20
-101.522
11
152.095
21
-101.65
0
LINE
8
BLACK
6
CONTINUOUS
10
152.095
20
-101.65
11
152.095
21
-101.65
0
LINE
8
BLACK
6
CONTINUOUS
10
152.095
20
-101.65
11
152.113
21
-101.778
0
LINE
8
BLACK
6
CONTINUOUS
10
152.113
20
-101.778
11
152.115
21
-101.785
0
LINE
8
BLACK
6
CONTINUOUS
10
152.115
20
-101.785
11
152.114
21
-101.785
0
LINE
8
BLACK
6
CONTINUOUS
10
152.114
20
-101.785
11
152.12
21
-101.838
0
LINE
8
BLACK
6
CONTINUOUS
10
152.12
20
-101.838
11
152.09
21
-101.891
0
LINE
8
BLACK
6
CONTINUOUS
10
152.09
20
-101.891
11
152.034
21
-101.917
0
LINE
8
BLACK
6
CONTINUOUS
10
152.034
20
-101.917
11
152.009
21
-101.916
0
LINE
8
BLACK
6
CONTINUOUS
10
152.009
20
-101.916
11
152.003
21
-101.916
0
LINE
8
BLACK
6
CONTINUOUS
10
152.003
20
-101.916
11
152.003
21
-101.916
0
LINE
8
BLACK
6
CONTINUOUS
10
152.003
20
-101.916
11
151.874
21
-101.916
0
LINE
8
BLACK
6
CONTINUOUS
10
151.874
20
-101.916
11
151.874
21
-101.916
0
LINE
8
BLACK
6
CONTINUOUS
10
151.874
20
-101.916
11
151.749
21
-101.952
0
LINE
8
BLACK
6
CONTINUOUS
10
151.749
20
-101.952
11
151.749
21
-101.952
0
LINE
8
BLACK
6
CONTINUOUS
10
151.749
20
-101.952
11
151.64
21
-102.022
0
LINE
8
BLACK
6
CONTINUOUS
10
151.64
20
-102.022
11
151.555
21
-102.12
0
LINE
8
BLACK
6
CONTINUOUS
10
151.555
20
-102.12
11
151.502
21
-102.238
0
LINE
8
BLACK
6
CONTINUOUS
10
151.502
20
-102.238
11
151.483
21
-102.366
0
LINE
8
BLACK
6
CONTINUOUS
10
151.483
20
-102.366
11
151.483
21
-102.366
0
LINE
8
BLACK
6
CONTINUOUS
10
151.483
20
-102.366
11
151.502
21
-102.494
0
LINE
8
BLACK
6
CONTINUOUS
10
142.186
20
-102.636
11
142.186
21
-102.636
0
LINE
8
BLACK
6
CONTINUOUS
10
142.186
20
-102.636
11
142.077
21
-102.706
0
LINE
8
BLACK
6
CONTINUOUS
10
142.077
20
-102.706
11
141.992
21
-102.804
0
LINE
8
BLACK
6
CONTINUOUS
10
141.992
20
-102.804
11
141.938
21
-102.922
0
LINE
8
BLACK
6
CONTINUOUS
10
141.938
20
-102.922
11
141.92
21
-103.05
0
LINE
8
BLACK
6
CONTINUOUS
10
141.92
20
-103.05
11
141.92
21
-103.05
0
LINE
8
BLACK
6
CONTINUOUS
10
141.92
20
-103.05
11
141.938
21
-103.178
0
LINE
8
BLACK
6
CONTINUOUS
10
141.938
20
-103.178
11
141.938
21
-103.178
0
LINE
8
BLACK
6
CONTINUOUS
10
141.938
20
-103.178
11
141.992
21
-103.296
0
LINE
8
BLACK
6
CONTINUOUS
10
141.992
20
-103.296
11
142.07
21
-103.386
0
LINE
8
BLACK
6
CONTINUOUS
10
142.07
20
-103.386
11
142.077
21
-103.394
0
LINE
8
BLACK
6
CONTINUOUS
10
142.077
20
-103.394
11
142.186
21
-103.464
0
LINE
8
BLACK
6
CONTINUOUS
10
142.186
20
-103.464
11
142.186
21
-103.464
0
LINE
8
BLACK
6
CONTINUOUS
10
142.186
20
-103.464
11
142.31
21
-103.501
0
LINE
8
BLACK
6
CONTINUOUS
10
142.31
20
-103.501
11
142.31
21
-103.501
0
LINE
8
BLACK
6
CONTINUOUS
10
142.31
20
-103.501
11
142.44
21
-103.501
0
LINE
8
BLACK
6
CONTINUOUS
10
142.44
20
-103.501
11
142.44
21
-103.501
0
LINE
8
BLACK
6
CONTINUOUS
10
142.44
20
-103.501
11
142.564
21
-103.464
0
LINE
8
BLACK
6
CONTINUOUS
10
142.564
20
-103.464
11
142.673
21
-103.394
0
LINE
8
BLACK
6
CONTINUOUS
10
142.673
20
-103.394
11
142.758
21
-103.296
0
LINE
8
BLACK
6
CONTINUOUS
10
142.758
20
-103.296
11
142.812
21
-103.178
0
LINE
8
BLACK
6
CONTINUOUS
10
142.812
20
-103.178
11
142.83
21
-103.05
0
LINE
8
BLACK
6
CONTINUOUS
10
142.83
20
-103.05
11
142.812
21
-102.922
0
LINE
8
BLACK
6
CONTINUOUS
10
142.812
20
-102.922
11
142.758
21
-102.804
0
LINE
8
BLACK
6
CONTINUOUS
10
142.758
20
-102.804
11
142.673
21
-102.706
0
LINE
8
BLACK
6
CONTINUOUS
10
142.673
20
-102.706
11
142.673
21
-102.706
0
LINE
8
BLACK
6
CONTINUOUS
10
142.673
20
-102.706
11
142.673
21
-102.706
0
LINE
8
BLACK
6
CONTINUOUS
10
142.673
20
-102.706
11
142.564
21
-102.636
0
LINE
8
BLACK
6
CONTINUOUS
10
142.564
20
-102.636
11
142.564
21
-102.636
0
LINE
8
BLACK
6
CONTINUOUS
10
142.564
20
-102.636
11
142.564
21
-102.636
0
LINE
8
BLACK
6
CONTINUOUS
10
142.564
20
-102.636
11
142.564
21
-102.636
0
LINE
8
BLACK
6
CONTINUOUS
10
142.564
20
-102.636
11
142.44
21
-102.599
0
LINE
8
BLACK
6
CONTINUOUS
10
142.44
20
-102.599
11
142.44
21
-102.599
0
LINE
8
BLACK
6
CONTINUOUS
10
142.44
20
-102.599
11
142.31
21
-102.599
0
LINE
8
BLACK
6
CONTINUOUS
10
142.31
20
-102.599
11
142.31
21
-102.599
0
LINE
8
BLACK
6
CONTINUOUS
10
142.31
20
-102.599
11
142.186
21
-102.636
0
LINE
8
BLACK
6
CONTINUOUS
10
180.863
20
-103.078
11
180.909
21
-103.178
0
LINE
8
BLACK
6
CONTINUOUS
10
180.909
20
-103.178
11
180.917
21
-103.196
0
LINE
8
BLACK
6
CONTINUOUS
10
180.917
20
-103.196
11
181.002
21
-103.294
0
LINE
8
BLACK
6
CONTINUOUS
10
181.002
20
-103.294
11
181.002
21
-103.294
0
LINE
8
BLACK
6
CONTINUOUS
10
181.002
20
-103.294
11
181.088
21
-103.349
0
LINE
8
BLACK
6
CONTINUOUS
10
181.088
20
-103.349
11
181.111
21
-103.364
0
LINE
8
BLACK
6
CONTINUOUS
10
181.111
20
-103.364
11
181.235
21
-103.4
0
LINE
8
BLACK
6
CONTINUOUS
10
181.235
20
-103.4
11
181.235
21
-103.4
0
LINE
8
BLACK
6
CONTINUOUS
10
181.235
20
-103.4
11
181.365
21
-103.4
0
LINE
8
BLACK
6
CONTINUOUS
10
181.365
20
-103.4
11
181.365
21
-103.4
0
LINE
8
BLACK
6
CONTINUOUS
10
181.365
20
-103.4
11
181.489
21
-103.364
0
LINE
8
BLACK
6
CONTINUOUS
10
181.489
20
-103.364
11
181.598
21
-103.294
0
LINE
8
BLACK
6
CONTINUOUS
10
181.598
20
-103.294
11
181.683
21
-103.196
0
LINE
8
BLACK
6
CONTINUOUS
10
181.683
20
-103.196
11
181.737
21
-103.078
0
LINE
8
BLACK
6
CONTINUOUS
10
181.737
20
-103.078
11
181.755
21
-102.95
0
LINE
8
BLACK
6
CONTINUOUS
10
181.755
20
-102.95
11
181.752
21
-102.93
0
LINE
8
BLACK
6
CONTINUOUS
10
181.752
20
-102.93
11
181.737
21
-102.822
0
LINE
8
BLACK
6
CONTINUOUS
10
181.737
20
-102.822
11
181.686
21
-102.71
0
LINE
8
BLACK
6
CONTINUOUS
10
181.686
20
-102.71
11
181.683
21
-102.704
0
LINE
8
BLACK
6
CONTINUOUS
10
181.683
20
-102.704
11
181.598
21
-102.606
0
LINE
8
BLACK
6
CONTINUOUS
10
181.598
20
-102.606
11
181.598
21
-102.606
0
LINE
8
BLACK
6
CONTINUOUS
10
181.598
20
-102.606
11
181.598
21
-102.606
0
LINE
8
BLACK
6
CONTINUOUS
10
181.598
20
-102.606
11
181.489
21
-102.536
0
LINE
8
BLACK
6
CONTINUOUS
10
181.489
20
-102.536
11
181.489
21
-102.536
0
LINE
8
BLACK
6
CONTINUOUS
10
181.489
20
-102.536
11
181.489
21
-102.536
0
LINE
8
BLACK
6
CONTINUOUS
10
181.489
20
-102.536
11
181.472
21
-102.531
0
LINE
8
BLACK
6
CONTINUOUS
10
181.472
20
-102.531
11
181.365
21
-102.499
0
LINE
8
BLACK
6
CONTINUOUS
10
181.365
20
-102.499
11
181.365
21
-102.499
0
LINE
8
BLACK
6
CONTINUOUS
10
181.365
20
-102.499
11
181.235
21
-102.499
0
LINE
8
BLACK
6
CONTINUOUS
10
181.235
20
-102.499
11
181.235
21
-102.499
0
LINE
8
BLACK
6
CONTINUOUS
10
181.235
20
-102.499
11
181.111
21
-102.536
0
LINE
8
BLACK
6
CONTINUOUS
10
181.111
20
-102.536
11
181.111
21
-102.536
0
LINE
8
BLACK
6
CONTINUOUS
10
181.111
20
-102.536
11
181.002
21
-102.606
0
LINE
8
BLACK
6
CONTINUOUS
10
181.002
20
-102.606
11
180.917
21
-102.704
0
LINE
8
BLACK
6
CONTINUOUS
10
180.917
20
-102.704
11
180.863
21
-102.822
0
LINE
8
BLACK
6
CONTINUOUS
10
180.863
20
-102.822
11
180.845
21
-102.95
0
LINE
8
BLACK
6
CONTINUOUS
10
180.845
20
-102.95
11
180.845
21
-102.95
0
LINE
8
BLACK
6
CONTINUOUS
10
180.845
20
-102.95
11
180.863
21
-103.078
0
LINE
8
BLACK
6
CONTINUOUS
10
159.663
20
-102.578
11
159.717
21
-102.696
0
LINE
8
BLACK
6
CONTINUOUS
10
159.717
20
-102.696
11
159.717
21
-102.696
0
LINE
8
BLACK
6
CONTINUOUS
10
159.717
20
-102.696
11
159.777
21
-102.765
0
LINE
8
BLACK
6
CONTINUOUS
10
159.777
20
-102.765
11
159.802
21
-102.794
0
LINE
8
BLACK
6
CONTINUOUS
10
159.802
20
-102.794
11
159.911
21
-102.864
0
LINE
8
BLACK
6
CONTINUOUS
10
159.911
20
-102.864
11
159.911
21
-102.864
0
LINE
8
BLACK
6
CONTINUOUS
10
159.911
20
-102.864
11
160.035
21
-102.9
0
LINE
8
BLACK
6
CONTINUOUS
10
160.035
20
-102.9
11
160.035
21
-102.9
0
LINE
8
BLACK
6
CONTINUOUS
10
160.035
20
-102.9
11
160.165
21
-102.9
0
LINE
8
BLACK
6
CONTINUOUS
10
160.165
20
-102.9
11
160.165
21
-102.9
0
LINE
8
BLACK
6
CONTINUOUS
10
160.165
20
-102.9
11
160.289
21
-102.864
0
LINE
8
BLACK
6
CONTINUOUS
10
160.289
20
-102.864
11
160.398
21
-102.794
0
LINE
8
BLACK
6
CONTINUOUS
10
160.398
20
-102.794
11
160.483
21
-102.696
0
LINE
8
BLACK
6
CONTINUOUS
10
160.483
20
-102.696
11
160.537
21
-102.578
0
LINE
8
BLACK
6
CONTINUOUS
10
160.537
20
-102.578
11
160.549
21
-102.494
0
LINE
8
BLACK
6
CONTINUOUS
10
160.549
20
-102.494
11
160.555
21
-102.45
0
LINE
8
BLACK
6
CONTINUOUS
10
160.555
20
-102.45
11
160.555
21
-102.45
0
LINE
8
BLACK
6
CONTINUOUS
10
160.555
20
-102.45
11
160.537
21
-102.322
0
LINE
8
BLACK
6
CONTINUOUS
10
160.537
20
-102.322
11
160.517
21
-102.278
0
LINE
8
BLACK
6
CONTINUOUS
10
160.517
20
-102.278
11
160.483
21
-102.204
0
LINE
8
BLACK
6
CONTINUOUS
10
160.483
20
-102.204
11
160.398
21
-102.106
0
LINE
8
BLACK
6
CONTINUOUS
10
160.398
20
-102.106
11
160.398
21
-102.106
0
LINE
8
BLACK
6
CONTINUOUS
10
160.398
20
-102.106
11
160.398
21
-102.106
0
LINE
8
BLACK
6
CONTINUOUS
10
160.398
20
-102.106
11
160.289
21
-102.036
0
LINE
8
BLACK
6
CONTINUOUS
10
160.289
20
-102.036
11
160.289
21
-102.036
0
LINE
8
BLACK
6
CONTINUOUS
10
160.289
20
-102.036
11
160.289
21
-102.036
0
LINE
8
BLACK
6
CONTINUOUS
10
160.289
20
-102.036
11
160.289
21
-102.036
0
LINE
8
BLACK
6
CONTINUOUS
10
160.289
20
-102.036
11
160.165
21
-101.999
0
LINE
8
BLACK
6
CONTINUOUS
10
160.165
20
-101.999
11
160.165
21
-101.999
0
LINE
8
BLACK
6
CONTINUOUS
10
160.165
20
-101.999
11
160.035
21
-101.999
0
LINE
8
BLACK
6
CONTINUOUS
10
160.035
20
-101.999
11
160.035
21
-101.999
0
LINE
8
BLACK
6
CONTINUOUS
10
160.035
20
-101.999
11
159.911
21
-102.036
0
LINE
8
BLACK
6
CONTINUOUS
10
159.911
20
-102.036
11
159.911
21
-102.036
0
LINE
8
BLACK
6
CONTINUOUS
10
159.911
20
-102.036
11
159.802
21
-102.106
0
LINE
8
BLACK
6
CONTINUOUS
10
159.802
20
-102.106
11
159.717
21
-102.204
0
LINE
8
BLACK
6
CONTINUOUS
10
159.717
20
-102.204
11
159.663
21
-102.322
0
LINE
8
BLACK
6
CONTINUOUS
10
159.663
20
-102.322
11
159.645
21
-102.45
0
LINE
8
BLACK
6
CONTINUOUS
10
159.645
20
-102.45
11
159.645
21
-102.45
0
LINE
8
BLACK
6
CONTINUOUS
10
159.645
20
-102.45
11
159.663
21
-102.578
0
LINE
8
BLACK
6
CONTINUOUS
10
156.611
20
-100.736
11
156.611
21
-100.736
0
LINE
8
BLACK
6
CONTINUOUS
10
156.611
20
-100.736
11
156.502
21
-100.806
0
LINE
8
BLACK
6
CONTINUOUS
10
156.502
20
-100.806
11
156.417
21
-100.904
0
LINE
8
BLACK
6
CONTINUOUS
10
156.417
20
-100.904
11
156.363
21
-101.022
0
LINE
8
BLACK
6
CONTINUOUS
10
156.363
20
-101.022
11
156.345
21
-101.15
0
LINE
8
BLACK
6
CONTINUOUS
10
156.345
20
-101.15
11
156.345
21
-101.15
0
LINE
8
BLACK
6
CONTINUOUS
10
156.345
20
-101.15
11
156.363
21
-101.278
0
LINE
8
BLACK
6
CONTINUOUS
10
156.363
20
-101.278
11
156.409
21
-101.378
0
LINE
8
BLACK
6
CONTINUOUS
10
156.409
20
-101.378
11
156.417
21
-101.396
0
LINE
8
BLACK
6
CONTINUOUS
10
156.417
20
-101.396
11
156.502
21
-101.494
0
LINE
8
BLACK
6
CONTINUOUS
10
156.502
20
-101.494
11
156.502
21
-101.494
0
LINE
8
BLACK
6
CONTINUOUS
10
156.502
20
-101.494
11
156.59
21
-101.55
0
LINE
8
BLACK
6
CONTINUOUS
10
156.59
20
-101.55
11
156.611
21
-101.564
0
LINE
8
BLACK
6
CONTINUOUS
10
156.611
20
-101.564
11
156.735
21
-101.6
0
LINE
8
BLACK
6
CONTINUOUS
10
156.735
20
-101.6
11
156.735
21
-101.6
0
LINE
8
BLACK
6
CONTINUOUS
10
156.735
20
-101.6
11
156.865
21
-101.6
0
LINE
8
BLACK
6
CONTINUOUS
10
156.865
20
-101.6
11
156.865
21
-101.6
0
LINE
8
BLACK
6
CONTINUOUS
10
156.865
20
-101.6
11
156.989
21
-101.564
0
LINE
8
BLACK
6
CONTINUOUS
10
156.989
20
-101.564
11
157.089
21
-101.5
0
LINE
8
BLACK
6
CONTINUOUS
10
157.089
20
-101.5
11
157.098
21
-101.494
0
LINE
8
BLACK
6
CONTINUOUS
10
157.098
20
-101.494
11
157.183
21
-101.396
0
LINE
8
BLACK
6
CONTINUOUS
10
157.183
20
-101.396
11
157.237
21
-101.278
0
LINE
8
BLACK
6
CONTINUOUS
10
157.237
20
-101.278
11
157.249
21
-101.196
0
LINE
8
BLACK
6
CONTINUOUS
10
157.249
20
-101.196
11
157.255
21
-101.15
0
LINE
8
BLACK
6
CONTINUOUS
10
157.255
20
-101.15
11
157.255
21
-101.15
0
LINE
8
BLACK
6
CONTINUOUS
10
157.255
20
-101.15
11
157.237
21
-101.022
0
LINE
8
BLACK
6
CONTINUOUS
10
157.237
20
-101.022
11
157.237
21
-101.022
0
LINE
8
BLACK
6
CONTINUOUS
10
157.237
20
-101.022
11
157.183
21
-100.904
0
LINE
8
BLACK
6
CONTINUOUS
10
157.183
20
-100.904
11
157.098
21
-100.806
0
LINE
8
BLACK
6
CONTINUOUS
10
157.098
20
-100.806
11
157.098
21
-100.806
0
LINE
8
BLACK
6
CONTINUOUS
10
157.098
20
-100.806
11
157.098
21
-100.806
0
LINE
8
BLACK
6
CONTINUOUS
10
157.098
20
-100.806
11
156.989
21
-100.736
0
LINE
8
BLACK
6
CONTINUOUS
10
156.989
20
-100.736
11
156.989
21
-100.736
0
LINE
8
BLACK
6
CONTINUOUS
10
156.989
20
-100.736
11
156.989
21
-100.736
0
LINE
8
BLACK
6
CONTINUOUS
10
156.989
20
-100.736
11
156.989
21
-100.736
0
LINE
8
BLACK
6
CONTINUOUS
10
156.989
20
-100.736
11
156.865
21
-100.7
0
LINE
8
BLACK
6
CONTINUOUS
10
156.865
20
-100.7
11
156.865
21
-100.7
0
LINE
8
BLACK
6
CONTINUOUS
10
156.865
20
-100.7
11
156.735
21
-100.7
0
LINE
8
BLACK
6
CONTINUOUS
10
156.735
20
-100.7
11
156.735
21
-100.7
0
LINE
8
BLACK
6
CONTINUOUS
10
156.735
20
-100.7
11
156.611
21
-100.736
0
LINE
8
BLACK
6
CONTINUOUS
10
134.663
20
-101.828
11
134.702
21
-101.914
0
LINE
8
BLACK
6
CONTINUOUS
10
134.702
20
-101.914
11
134.717
21
-101.946
0
LINE
8
BLACK
6
CONTINUOUS
10
134.717
20
-101.946
11
134.795
21
-102.036
0
LINE
8
BLACK
6
CONTINUOUS
10
134.795
20
-102.036
11
134.802
21
-102.044
0
LINE
8
BLACK
6
CONTINUOUS
10
134.802
20
-102.044
11
134.911
21
-102.114
0
LINE
8
BLACK
6
CONTINUOUS
10
134.911
20
-102.114
11
134.911
21
-102.114
0
LINE
8
BLACK
6
CONTINUOUS
10
134.911
20
-102.114
11
135.035
21
-102.15
0
LINE
8
BLACK
6
CONTINUOUS
10
135.035
20
-102.15
11
135.035
21
-102.15
0
LINE
8
BLACK
6
CONTINUOUS
10
135.035
20
-102.15
11
135.165
21
-102.15
0
LINE
8
BLACK
6
CONTINUOUS
10
135.165
20
-102.15
11
135.165
21
-102.15
0
LINE
8
BLACK
6
CONTINUOUS
10
135.165
20
-102.15
11
135.289
21
-102.114
0
LINE
8
BLACK
6
CONTINUOUS
10
135.289
20
-102.114
11
135.398
21
-102.044
0
LINE
8
BLACK
6
CONTINUOUS
10
135.398
20
-102.044
11
135.483
21
-101.946
0
LINE
8
BLACK
6
CONTINUOUS
10
135.483
20
-101.946
11
135.537
21
-101.828
0
LINE
8
BLACK
6
CONTINUOUS
10
135.537
20
-101.828
11
135.537
21
-101.828
0
LINE
8
BLACK
6
CONTINUOUS
10
135.537
20
-101.828
11
135.537
21
-101.828
0
LINE
8
BLACK
6
CONTINUOUS
10
135.537
20
-101.828
11
135.537
21
-101.828
0
LINE
8
BLACK
6
CONTINUOUS
10
135.537
20
-101.828
11
135.546
21
-101.763
0
LINE
8
BLACK
6
CONTINUOUS
10
135.546
20
-101.763
11
135.573
21
-101.708
0
LINE
8
BLACK
6
CONTINUOUS
10
135.573
20
-101.708
11
135.627
21
-101.679
0
LINE
8
BLACK
6
CONTINUOUS
10
135.627
20
-101.679
11
135.672
21
-101.682
0
LINE
8
BLACK
6
CONTINUOUS
10
135.672
20
-101.682
11
135.735
21
-101.7
0
LINE
8
BLACK
6
CONTINUOUS
10
135.735
20
-101.7
11
135.735
21
-101.7
0
LINE
8
BLACK
6
CONTINUOUS
10
135.735
20
-101.7
11
135.865
21
-101.7
0
LINE
8
BLACK
6
CONTINUOUS
10
135.865
20
-101.7
11
135.865
21
-101.7
0
LINE
8
BLACK
6
CONTINUOUS
10
135.865
20
-101.7
11
135.989
21
-101.664
0
LINE
8
BLACK
6
CONTINUOUS
10
135.989
20
-101.664
11
136.098
21
-101.594
0
LINE
8
BLACK
6
CONTINUOUS
10
136.098
20
-101.594
11
136.183
21
-101.496
0
LINE
8
BLACK
6
CONTINUOUS
10
136.183
20
-101.496
11
136.237
21
-101.378
0
LINE
8
BLACK
6
CONTINUOUS
10
136.237
20
-101.378
11
136.248
21
-101.298
0
LINE
8
BLACK
6
CONTINUOUS
10
136.248
20
-101.298
11
136.255
21
-101.25
0
LINE
8
BLACK
6
CONTINUOUS
10
136.255
20
-101.25
11
136.255
21
-101.25
0
LINE
8
BLACK
6
CONTINUOUS
10
136.255
20
-101.25
11
136.237
21
-101.122
0
LINE
8
BLACK
6
CONTINUOUS
10
136.237
20
-101.122
11
136.22
21
-101.086
0
LINE
8
BLACK
6
CONTINUOUS
10
136.22
20
-101.086
11
136.183
21
-101.004
0
LINE
8
BLACK
6
CONTINUOUS
10
136.183
20
-101.004
11
136.136
21
-100.95
0
LINE
8
BLACK
6
CONTINUOUS
10
136.136
20
-100.95
11
136.098
21
-100.906
0
LINE
8
BLACK
6
CONTINUOUS
10
136.098
20
-100.906
11
136.098
21
-100.906
0
LINE
8
BLACK
6
CONTINUOUS
10
136.098
20
-100.906
11
136.098
21
-100.906
0
LINE
8
BLACK
6
CONTINUOUS
10
136.098
20
-100.906
11
135.989
21
-100.836
0
LINE
8
BLACK
6
CONTINUOUS
10
135.989
20
-100.836
11
135.989
21
-100.836
0
LINE
8
BLACK
6
CONTINUOUS
10
135.989
20
-100.836
11
135.989
21
-100.836
0
LINE
8
BLACK
6
CONTINUOUS
10
135.989
20
-100.836
11
135.989
21
-100.836
0
LINE
8
BLACK
6
CONTINUOUS
10
135.989
20
-100.836
11
135.865
21
-100.799
0
LINE
8
BLACK
6
CONTINUOUS
10
135.865
20
-100.799
11
135.865
21
-100.799
0
LINE
8
BLACK
6
CONTINUOUS
10
135.865
20
-100.799
11
135.735
21
-100.799
0
LINE
8
BLACK
6
CONTINUOUS
10
135.735
20
-100.799
11
135.735
21
-100.799
0
LINE
8
BLACK
6
CONTINUOUS
10
135.735
20
-100.799
11
135.611
21
-100.836
0
LINE
8
BLACK
6
CONTINUOUS
10
135.611
20
-100.836
11
135.611
21
-100.836
0
LINE
8
BLACK
6
CONTINUOUS
10
135.611
20
-100.836
11
135.502
21
-100.906
0
LINE
8
BLACK
6
CONTINUOUS
10
135.502
20
-100.906
11
135.417
21
-101.004
0
LINE
8
BLACK
6
CONTINUOUS
10
135.417
20
-101.004
11
135.363
21
-101.122
0
LINE
8
BLACK
6
CONTINUOUS
10
135.363
20
-101.122
11
135.354
21
-101.187
0
LINE
8
BLACK
6
CONTINUOUS
10
135.354
20
-101.187
11
135.327
21
-101.242
0
LINE
8
BLACK
6
CONTINUOUS
10
135.327
20
-101.242
11
135.273
21
-101.271
0
LINE
8
BLACK
6
CONTINUOUS
10
135.273
20
-101.271
11
135.228
21
-101.268
0
LINE
8
BLACK
6
CONTINUOUS
10
135.228
20
-101.268
11
135.165
21
-101.25
0
LINE
8
BLACK
6
CONTINUOUS
10
135.165
20
-101.25
11
135.165
21
-101.249
0
LINE
8
BLACK
6
CONTINUOUS
10
135.165
20
-101.249
11
135.165
21
-101.249
0
LINE
8
BLACK
6
CONTINUOUS
10
135.165
20
-101.249
11
135.035
21
-101.249
0
LINE
8
BLACK
6
CONTINUOUS
10
135.035
20
-101.249
11
135.035
21
-101.249
0
LINE
8
BLACK
6
CONTINUOUS
10
135.035
20
-101.249
11
134.911
21
-101.286
0
LINE
8
BLACK
6
CONTINUOUS
10
134.911
20
-101.286
11
134.911
21
-101.286
0
LINE
8
BLACK
6
CONTINUOUS
10
134.911
20
-101.286
11
134.802
21
-101.356
0
LINE
8
BLACK
6
CONTINUOUS
10
134.802
20
-101.356
11
134.717
21
-101.454
0
LINE
8
BLACK
6
CONTINUOUS
10
134.717
20
-101.454
11
134.663
21
-101.572
0
LINE
8
BLACK
6
CONTINUOUS
10
134.663
20
-101.572
11
134.645
21
-101.7
0
LINE
8
BLACK
6
CONTINUOUS
10
134.645
20
-101.7
11
134.645
21
-101.7
0
LINE
8
BLACK
6
CONTINUOUS
10
134.645
20
-101.7
11
134.663
21
-101.828
0
LINE
8
BLACK
6
CONTINUOUS
10
158.813
20
-101.628
11
158.863
21
-101.736
0
LINE
8
BLACK
6
CONTINUOUS
10
158.863
20
-101.736
11
158.867
21
-101.746
0
LINE
8
BLACK
6
CONTINUOUS
10
158.867
20
-101.746
11
158.952
21
-101.844
0
LINE
8
BLACK
6
CONTINUOUS
10
158.952
20
-101.844
11
158.952
21
-101.844
0
LINE
8
BLACK
6
CONTINUOUS
10
158.952
20
-101.844
11
159.026
21
-101.891
0
LINE
8
BLACK
6
CONTINUOUS
10
159.026
20
-101.891
11
159.061
21
-101.914
0
LINE
8
BLACK
6
CONTINUOUS
10
159.061
20
-101.914
11
159.185
21
-101.95
0
LINE
8
BLACK
6
CONTINUOUS
10
159.185
20
-101.95
11
159.185
21
-101.95
0
LINE
8
BLACK
6
CONTINUOUS
10
159.185
20
-101.95
11
159.315
21
-101.95
0
LINE
8
BLACK
6
CONTINUOUS
10
159.315
20
-101.95
11
159.315
21
-101.95
0
LINE
8
BLACK
6
CONTINUOUS
10
159.315
20
-101.95
11
159.439
21
-101.914
0
LINE
8
BLACK
6
CONTINUOUS
10
159.439
20
-101.914
11
159.548
21
-101.844
0
LINE
8
BLACK
6
CONTINUOUS
10
159.548
20
-101.844
11
159.633
21
-101.746
0
LINE
8
BLACK
6
CONTINUOUS
10
159.633
20
-101.746
11
159.687
21
-101.628
0
LINE
8
BLACK
6
CONTINUOUS
10
159.687
20
-101.628
11
159.698
21
-101.55
0
LINE
8
BLACK
6
CONTINUOUS
10
159.698
20
-101.55
11
159.705
21
-101.5
0
LINE
8
BLACK
6
CONTINUOUS
10
159.705
20
-101.5
11
159.705
21
-101.5
0
LINE
8
BLACK
6
CONTINUOUS
10
159.705
20
-101.5
11
159.687
21
-101.372
0
LINE
8
BLACK
6
CONTINUOUS
10
159.687
20
-101.372
11
159.687
21
-101.372
0
LINE
8
BLACK
6
CONTINUOUS
10
159.687
20
-101.372
11
159.633
21
-101.254
0
LINE
8
BLACK
6
CONTINUOUS
10
159.633
20
-101.254
11
159.629
21
-101.25
0
LINE
8
BLACK
6
CONTINUOUS
10
159.629
20
-101.25
11
159.548
21
-101.156
0
LINE
8
BLACK
6
CONTINUOUS
10
159.548
20
-101.156
11
159.548
21
-101.156
0
LINE
8
BLACK
6
CONTINUOUS
10
159.548
20
-101.156
11
159.548
21
-101.156
0
LINE
8
BLACK
6
CONTINUOUS
10
159.548
20
-101.156
11
159.439
21
-101.086
0
LINE
8
BLACK
6
CONTINUOUS
10
159.439
20
-101.086
11
159.439
21
-101.086
0
LINE
8
BLACK
6
CONTINUOUS
10
159.439
20
-101.086
11
159.439
21
-101.086
0
LINE
8
BLACK
6
CONTINUOUS
10
159.439
20
-101.086
11
159.439
21
-101.086
0
LINE
8
BLACK
6
CONTINUOUS
10
159.439
20
-101.086
11
159.315
21
-101.049
0
LINE
8
BLACK
6
CONTINUOUS
10
159.315
20
-101.049
11
159.315
21
-101.049
0
LINE
8
BLACK
6
CONTINUOUS
10
159.315
20
-101.049
11
159.185
21
-101.049
0
LINE
8
BLACK
6
CONTINUOUS
10
159.185
20
-101.049
11
159.185
21
-101.049
0
LINE
8
BLACK
6
CONTINUOUS
10
159.185
20
-101.049
11
159.061
21
-101.086
0
LINE
8
BLACK
6
CONTINUOUS
10
159.061
20
-101.086
11
159.061
21
-101.086
0
LINE
8
BLACK
6
CONTINUOUS
10
159.061
20
-101.086
11
158.952
21
-101.156
0
LINE
8
BLACK
6
CONTINUOUS
10
158.952
20
-101.156
11
158.867
21
-101.254
0
LINE
8
BLACK
6
CONTINUOUS
10
158.867
20
-101.254
11
158.813
21
-101.372
0
LINE
8
BLACK
6
CONTINUOUS
10
158.813
20
-101.372
11
158.795
21
-101.5
0
LINE
8
BLACK
6
CONTINUOUS
10
158.795
20
-101.5
11
158.795
21
-101.5
0
LINE
8
BLACK
6
CONTINUOUS
10
158.795
20
-101.5
11
158.813
21
-101.628
0
LINE
8
BLACK
6
CONTINUOUS
10
153.411
20
-100.756
11
153.411
21
-100.756
0
LINE
8
BLACK
6
CONTINUOUS
10
153.411
20
-100.756
11
153.302
21
-100.826
0
LINE
8
BLACK
6
CONTINUOUS
10
153.302
20
-100.826
11
153.217
21
-100.924
0
LINE
8
BLACK
6
CONTINUOUS
10
153.217
20
-100.924
11
153.163
21
-101.042
0
LINE
8
BLACK
6
CONTINUOUS
10
153.163
20
-101.042
11
153.145
21
-101.17
0
LINE
8
BLACK
6
CONTINUOUS
10
153.145
20
-101.17
11
153.145
21
-101.17
0
LINE
8
BLACK
6
CONTINUOUS
10
153.145
20
-101.17
11
153.163
21
-101.298
0
LINE
8
BLACK
6
CONTINUOUS
10
153.163
20
-101.298
11
153.217
21
-101.416
0
LINE
8
BLACK
6
CONTINUOUS
10
153.217
20
-101.416
11
153.217
21
-101.416
0
LINE
8
BLACK
6
CONTINUOUS
10
153.217
20
-101.416
11
153.302
21
-101.514
0
LINE
8
BLACK
6
CONTINUOUS
10
153.302
20
-101.514
11
153.302
21
-101.514
0
LINE
8
BLACK
6
CONTINUOUS
10
153.302
20
-101.514
11
153.411
21
-101.584
0
LINE
8
BLACK
6
CONTINUOUS
10
153.411
20
-101.584
11
153.411
21
-101.584
0
LINE
8
BLACK
6
CONTINUOUS
10
153.411
20
-101.584
11
153.535
21
-101.62
0
LINE
8
BLACK
6
CONTINUOUS
10
153.535
20
-101.62
11
153.535
21
-101.62
0
LINE
8
BLACK
6
CONTINUOUS
10
153.535
20
-101.62
11
153.665
21
-101.62
0
LINE
8
BLACK
6
CONTINUOUS
10
153.665
20
-101.62
11
153.665
21
-101.62
0
LINE
8
BLACK
6
CONTINUOUS
10
153.665
20
-101.62
11
153.789
21
-101.584
0
LINE
8
BLACK
6
CONTINUOUS
10
153.789
20
-101.584
11
153.898
21
-101.514
0
LINE
8
BLACK
6
CONTINUOUS
10
153.898
20
-101.514
11
153.983
21
-101.416
0
LINE
8
BLACK
6
CONTINUOUS
10
153.983
20
-101.416
11
154.037
21
-101.298
0
LINE
8
BLACK
6
CONTINUOUS
10
154.037
20
-101.298
11
154.046
21
-101.236
0
LINE
8
BLACK
6
CONTINUOUS
10
154.046
20
-101.236
11
154.055
21
-101.17
0
LINE
8
BLACK
6
CONTINUOUS
10
154.055
20
-101.17
11
154.055
21
-101.17
0
LINE
8
BLACK
6
CONTINUOUS
10
154.055
20
-101.17
11
154.052
21
-101.15
0
LINE
8
BLACK
6
CONTINUOUS
10
154.052
20
-101.15
11
154.037
21
-101.042
0
LINE
8
BLACK
6
CONTINUOUS
10
154.037
20
-101.042
11
154.005
21
-100.972
0
LINE
8
BLACK
6
CONTINUOUS
10
154.005
20
-100.972
11
153.983
21
-100.924
0
LINE
8
BLACK
6
CONTINUOUS
10
153.983
20
-100.924
11
153.898
21
-100.826
0
LINE
8
BLACK
6
CONTINUOUS
10
153.898
20
-100.826
11
153.898
21
-100.826
0
LINE
8
BLACK
6
CONTINUOUS
10
153.898
20
-100.826
11
153.898
21
-100.826
0
LINE
8
BLACK
6
CONTINUOUS
10
153.898
20
-100.826
11
153.789
21
-100.756
0
LINE
8
BLACK
6
CONTINUOUS
10
153.789
20
-100.756
11
153.789
21
-100.756
0
LINE
8
BLACK
6
CONTINUOUS
10
153.789
20
-100.756
11
153.789
21
-100.756
0
LINE
8
BLACK
6
CONTINUOUS
10
153.789
20
-100.756
11
153.789
21
-100.756
0
LINE
8
BLACK
6
CONTINUOUS
10
153.789
20
-100.756
11
153.665
21
-100.719
0
LINE
8
BLACK
6
CONTINUOUS
10
153.665
20
-100.719
11
153.665
21
-100.719
0
LINE
8
BLACK
6
CONTINUOUS
10
153.665
20
-100.719
11
153.535
21
-100.719
0
LINE
8
BLACK
6
CONTINUOUS
10
153.535
20
-100.719
11
153.535
21
-100.719
0
LINE
8
BLACK
6
CONTINUOUS
10
153.535
20
-100.719
11
153.411
21
-100.756
0
LINE
8
BLACK
6
CONTINUOUS
10
160.896
20
-101.019
11
160.977
21
-101.073
0
LINE
8
BLACK
6
CONTINUOUS
10
160.977
20
-101.073
11
161.031
21
-101.154
0
LINE
8
BLACK
6
CONTINUOUS
10
161.031
20
-101.154
11
161.05
21
-101.25
0
LINE
8
BLACK
6
CONTINUOUS
10
161.05
20
-101.25
11
161.031
21
-101.346
0
LINE
8
BLACK
6
CONTINUOUS
10
161.031
20
-101.346
11
160.977
21
-101.427
0
LINE
8
BLACK
6
CONTINUOUS
10
160.977
20
-101.427
11
160.896
21
-101.481
0
LINE
8
BLACK
6
CONTINUOUS
10
160.896
20
-101.481
11
160.8
21
-101.5
0
LINE
8
BLACK
6
CONTINUOUS
10
160.8
20
-101.5
11
160.704
21
-101.481
0
LINE
8
BLACK
6
CONTINUOUS
10
160.704
20
-101.481
11
160.623
21
-101.427
0
LINE
8
BLACK
6
CONTINUOUS
10
160.623
20
-101.427
11
160.569
21
-101.346
0
LINE
8
BLACK
6
CONTINUOUS
10
160.569
20
-101.346
11
160.55
21
-101.25
0
LINE
8
BLACK
6
CONTINUOUS
10
160.55
20
-101.25
11
160.569
21
-101.154
0
LINE
8
BLACK
6
CONTINUOUS
10
160.569
20
-101.154
11
160.623
21
-101.073
0
LINE
8
BLACK
6
CONTINUOUS
10
160.623
20
-101.073
11
160.704
21
-101.019
0
LINE
8
BLACK
6
CONTINUOUS
10
160.704
20
-101.019
11
160.8
21
-101
0
LINE
8
BLACK
6
CONTINUOUS
10
160.8
20
-101
11
160.896
21
-101.019
0
LINE
8
BLACK
6
CONTINUOUS
10
113.296
20
-100.869
11
113.377
21
-100.923
0
LINE
8
BLACK
6
CONTINUOUS
10
113.377
20
-100.923
11
113.431
21
-101.004
0
LINE
8
BLACK
6
CONTINUOUS
10
113.431
20
-101.004
11
113.45
21
-101.1
0
LINE
8
BLACK
6
CONTINUOUS
10
113.45
20
-101.1
11
113.431
21
-101.196
0
LINE
8
BLACK
6
CONTINUOUS
10
113.431
20
-101.196
11
113.377
21
-101.277
0
LINE
8
BLACK
6
CONTINUOUS
10
113.377
20
-101.277
11
113.296
21
-101.331
0
LINE
8
BLACK
6
CONTINUOUS
10
113.296
20
-101.331
11
113.2
21
-101.35
0
LINE
8
BLACK
6
CONTINUOUS
10
113.2
20
-101.35
11
113.104
21
-101.331
0
LINE
8
BLACK
6
CONTINUOUS
10
113.104
20
-101.331
11
113.023
21
-101.277
0
LINE
8
BLACK
6
CONTINUOUS
10
113.023
20
-101.277
11
112.969
21
-101.196
0
LINE
8
BLACK
6
CONTINUOUS
10
112.969
20
-101.196
11
112.95
21
-101.1
0
LINE
8
BLACK
6
CONTINUOUS
10
112.95
20
-101.1
11
112.969
21
-101.004
0
LINE
8
BLACK
6
CONTINUOUS
10
112.969
20
-101.004
11
113.023
21
-100.923
0
LINE
8
BLACK
6
CONTINUOUS
10
113.023
20
-100.923
11
113.104
21
-100.869
0
LINE
8
BLACK
6
CONTINUOUS
10
113.104
20
-100.869
11
113.2
21
-100.85
0
LINE
8
BLACK
6
CONTINUOUS
10
113.2
20
-100.85
11
113.296
21
-100.869
0
LINE
8
BLACK
6
CONTINUOUS
10
141.896
20
-100.719
11
141.977
21
-100.773
0
LINE
8
BLACK
6
CONTINUOUS
10
141.977
20
-100.773
11
142.031
21
-100.854
0
LINE
8
BLACK
6
CONTINUOUS
10
142.031
20
-100.854
11
142.05
21
-100.95
0
LINE
8
BLACK
6
CONTINUOUS
10
142.05
20
-100.95
11
142.031
21
-101.046
0
LINE
8
BLACK
6
CONTINUOUS
10
142.031
20
-101.046
11
141.977
21
-101.127
0
LINE
8
BLACK
6
CONTINUOUS
10
141.977
20
-101.127
11
141.896
21
-101.181
0
LINE
8
BLACK
6
CONTINUOUS
10
141.896
20
-101.181
11
141.8
21
-101.2
0
LINE
8
BLACK
6
CONTINUOUS
10
141.8
20
-101.2
11
141.704
21
-101.181
0
LINE
8
BLACK
6
CONTINUOUS
10
141.704
20
-101.181
11
141.623
21
-101.127
0
LINE
8
BLACK
6
CONTINUOUS
10
141.623
20
-101.127
11
141.569
21
-101.046
0
LINE
8
BLACK
6
CONTINUOUS
10
141.569
20
-101.046
11
141.55
21
-100.95
0
LINE
8
BLACK
6
CONTINUOUS
10
141.55
20
-100.95
11
141.569
21
-100.854
0
LINE
8
BLACK
6
CONTINUOUS
10
141.569
20
-100.854
11
141.623
21
-100.773
0
LINE
8
BLACK
6
CONTINUOUS
10
141.623
20
-100.773
11
141.704
21
-100.719
0
LINE
8
BLACK
6
CONTINUOUS
10
141.704
20
-100.719
11
141.8
21
-100.7
0
LINE
8
BLACK
6
CONTINUOUS
10
141.8
20
-100.7
11
141.896
21
-100.719
0
LINE
8
BLACK
6
CONTINUOUS
10
170.111
20
-100.186
11
170.111
21
-100.186
0
LINE
8
BLACK
6
CONTINUOUS
10
170.111
20
-100.186
11
170.002
21
-100.256
0
LINE
8
BLACK
6
CONTINUOUS
10
170.002
20
-100.256
11
169.917
21
-100.354
0
LINE
8
BLACK
6
CONTINUOUS
10
169.917
20
-100.354
11
169.863
21
-100.472
0
LINE
8
BLACK
6
CONTINUOUS
10
169.863
20
-100.472
11
169.845
21
-100.6
0
LINE
8
BLACK
6
CONTINUOUS
10
169.845
20
-100.6
11
169.845
21
-100.6
0
LINE
8
BLACK
6
CONTINUOUS
10
169.845
20
-100.6
11
169.863
21
-100.728
0
LINE
8
BLACK
6
CONTINUOUS
10
169.863
20
-100.728
11
169.913
21
-100.836
0
LINE
8
BLACK
6
CONTINUOUS
10
169.913
20
-100.836
11
169.917
21
-100.846
0
LINE
8
BLACK
6
CONTINUOUS
10
169.917
20
-100.846
11
169.969
21
-100.906
0
LINE
8
BLACK
6
CONTINUOUS
10
169.969
20
-100.906
11
170.002
21
-100.944
0
LINE
8
BLACK
6
CONTINUOUS
10
170.002
20
-100.944
11
170.095
21
-101.004
0
LINE
8
BLACK
6
CONTINUOUS
10
170.095
20
-101.004
11
170.111
21
-101.014
0
LINE
8
BLACK
6
CONTINUOUS
10
170.111
20
-101.014
11
170.235
21
-101.05
0
LINE
8
BLACK
6
CONTINUOUS
10
170.235
20
-101.05
11
170.235
21
-101.05
0
LINE
8
BLACK
6
CONTINUOUS
10
170.235
20
-101.05
11
170.365
21
-101.05
0
LINE
8
BLACK
6
CONTINUOUS
10
170.365
20
-101.05
11
170.365
21
-101.05
0
LINE
8
BLACK
6
CONTINUOUS
10
170.365
20
-101.05
11
170.489
21
-101.014
0
LINE
8
BLACK
6
CONTINUOUS
10
170.489
20
-101.014
11
170.598
21
-100.944
0
LINE
8
BLACK
6
CONTINUOUS
10
170.598
20
-100.944
11
170.683
21
-100.846
0
LINE
8
BLACK
6
CONTINUOUS
10
170.683
20
-100.846
11
170.737
21
-100.728
0
LINE
8
BLACK
6
CONTINUOUS
10
170.737
20
-100.728
11
170.755
21
-100.6
0
LINE
8
BLACK
6
CONTINUOUS
10
170.755
20
-100.6
11
170.755
21
-100.6
0
LINE
8
BLACK
6
CONTINUOUS
10
170.755
20
-100.6
11
170.753
21
-100.582
0
LINE
8
BLACK
6
CONTINUOUS
10
170.753
20
-100.582
11
170.737
21
-100.472
0
LINE
8
BLACK
6
CONTINUOUS
10
170.737
20
-100.472
11
170.683
21
-100.354
0
LINE
8
BLACK
6
CONTINUOUS
10
170.683
20
-100.354
11
170.683
21
-100.354
0
LINE
8
BLACK
6
CONTINUOUS
10
170.683
20
-100.354
11
170.598
21
-100.256
0
LINE
8
BLACK
6
CONTINUOUS
10
170.598
20
-100.256
11
170.598
21
-100.256
0
LINE
8
BLACK
6
CONTINUOUS
10
170.598
20
-100.256
11
170.598
21
-100.256
0
LINE
8
BLACK
6
CONTINUOUS
10
170.598
20
-100.256
11
170.489
21
-100.186
0
LINE
8
BLACK
6
CONTINUOUS
10
170.489
20
-100.186
11
170.489
21
-100.186
0
LINE
8
BLACK
6
CONTINUOUS
10
170.489
20
-100.186
11
170.489
21
-100.186
0
LINE
8
BLACK
6
CONTINUOUS
10
170.489
20
-100.186
11
170.489
21
-100.186
0
LINE
8
BLACK
6
CONTINUOUS
10
170.489
20
-100.186
11
170.365
21
-100.149
0
LINE
8
BLACK
6
CONTINUOUS
10
170.365
20
-100.149
11
170.365
21
-100.149
0
LINE
8
BLACK
6
CONTINUOUS
10
170.365
20
-100.149
11
170.235
21
-100.149
0
LINE
8
BLACK
6
CONTINUOUS
10
170.235
20
-100.149
11
170.235
21
-100.149
0
LINE
8
BLACK
6
CONTINUOUS
10
170.235
20
-100.149
11
170.111
21
-100.186
0
LINE
8
BLACK
6
CONTINUOUS
10
172.513
20
-100.728
11
172.563
21
-100.836
0
LINE
8
BLACK
6
CONTINUOUS
10
172.563
20
-100.836
11
172.567
21
-100.846
0
LINE
8
BLACK
6
CONTINUOUS
10
172.567
20
-100.846
11
172.619
21
-100.906
0
LINE
8
BLACK
6
CONTINUOUS
10
172.619
20
-100.906
11
172.652
21
-100.944
0
LINE
8
BLACK
6
CONTINUOUS
10
172.652
20
-100.944
11
172.745
21
-101.004
0
LINE
8
BLACK
6
CONTINUOUS
10
172.745
20
-101.004
11
172.761
21
-101.014
0
LINE
8
BLACK
6
CONTINUOUS
10
172.761
20
-101.014
11
172.885
21
-101.05
0
LINE
8
BLACK
6
CONTINUOUS
10
172.885
20
-101.05
11
172.885
21
-101.05
0
LINE
8
BLACK
6
CONTINUOUS
10
172.885
20
-101.05
11
173.015
21
-101.05
0
LINE
8
BLACK
6
CONTINUOUS
10
173.015
20
-101.05
11
173.015
21
-101.05
0
LINE
8
BLACK
6
CONTINUOUS
10
173.015
20
-101.05
11
173.139
21
-101.014
0
LINE
8
BLACK
6
CONTINUOUS
10
173.139
20
-101.014
11
173.248
21
-100.944
0
LINE
8
BLACK
6
CONTINUOUS
10
173.248
20
-100.944
11
173.333
21
-100.846
0
LINE
8
BLACK
6
CONTINUOUS
10
173.333
20
-100.846
11
173.387
21
-100.728
0
LINE
8
BLACK
6
CONTINUOUS
10
173.387
20
-100.728
11
173.405
21
-100.6
0
LINE
8
BLACK
6
CONTINUOUS
10
173.405
20
-100.6
11
173.403
21
-100.582
0
LINE
8
BLACK
6
CONTINUOUS
10
173.403
20
-100.582
11
173.387
21
-100.472
0
LINE
8
BLACK
6
CONTINUOUS
10
173.387
20
-100.472
11
173.333
21
-100.354
0
LINE
8
BLACK
6
CONTINUOUS
10
173.333
20
-100.354
11
173.333
21
-100.354
0
LINE
8
BLACK
6
CONTINUOUS
10
173.333
20
-100.354
11
173.248
21
-100.256
0
LINE
8
BLACK
6
CONTINUOUS
10
173.248
20
-100.256
11
173.248
21
-100.256
0
LINE
8
BLACK
6
CONTINUOUS
10
173.248
20
-100.256
11
173.248
21
-100.256
0
LINE
8
BLACK
6
CONTINUOUS
10
173.248
20
-100.256
11
173.139
21
-100.186
0
LINE
8
BLACK
6
CONTINUOUS
10
173.139
20
-100.186
11
173.139
21
-100.186
0
LINE
8
BLACK
6
CONTINUOUS
10
173.139
20
-100.186
11
173.139
21
-100.186
0
LINE
8
BLACK
6
CONTINUOUS
10
173.139
20
-100.186
11
173.139
21
-100.186
0
LINE
8
BLACK
6
CONTINUOUS
10
173.139
20
-100.186
11
173.015
21
-100.149
0
LINE
8
BLACK
6
CONTINUOUS
10
173.015
20
-100.149
11
173.015
21
-100.149
0
LINE
8
BLACK
6
CONTINUOUS
10
173.015
20
-100.149
11
172.885
21
-100.149
0
LINE
8
BLACK
6
CONTINUOUS
10
172.885
20
-100.149
11
172.885
21
-100.149
0
LINE
8
BLACK
6
CONTINUOUS
10
172.885
20
-100.149
11
172.761
21
-100.186
0
LINE
8
BLACK
6
CONTINUOUS
10
172.761
20
-100.186
11
172.761
21
-100.186
0
LINE
8
BLACK
6
CONTINUOUS
10
172.761
20
-100.186
11
172.652
21
-100.256
0
LINE
8
BLACK
6
CONTINUOUS
10
172.652
20
-100.256
11
172.567
21
-100.354
0
LINE
8
BLACK
6
CONTINUOUS
10
172.567
20
-100.354
11
172.513
21
-100.472
0
LINE
8
BLACK
6
CONTINUOUS
10
172.513
20
-100.472
11
172.495
21
-100.6
0
LINE
8
BLACK
6
CONTINUOUS
10
172.495
20
-100.6
11
172.495
21
-100.6
0
LINE
8
BLACK
6
CONTINUOUS
10
172.495
20
-100.6
11
172.513
21
-100.728
0
LINE
8
BLACK
6
CONTINUOUS
10
138.911
20
-99.936
11
138.911
21
-99.936
0
LINE
8
BLACK
6
CONTINUOUS
10
138.911
20
-99.936
11
138.802
21
-100.006
0
LINE
8
BLACK
6
CONTINUOUS
10
138.802
20
-100.006
11
138.717
21
-100.104
0
LINE
8
BLACK
6
CONTINUOUS
10
138.717
20
-100.104
11
138.663
21
-100.222
0
LINE
8
BLACK
6
CONTINUOUS
10
138.663
20
-100.222
11
138.645
21
-100.35
0
LINE
8
BLACK
6
CONTINUOUS
10
138.645
20
-100.35
11
138.645
21
-100.35
0
LINE
8
BLACK
6
CONTINUOUS
10
138.645
20
-100.35
11
138.663
21
-100.478
0
LINE
8
BLACK
6
CONTINUOUS
10
138.663
20
-100.478
11
138.711
21
-100.582
0
LINE
8
BLACK
6
CONTINUOUS
10
138.711
20
-100.582
11
138.717
21
-100.596
0
LINE
8
BLACK
6
CONTINUOUS
10
138.717
20
-100.596
11
138.802
21
-100.694
0
LINE
8
BLACK
6
CONTINUOUS
10
138.802
20
-100.694
11
138.802
21
-100.694
0
LINE
8
BLACK
6
CONTINUOUS
10
138.802
20
-100.694
11
138.911
21
-100.764
0
LINE
8
BLACK
6
CONTINUOUS
10
138.911
20
-100.764
11
138.911
21
-100.764
0
LINE
8
BLACK
6
CONTINUOUS
10
138.911
20
-100.764
11
139.035
21
-100.8
0
LINE
8
BLACK
6
CONTINUOUS
10
139.035
20
-100.8
11
139.035
21
-100.8
0
LINE
8
BLACK
6
CONTINUOUS
10
139.035
20
-100.8
11
139.165
21
-100.8
0
LINE
8
BLACK
6
CONTINUOUS
10
139.165
20
-100.8
11
139.165
21
-100.8
0
LINE
8
BLACK
6
CONTINUOUS
10
139.165
20
-100.8
11
139.289
21
-100.764
0
LINE
8
BLACK
6
CONTINUOUS
10
139.289
20
-100.764
11
139.398
21
-100.694
0
LINE
8
BLACK
6
CONTINUOUS
10
139.398
20
-100.694
11
139.483
21
-100.596
0
LINE
8
BLACK
6
CONTINUOUS
10
139.483
20
-100.596
11
139.537
21
-100.478
0
LINE
8
BLACK
6
CONTINUOUS
10
139.537
20
-100.478
11
139.555
21
-100.35
0
LINE
8
BLACK
6
CONTINUOUS
10
139.555
20
-100.35
11
139.555
21
-100.35
0
LINE
8
BLACK
6
CONTINUOUS
10
139.555
20
-100.35
11
139.537
21
-100.222
0
LINE
8
BLACK
6
CONTINUOUS
10
139.537
20
-100.222
11
139.483
21
-100.104
0
LINE
8
BLACK
6
CONTINUOUS
10
139.483
20
-100.104
11
139.398
21
-100.006
0
LINE
8
BLACK
6
CONTINUOUS
10
139.398
20
-100.006
11
139.398
21
-100.006
0
LINE
8
BLACK
6
CONTINUOUS
10
139.398
20
-100.006
11
139.398
21
-100.006
0
LINE
8
BLACK
6
CONTINUOUS
10
139.398
20
-100.006
11
139.289
21
-99.936
0
LINE
8
BLACK
6
CONTINUOUS
10
139.289
20
-99.936
11
139.289
21
-99.936
0
LINE
8
BLACK
6
CONTINUOUS
10
139.289
20
-99.936
11
139.289
21
-99.936
0
LINE
8
BLACK
6
CONTINUOUS
10
139.289
20
-99.936
11
139.289
21
-99.936
0
LINE
8
BLACK
6
CONTINUOUS
10
139.289
20
-99.936
11
139.165
21
-99.8995
0
LINE
8
BLACK
6
CONTINUOUS
10
139.165
20
-99.8995
11
139.165
21
-99.8995
0
LINE
8
BLACK
6
CONTINUOUS
10
139.165
20
-99.8995
11
139.035
21
-99.8995
0
LINE
8
BLACK
6
CONTINUOUS
10
139.035
20
-99.8995
11
139.035
21
-99.8995
0
LINE
8
BLACK
6
CONTINUOUS
10
139.035
20
-99.8995
11
138.911
21
-99.936
0
LINE
8
BLACK
6
CONTINUOUS
10
154.648
20
-100.006
11
154.648
21
-100.006
0
LINE
8
BLACK
6
CONTINUOUS
10
154.648
20
-100.006
11
154.648
21
-100.006
0
LINE
8
BLACK
6
CONTINUOUS
10
154.648
20
-100.006
11
154.539
21
-99.936
0
LINE
8
BLACK
6
CONTINUOUS
10
154.539
20
-99.936
11
154.539
21
-99.936
0
LINE
8
BLACK
6
CONTINUOUS
10
154.539
20
-99.936
11
154.539
21
-99.936
0
LINE
8
BLACK
6
CONTINUOUS
10
154.539
20
-99.936
11
154.539
21
-99.936
0
LINE
8
BLACK
6
CONTINUOUS
10
154.539
20
-99.936
11
154.415
21
-99.8995
0
LINE
8
BLACK
6
CONTINUOUS
10
154.415
20
-99.8995
11
154.415
21
-99.8995
0
LINE
8
BLACK
6
CONTINUOUS
10
154.415
20
-99.8995
11
154.285
21
-99.8995
0
LINE
8
BLACK
6
CONTINUOUS
10
154.285
20
-99.8995
11
154.285
21
-99.8995
0
LINE
8
BLACK
6
CONTINUOUS
10
154.285
20
-99.8995
11
154.161
21
-99.936
0
LINE
8
BLACK
6
CONTINUOUS
10
154.161
20
-99.936
11
154.161
21
-99.936
0
LINE
8
BLACK
6
CONTINUOUS
10
154.161
20
-99.936
11
154.052
21
-100.006
0
LINE
8
BLACK
6
CONTINUOUS
10
154.052
20
-100.006
11
153.967
21
-100.104
0
LINE
8
BLACK
6
CONTINUOUS
10
153.967
20
-100.104
11
153.913
21
-100.222
0
LINE
8
BLACK
6
CONTINUOUS
10
153.913
20
-100.222
11
153.895
21
-100.35
0
LINE
8
BLACK
6
CONTINUOUS
10
153.895
20
-100.35
11
153.895
21
-100.35
0
LINE
8
BLACK
6
CONTINUOUS
10
153.895
20
-100.35
11
153.913
21
-100.478
0
LINE
8
BLACK
6
CONTINUOUS
10
153.913
20
-100.478
11
153.961
21
-100.582
0
LINE
8
BLACK
6
CONTINUOUS
10
153.961
20
-100.582
11
153.967
21
-100.596
0
LINE
8
BLACK
6
CONTINUOUS
10
153.967
20
-100.596
11
154.052
21
-100.694
0
LINE
8
BLACK
6
CONTINUOUS
10
154.052
20
-100.694
11
154.052
21
-100.694
0
LINE
8
BLACK
6
CONTINUOUS
10
154.052
20
-100.694
11
154.161
21
-100.764
0
LINE
8
BLACK
6
CONTINUOUS
10
154.161
20
-100.764
11
154.161
21
-100.764
0
LINE
8
BLACK
6
CONTINUOUS
10
154.161
20
-100.764
11
154.285
21
-100.8
0
LINE
8
BLACK
6
CONTINUOUS
10
154.285
20
-100.8
11
154.285
21
-100.8
0
LINE
8
BLACK
6
CONTINUOUS
10
154.285
20
-100.8
11
154.415
21
-100.8
0
LINE
8
BLACK
6
CONTINUOUS
10
154.415
20
-100.8
11
154.415
21
-100.8
0
LINE
8
BLACK
6
CONTINUOUS
10
154.415
20
-100.8
11
154.539
21
-100.764
0
LINE
8
BLACK
6
CONTINUOUS
10
154.539
20
-100.764
11
154.648
21
-100.694
0
LINE
8
BLACK
6
CONTINUOUS
10
154.648
20
-100.694
11
154.729
21
-100.6
0
LINE
8
BLACK
6
CONTINUOUS
10
154.729
20
-100.6
11
154.733
21
-100.596
0
LINE
8
BLACK
6
CONTINUOUS
10
154.733
20
-100.596
11
154.787
21
-100.478
0
LINE
8
BLACK
6
CONTINUOUS
10
154.787
20
-100.478
11
154.805
21
-100.35
0
LINE
8
BLACK
6
CONTINUOUS
10
154.805
20
-100.35
11
154.787
21
-100.222
0
LINE
8
BLACK
6
CONTINUOUS
10
154.787
20
-100.222
11
154.733
21
-100.104
0
LINE
8
BLACK
6
CONTINUOUS
10
154.733
20
-100.104
11
154.729
21
-100.1
0
LINE
8
BLACK
6
CONTINUOUS
10
154.729
20
-100.1
11
154.648
21
-100.006
0
LINE
8
BLACK
6
CONTINUOUS
10
176.713
20
-100.228
11
176.726
21
-100.256
0
LINE
8
BLACK
6
CONTINUOUS
10
176.726
20
-100.256
11
176.767
21
-100.346
0
LINE
8
BLACK
6
CONTINUOUS
10
176.767
20
-100.346
11
176.771
21
-100.35
0
LINE
8
BLACK
6
CONTINUOUS
10
176.771
20
-100.35
11
176.852
21
-100.444
0
LINE
8
BLACK
6
CONTINUOUS
10
176.852
20
-100.444
11
176.905
21
-100.478
0
LINE
8
BLACK
6
CONTINUOUS
10
176.905
20
-100.478
11
176.961
21
-100.514
0
LINE
8
BLACK
6
CONTINUOUS
10
176.961
20
-100.514
11
177.085
21
-100.55
0
LINE
8
BLACK
6
CONTINUOUS
10
177.085
20
-100.55
11
177.085
21
-100.55
0
LINE
8
BLACK
6
CONTINUOUS
10
177.085
20
-100.55
11
177.215
21
-100.55
0
LINE
8
BLACK
6
CONTINUOUS
10
177.215
20
-100.55
11
177.215
21
-100.55
0
LINE
8
BLACK
6
CONTINUOUS
10
177.215
20
-100.55
11
177.339
21
-100.514
0
LINE
8
BLACK
6
CONTINUOUS
10
177.339
20
-100.514
11
177.448
21
-100.444
0
LINE
8
BLACK
6
CONTINUOUS
10
177.448
20
-100.444
11
177.533
21
-100.346
0
LINE
8
BLACK
6
CONTINUOUS
10
177.533
20
-100.346
11
177.587
21
-100.228
0
LINE
8
BLACK
6
CONTINUOUS
10
177.587
20
-100.228
11
177.605
21
-100.1
0
LINE
8
BLACK
6
CONTINUOUS
10
177.605
20
-100.1
11
177.605
21
-100.1
0
LINE
8
BLACK
6
CONTINUOUS
10
177.605
20
-100.1
11
177.605
21
-100.1
0
LINE
8
BLACK
6
CONTINUOUS
10
177.605
20
-100.1
11
177.587
21
-99.9718
0
LINE
8
BLACK
6
CONTINUOUS
10
177.587
20
-99.9718
11
177.57
21
-99.936
0
LINE
8
BLACK
6
CONTINUOUS
10
177.57
20
-99.936
11
177.533
21
-99.8539
0
LINE
8
BLACK
6
CONTINUOUS
10
177.533
20
-99.8539
11
177.448
21
-99.756
0
LINE
8
BLACK
6
CONTINUOUS
10
177.448
20
-99.756
11
177.448
21
-99.756
0
LINE
8
BLACK
6
CONTINUOUS
10
177.448
20
-99.756
11
177.448
21
-99.756
0
LINE
8
BLACK
6
CONTINUOUS
10
177.448
20
-99.756
11
177.339
21
-99.686
0
LINE
8
BLACK
6
CONTINUOUS
10
177.339
20
-99.686
11
177.339
21
-99.686
0
LINE
8
BLACK
6
CONTINUOUS
10
177.339
20
-99.686
11
177.339
21
-99.686
0
LINE
8
BLACK
6
CONTINUOUS
10
177.339
20
-99.686
11
177.339
21
-99.686
0
LINE
8
BLACK
6
CONTINUOUS
10
177.339
20
-99.686
11
177.215
21
-99.6495
0
LINE
8
BLACK
6
CONTINUOUS
10
177.215
20
-99.6495
11
177.215
21
-99.6495
0
LINE
8
BLACK
6
CONTINUOUS
10
177.215
20
-99.6495
11
177.085
21
-99.6495
0
LINE
8
BLACK
6
CONTINUOUS
10
177.085
20
-99.6495
11
177.085
21
-99.6495
0
LINE
8
BLACK
6
CONTINUOUS
10
177.085
20
-99.6495
11
176.961
21
-99.686
0
LINE
8
BLACK
6
CONTINUOUS
10
176.961
20
-99.686
11
176.961
21
-99.686
0
LINE
8
BLACK
6
CONTINUOUS
10
176.961
20
-99.686
11
176.852
21
-99.756
0
LINE
8
BLACK
6
CONTINUOUS
10
176.852
20
-99.756
11
176.767
21
-99.8539
0
LINE
8
BLACK
6
CONTINUOUS
10
176.767
20
-99.8539
11
176.713
21
-99.9718
0
LINE
8
BLACK
6
CONTINUOUS
10
176.713
20
-99.9718
11
176.695
21
-100.1
0
LINE
8
BLACK
6
CONTINUOUS
10
176.695
20
-100.1
11
176.695
21
-100.1
0
LINE
8
BLACK
6
CONTINUOUS
10
176.695
20
-100.1
11
176.713
21
-100.228
0
LINE
8
BLACK
6
CONTINUOUS
10
164.507
20
-99.186
11
164.507
21
-99.186
0
LINE
8
BLACK
6
CONTINUOUS
10
164.507
20
-99.186
11
164.398
21
-99.256
0
LINE
8
BLACK
6
CONTINUOUS
10
164.398
20
-99.256
11
164.313
21
-99.3539
0
LINE
8
BLACK
6
CONTINUOUS
10
164.313
20
-99.3539
11
164.259
21
-99.4718
0
LINE
8
BLACK
6
CONTINUOUS
10
164.259
20
-99.4718
11
164.241
21
-99.6
0
LINE
8
BLACK
6
CONTINUOUS
10
164.241
20
-99.6
11
164.241
21
-99.6
0
LINE
8
BLACK
6
CONTINUOUS
10
164.241
20
-99.6
11
164.259
21
-99.7282
0
LINE
8
BLACK
6
CONTINUOUS
10
164.259
20
-99.7282
11
164.272
21
-99.756
0
LINE
8
BLACK
6
CONTINUOUS
10
164.272
20
-99.756
11
164.313
21
-99.8461
0
LINE
8
BLACK
6
CONTINUOUS
10
164.313
20
-99.8461
11
164.391
21
-99.936
0
LINE
8
BLACK
6
CONTINUOUS
10
164.391
20
-99.936
11
164.398
21
-99.944
0
LINE
8
BLACK
6
CONTINUOUS
10
164.398
20
-99.944
11
164.507
21
-100.014
0
LINE
8
BLACK
6
CONTINUOUS
10
164.507
20
-100.014
11
164.507
21
-100.014
0
LINE
8
BLACK
6
CONTINUOUS
10
164.507
20
-100.014
11
164.631
21
-100.05
0
LINE
8
BLACK
6
CONTINUOUS
10
164.631
20
-100.05
11
164.631
21
-100.05
0
LINE
8
BLACK
6
CONTINUOUS
10
164.631
20
-100.05
11
164.76
21
-100.05
0
LINE
8
BLACK
6
CONTINUOUS
10
164.76
20
-100.05
11
164.76
21
-100.05
0
LINE
8
BLACK
6
CONTINUOUS
10
164.76
20
-100.05
11
164.885
21
-100.014
0
LINE
8
BLACK
6
CONTINUOUS
10
164.885
20
-100.014
11
164.994
21
-99.944
0
LINE
8
BLACK
6
CONTINUOUS
10
164.994
20
-99.944
11
165.079
21
-99.8461
0
LINE
8
BLACK
6
CONTINUOUS
10
165.079
20
-99.8461
11
165.132
21
-99.7282
0
LINE
8
BLACK
6
CONTINUOUS
10
165.132
20
-99.7282
11
165.151
21
-99.6
0
LINE
8
BLACK
6
CONTINUOUS
10
165.151
20
-99.6
11
165.148
21
-99.58
0
LINE
8
BLACK
6
CONTINUOUS
10
165.148
20
-99.58
11
165.132
21
-99.4718
0
LINE
8
BLACK
6
CONTINUOUS
10
165.132
20
-99.4718
11
165.079
21
-99.3539
0
LINE
8
BLACK
6
CONTINUOUS
10
165.079
20
-99.3539
11
164.994
21
-99.256
0
LINE
8
BLACK
6
CONTINUOUS
10
164.994
20
-99.256
11
164.994
21
-99.256
0
LINE
8
BLACK
6
CONTINUOUS
10
164.994
20
-99.256
11
164.994
21
-99.256
0
LINE
8
BLACK
6
CONTINUOUS
10
164.994
20
-99.256
11
164.885
21
-99.186
0
LINE
8
BLACK
6
CONTINUOUS
10
164.885
20
-99.186
11
164.885
21
-99.186
0
LINE
8
BLACK
6
CONTINUOUS
10
164.885
20
-99.186
11
164.885
21
-99.186
0
LINE
8
BLACK
6
CONTINUOUS
10
164.885
20
-99.186
11
164.868
21
-99.1811
0
LINE
8
BLACK
6
CONTINUOUS
10
164.868
20
-99.1811
11
164.76
21
-99.1495
0
LINE
8
BLACK
6
CONTINUOUS
10
164.76
20
-99.1495
11
164.76
21
-99.1495
0
LINE
8
BLACK
6
CONTINUOUS
10
164.76
20
-99.1495
11
164.631
21
-99.1495
0
LINE
8
BLACK
6
CONTINUOUS
10
164.631
20
-99.1495
11
164.631
21
-99.1495
0
LINE
8
BLACK
6
CONTINUOUS
10
164.631
20
-99.1495
11
164.507
21
-99.186
0
LINE
8
BLACK
6
CONTINUOUS
10
152.741
20
-99.166
11
152.741
21
-99.166
0
LINE
8
BLACK
6
CONTINUOUS
10
152.741
20
-99.166
11
152.632
21
-99.236
0
LINE
8
BLACK
6
CONTINUOUS
10
152.632
20
-99.236
11
152.547
21
-99.3339
0
LINE
8
BLACK
6
CONTINUOUS
10
152.547
20
-99.3339
11
152.493
21
-99.4518
0
LINE
8
BLACK
6
CONTINUOUS
10
152.493
20
-99.4518
11
152.475
21
-99.58
0
LINE
8
BLACK
6
CONTINUOUS
10
152.475
20
-99.58
11
152.475
21
-99.58
0
LINE
8
BLACK
6
CONTINUOUS
10
152.475
20
-99.58
11
152.493
21
-99.7082
0
LINE
8
BLACK
6
CONTINUOUS
10
152.493
20
-99.7082
11
152.515
21
-99.756
0
LINE
8
BLACK
6
CONTINUOUS
10
152.515
20
-99.756
11
152.547
21
-99.8261
0
LINE
8
BLACK
6
CONTINUOUS
10
152.547
20
-99.8261
11
152.611
21
-99.8995
0
LINE
8
BLACK
6
CONTINUOUS
10
152.611
20
-99.8995
11
152.632
21
-99.924
0
LINE
8
BLACK
6
CONTINUOUS
10
152.632
20
-99.924
11
152.663
21
-99.944
0
LINE
8
BLACK
6
CONTINUOUS
10
152.663
20
-99.944
11
152.741
21
-99.994
0
LINE
8
BLACK
6
CONTINUOUS
10
152.741
20
-99.994
11
152.865
21
-100.03
0
LINE
8
BLACK
6
CONTINUOUS
10
152.865
20
-100.03
11
152.865
21
-100.03
0
LINE
8
BLACK
6
CONTINUOUS
10
152.865
20
-100.03
11
152.995
21
-100.03
0
LINE
8
BLACK
6
CONTINUOUS
10
152.995
20
-100.03
11
152.995
21
-100.03
0
LINE
8
BLACK
6
CONTINUOUS
10
152.995
20
-100.03
11
153.119
21
-99.994
0
LINE
8
BLACK
6
CONTINUOUS
10
153.119
20
-99.994
11
153.228
21
-99.924
0
LINE
8
BLACK
6
CONTINUOUS
10
153.228
20
-99.924
11
153.313
21
-99.8261
0
LINE
8
BLACK
6
CONTINUOUS
10
153.313
20
-99.8261
11
153.367
21
-99.7082
0
LINE
8
BLACK
6
CONTINUOUS
10
153.367
20
-99.7082
11
153.373
21
-99.6655
0
LINE
8
BLACK
6
CONTINUOUS
10
153.373
20
-99.6655
11
153.382
21
-99.6
0
LINE
8
BLACK
6
CONTINUOUS
10
153.382
20
-99.6
11
153.385
21
-99.58
0
LINE
8
BLACK
6
CONTINUOUS
10
153.385
20
-99.58
11
153.385
21
-99.58
0
LINE
8
BLACK
6
CONTINUOUS
10
153.385
20
-99.58
11
153.367
21
-99.4518
0
LINE
8
BLACK
6
CONTINUOUS
10
153.367
20
-99.4518
11
153.358
21
-99.4321
0
LINE
8
BLACK
6
CONTINUOUS
10
153.358
20
-99.4321
11
153.313
21
-99.3339
0
LINE
8
BLACK
6
CONTINUOUS
10
153.313
20
-99.3339
11
153.228
21
-99.236
0
LINE
8
BLACK
6
CONTINUOUS
10
153.228
20
-99.236
11
153.228
21
-99.236
0
LINE
8
BLACK
6
CONTINUOUS
10
153.228
20
-99.236
11
153.228
21
-99.236
0
LINE
8
BLACK
6
CONTINUOUS
10
153.228
20
-99.236
11
153.119
21
-99.166
0
LINE
8
BLACK
6
CONTINUOUS
10
153.119
20
-99.166
11
153.119
21
-99.166
0
LINE
8
BLACK
6
CONTINUOUS
10
153.119
20
-99.166
11
153.119
21
-99.166
0
LINE
8
BLACK
6
CONTINUOUS
10
153.119
20
-99.166
11
153.106
21
-99.1622
0
LINE
8
BLACK
6
CONTINUOUS
10
153.106
20
-99.1622
11
152.995
21
-99.1295
0
LINE
8
BLACK
6
CONTINUOUS
10
152.995
20
-99.1295
11
152.995
21
-99.1295
0
LINE
8
BLACK
6
CONTINUOUS
10
152.995
20
-99.1295
11
152.865
21
-99.1295
0
LINE
8
BLACK
6
CONTINUOUS
10
152.865
20
-99.1295
11
152.865
21
-99.1295
0
LINE
8
BLACK
6
CONTINUOUS
10
152.865
20
-99.1295
11
152.741
21
-99.166
0
LINE
8
BLACK
6
CONTINUOUS
10
151.161
20
-98.436
11
151.161
21
-98.436
0
LINE
8
BLACK
6
CONTINUOUS
10
151.161
20
-98.436
11
151.052
21
-98.506
0
LINE
8
BLACK
6
CONTINUOUS
10
151.052
20
-98.506
11
150.967
21
-98.6039
0
LINE
8
BLACK
6
CONTINUOUS
10
150.967
20
-98.6039
11
150.913
21
-98.7218
0
LINE
8
BLACK
6
CONTINUOUS
10
150.913
20
-98.7218
11
150.895
21
-98.85
0
LINE
8
BLACK
6
CONTINUOUS
10
150.895
20
-98.85
11
150.895
21
-98.85
0
LINE
8
BLACK
6
CONTINUOUS
10
150.895
20
-98.85
11
150.913
21
-98.9782
0
LINE
8
BLACK
6
CONTINUOUS
10
150.913
20
-98.9782
11
150.937
21
-99.0296
0
LINE
8
BLACK
6
CONTINUOUS
10
150.937
20
-99.0296
11
150.967
21
-99.0961
0
LINE
8
BLACK
6
CONTINUOUS
10
150.967
20
-99.0961
11
151.052
21
-99.194
0
LINE
8
BLACK
6
CONTINUOUS
10
151.052
20
-99.194
11
151.052
21
-99.194
0
LINE
8
BLACK
6
CONTINUOUS
10
151.052
20
-99.194
11
151.161
21
-99.264
0
LINE
8
BLACK
6
CONTINUOUS
10
151.161
20
-99.264
11
151.161
21
-99.264
0
LINE
8
BLACK
6
CONTINUOUS
10
151.161
20
-99.264
11
151.285
21
-99.3005
0
LINE
8
BLACK
6
CONTINUOUS
10
151.285
20
-99.3005
11
151.285
21
-99.3005
0
LINE
8
BLACK
6
CONTINUOUS
10
151.285
20
-99.3005
11
151.415
21
-99.3005
0
LINE
8
BLACK
6
CONTINUOUS
10
151.415
20
-99.3005
11
151.415
21
-99.3005
0
LINE
8
BLACK
6
CONTINUOUS
10
151.415
20
-99.3005
11
151.539
21
-99.264
0
LINE
8
BLACK
6
CONTINUOUS
10
151.539
20
-99.264
11
151.648
21
-99.194
0
LINE
8
BLACK
6
CONTINUOUS
10
151.648
20
-99.194
11
151.733
21
-99.0961
0
LINE
8
BLACK
6
CONTINUOUS
10
151.733
20
-99.0961
11
151.787
21
-98.9782
0
LINE
8
BLACK
6
CONTINUOUS
10
151.787
20
-98.9782
11
151.798
21
-98.9
0
LINE
8
BLACK
6
CONTINUOUS
10
151.798
20
-98.9
11
151.805
21
-98.85
0
LINE
8
BLACK
6
CONTINUOUS
10
151.805
20
-98.85
11
151.799
21
-98.8039
0
LINE
8
BLACK
6
CONTINUOUS
10
151.799
20
-98.8039
11
151.787
21
-98.7218
0
LINE
8
BLACK
6
CONTINUOUS
10
151.787
20
-98.7218
11
151.777
21
-98.7
0
LINE
8
BLACK
6
CONTINUOUS
10
151.777
20
-98.7
11
151.733
21
-98.6039
0
LINE
8
BLACK
6
CONTINUOUS
10
151.733
20
-98.6039
11
151.648
21
-98.506
0
LINE
8
BLACK
6
CONTINUOUS
10
151.648
20
-98.506
11
151.648
21
-98.506
0
LINE
8
BLACK
6
CONTINUOUS
10
151.648
20
-98.506
11
151.648
21
-98.506
0
LINE
8
BLACK
6
CONTINUOUS
10
151.648
20
-98.506
11
151.539
21
-98.436
0
LINE
8
BLACK
6
CONTINUOUS
10
151.539
20
-98.436
11
151.539
21
-98.436
0
LINE
8
BLACK
6
CONTINUOUS
10
151.539
20
-98.436
11
151.539
21
-98.436
0
LINE
8
BLACK
6
CONTINUOUS
10
151.539
20
-98.436
11
151.539
21
-98.436
0
LINE
8
BLACK
6
CONTINUOUS
10
151.539
20
-98.436
11
151.415
21
-98.3995
0
LINE
8
BLACK
6
CONTINUOUS
10
151.415
20
-98.3995
11
151.415
21
-98.3995
0
LINE
8
BLACK
6
CONTINUOUS
10
151.415
20
-98.3995
11
151.285
21
-98.3995
0
LINE
8
BLACK
6
CONTINUOUS
10
151.285
20
-98.3995
11
151.285
21
-98.3995
0
LINE
8
BLACK
6
CONTINUOUS
10
151.285
20
-98.3995
11
151.161
21
-98.436
0
LINE
8
BLACK
6
CONTINUOUS
10
173.453
20
-99.1782
11
173.492
21
-99.264
0
LINE
8
BLACK
6
CONTINUOUS
10
173.492
20
-99.264
11
173.507
21
-99.2961
0
LINE
8
BLACK
6
CONTINUOUS
10
173.507
20
-99.2961
11
173.592
21
-99.394
0
LINE
8
BLACK
6
CONTINUOUS
10
173.592
20
-99.394
11
173.592
21
-99.394
0
LINE
8
BLACK
6
CONTINUOUS
10
173.592
20
-99.394
11
173.701
21
-99.464
0
LINE
8
BLACK
6
CONTINUOUS
10
173.701
20
-99.464
11
173.701
21
-99.464
0
LINE
8
BLACK
6
CONTINUOUS
10
173.701
20
-99.464
11
173.825
21
-99.5005
0
LINE
8
BLACK
6
CONTINUOUS
10
173.825
20
-99.5005
11
173.825
21
-99.5005
0
LINE
8
BLACK
6
CONTINUOUS
10
173.825
20
-99.5005
11
173.955
21
-99.5005
0
LINE
8
BLACK
6
CONTINUOUS
10
173.955
20
-99.5005
11
173.955
21
-99.5005
0
LINE
8
BLACK
6
CONTINUOUS
10
173.955
20
-99.5005
11
174.079
21
-99.464
0
LINE
8
BLACK
6
CONTINUOUS
10
174.079
20
-99.464
11
174.188
21
-99.394
0
LINE
8
BLACK
6
CONTINUOUS
10
174.188
20
-99.394
11
174.273
21
-99.2961
0
LINE
8
BLACK
6
CONTINUOUS
10
174.273
20
-99.2961
11
174.327
21
-99.1782
0
LINE
8
BLACK
6
CONTINUOUS
10
174.327
20
-99.1782
11
174.339
21
-99.0961
0
LINE
8
BLACK
6
CONTINUOUS
10
174.339
20
-99.0961
11
174.345
21
-99.05
0
LINE
8
BLACK
6
CONTINUOUS
10
174.345
20
-99.05
11
174.345
21
-99.05
0
LINE
8
BLACK
6
CONTINUOUS
10
174.345
20
-99.05
11
174.327
21
-98.9218
0
LINE
8
BLACK
6
CONTINUOUS
10
174.327
20
-98.9218
11
174.327
21
-98.9218
0
LINE
8
BLACK
6
CONTINUOUS
10
174.327
20
-98.9218
11
174.273
21
-98.8039
0
LINE
8
BLACK
6
CONTINUOUS
10
174.273
20
-98.8039
11
174.188
21
-98.706
0
LINE
8
BLACK
6
CONTINUOUS
10
174.188
20
-98.706
11
174.188
21
-98.706
0
LINE
8
BLACK
6
CONTINUOUS
10
174.188
20
-98.706
11
174.188
21
-98.706
0
LINE
8
BLACK
6
CONTINUOUS
10
174.188
20
-98.706
11
174.079
21
-98.636
0
LINE
8
BLACK
6
CONTINUOUS
10
174.079
20
-98.636
11
174.079
21
-98.636
0
LINE
8
BLACK
6
CONTINUOUS
10
174.079
20
-98.636
11
174.079
21
-98.636
0
LINE
8
BLACK
6
CONTINUOUS
10
174.079
20
-98.636
11
174.079
21
-98.636
0
LINE
8
BLACK
6
CONTINUOUS
10
174.079
20
-98.636
11
173.955
21
-98.5995
0
LINE
8
BLACK
6
CONTINUOUS
10
173.955
20
-98.5995
11
173.955
21
-98.5995
0
LINE
8
BLACK
6
CONTINUOUS
10
173.955
20
-98.5995
11
173.825
21
-98.5995
0
LINE
8
BLACK
6
CONTINUOUS
10
173.825
20
-98.5995
11
173.825
21
-98.5995
0
LINE
8
BLACK
6
CONTINUOUS
10
173.825
20
-98.5995
11
173.701
21
-98.636
0
LINE
8
BLACK
6
CONTINUOUS
10
173.701
20
-98.636
11
173.701
21
-98.636
0
LINE
8
BLACK
6
CONTINUOUS
10
173.701
20
-98.636
11
173.592
21
-98.706
0
LINE
8
BLACK
6
CONTINUOUS
10
173.592
20
-98.706
11
173.507
21
-98.8039
0
LINE
8
BLACK
6
CONTINUOUS
10
173.507
20
-98.8039
11
173.453
21
-98.9218
0
LINE
8
BLACK
6
CONTINUOUS
10
173.453
20
-98.9218
11
173.435
21
-99.05
0
LINE
8
BLACK
6
CONTINUOUS
10
173.435
20
-99.05
11
173.435
21
-99.05
0
LINE
8
BLACK
6
CONTINUOUS
10
173.435
20
-99.05
11
173.453
21
-99.1782
0
LINE
8
BLACK
6
CONTINUOUS
10
158.363
20
-99.0282
11
158.394
21
-99.0961
0
LINE
8
BLACK
6
CONTINUOUS
10
158.394
20
-99.0961
11
158.417
21
-99.1461
0
LINE
8
BLACK
6
CONTINUOUS
10
158.417
20
-99.1461
11
158.495
21
-99.236
0
LINE
8
BLACK
6
CONTINUOUS
10
158.495
20
-99.236
11
158.502
21
-99.244
0
LINE
8
BLACK
6
CONTINUOUS
10
158.502
20
-99.244
11
158.59
21
-99.3005
0
LINE
8
BLACK
6
CONTINUOUS
10
158.59
20
-99.3005
11
158.611
21
-99.314
0
LINE
8
BLACK
6
CONTINUOUS
10
158.611
20
-99.314
11
158.735
21
-99.3505
0
LINE
8
BLACK
6
CONTINUOUS
10
158.735
20
-99.3505
11
158.735
21
-99.3505
0
LINE
8
BLACK
6
CONTINUOUS
10
158.735
20
-99.3505
11
158.865
21
-99.3505
0
LINE
8
BLACK
6
CONTINUOUS
10
158.865
20
-99.3505
11
158.865
21
-99.3505
0
LINE
8
BLACK
6
CONTINUOUS
10
158.865
20
-99.3505
11
158.989
21
-99.314
0
LINE
8
BLACK
6
CONTINUOUS
10
158.989
20
-99.314
11
159.098
21
-99.244
0
LINE
8
BLACK
6
CONTINUOUS
10
159.098
20
-99.244
11
159.125
21
-99.2127
0
LINE
8
BLACK
6
CONTINUOUS
10
159.125
20
-99.2127
11
159.178
21
-99.1811
0
LINE
8
BLACK
6
CONTINUOUS
10
159.178
20
-99.1811
11
159.239
21
-99.1863
0
LINE
8
BLACK
6
CONTINUOUS
10
159.239
20
-99.1863
11
159.275
21
-99.2127
0
LINE
8
BLACK
6
CONTINUOUS
10
159.275
20
-99.2127
11
159.302
21
-99.244
0
LINE
8
BLACK
6
CONTINUOUS
10
159.302
20
-99.244
11
159.302
21
-99.244
0
LINE
8
BLACK
6
CONTINUOUS
10
159.302
20
-99.244
11
159.39
21
-99.3005
0
LINE
8
BLACK
6
CONTINUOUS
10
159.39
20
-99.3005
11
159.411
21
-99.314
0
LINE
8
BLACK
6
CONTINUOUS
10
159.411
20
-99.314
11
159.535
21
-99.3505
0
LINE
8
BLACK
6
CONTINUOUS
10
159.535
20
-99.3505
11
159.535
21
-99.3505
0
LINE
8
BLACK
6
CONTINUOUS
10
159.535
20
-99.3505
11
159.665
21
-99.3505
0
LINE
8
BLACK
6
CONTINUOUS
10
159.665
20
-99.3505
11
159.665
21
-99.3505
0
LINE
8
BLACK
6
CONTINUOUS
10
159.665
20
-99.3505
11
159.789
21
-99.314
0
LINE
8
BLACK
6
CONTINUOUS
10
159.789
20
-99.314
11
159.898
21
-99.244
0
LINE
8
BLACK
6
CONTINUOUS
10
159.898
20
-99.244
11
159.925
21
-99.2127
0
LINE
8
BLACK
6
CONTINUOUS
10
159.925
20
-99.2127
11
159.978
21
-99.1811
0
LINE
8
BLACK
6
CONTINUOUS
10
159.978
20
-99.1811
11
160.039
21
-99.1863
0
LINE
8
BLACK
6
CONTINUOUS
10
160.039
20
-99.1863
11
160.075
21
-99.2127
0
LINE
8
BLACK
6
CONTINUOUS
10
160.075
20
-99.2127
11
160.102
21
-99.244
0
LINE
8
BLACK
6
CONTINUOUS
10
160.102
20
-99.244
11
160.102
21
-99.244
0
LINE
8
BLACK
6
CONTINUOUS
10
160.102
20
-99.244
11
160.19
21
-99.3005
0
LINE
8
BLACK
6
CONTINUOUS
10
160.19
20
-99.3005
11
160.211
21
-99.314
0
LINE
8
BLACK
6
CONTINUOUS
10
160.211
20
-99.314
11
160.335
21
-99.3505
0
LINE
8
BLACK
6
CONTINUOUS
10
160.335
20
-99.3505
11
160.335
21
-99.3505
0
LINE
8
BLACK
6
CONTINUOUS
10
160.335
20
-99.3505
11
160.465
21
-99.3505
0
LINE
8
BLACK
6
CONTINUOUS
10
160.465
20
-99.3505
11
160.465
21
-99.3505
0
LINE
8
BLACK
6
CONTINUOUS
10
160.465
20
-99.3505
11
160.589
21
-99.314
0
LINE
8
BLACK
6
CONTINUOUS
10
160.589
20
-99.314
11
160.698
21
-99.244
0
LINE
8
BLACK
6
CONTINUOUS
10
160.698
20
-99.244
11
160.783
21
-99.1461
0
LINE
8
BLACK
6
CONTINUOUS
10
160.783
20
-99.1461
11
160.827
21
-99.05
0
LINE
8
BLACK
6
CONTINUOUS
10
160.827
20
-99.05
11
160.837
21
-99.0282
0
LINE
8
BLACK
6
CONTINUOUS
10
160.837
20
-99.0282
11
160.848
21
-98.9505
0
LINE
8
BLACK
6
CONTINUOUS
10
160.848
20
-98.9505
11
160.855
21
-98.9
0
LINE
8
BLACK
6
CONTINUOUS
10
160.855
20
-98.9
11
160.855
21
-98.9
0
LINE
8
BLACK
6
CONTINUOUS
10
160.855
20
-98.9
11
160.837
21
-98.7718
0
LINE
8
BLACK
6
CONTINUOUS
10
160.837
20
-98.7718
11
160.814
21
-98.7218
0
LINE
8
BLACK
6
CONTINUOUS
10
160.814
20
-98.7218
11
160.783
21
-98.6539
0
LINE
8
BLACK
6
CONTINUOUS
10
160.783
20
-98.6539
11
160.698
21
-98.556
0
LINE
8
BLACK
6
CONTINUOUS
10
160.698
20
-98.556
11
160.698
21
-98.556
0
LINE
8
BLACK
6
CONTINUOUS
10
160.698
20
-98.556
11
160.698
21
-98.556
0
LINE
8
BLACK
6
CONTINUOUS
10
160.698
20
-98.556
11
160.589
21
-98.486
0
LINE
8
BLACK
6
CONTINUOUS
10
160.589
20
-98.486
11
160.589
21
-98.486
0
LINE
8
BLACK
6
CONTINUOUS
10
160.589
20
-98.486
11
160.589
21
-98.486
0
LINE
8
BLACK
6
CONTINUOUS
10
160.589
20
-98.486
11
160.589
21
-98.486
0
LINE
8
BLACK
6
CONTINUOUS
10
160.589
20
-98.486
11
160.465
21
-98.4495
0
LINE
8
BLACK
6
CONTINUOUS
10
160.465
20
-98.4495
11
160.465
21
-98.4495
0
LINE
8
BLACK
6
CONTINUOUS
10
160.465
20
-98.4495
11
160.335
21
-98.4495
0
LINE
8
BLACK
6
CONTINUOUS
10
160.335
20
-98.4495
11
160.335
21
-98.4495
0
LINE
8
BLACK
6
CONTINUOUS
10
160.335
20
-98.4495
11
160.211
21
-98.486
0
LINE
8
BLACK
6
CONTINUOUS
10
160.211
20
-98.486
11
160.211
21
-98.486
0
LINE
8
BLACK
6
CONTINUOUS
10
160.211
20
-98.486
11
160.102
21
-98.556
0
LINE
8
BLACK
6
CONTINUOUS
10
160.102
20
-98.556
11
160.102
21
-98.556
0
LINE
8
BLACK
6
CONTINUOUS
10
160.102
20
-98.556
11
160.075
21
-98.5873
0
LINE
8
BLACK
6
CONTINUOUS
10
160.075
20
-98.5873
11
160.022
21
-98.6189
0
LINE
8
BLACK
6
CONTINUOUS
10
160.022
20
-98.6189
11
159.961
21
-98.6137
0
LINE
8
BLACK
6
CONTINUOUS
10
159.961
20
-98.6137
11
159.925
21
-98.5873
0
LINE
8
BLACK
6
CONTINUOUS
10
159.925
20
-98.5873
11
159.898
21
-98.556
0
LINE
8
BLACK
6
CONTINUOUS
10
159.898
20
-98.556
11
159.898
21
-98.556
0
LINE
8
BLACK
6
CONTINUOUS
10
159.898
20
-98.556
11
159.789
21
-98.486
0
LINE
8
BLACK
6
CONTINUOUS
10
159.789
20
-98.486
11
159.789
21
-98.486
0
LINE
8
BLACK
6
CONTINUOUS
10
159.789
20
-98.486
11
159.789
21
-98.486
0
LINE
8
BLACK
6
CONTINUOUS
10
159.789
20
-98.486
11
159.789
21
-98.486
0
LINE
8
BLACK
6
CONTINUOUS
10
159.789
20
-98.486
11
159.665
21
-98.4495
0
LINE
8
BLACK
6
CONTINUOUS
10
159.665
20
-98.4495
11
159.665
21
-98.4495
0
LINE
8
BLACK
6
CONTINUOUS
10
159.665
20
-98.4495
11
159.535
21
-98.4495
0
LINE
8
BLACK
6
CONTINUOUS
10
159.535
20
-98.4495
11
159.535
21
-98.4495
0
LINE
8
BLACK
6
CONTINUOUS
10
159.535
20
-98.4495
11
159.411
21
-98.486
0
LINE
8
BLACK
6
CONTINUOUS
10
159.411
20
-98.486
11
159.411
21
-98.486
0
LINE
8
BLACK
6
CONTINUOUS
10
159.411
20
-98.486
11
159.302
21
-98.556
0
LINE
8
BLACK
6
CONTINUOUS
10
159.302
20
-98.556
11
159.302
21
-98.556
0
LINE
8
BLACK
6
CONTINUOUS
10
159.302
20
-98.556
11
159.275
21
-98.5873
0
LINE
8
BLACK
6
CONTINUOUS
10
159.275
20
-98.5873
11
159.222
21
-98.6189
0
LINE
8
BLACK
6
CONTINUOUS
10
159.222
20
-98.6189
11
159.161
21
-98.6137
0
LINE
8
BLACK
6
CONTINUOUS
10
159.161
20
-98.6137
11
159.125
21
-98.5873
0
LINE
8
BLACK
6
CONTINUOUS
10
159.125
20
-98.5873
11
159.098
21
-98.556
0
LINE
8
BLACK
6
CONTINUOUS
10
159.098
20
-98.556
11
159.098
21
-98.556
0
LINE
8
BLACK
6
CONTINUOUS
10
159.098
20
-98.556
11
158.989
21
-98.486
0
LINE
8
BLACK
6
CONTINUOUS
10
158.989
20
-98.486
11
158.989
21
-98.486
0
LINE
8
BLACK
6
CONTINUOUS
10
158.989
20
-98.486
11
158.989
21
-98.486
0
LINE
8
BLACK
6
CONTINUOUS
10
158.989
20
-98.486
11
158.989
21
-98.486
0
LINE
8
BLACK
6
CONTINUOUS
10
158.989
20
-98.486
11
158.865
21
-98.4495
0
LINE
8
BLACK
6
CONTINUOUS
10
158.865
20
-98.4495
11
158.865
21
-98.4495
0
LINE
8
BLACK
6
CONTINUOUS
10
158.865
20
-98.4495
11
158.735
21
-98.4495
0
LINE
8
BLACK
6
CONTINUOUS
10
158.735
20
-98.4495
11
158.735
21
-98.4495
0
LINE
8
BLACK
6
CONTINUOUS
10
158.735
20
-98.4495
11
158.611
21
-98.486
0
LINE
8
BLACK
6
CONTINUOUS
10
158.611
20
-98.486
11
158.611
21
-98.486
0
LINE
8
BLACK
6
CONTINUOUS
10
158.611
20
-98.486
11
158.502
21
-98.556
0
LINE
8
BLACK
6
CONTINUOUS
10
158.502
20
-98.556
11
158.417
21
-98.6539
0
LINE
8
BLACK
6
CONTINUOUS
10
158.417
20
-98.6539
11
158.363
21
-98.7718
0
LINE
8
BLACK
6
CONTINUOUS
10
158.363
20
-98.7718
11
158.345
21
-98.9
0
LINE
8
BLACK
6
CONTINUOUS
10
158.345
20
-98.9
11
158.345
21
-98.9
0
LINE
8
BLACK
6
CONTINUOUS
10
158.345
20
-98.9
11
158.363
21
-99.0282
0
LINE
8
BLACK
6
CONTINUOUS
10
142.811
20
-98.086
11
142.811
21
-98.086
0
LINE
8
BLACK
6
CONTINUOUS
10
142.811
20
-98.086
11
142.702
21
-98.156
0
LINE
8
BLACK
6
CONTINUOUS
10
142.702
20
-98.156
11
142.617
21
-98.2539
0
LINE
8
BLACK
6
CONTINUOUS
10
142.617
20
-98.2539
11
142.563
21
-98.3718
0
LINE
8
BLACK
6
CONTINUOUS
10
142.563
20
-98.3718
11
142.545
21
-98.5
0
LINE
8
BLACK
6
CONTINUOUS
10
142.545
20
-98.5
11
142.545
21
-98.5
0
LINE
8
BLACK
6
CONTINUOUS
10
142.545
20
-98.5
11
142.563
21
-98.6282
0
LINE
8
BLACK
6
CONTINUOUS
10
142.563
20
-98.6282
11
142.606
21
-98.7218
0
LINE
8
BLACK
6
CONTINUOUS
10
142.606
20
-98.7218
11
142.617
21
-98.7461
0
LINE
8
BLACK
6
CONTINUOUS
10
142.617
20
-98.7461
11
142.702
21
-98.844
0
LINE
8
BLACK
6
CONTINUOUS
10
142.702
20
-98.844
11
142.702
21
-98.844
0
LINE
8
BLACK
6
CONTINUOUS
10
142.702
20
-98.844
11
142.789
21
-98.9
0
LINE
8
BLACK
6
CONTINUOUS
10
142.789
20
-98.9
11
142.811
21
-98.914
0
LINE
8
BLACK
6
CONTINUOUS
10
142.811
20
-98.914
11
142.935
21
-98.9505
0
LINE
8
BLACK
6
CONTINUOUS
10
142.935
20
-98.9505
11
142.935
21
-98.9505
0
LINE
8
BLACK
6
CONTINUOUS
10
142.935
20
-98.9505
11
143.065
21
-98.9505
0
LINE
8
BLACK
6
CONTINUOUS
10
143.065
20
-98.9505
11
143.065
21
-98.9505
0
LINE
8
BLACK
6
CONTINUOUS
10
143.065
20
-98.9505
11
143.189
21
-98.914
0
LINE
8
BLACK
6
CONTINUOUS
10
143.189
20
-98.914
11
143.289
21
-98.85
0
LINE
8
BLACK
6
CONTINUOUS
10
143.289
20
-98.85
11
143.298
21
-98.844
0
LINE
8
BLACK
6
CONTINUOUS
10
143.298
20
-98.844
11
143.383
21
-98.7461
0
LINE
8
BLACK
6
CONTINUOUS
10
143.383
20
-98.7461
11
143.437
21
-98.6282
0
LINE
8
BLACK
6
CONTINUOUS
10
143.437
20
-98.6282
11
143.451
21
-98.5312
0
LINE
8
BLACK
6
CONTINUOUS
10
143.451
20
-98.5312
11
143.455
21
-98.5
0
LINE
8
BLACK
6
CONTINUOUS
10
143.455
20
-98.5
11
143.455
21
-98.5
0
LINE
8
BLACK
6
CONTINUOUS
10
143.455
20
-98.5
11
143.437
21
-98.3718
0
LINE
8
BLACK
6
CONTINUOUS
10
143.437
20
-98.3718
11
143.383
21
-98.2539
0
LINE
8
BLACK
6
CONTINUOUS
10
143.383
20
-98.2539
11
143.379
21
-98.2495
0
LINE
8
BLACK
6
CONTINUOUS
10
143.379
20
-98.2495
11
143.298
21
-98.156
0
LINE
8
BLACK
6
CONTINUOUS
10
143.298
20
-98.156
11
143.298
21
-98.156
0
LINE
8
BLACK
6
CONTINUOUS
10
143.298
20
-98.156
11
143.298
21
-98.156
0
LINE
8
BLACK
6
CONTINUOUS
10
143.298
20
-98.156
11
143.189
21
-98.086
0
LINE
8
BLACK
6
CONTINUOUS
10
143.189
20
-98.086
11
143.189
21
-98.086
0
LINE
8
BLACK
6
CONTINUOUS
10
143.189
20
-98.086
11
143.189
21
-98.086
0
LINE
8
BLACK
6
CONTINUOUS
10
143.189
20
-98.086
11
143.189
21
-98.086
0
LINE
8
BLACK
6
CONTINUOUS
10
143.189
20
-98.086
11
143.065
21
-98.0495
0
LINE
8
BLACK
6
CONTINUOUS
10
143.065
20
-98.0495
11
143.065
21
-98.0495
0
LINE
8
BLACK
6
CONTINUOUS
10
143.065
20
-98.0495
11
142.935
21
-98.0495
0
LINE
8
BLACK
6
CONTINUOUS
10
142.935
20
-98.0495
11
142.935
21
-98.0495
0
LINE
8
BLACK
6
CONTINUOUS
10
142.935
20
-98.0495
11
142.811
21
-98.086
0
LINE
8
BLACK
6
CONTINUOUS
10
161.161
20
-97.8355
11
161.161
21
-97.8355
0
LINE
8
BLACK
6
CONTINUOUS
10
161.161
20
-97.8355
11
161.052
21
-97.9055
0
LINE
8
BLACK
6
CONTINUOUS
10
161.052
20
-97.9055
11
160.967
21
-98.0034
0
LINE
8
BLACK
6
CONTINUOUS
10
160.967
20
-98.0034
11
160.913
21
-98.1213
0
LINE
8
BLACK
6
CONTINUOUS
10
160.913
20
-98.1213
11
160.895
21
-98.2495
0
LINE
8
BLACK
6
CONTINUOUS
10
160.895
20
-98.2495
11
160.895
21
-98.2495
0
LINE
8
BLACK
6
CONTINUOUS
10
160.895
20
-98.2495
11
160.913
21
-98.3777
0
LINE
8
BLACK
6
CONTINUOUS
10
160.913
20
-98.3777
11
160.932
21
-98.4179
0
LINE
8
BLACK
6
CONTINUOUS
10
160.932
20
-98.4179
11
160.967
21
-98.4956
0
LINE
8
BLACK
6
CONTINUOUS
10
160.967
20
-98.4956
11
161.052
21
-98.5935
0
LINE
8
BLACK
6
CONTINUOUS
10
161.052
20
-98.5935
11
161.052
21
-98.5935
0
LINE
8
BLACK
6
CONTINUOUS
10
161.052
20
-98.5935
11
161.146
21
-98.6539
0
LINE
8
BLACK
6
CONTINUOUS
10
161.146
20
-98.6539
11
161.161
21
-98.6635
0
LINE
8
BLACK
6
CONTINUOUS
10
161.161
20
-98.6635
11
161.285
21
-98.7
0
LINE
8
BLACK
6
CONTINUOUS
10
161.285
20
-98.7
11
161.285
21
-98.7
0
LINE
8
BLACK
6
CONTINUOUS
10
161.285
20
-98.7
11
161.415
21
-98.7
0
LINE
8
BLACK
6
CONTINUOUS
10
161.415
20
-98.7
11
161.415
21
-98.7
0
LINE
8
BLACK
6
CONTINUOUS
10
161.415
20
-98.7
11
161.539
21
-98.6635
0
LINE
8
BLACK
6
CONTINUOUS
10
161.539
20
-98.6635
11
161.648
21
-98.5935
0
LINE
8
BLACK
6
CONTINUOUS
10
161.648
20
-98.5935
11
161.733
21
-98.4956
0
LINE
8
BLACK
6
CONTINUOUS
10
161.733
20
-98.4956
11
161.787
21
-98.3777
0
LINE
8
BLACK
6
CONTINUOUS
10
161.787
20
-98.3777
11
161.804
21
-98.2539
0
LINE
8
BLACK
6
CONTINUOUS
10
161.804
20
-98.2539
11
161.805
21
-98.2495
0
LINE
8
BLACK
6
CONTINUOUS
10
161.805
20
-98.2495
11
161.805
21
-98.2495
0
LINE
8
BLACK
6
CONTINUOUS
10
161.805
20
-98.2495
11
161.787
21
-98.1213
0
LINE
8
BLACK
6
CONTINUOUS
10
161.787
20
-98.1213
11
161.761
21
-98.064
0
LINE
8
BLACK
6
CONTINUOUS
10
161.761
20
-98.064
11
161.733
21
-98.0034
0
LINE
8
BLACK
6
CONTINUOUS
10
161.733
20
-98.0034
11
161.648
21
-97.9055
0
LINE
8
BLACK
6
CONTINUOUS
10
161.648
20
-97.9055
11
161.648
21
-97.9055
0
LINE
8
BLACK
6
CONTINUOUS
10
161.648
20
-97.9055
11
161.648
21
-97.9055
0
LINE
8
BLACK
6
CONTINUOUS
10
161.648
20
-97.9055
11
161.539
21
-97.8355
0
LINE
8
BLACK
6
CONTINUOUS
10
161.539
20
-97.8355
11
161.539
21
-97.8355
0
LINE
8
BLACK
6
CONTINUOUS
10
161.539
20
-97.8355
11
161.539
21
-97.8355
0
LINE
8
BLACK
6
CONTINUOUS
10
161.539
20
-97.8355
11
161.539
21
-97.8355
0
LINE
8
BLACK
6
CONTINUOUS
10
161.539
20
-97.8355
11
161.415
21
-97.799
0
LINE
8
BLACK
6
CONTINUOUS
10
161.415
20
-97.799
11
161.415
21
-97.799
0
LINE
8
BLACK
6
CONTINUOUS
10
161.415
20
-97.799
11
161.285
21
-97.799
0
LINE
8
BLACK
6
CONTINUOUS
10
161.285
20
-97.799
11
161.285
21
-97.799
0
LINE
8
BLACK
6
CONTINUOUS
10
161.285
20
-97.799
11
161.161
21
-97.8355
0
LINE
8
BLACK
6
CONTINUOUS
10
126.061
20
-97.536
11
126.061
21
-97.536
0
LINE
8
BLACK
6
CONTINUOUS
10
126.061
20
-97.536
11
125.952
21
-97.606
0
LINE
8
BLACK
6
CONTINUOUS
10
125.952
20
-97.606
11
125.867
21
-97.7039
0
LINE
8
BLACK
6
CONTINUOUS
10
125.867
20
-97.7039
11
125.813
21
-97.8218
0
LINE
8
BLACK
6
CONTINUOUS
10
125.813
20
-97.8218
11
125.795
21
-97.95
0
LINE
8
BLACK
6
CONTINUOUS
10
125.795
20
-97.95
11
125.795
21
-97.95
0
LINE
8
BLACK
6
CONTINUOUS
10
125.795
20
-97.95
11
125.813
21
-98.0782
0
LINE
8
BLACK
6
CONTINUOUS
10
125.813
20
-98.0782
11
125.867
21
-98.1961
0
LINE
8
BLACK
6
CONTINUOUS
10
125.867
20
-98.1961
11
125.867
21
-98.1961
0
LINE
8
BLACK
6
CONTINUOUS
10
125.867
20
-98.1961
11
125.952
21
-98.294
0
LINE
8
BLACK
6
CONTINUOUS
10
125.952
20
-98.294
11
125.952
21
-98.294
0
LINE
8
BLACK
6
CONTINUOUS
10
125.952
20
-98.294
11
126.061
21
-98.364
0
LINE
8
BLACK
6
CONTINUOUS
10
126.061
20
-98.364
11
126.061
21
-98.364
0
LINE
8
BLACK
6
CONTINUOUS
10
126.061
20
-98.364
11
126.185
21
-98.4005
0
LINE
8
BLACK
6
CONTINUOUS
10
126.185
20
-98.4005
11
126.185
21
-98.4005
0
LINE
8
BLACK
6
CONTINUOUS
10
126.185
20
-98.4005
11
126.315
21
-98.4005
0
LINE
8
BLACK
6
CONTINUOUS
10
126.315
20
-98.4005
11
126.315
21
-98.4005
0
LINE
8
BLACK
6
CONTINUOUS
10
126.315
20
-98.4005
11
126.439
21
-98.364
0
LINE
8
BLACK
6
CONTINUOUS
10
126.439
20
-98.364
11
126.548
21
-98.294
0
LINE
8
BLACK
6
CONTINUOUS
10
126.548
20
-98.294
11
126.633
21
-98.1961
0
LINE
8
BLACK
6
CONTINUOUS
10
126.633
20
-98.1961
11
126.687
21
-98.0782
0
LINE
8
BLACK
6
CONTINUOUS
10
126.687
20
-98.0782
11
126.697
21
-98.0034
0
LINE
8
BLACK
6
CONTINUOUS
10
126.697
20
-98.0034
11
126.705
21
-97.95
0
LINE
8
BLACK
6
CONTINUOUS
10
126.705
20
-97.95
11
126.705
21
-97.95
0
LINE
8
BLACK
6
CONTINUOUS
10
126.705
20
-97.95
11
126.687
21
-97.8218
0
LINE
8
BLACK
6
CONTINUOUS
10
126.687
20
-97.8218
11
126.667
21
-97.7782
0
LINE
8
BLACK
6
CONTINUOUS
10
126.667
20
-97.7782
11
126.633
21
-97.7039
0
LINE
8
BLACK
6
CONTINUOUS
10
126.633
20
-97.7039
11
126.548
21
-97.606
0
LINE
8
BLACK
6
CONTINUOUS
10
126.548
20
-97.606
11
126.548
21
-97.606
0
LINE
8
BLACK
6
CONTINUOUS
10
126.548
20
-97.606
11
126.548
21
-97.606
0
LINE
8
BLACK
6
CONTINUOUS
10
126.548
20
-97.606
11
126.439
21
-97.536
0
LINE
8
BLACK
6
CONTINUOUS
10
126.439
20
-97.536
11
126.439
21
-97.536
0
LINE
8
BLACK
6
CONTINUOUS
10
126.439
20
-97.536
11
126.439
21
-97.536
0
LINE
8
BLACK
6
CONTINUOUS
10
126.439
20
-97.536
11
126.439
21
-97.536
0
LINE
8
BLACK
6
CONTINUOUS
10
126.439
20
-97.536
11
126.315
21
-97.4995
0
LINE
8
BLACK
6
CONTINUOUS
10
126.315
20
-97.4995
11
126.315
21
-97.4995
0
LINE
8
BLACK
6
CONTINUOUS
10
126.315
20
-97.4995
11
126.185
21
-97.4995
0
LINE
8
BLACK
6
CONTINUOUS
10
126.185
20
-97.4995
11
126.185
21
-97.4995
0
LINE
8
BLACK
6
CONTINUOUS
10
126.185
20
-97.4995
11
126.061
21
-97.536
0
LINE
8
BLACK
6
CONTINUOUS
10
129.356
20
-96.4539
11
129.333
21
-96.4039
0
LINE
8
BLACK
6
CONTINUOUS
10
129.333
20
-96.4039
11
129.248
21
-96.306
0
LINE
8
BLACK
6
CONTINUOUS
10
129.248
20
-96.306
11
129.248
21
-96.306
0
LINE
8
BLACK
6
CONTINUOUS
10
129.248
20
-96.306
11
129.248
21
-96.306
0
LINE
8
BLACK
6
CONTINUOUS
10
129.248
20
-96.306
11
129.139
21
-96.236
0
LINE
8
BLACK
6
CONTINUOUS
10
129.139
20
-96.236
11
129.139
21
-96.236
0
LINE
8
BLACK
6
CONTINUOUS
10
129.139
20
-96.236
11
129.139
21
-96.236
0
LINE
8
BLACK
6
CONTINUOUS
10
129.139
20
-96.236
11
129.139
21
-96.236
0
LINE
8
BLACK
6
CONTINUOUS
10
129.139
20
-96.236
11
129.015
21
-96.1995
0
LINE
8
BLACK
6
CONTINUOUS
10
129.015
20
-96.1995
11
129.015
21
-96.1995
0
LINE
8
BLACK
6
CONTINUOUS
10
129.015
20
-96.1995
11
128.885
21
-96.1995
0
LINE
8
BLACK
6
CONTINUOUS
10
128.885
20
-96.1995
11
128.885
21
-96.1995
0
LINE
8
BLACK
6
CONTINUOUS
10
128.885
20
-96.1995
11
128.761
21
-96.236
0
LINE
8
BLACK
6
CONTINUOUS
10
128.761
20
-96.236
11
128.761
21
-96.236
0
LINE
8
BLACK
6
CONTINUOUS
10
128.761
20
-96.236
11
128.652
21
-96.306
0
LINE
8
BLACK
6
CONTINUOUS
10
128.652
20
-96.306
11
128.567
21
-96.4039
0
LINE
8
BLACK
6
CONTINUOUS
10
128.567
20
-96.4039
11
128.513
21
-96.5218
0
LINE
8
BLACK
6
CONTINUOUS
10
128.513
20
-96.5218
11
128.495
21
-96.65
0
LINE
8
BLACK
6
CONTINUOUS
10
128.495
20
-96.65
11
128.495
21
-96.65
0
LINE
8
BLACK
6
CONTINUOUS
10
128.495
20
-96.65
11
128.513
21
-96.7782
0
LINE
8
BLACK
6
CONTINUOUS
10
128.513
20
-96.7782
11
128.563
21
-96.886
0
LINE
8
BLACK
6
CONTINUOUS
10
128.563
20
-96.886
11
128.567
21
-96.8961
0
LINE
8
BLACK
6
CONTINUOUS
10
128.567
20
-96.8961
11
128.636
21
-96.976
0
LINE
8
BLACK
6
CONTINUOUS
10
128.636
20
-96.976
11
128.652
21
-96.994
0
LINE
8
BLACK
6
CONTINUOUS
10
128.652
20
-96.994
11
128.745
21
-97.0539
0
LINE
8
BLACK
6
CONTINUOUS
10
128.745
20
-97.0539
11
128.761
21
-97.064
0
LINE
8
BLACK
6
CONTINUOUS
10
128.761
20
-97.064
11
128.885
21
-97.1005
0
LINE
8
BLACK
6
CONTINUOUS
10
128.885
20
-97.1005
11
128.885
21
-97.1005
0
LINE
8
BLACK
6
CONTINUOUS
10
128.885
20
-97.1005
11
129.015
21
-97.1005
0
LINE
8
BLACK
6
CONTINUOUS
10
129.015
20
-97.1005
11
129.015
21
-97.1005
0
LINE
8
BLACK
6
CONTINUOUS
10
129.015
20
-97.1005
11
129.139
21
-97.064
0
LINE
8
BLACK
6
CONTINUOUS
10
129.139
20
-97.064
11
129.248
21
-96.994
0
LINE
8
BLACK
6
CONTINUOUS
10
129.248
20
-96.994
11
129.333
21
-96.8961
0
LINE
8
BLACK
6
CONTINUOUS
10
129.333
20
-96.8961
11
129.387
21
-96.7782
0
LINE
8
BLACK
6
CONTINUOUS
10
129.387
20
-96.7782
11
129.399
21
-96.6961
0
LINE
8
BLACK
6
CONTINUOUS
10
129.399
20
-96.6961
11
129.405
21
-96.65
0
LINE
8
BLACK
6
CONTINUOUS
10
129.405
20
-96.65
11
129.405
21
-96.65
0
LINE
8
BLACK
6
CONTINUOUS
10
129.405
20
-96.65
11
129.387
21
-96.5218
0
LINE
8
BLACK
6
CONTINUOUS
10
129.387
20
-96.5218
11
129.377
21
-96.5
0
LINE
8
BLACK
6
CONTINUOUS
10
129.377
20
-96.5
11
129.356
21
-96.4539
0
LINE
8
BLACK
6
CONTINUOUS
10
165.913
20
-97.9282
11
165.959
21
-98.0281
0
LINE
8
BLACK
6
CONTINUOUS
10
165.959
20
-98.0281
11
165.967
21
-98.0461
0
LINE
8
BLACK
6
CONTINUOUS
10
165.967
20
-98.0461
11
166.027
21
-98.115
0
LINE
8
BLACK
6
CONTINUOUS
10
166.027
20
-98.115
11
166.052
21
-98.144
0
LINE
8
BLACK
6
CONTINUOUS
10
166.052
20
-98.144
11
166.071
21
-98.156
0
LINE
8
BLACK
6
CONTINUOUS
10
166.071
20
-98.156
11
166.161
21
-98.214
0
LINE
8
BLACK
6
CONTINUOUS
10
166.161
20
-98.214
11
166.285
21
-98.2505
0
LINE
8
BLACK
6
CONTINUOUS
10
166.285
20
-98.2505
11
166.285
21
-98.2505
0
LINE
8
BLACK
6
CONTINUOUS
10
166.285
20
-98.2505
11
166.415
21
-98.2505
0
LINE
8
BLACK
6
CONTINUOUS
10
166.415
20
-98.2505
11
166.415
21
-98.2505
0
LINE
8
BLACK
6
CONTINUOUS
10
166.415
20
-98.2505
11
166.539
21
-98.214
0
LINE
8
BLACK
6
CONTINUOUS
10
166.539
20
-98.214
11
166.648
21
-98.144
0
LINE
8
BLACK
6
CONTINUOUS
10
166.648
20
-98.144
11
166.733
21
-98.0461
0
LINE
8
BLACK
6
CONTINUOUS
10
166.733
20
-98.0461
11
166.787
21
-97.9282
0
LINE
8
BLACK
6
CONTINUOUS
10
166.787
20
-97.9282
11
166.8
21
-97.8355
0
LINE
8
BLACK
6
CONTINUOUS
10
166.8
20
-97.8355
11
166.805
21
-97.8
0
LINE
8
BLACK
6
CONTINUOUS
10
166.805
20
-97.8
11
166.805
21
-97.8
0
LINE
8
BLACK
6
CONTINUOUS
10
166.805
20
-97.8
11
166.787
21
-97.6718
0
LINE
8
BLACK
6
CONTINUOUS
10
166.787
20
-97.6718
11
166.758
21
-97.6094
0
LINE
8
BLACK
6
CONTINUOUS
10
166.758
20
-97.6094
11
166.733
21
-97.5539
0
LINE
8
BLACK
6
CONTINUOUS
10
166.733
20
-97.5539
11
166.648
21
-97.456
0
LINE
8
BLACK
6
CONTINUOUS
10
166.648
20
-97.456
11
166.648
21
-97.456
0
LINE
8
BLACK
6
CONTINUOUS
10
166.648
20
-97.456
11
166.648
21
-97.456
0
LINE
8
BLACK
6
CONTINUOUS
10
166.648
20
-97.456
11
166.539
21
-97.386
0
LINE
8
BLACK
6
CONTINUOUS
10
166.539
20
-97.386
11
166.539
21
-97.386
0
LINE
8
BLACK
6
CONTINUOUS
10
166.539
20
-97.386
11
166.539
21
-97.386
0
LINE
8
BLACK
6
CONTINUOUS
10
166.539
20
-97.386
11
166.539
21
-97.386
0
LINE
8
BLACK
6
CONTINUOUS
10
166.539
20
-97.386
11
166.415
21
-97.3495
0
LINE
8
BLACK
6
CONTINUOUS
10
166.415
20
-97.3495
11
166.415
21
-97.3495
0
LINE
8
BLACK
6
CONTINUOUS
10
166.415
20
-97.3495
11
166.285
21
-97.3495
0
LINE
8
BLACK
6
CONTINUOUS
10
166.285
20
-97.3495
11
166.285
21
-97.3495
0
LINE
8
BLACK
6
CONTINUOUS
10
166.285
20
-97.3495
11
166.161
21
-97.386
0
LINE
8
BLACK
6
CONTINUOUS
10
166.161
20
-97.386
11
166.161
21
-97.386
0
LINE
8
BLACK
6
CONTINUOUS
10
166.161
20
-97.386
11
166.052
21
-97.456
0
LINE
8
BLACK
6
CONTINUOUS
10
166.052
20
-97.456
11
165.967
21
-97.5539
0
LINE
8
BLACK
6
CONTINUOUS
10
165.967
20
-97.5539
11
165.913
21
-97.6718
0
LINE
8
BLACK
6
CONTINUOUS
10
165.913
20
-97.6718
11
165.895
21
-97.8
0
LINE
8
BLACK
6
CONTINUOUS
10
165.895
20
-97.8
11
165.895
21
-97.8
0
LINE
8
BLACK
6
CONTINUOUS
10
165.895
20
-97.8
11
165.913
21
-97.9282
0
LINE
8
BLACK
6
CONTINUOUS
10
131.613
20
-96.6282
11
131.663
21
-96.736
0
LINE
8
BLACK
6
CONTINUOUS
10
131.663
20
-96.736
11
131.667
21
-96.7461
0
LINE
8
BLACK
6
CONTINUOUS
10
131.667
20
-96.7461
11
131.719
21
-96.806
0
LINE
8
BLACK
6
CONTINUOUS
10
131.719
20
-96.806
11
131.752
21
-96.844
0
LINE
8
BLACK
6
CONTINUOUS
10
131.752
20
-96.844
11
131.858
21
-96.9119
0
LINE
8
BLACK
6
CONTINUOUS
10
131.858
20
-96.9119
11
131.861
21
-96.914
0
LINE
8
BLACK
6
CONTINUOUS
10
131.861
20
-96.914
11
131.985
21
-96.9505
0
LINE
8
BLACK
6
CONTINUOUS
10
131.985
20
-96.9505
11
131.985
21
-96.9505
0
LINE
8
BLACK
6
CONTINUOUS
10
131.985
20
-96.9505
11
132.115
21
-96.9505
0
LINE
8
BLACK
6
CONTINUOUS
10
132.115
20
-96.9505
11
132.115
21
-96.9505
0
LINE
8
BLACK
6
CONTINUOUS
10
132.115
20
-96.9505
11
132.239
21
-96.914
0
LINE
8
BLACK
6
CONTINUOUS
10
132.239
20
-96.914
11
132.308
21
-96.8697
0
LINE
8
BLACK
6
CONTINUOUS
10
132.308
20
-96.8697
11
132.367
21
-96.8542
0
LINE
8
BLACK
6
CONTINUOUS
10
132.367
20
-96.8542
11
132.424
21
-96.8764
0
LINE
8
BLACK
6
CONTINUOUS
10
132.424
20
-96.8764
11
132.452
21
-96.9119
0
LINE
8
BLACK
6
CONTINUOUS
10
132.452
20
-96.9119
11
132.452
21
-96.914
0
LINE
8
BLACK
6
CONTINUOUS
10
132.452
20
-96.914
11
132.467
21
-96.9461
0
LINE
8
BLACK
6
CONTINUOUS
10
132.467
20
-96.9461
11
132.552
21
-97.044
0
LINE
8
BLACK
6
CONTINUOUS
10
132.552
20
-97.044
11
132.552
21
-97.044
0
LINE
8
BLACK
6
CONTINUOUS
10
132.552
20
-97.044
11
132.653
21
-97.1091
0
LINE
8
BLACK
6
CONTINUOUS
10
132.653
20
-97.1091
11
132.661
21
-97.114
0
LINE
8
BLACK
6
CONTINUOUS
10
132.661
20
-97.114
11
132.785
21
-97.1505
0
LINE
8
BLACK
6
CONTINUOUS
10
132.785
20
-97.1505
11
132.785
21
-97.1505
0
LINE
8
BLACK
6
CONTINUOUS
10
132.785
20
-97.1505
11
132.915
21
-97.1505
0
LINE
8
BLACK
6
CONTINUOUS
10
132.915
20
-97.1505
11
132.915
21
-97.1505
0
LINE
8
BLACK
6
CONTINUOUS
10
132.915
20
-97.1505
11
133.026
21
-97.1178
0
LINE
8
BLACK
6
CONTINUOUS
10
133.026
20
-97.1178
11
133.087
21
-97.1196
0
LINE
8
BLACK
6
CONTINUOUS
10
133.087
20
-97.1196
11
133.136
21
-97.157
0
LINE
8
BLACK
6
CONTINUOUS
10
133.136
20
-97.157
11
133.152
21
-97.1987
0
LINE
8
BLACK
6
CONTINUOUS
10
133.152
20
-97.1987
11
133.163
21
-97.2782
0
LINE
8
BLACK
6
CONTINUOUS
10
133.163
20
-97.2782
11
133.213
21
-97.386
0
LINE
8
BLACK
6
CONTINUOUS
10
133.213
20
-97.386
11
133.217
21
-97.3961
0
LINE
8
BLACK
6
CONTINUOUS
10
133.217
20
-97.3961
11
133.269
21
-97.456
0
LINE
8
BLACK
6
CONTINUOUS
10
133.269
20
-97.456
11
133.302
21
-97.494
0
LINE
8
BLACK
6
CONTINUOUS
10
133.302
20
-97.494
11
133.383
21
-97.5461
0
LINE
8
BLACK
6
CONTINUOUS
10
133.383
20
-97.5461
11
133.411
21
-97.564
0
LINE
8
BLACK
6
CONTINUOUS
10
133.411
20
-97.564
11
133.535
21
-97.6005
0
LINE
8
BLACK
6
CONTINUOUS
10
133.535
20
-97.6005
11
133.535
21
-97.6005
0
LINE
8
BLACK
6
CONTINUOUS
10
133.535
20
-97.6005
11
133.665
21
-97.6005
0
LINE
8
BLACK
6
CONTINUOUS
10
133.665
20
-97.6005
11
133.665
21
-97.6005
0
LINE
8
BLACK
6
CONTINUOUS
10
133.665
20
-97.6005
11
133.789
21
-97.564
0
LINE
8
BLACK
6
CONTINUOUS
10
133.789
20
-97.564
11
133.789
21
-97.564
0
LINE
8
BLACK
6
CONTINUOUS
10
133.789
20
-97.564
11
133.796
21
-97.5611
0
LINE
8
BLACK
6
CONTINUOUS
10
133.796
20
-97.5611
11
133.797
21
-97.5639
0
LINE
8
BLACK
6
CONTINUOUS
10
133.797
20
-97.5639
11
133.843
21
-97.5517
0
LINE
8
BLACK
6
CONTINUOUS
10
133.843
20
-97.5517
11
133.9
21
-97.5739
0
LINE
8
BLACK
6
CONTINUOUS
10
133.9
20
-97.5739
11
133.928
21
-97.6094
0
LINE
8
BLACK
6
CONTINUOUS
10
133.928
20
-97.6094
11
133.944
21
-97.6453
0
LINE
8
BLACK
6
CONTINUOUS
10
133.944
20
-97.6453
11
133.967
21
-97.6961
0
LINE
8
BLACK
6
CONTINUOUS
10
133.967
20
-97.6961
11
134.052
21
-97.794
0
LINE
8
BLACK
6
CONTINUOUS
10
134.052
20
-97.794
11
134.052
21
-97.794
0
LINE
8
BLACK
6
CONTINUOUS
10
134.052
20
-97.794
11
134.124
21
-97.8405
0
LINE
8
BLACK
6
CONTINUOUS
10
134.124
20
-97.8405
11
134.161
21
-97.864
0
LINE
8
BLACK
6
CONTINUOUS
10
134.161
20
-97.864
11
134.285
21
-97.9005
0
LINE
8
BLACK
6
CONTINUOUS
10
134.285
20
-97.9005
11
134.285
21
-97.9005
0
LINE
8
BLACK
6
CONTINUOUS
10
134.285
20
-97.9005
11
134.415
21
-97.9005
0
LINE
8
BLACK
6
CONTINUOUS
10
134.415
20
-97.9005
11
134.415
21
-97.9005
0
LINE
8
BLACK
6
CONTINUOUS
10
134.415
20
-97.9005
11
134.539
21
-97.864
0
LINE
8
BLACK
6
CONTINUOUS
10
134.539
20
-97.864
11
134.648
21
-97.794
0
LINE
8
BLACK
6
CONTINUOUS
10
134.648
20
-97.794
11
134.648
21
-97.794
0
LINE
8
BLACK
6
CONTINUOUS
10
134.648
20
-97.794
11
134.653
21
-97.7893
0
LINE
8
BLACK
6
CONTINUOUS
10
134.653
20
-97.7893
11
134.655
21
-97.7906
0
LINE
8
BLACK
6
CONTINUOUS
10
134.655
20
-97.7906
11
134.699
21
-97.7636
0
LINE
8
BLACK
6
CONTINUOUS
10
134.699
20
-97.7636
11
134.76
21
-97.7688
0
LINE
8
BLACK
6
CONTINUOUS
10
134.76
20
-97.7688
11
134.807
21
-97.8089
0
LINE
8
BLACK
6
CONTINUOUS
10
134.807
20
-97.8089
11
134.812
21
-97.8189
0
LINE
8
BLACK
6
CONTINUOUS
10
134.812
20
-97.8189
11
134.839
21
-97.8783
0
LINE
8
BLACK
6
CONTINUOUS
10
134.839
20
-97.8783
11
134.847
21
-97.8961
0
LINE
8
BLACK
6
CONTINUOUS
10
134.847
20
-97.8961
11
134.894
21
-97.95
0
LINE
8
BLACK
6
CONTINUOUS
10
134.894
20
-97.95
11
134.932
21
-97.994
0
LINE
8
BLACK
6
CONTINUOUS
10
134.932
20
-97.994
11
135.013
21
-98.0461
0
LINE
8
BLACK
6
CONTINUOUS
10
135.013
20
-98.0461
11
135.041
21
-98.064
0
LINE
8
BLACK
6
CONTINUOUS
10
135.041
20
-98.064
11
135.165
21
-98.1005
0
LINE
8
BLACK
6
CONTINUOUS
10
135.165
20
-98.1005
11
135.165
21
-98.1005
0
LINE
8
BLACK
6
CONTINUOUS
10
135.165
20
-98.1005
11
135.295
21
-98.1005
0
LINE
8
BLACK
6
CONTINUOUS
10
135.295
20
-98.1005
11
135.295
21
-98.1005
0
LINE
8
BLACK
6
CONTINUOUS
10
135.295
20
-98.1005
11
135.419
21
-98.064
0
LINE
8
BLACK
6
CONTINUOUS
10
135.419
20
-98.064
11
135.528
21
-97.994
0
LINE
8
BLACK
6
CONTINUOUS
10
135.528
20
-97.994
11
135.613
21
-97.8961
0
LINE
8
BLACK
6
CONTINUOUS
10
135.613
20
-97.8961
11
135.667
21
-97.7782
0
LINE
8
BLACK
6
CONTINUOUS
10
135.667
20
-97.7782
11
135.679
21
-97.6961
0
LINE
8
BLACK
6
CONTINUOUS
10
135.679
20
-97.6961
11
135.685
21
-97.65
0
LINE
8
BLACK
6
CONTINUOUS
10
135.685
20
-97.65
11
135.685
21
-97.65
0
LINE
8
BLACK
6
CONTINUOUS
10
135.685
20
-97.65
11
135.667
21
-97.5218
0
LINE
8
BLACK
6
CONTINUOUS
10
135.667
20
-97.5218
11
135.653
21
-97.4909
0
LINE
8
BLACK
6
CONTINUOUS
10
135.653
20
-97.4909
11
135.613
21
-97.4039
0
LINE
8
BLACK
6
CONTINUOUS
10
135.613
20
-97.4039
11
135.601
21
-97.39
0
LINE
8
BLACK
6
CONTINUOUS
10
135.601
20
-97.39
11
135.528
21
-97.306
0
LINE
8
BLACK
6
CONTINUOUS
10
135.528
20
-97.306
11
135.528
21
-97.306
0
LINE
8
BLACK
6
CONTINUOUS
10
135.528
20
-97.306
11
135.528
21
-97.306
0
LINE
8
BLACK
6
CONTINUOUS
10
135.528
20
-97.306
11
135.419
21
-97.236
0
LINE
8
BLACK
6
CONTINUOUS
10
135.419
20
-97.236
11
135.419
21
-97.236
0
LINE
8
BLACK
6
CONTINUOUS
10
135.419
20
-97.236
11
135.419
21
-97.236
0
LINE
8
BLACK
6
CONTINUOUS
10
135.419
20
-97.236
11
135.419
21
-97.236
0
LINE
8
BLACK
6
CONTINUOUS
10
135.419
20
-97.236
11
135.295
21
-97.1995
0
LINE
8
BLACK
6
CONTINUOUS
10
135.295
20
-97.1995
11
135.295
21
-97.1995
0
LINE
8
BLACK
6
CONTINUOUS
10
135.295
20
-97.1995
11
135.165
21
-97.1995
0
LINE
8
BLACK
6
CONTINUOUS
10
135.165
20
-97.1995
11
135.165
21
-97.1995
0
LINE
8
BLACK
6
CONTINUOUS
10
135.165
20
-97.1995
11
135.041
21
-97.236
0
LINE
8
BLACK
6
CONTINUOUS
10
135.041
20
-97.236
11
135.041
21
-97.236
0
LINE
8
BLACK
6
CONTINUOUS
10
135.041
20
-97.236
11
134.932
21
-97.306
0
LINE
8
BLACK
6
CONTINUOUS
10
134.932
20
-97.306
11
134.927
21
-97.3107
0
LINE
8
BLACK
6
CONTINUOUS
10
134.927
20
-97.3107
11
134.925
21
-97.3094
0
LINE
8
BLACK
6
CONTINUOUS
10
134.925
20
-97.3094
11
134.881
21
-97.3364
0
LINE
8
BLACK
6
CONTINUOUS
10
134.881
20
-97.3364
11
134.82
21
-97.3312
0
LINE
8
BLACK
6
CONTINUOUS
10
134.82
20
-97.3312
11
134.773
21
-97.2911
0
LINE
8
BLACK
6
CONTINUOUS
10
134.773
20
-97.2911
11
134.768
21
-97.2811
0
LINE
8
BLACK
6
CONTINUOUS
10
134.768
20
-97.2811
11
134.759
21
-97.2618
0
LINE
8
BLACK
6
CONTINUOUS
10
134.759
20
-97.2618
11
134.733
21
-97.2039
0
LINE
8
BLACK
6
CONTINUOUS
10
134.733
20
-97.2039
11
134.648
21
-97.106
0
LINE
8
BLACK
6
CONTINUOUS
10
134.648
20
-97.106
11
134.648
21
-97.106
0
LINE
8
BLACK
6
CONTINUOUS
10
134.648
20
-97.106
11
134.648
21
-97.106
0
LINE
8
BLACK
6
CONTINUOUS
10
134.648
20
-97.106
11
134.539
21
-97.036
0
LINE
8
BLACK
6
CONTINUOUS
10
134.539
20
-97.036
11
134.539
21
-97.036
0
LINE
8
BLACK
6
CONTINUOUS
10
134.539
20
-97.036
11
134.539
21
-97.036
0
LINE
8
BLACK
6
CONTINUOUS
10
134.539
20
-97.036
11
134.539
21
-97.036
0
LINE
8
BLACK
6
CONTINUOUS
10
134.539
20
-97.036
11
134.415
21
-96.9995
0
LINE
8
BLACK
6
CONTINUOUS
10
134.415
20
-96.9995
11
134.415
21
-96.9995
0
LINE
8
BLACK
6
CONTINUOUS
10
134.415
20
-96.9995
11
134.285
21
-96.9995
0
LINE
8
BLACK
6
CONTINUOUS
10
134.285
20
-96.9995
11
134.285
21
-96.9995
0
LINE
8
BLACK
6
CONTINUOUS
10
134.285
20
-96.9995
11
134.161
21
-97.036
0
LINE
8
BLACK
6
CONTINUOUS
10
134.161
20
-97.036
11
134.154
21
-97.0389
0
LINE
8
BLACK
6
CONTINUOUS
10
134.154
20
-97.0389
11
134.153
21
-97.0361
0
LINE
8
BLACK
6
CONTINUOUS
10
134.153
20
-97.0361
11
134.107
21
-97.0483
0
LINE
8
BLACK
6
CONTINUOUS
10
134.107
20
-97.0483
11
134.05
21
-97.0261
0
LINE
8
BLACK
6
CONTINUOUS
10
134.05
20
-97.0261
11
134.022
21
-96.9906
0
LINE
8
BLACK
6
CONTINUOUS
10
134.022
20
-96.9906
11
133.983
21
-96.9039
0
LINE
8
BLACK
6
CONTINUOUS
10
133.983
20
-96.9039
11
133.983
21
-96.9039
0
LINE
8
BLACK
6
CONTINUOUS
10
133.983
20
-96.9039
11
133.983
21
-96.9039
0
LINE
8
BLACK
6
CONTINUOUS
10
133.983
20
-96.9039
11
133.898
21
-96.806
0
LINE
8
BLACK
6
CONTINUOUS
10
133.898
20
-96.806
11
133.898
21
-96.806
0
LINE
8
BLACK
6
CONTINUOUS
10
133.898
20
-96.806
11
133.898
21
-96.806
0
LINE
8
BLACK
6
CONTINUOUS
10
133.898
20
-96.806
11
133.789
21
-96.736
0
LINE
8
BLACK
6
CONTINUOUS
10
133.789
20
-96.736
11
133.789
21
-96.736
0
LINE
8
BLACK
6
CONTINUOUS
10
133.789
20
-96.736
11
133.789
21
-96.736
0
LINE
8
BLACK
6
CONTINUOUS
10
133.789
20
-96.736
11
133.77
21
-96.7304
0
LINE
8
BLACK
6
CONTINUOUS
10
133.77
20
-96.7304
11
133.665
21
-96.6995
0
LINE
8
BLACK
6
CONTINUOUS
10
133.665
20
-96.6995
11
133.665
21
-96.6995
0
LINE
8
BLACK
6
CONTINUOUS
10
133.665
20
-96.6995
11
133.535
21
-96.6995
0
LINE
8
BLACK
6
CONTINUOUS
10
133.535
20
-96.6995
11
133.535
21
-96.6995
0
LINE
8
BLACK
6
CONTINUOUS
10
133.535
20
-96.6995
11
133.424
21
-96.7322
0
LINE
8
BLACK
6
CONTINUOUS
10
133.424
20
-96.7322
11
133.363
21
-96.7304
0
LINE
8
BLACK
6
CONTINUOUS
10
133.363
20
-96.7304
11
133.314
21
-96.693
0
LINE
8
BLACK
6
CONTINUOUS
10
133.314
20
-96.693
11
133.298
21
-96.6513
0
LINE
8
BLACK
6
CONTINUOUS
10
133.298
20
-96.6513
11
133.287
21
-96.5718
0
LINE
8
BLACK
6
CONTINUOUS
10
133.287
20
-96.5718
11
133.254
21
-96.5
0
LINE
8
BLACK
6
CONTINUOUS
10
133.254
20
-96.5
11
133.233
21
-96.4539
0
LINE
8
BLACK
6
CONTINUOUS
10
133.233
20
-96.4539
11
133.148
21
-96.356
0
LINE
8
BLACK
6
CONTINUOUS
10
133.148
20
-96.356
11
133.148
21
-96.356
0
LINE
8
BLACK
6
CONTINUOUS
10
133.148
20
-96.356
11
133.148
21
-96.356
0
LINE
8
BLACK
6
CONTINUOUS
10
133.148
20
-96.356
11
133.039
21
-96.286
0
LINE
8
BLACK
6
CONTINUOUS
10
133.039
20
-96.286
11
133.039
21
-96.286
0
LINE
8
BLACK
6
CONTINUOUS
10
133.039
20
-96.286
11
133.039
21
-96.286
0
LINE
8
BLACK
6
CONTINUOUS
10
133.039
20
-96.286
11
133.039
21
-96.286
0
LINE
8
BLACK
6
CONTINUOUS
10
133.039
20
-96.286
11
132.915
21
-96.2495
0
LINE
8
BLACK
6
CONTINUOUS
10
132.915
20
-96.2495
11
132.915
21
-96.2495
0
LINE
8
BLACK
6
CONTINUOUS
10
132.915
20
-96.2495
11
132.785
21
-96.2495
0
LINE
8
BLACK
6
CONTINUOUS
10
132.785
20
-96.2495
11
132.785
21
-96.2495
0
LINE
8
BLACK
6
CONTINUOUS
10
132.785
20
-96.2495
11
132.661
21
-96.286
0
LINE
8
BLACK
6
CONTINUOUS
10
132.661
20
-96.286
11
132.661
21
-96.286
0
LINE
8
BLACK
6
CONTINUOUS
10
132.661
20
-96.286
11
132.592
21
-96.3303
0
LINE
8
BLACK
6
CONTINUOUS
10
132.592
20
-96.3303
11
132.533
21
-96.3458
0
LINE
8
BLACK
6
CONTINUOUS
10
132.533
20
-96.3458
11
132.476
21
-96.3236
0
LINE
8
BLACK
6
CONTINUOUS
10
132.476
20
-96.3236
11
132.448
21
-96.2881
0
LINE
8
BLACK
6
CONTINUOUS
10
132.448
20
-96.2881
11
132.433
21
-96.2539
0
LINE
8
BLACK
6
CONTINUOUS
10
132.433
20
-96.2539
11
132.348
21
-96.156
0
LINE
8
BLACK
6
CONTINUOUS
10
132.348
20
-96.156
11
132.348
21
-96.156
0
LINE
8
BLACK
6
CONTINUOUS
10
132.348
20
-96.156
11
132.348
21
-96.156
0
LINE
8
BLACK
6
CONTINUOUS
10
132.348
20
-96.156
11
132.239
21
-96.086
0
LINE
8
BLACK
6
CONTINUOUS
10
132.239
20
-96.086
11
132.239
21
-96.086
0
LINE
8
BLACK
6
CONTINUOUS
10
132.239
20
-96.086
11
132.239
21
-96.086
0
LINE
8
BLACK
6
CONTINUOUS
10
132.239
20
-96.086
11
132.239
21
-96.086
0
LINE
8
BLACK
6
CONTINUOUS
10
132.239
20
-96.086
11
132.115
21
-96.0495
0
LINE
8
BLACK
6
CONTINUOUS
10
132.115
20
-96.0495
11
132.115
21
-96.0495
0
LINE
8
BLACK
6
CONTINUOUS
10
132.115
20
-96.0495
11
131.985
21
-96.0495
0
LINE
8
BLACK
6
CONTINUOUS
10
131.985
20
-96.0495
11
131.985
21
-96.0495
0
LINE
8
BLACK
6
CONTINUOUS
10
131.985
20
-96.0495
11
131.861
21
-96.086
0
LINE
8
BLACK
6
CONTINUOUS
10
131.861
20
-96.086
11
131.861
21
-96.086
0
LINE
8
BLACK
6
CONTINUOUS
10
131.861
20
-96.086
11
131.752
21
-96.156
0
LINE
8
BLACK
6
CONTINUOUS
10
131.752
20
-96.156
11
131.667
21
-96.2539
0
LINE
8
BLACK
6
CONTINUOUS
10
131.667
20
-96.2539
11
131.613
21
-96.3718
0
LINE
8
BLACK
6
CONTINUOUS
10
131.613
20
-96.3718
11
131.595
21
-96.5
0
LINE
8
BLACK
6
CONTINUOUS
10
131.595
20
-96.5
11
131.595
21
-96.5
0
LINE
8
BLACK
6
CONTINUOUS
10
131.595
20
-96.5
11
131.613
21
-96.6282
0
LINE
8
BLACK
6
CONTINUOUS
10
162.903
20
-97.5182
11
162.945
21
-97.6094
0
LINE
8
BLACK
6
CONTINUOUS
10
162.945
20
-97.6094
11
162.957
21
-97.6361
0
LINE
8
BLACK
6
CONTINUOUS
10
162.957
20
-97.6361
11
163.042
21
-97.734
0
LINE
8
BLACK
6
CONTINUOUS
10
163.042
20
-97.734
11
163.042
21
-97.734
0
LINE
8
BLACK
6
CONTINUOUS
10
163.042
20
-97.734
11
163.151
21
-97.804
0
LINE
8
BLACK
6
CONTINUOUS
10
163.151
20
-97.804
11
163.151
21
-97.804
0
LINE
8
BLACK
6
CONTINUOUS
10
163.151
20
-97.804
11
163.275
21
-97.8405
0
LINE
8
BLACK
6
CONTINUOUS
10
163.275
20
-97.8405
11
163.275
21
-97.8405
0
LINE
8
BLACK
6
CONTINUOUS
10
163.275
20
-97.8405
11
163.405
21
-97.8405
0
LINE
8
BLACK
6
CONTINUOUS
10
163.405
20
-97.8405
11
163.405
21
-97.8405
0
LINE
8
BLACK
6
CONTINUOUS
10
163.405
20
-97.8405
11
163.529
21
-97.804
0
LINE
8
BLACK
6
CONTINUOUS
10
163.529
20
-97.804
11
163.535
21
-97.8
0
LINE
8
BLACK
6
CONTINUOUS
10
163.535
20
-97.8
11
163.638
21
-97.734
0
LINE
8
BLACK
6
CONTINUOUS
10
163.638
20
-97.734
11
163.723
21
-97.6361
0
LINE
8
BLACK
6
CONTINUOUS
10
163.723
20
-97.6361
11
163.777
21
-97.5182
0
LINE
8
BLACK
6
CONTINUOUS
10
163.777
20
-97.5182
11
163.786
21
-97.456
0
LINE
8
BLACK
6
CONTINUOUS
10
163.786
20
-97.456
11
163.795
21
-97.39
0
LINE
8
BLACK
6
CONTINUOUS
10
163.795
20
-97.39
11
163.795
21
-97.39
0
LINE
8
BLACK
6
CONTINUOUS
10
163.795
20
-97.39
11
163.777
21
-97.2618
0
LINE
8
BLACK
6
CONTINUOUS
10
163.777
20
-97.2618
11
163.75
21
-97.2039
0
LINE
8
BLACK
6
CONTINUOUS
10
163.75
20
-97.2039
11
163.743
21
-97.189
0
LINE
8
BLACK
6
CONTINUOUS
10
163.743
20
-97.189
11
163.736
21
-97.1282
0
LINE
8
BLACK
6
CONTINUOUS
10
163.736
20
-97.1282
11
163.767
21
-97.0749
0
LINE
8
BLACK
6
CONTINUOUS
10
163.767
20
-97.0749
11
163.809
21
-97.0549
0
LINE
8
BLACK
6
CONTINUOUS
10
163.809
20
-97.0549
11
163.808
21
-97.0525
0
LINE
8
BLACK
6
CONTINUOUS
10
163.808
20
-97.0525
11
163.815
21
-97.0505
0
LINE
8
BLACK
6
CONTINUOUS
10
163.815
20
-97.0505
11
163.822
21
-97.0483
0
LINE
8
BLACK
6
CONTINUOUS
10
163.822
20
-97.0483
11
163.827
21
-97.0469
0
LINE
8
BLACK
6
CONTINUOUS
10
163.827
20
-97.0469
11
163.939
21
-97.014
0
LINE
8
BLACK
6
CONTINUOUS
10
163.939
20
-97.014
11
164.048
21
-96.944
0
LINE
8
BLACK
6
CONTINUOUS
10
164.048
20
-96.944
11
164.133
21
-96.8461
0
LINE
8
BLACK
6
CONTINUOUS
10
164.133
20
-96.8461
11
164.187
21
-96.7282
0
LINE
8
BLACK
6
CONTINUOUS
10
164.187
20
-96.7282
11
164.198
21
-96.6505
0
LINE
8
BLACK
6
CONTINUOUS
10
164.198
20
-96.6505
11
164.205
21
-96.6
0
LINE
8
BLACK
6
CONTINUOUS
10
164.205
20
-96.6
11
164.205
21
-96.6
0
LINE
8
BLACK
6
CONTINUOUS
10
164.205
20
-96.6
11
164.187
21
-96.4718
0
LINE
8
BLACK
6
CONTINUOUS
10
164.187
20
-96.4718
11
164.171
21
-96.4382
0
LINE
8
BLACK
6
CONTINUOUS
10
164.171
20
-96.4382
11
164.133
21
-96.3539
0
LINE
8
BLACK
6
CONTINUOUS
10
164.133
20
-96.3539
11
164.114
21
-96.3323
0
LINE
8
BLACK
6
CONTINUOUS
10
164.114
20
-96.3323
11
164.09
21
-96.276
0
LINE
8
BLACK
6
CONTINUOUS
10
164.09
20
-96.276
11
164.104
21
-96.2164
0
LINE
8
BLACK
6
CONTINUOUS
10
164.104
20
-96.2164
11
164.12
21
-96.2
0
LINE
8
BLACK
6
CONTINUOUS
10
164.12
20
-96.2
11
164.135
21
-96.1842
0
LINE
8
BLACK
6
CONTINUOUS
10
164.135
20
-96.1842
11
164.198
21
-96.144
0
LINE
8
BLACK
6
CONTINUOUS
10
164.198
20
-96.144
11
164.283
21
-96.0461
0
LINE
8
BLACK
6
CONTINUOUS
10
164.283
20
-96.0461
11
164.337
21
-95.9282
0
LINE
8
BLACK
6
CONTINUOUS
10
164.337
20
-95.9282
11
164.347
21
-95.8595
0
LINE
8
BLACK
6
CONTINUOUS
10
164.347
20
-95.8595
11
164.355
21
-95.8
0
LINE
8
BLACK
6
CONTINUOUS
10
164.355
20
-95.8
11
164.355
21
-95.8
0
LINE
8
BLACK
6
CONTINUOUS
10
164.355
20
-95.8
11
164.337
21
-95.6718
0
LINE
8
BLACK
6
CONTINUOUS
10
164.337
20
-95.6718
11
164.327
21
-95.65
0
LINE
8
BLACK
6
CONTINUOUS
10
164.327
20
-95.65
11
164.283
21
-95.5539
0
LINE
8
BLACK
6
CONTINUOUS
10
164.283
20
-95.5539
11
164.198
21
-95.456
0
LINE
8
BLACK
6
CONTINUOUS
10
164.198
20
-95.456
11
164.198
21
-95.456
0
LINE
8
BLACK
6
CONTINUOUS
10
164.198
20
-95.456
11
164.198
21
-95.456
0
LINE
8
BLACK
6
CONTINUOUS
10
164.198
20
-95.456
11
164.089
21
-95.386
0
LINE
8
BLACK
6
CONTINUOUS
10
164.089
20
-95.386
11
164.089
21
-95.386
0
LINE
8
BLACK
6
CONTINUOUS
10
164.089
20
-95.386
11
164.089
21
-95.386
0
LINE
8
BLACK
6
CONTINUOUS
10
164.089
20
-95.386
11
164.089
21
-95.386
0
LINE
8
BLACK
6
CONTINUOUS
10
164.089
20
-95.386
11
163.965
21
-95.3495
0
LINE
8
BLACK
6
CONTINUOUS
10
163.965
20
-95.3495
11
163.965
21
-95.3495
0
LINE
8
BLACK
6
CONTINUOUS
10
163.965
20
-95.3495
11
163.835
21
-95.3495
0
LINE
8
BLACK
6
CONTINUOUS
10
163.835
20
-95.3495
11
163.835
21
-95.3495
0
LINE
8
BLACK
6
CONTINUOUS
10
163.835
20
-95.3495
11
163.711
21
-95.386
0
LINE
8
BLACK
6
CONTINUOUS
10
163.711
20
-95.386
11
163.711
21
-95.386
0
LINE
8
BLACK
6
CONTINUOUS
10
163.711
20
-95.386
11
163.602
21
-95.456
0
LINE
8
BLACK
6
CONTINUOUS
10
163.602
20
-95.456
11
163.517
21
-95.5539
0
LINE
8
BLACK
6
CONTINUOUS
10
163.517
20
-95.5539
11
163.463
21
-95.6718
0
LINE
8
BLACK
6
CONTINUOUS
10
163.463
20
-95.6718
11
163.445
21
-95.8
0
LINE
8
BLACK
6
CONTINUOUS
10
163.445
20
-95.8
11
163.445
21
-95.8
0
LINE
8
BLACK
6
CONTINUOUS
10
163.445
20
-95.8
11
163.463
21
-95.9282
0
LINE
8
BLACK
6
CONTINUOUS
10
163.463
20
-95.9282
11
163.511
21
-96.033
0
LINE
8
BLACK
6
CONTINUOUS
10
163.511
20
-96.033
11
163.517
21
-96.0461
0
LINE
8
BLACK
6
CONTINUOUS
10
163.517
20
-96.0461
11
163.536
21
-96.0677
0
LINE
8
BLACK
6
CONTINUOUS
10
163.536
20
-96.0677
11
163.56
21
-96.124
0
LINE
8
BLACK
6
CONTINUOUS
10
163.56
20
-96.124
11
163.546
21
-96.1836
0
LINE
8
BLACK
6
CONTINUOUS
10
163.546
20
-96.1836
11
163.515
21
-96.2158
0
LINE
8
BLACK
6
CONTINUOUS
10
163.515
20
-96.2158
11
163.452
21
-96.256
0
LINE
8
BLACK
6
CONTINUOUS
10
163.452
20
-96.256
11
163.367
21
-96.3539
0
LINE
8
BLACK
6
CONTINUOUS
10
163.367
20
-96.3539
11
163.313
21
-96.4718
0
LINE
8
BLACK
6
CONTINUOUS
10
163.313
20
-96.4718
11
163.295
21
-96.6
0
LINE
8
BLACK
6
CONTINUOUS
10
163.295
20
-96.6
11
163.295
21
-96.6
0
LINE
8
BLACK
6
CONTINUOUS
10
163.295
20
-96.6
11
163.313
21
-96.7282
0
LINE
8
BLACK
6
CONTINUOUS
10
163.313
20
-96.7282
11
163.347
21
-96.801
0
LINE
8
BLACK
6
CONTINUOUS
10
163.347
20
-96.801
11
163.354
21
-96.8618
0
LINE
8
BLACK
6
CONTINUOUS
10
163.354
20
-96.8618
11
163.323
21
-96.9151
0
LINE
8
BLACK
6
CONTINUOUS
10
163.323
20
-96.9151
11
163.281
21
-96.9351
0
LINE
8
BLACK
6
CONTINUOUS
10
163.281
20
-96.9351
11
163.282
21
-96.9375
0
LINE
8
BLACK
6
CONTINUOUS
10
163.282
20
-96.9375
11
163.151
21
-96.976
0
LINE
8
BLACK
6
CONTINUOUS
10
163.151
20
-96.976
11
163.151
21
-96.976
0
LINE
8
BLACK
6
CONTINUOUS
10
163.151
20
-96.976
11
163.042
21
-97.046
0
LINE
8
BLACK
6
CONTINUOUS
10
163.042
20
-97.046
11
162.957
21
-97.1439
0
LINE
8
BLACK
6
CONTINUOUS
10
162.957
20
-97.1439
11
162.903
21
-97.2618
0
LINE
8
BLACK
6
CONTINUOUS
10
162.903
20
-97.2618
11
162.885
21
-97.39
0
LINE
8
BLACK
6
CONTINUOUS
10
162.885
20
-97.39
11
162.885
21
-97.39
0
LINE
8
BLACK
6
CONTINUOUS
10
162.885
20
-97.39
11
162.903
21
-97.5182
0
LINE
8
BLACK
6
CONTINUOUS
10
128.096
20
-97.069
11
128.177
21
-97.1232
0
LINE
8
BLACK
6
CONTINUOUS
10
128.177
20
-97.1232
11
128.231
21
-97.2043
0
LINE
8
BLACK
6
CONTINUOUS
10
128.231
20
-97.2043
11
128.25
21
-97.3
0
LINE
8
BLACK
6
CONTINUOUS
10
128.25
20
-97.3
11
128.231
21
-97.3957
0
LINE
8
BLACK
6
CONTINUOUS
10
128.231
20
-97.3957
11
128.177
21
-97.4768
0
LINE
8
BLACK
6
CONTINUOUS
10
128.177
20
-97.4768
11
128.096
21
-97.531
0
LINE
8
BLACK
6
CONTINUOUS
10
128.096
20
-97.531
11
128
21
-97.55
0
LINE
8
BLACK
6
CONTINUOUS
10
128
20
-97.55
11
127.904
21
-97.531
0
LINE
8
BLACK
6
CONTINUOUS
10
127.904
20
-97.531
11
127.823
21
-97.4768
0
LINE
8
BLACK
6
CONTINUOUS
10
127.823
20
-97.4768
11
127.769
21
-97.3957
0
LINE
8
BLACK
6
CONTINUOUS
10
127.769
20
-97.3957
11
127.75
21
-97.3
0
LINE
8
BLACK
6
CONTINUOUS
10
127.75
20
-97.3
11
127.769
21
-97.2043
0
LINE
8
BLACK
6
CONTINUOUS
10
127.769
20
-97.2043
11
127.823
21
-97.1232
0
LINE
8
BLACK
6
CONTINUOUS
10
127.823
20
-97.1232
11
127.904
21
-97.069
0
LINE
8
BLACK
6
CONTINUOUS
10
127.904
20
-97.069
11
128
21
-97.05
0
LINE
8
BLACK
6
CONTINUOUS
10
128
20
-97.05
11
128.096
21
-97.069
0
LINE
8
BLACK
6
CONTINUOUS
10
116.996
20
-96.769
11
117.077
21
-96.8232
0
LINE
8
BLACK
6
CONTINUOUS
10
117.077
20
-96.8232
11
117.131
21
-96.9043
0
LINE
8
BLACK
6
CONTINUOUS
10
117.131
20
-96.9043
11
117.15
21
-97
0
LINE
8
BLACK
6
CONTINUOUS
10
117.15
20
-97
11
117.131
21
-97.0957
0
LINE
8
BLACK
6
CONTINUOUS
10
117.131
20
-97.0957
11
117.077
21
-97.1768
0
LINE
8
BLACK
6
CONTINUOUS
10
117.077
20
-97.1768
11
116.996
21
-97.231
0
LINE
8
BLACK
6
CONTINUOUS
10
116.996
20
-97.231
11
116.9
21
-97.25
0
LINE
8
BLACK
6
CONTINUOUS
10
116.9
20
-97.25
11
116.804
21
-97.231
0
LINE
8
BLACK
6
CONTINUOUS
10
116.804
20
-97.231
11
116.723
21
-97.1768
0
LINE
8
BLACK
6
CONTINUOUS
10
116.723
20
-97.1768
11
116.669
21
-97.0957
0
LINE
8
BLACK
6
CONTINUOUS
10
116.669
20
-97.0957
11
116.65
21
-97
0
LINE
8
BLACK
6
CONTINUOUS
10
116.65
20
-97
11
116.669
21
-96.9043
0
LINE
8
BLACK
6
CONTINUOUS
10
116.669
20
-96.9043
11
116.723
21
-96.8232
0
LINE
8
BLACK
6
CONTINUOUS
10
116.723
20
-96.8232
11
116.804
21
-96.769
0
LINE
8
BLACK
6
CONTINUOUS
10
116.804
20
-96.769
11
116.9
21
-96.75
0
LINE
8
BLACK
6
CONTINUOUS
10
116.9
20
-96.75
11
116.996
21
-96.769
0
LINE
8
BLACK
6
CONTINUOUS
10
122.771
20
-96.769
11
122.852
21
-96.8232
0
LINE
8
BLACK
6
CONTINUOUS
10
122.852
20
-96.8232
11
122.906
21
-96.9043
0
LINE
8
BLACK
6
CONTINUOUS
10
122.906
20
-96.9043
11
122.925
21
-97
0
LINE
8
BLACK
6
CONTINUOUS
10
122.925
20
-97
11
122.906
21
-97.0957
0
LINE
8
BLACK
6
CONTINUOUS
10
122.906
20
-97.0957
11
122.852
21
-97.1768
0
LINE
8
BLACK
6
CONTINUOUS
10
122.852
20
-97.1768
11
122.771
21
-97.231
0
LINE
8
BLACK
6
CONTINUOUS
10
122.771
20
-97.231
11
122.675
21
-97.25
0
LINE
8
BLACK
6
CONTINUOUS
10
122.675
20
-97.25
11
122.579
21
-97.231
0
LINE
8
BLACK
6
CONTINUOUS
10
122.579
20
-97.231
11
122.498
21
-97.1768
0
LINE
8
BLACK
6
CONTINUOUS
10
122.498
20
-97.1768
11
122.444
21
-97.0957
0
LINE
8
BLACK
6
CONTINUOUS
10
122.444
20
-97.0957
11
122.425
21
-97
0
LINE
8
BLACK
6
CONTINUOUS
10
122.425
20
-97
11
122.444
21
-96.9043
0
LINE
8
BLACK
6
CONTINUOUS
10
122.444
20
-96.9043
11
122.498
21
-96.8232
0
LINE
8
BLACK
6
CONTINUOUS
10
122.498
20
-96.8232
11
122.579
21
-96.769
0
LINE
8
BLACK
6
CONTINUOUS
10
122.579
20
-96.769
11
122.675
21
-96.75
0
LINE
8
BLACK
6
CONTINUOUS
10
122.675
20
-96.75
11
122.771
21
-96.769
0
LINE
8
BLACK
6
CONTINUOUS
10
130.062
20
-95.6468
11
130.034
21
-95.586
0
LINE
8
BLACK
6
CONTINUOUS
10
130.034
20
-95.586
11
130.008
21
-95.5289
0
LINE
8
BLACK
6
CONTINUOUS
10
130.008
20
-95.5289
11
129.923
21
-95.431
0
LINE
8
BLACK
6
CONTINUOUS
10
129.923
20
-95.431
11
129.923
21
-95.431
0
LINE
8
BLACK
6
CONTINUOUS
10
129.923
20
-95.431
11
129.923
21
-95.431
0
LINE
8
BLACK
6
CONTINUOUS
10
129.923
20
-95.431
11
129.814
21
-95.361
0
LINE
8
BLACK
6
CONTINUOUS
10
129.814
20
-95.361
11
129.814
21
-95.361
0
LINE
8
BLACK
6
CONTINUOUS
10
129.814
20
-95.361
11
129.814
21
-95.361
0
LINE
8
BLACK
6
CONTINUOUS
10
129.814
20
-95.361
11
129.814
21
-95.361
0
LINE
8
BLACK
6
CONTINUOUS
10
129.814
20
-95.361
11
129.69
21
-95.3245
0
LINE
8
BLACK
6
CONTINUOUS
10
129.69
20
-95.3245
11
129.69
21
-95.3245
0
LINE
8
BLACK
6
CONTINUOUS
10
129.69
20
-95.3245
11
129.56
21
-95.3245
0
LINE
8
BLACK
6
CONTINUOUS
10
129.56
20
-95.3245
11
129.56
21
-95.3245
0
LINE
8
BLACK
6
CONTINUOUS
10
129.56
20
-95.3245
11
129.436
21
-95.361
0
LINE
8
BLACK
6
CONTINUOUS
10
129.436
20
-95.361
11
129.436
21
-95.361
0
LINE
8
BLACK
6
CONTINUOUS
10
129.436
20
-95.361
11
129.327
21
-95.431
0
LINE
8
BLACK
6
CONTINUOUS
10
129.327
20
-95.431
11
129.242
21
-95.5289
0
LINE
8
BLACK
6
CONTINUOUS
10
129.242
20
-95.5289
11
129.188
21
-95.6468
0
LINE
8
BLACK
6
CONTINUOUS
10
129.188
20
-95.6468
11
129.17
21
-95.775
0
LINE
8
BLACK
6
CONTINUOUS
10
129.17
20
-95.775
11
129.17
21
-95.775
0
LINE
8
BLACK
6
CONTINUOUS
10
129.17
20
-95.775
11
129.188
21
-95.9032
0
LINE
8
BLACK
6
CONTINUOUS
10
129.188
20
-95.9032
11
129.234
21
-96.0032
0
LINE
8
BLACK
6
CONTINUOUS
10
129.234
20
-96.0032
11
129.242
21
-96.0211
0
LINE
8
BLACK
6
CONTINUOUS
10
129.242
20
-96.0211
11
129.316
21
-96.106
0
LINE
8
BLACK
6
CONTINUOUS
10
129.316
20
-96.106
11
129.327
21
-96.119
0
LINE
8
BLACK
6
CONTINUOUS
10
129.327
20
-96.119
11
129.431
21
-96.186
0
LINE
8
BLACK
6
CONTINUOUS
10
129.431
20
-96.186
11
129.436
21
-96.189
0
LINE
8
BLACK
6
CONTINUOUS
10
129.436
20
-96.189
11
129.56
21
-96.2255
0
LINE
8
BLACK
6
CONTINUOUS
10
129.56
20
-96.2255
11
129.56
21
-96.2255
0
LINE
8
BLACK
6
CONTINUOUS
10
129.56
20
-96.2255
11
129.69
21
-96.2255
0
LINE
8
BLACK
6
CONTINUOUS
10
129.69
20
-96.2255
11
129.69
21
-96.2255
0
LINE
8
BLACK
6
CONTINUOUS
10
129.69
20
-96.2255
11
129.814
21
-96.189
0
LINE
8
BLACK
6
CONTINUOUS
10
129.814
20
-96.189
11
129.923
21
-96.119
0
LINE
8
BLACK
6
CONTINUOUS
10
129.923
20
-96.119
11
130.008
21
-96.0211
0
LINE
8
BLACK
6
CONTINUOUS
10
130.008
20
-96.0211
11
130.062
21
-95.9032
0
LINE
8
BLACK
6
CONTINUOUS
10
130.062
20
-95.9032
11
130.08
21
-95.7782
0
LINE
8
BLACK
6
CONTINUOUS
10
130.08
20
-95.7782
11
130.08
21
-95.775
0
LINE
8
BLACK
6
CONTINUOUS
10
130.08
20
-95.775
11
130.08
21
-95.775
0
LINE
8
BLACK
6
CONTINUOUS
10
130.08
20
-95.775
11
130.062
21
-95.65
0
LINE
8
BLACK
6
CONTINUOUS
10
130.062
20
-95.65
11
130.062
21
-95.6468
0
LINE
8
BLACK
6
CONTINUOUS
10
177.296
20
-96.269
11
177.377
21
-96.3232
0
LINE
8
BLACK
6
CONTINUOUS
10
177.377
20
-96.3232
11
177.431
21
-96.4043
0
LINE
8
BLACK
6
CONTINUOUS
10
177.431
20
-96.4043
11
177.45
21
-96.5
0
LINE
8
BLACK
6
CONTINUOUS
10
177.45
20
-96.5
11
177.431
21
-96.5957
0
LINE
8
BLACK
6
CONTINUOUS
10
177.431
20
-96.5957
11
177.377
21
-96.6768
0
LINE
8
BLACK
6
CONTINUOUS
10
177.377
20
-96.6768
11
177.296
21
-96.731
0
LINE
8
BLACK
6
CONTINUOUS
10
177.296
20
-96.731
11
177.2
21
-96.75
0
LINE
8
BLACK
6
CONTINUOUS
10
177.2
20
-96.75
11
177.104
21
-96.731
0
LINE
8
BLACK
6
CONTINUOUS
10
177.104
20
-96.731
11
177.023
21
-96.6768
0
LINE
8
BLACK
6
CONTINUOUS
10
177.023
20
-96.6768
11
176.969
21
-96.5957
0
LINE
8
BLACK
6
CONTINUOUS
10
176.969
20
-96.5957
11
176.95
21
-96.5
0
LINE
8
BLACK
6
CONTINUOUS
10
176.95
20
-96.5
11
176.969
21
-96.4043
0
LINE
8
BLACK
6
CONTINUOUS
10
176.969
20
-96.4043
11
177.023
21
-96.3232
0
LINE
8
BLACK
6
CONTINUOUS
10
177.023
20
-96.3232
11
177.104
21
-96.269
0
LINE
8
BLACK
6
CONTINUOUS
10
177.104
20
-96.269
11
177.2
21
-96.25
0
LINE
8
BLACK
6
CONTINUOUS
10
177.2
20
-96.25
11
177.296
21
-96.269
0
LINE
8
BLACK
6
CONTINUOUS
10
178.596
20
-96.269
11
178.677
21
-96.3232
0
LINE
8
BLACK
6
CONTINUOUS
10
178.677
20
-96.3232
11
178.731
21
-96.4043
0
LINE
8
BLACK
6
CONTINUOUS
10
178.731
20
-96.4043
11
178.75
21
-96.5
0
LINE
8
BLACK
6
CONTINUOUS
10
178.75
20
-96.5
11
178.731
21
-96.5957
0
LINE
8
BLACK
6
CONTINUOUS
10
178.731
20
-96.5957
11
178.677
21
-96.6768
0
LINE
8
BLACK
6
CONTINUOUS
10
178.677
20
-96.6768
11
178.596
21
-96.731
0
LINE
8
BLACK
6
CONTINUOUS
10
178.596
20
-96.731
11
178.5
21
-96.75
0
LINE
8
BLACK
6
CONTINUOUS
10
178.5
20
-96.75
11
178.404
21
-96.731
0
LINE
8
BLACK
6
CONTINUOUS
10
178.404
20
-96.731
11
178.323
21
-96.6768
0
LINE
8
BLACK
6
CONTINUOUS
10
178.323
20
-96.6768
11
178.269
21
-96.5957
0
LINE
8
BLACK
6
CONTINUOUS
10
178.269
20
-96.5957
11
178.25
21
-96.5
0
LINE
8
BLACK
6
CONTINUOUS
10
178.25
20
-96.5
11
178.269
21
-96.4043
0
LINE
8
BLACK
6
CONTINUOUS
10
178.269
20
-96.4043
11
178.323
21
-96.3232
0
LINE
8
BLACK
6
CONTINUOUS
10
178.323
20
-96.3232
11
178.404
21
-96.269
0
LINE
8
BLACK
6
CONTINUOUS
10
178.404
20
-96.269
11
178.5
21
-96.25
0
LINE
8
BLACK
6
CONTINUOUS
10
178.5
20
-96.25
11
178.596
21
-96.269
0
LINE
8
BLACK
6
CONTINUOUS
10
161.863
20
-96.5782
11
161.916
21
-96.693
0
LINE
8
BLACK
6
CONTINUOUS
10
161.916
20
-96.693
11
161.917
21
-96.6961
0
LINE
8
BLACK
6
CONTINUOUS
10
161.917
20
-96.6961
11
161.973
21
-96.7605
0
LINE
8
BLACK
6
CONTINUOUS
10
161.973
20
-96.7605
11
162.002
21
-96.794
0
LINE
8
BLACK
6
CONTINUOUS
10
162.002
20
-96.794
11
162.096
21
-96.8542
0
LINE
8
BLACK
6
CONTINUOUS
10
162.096
20
-96.8542
11
162.111
21
-96.864
0
LINE
8
BLACK
6
CONTINUOUS
10
162.111
20
-96.864
11
162.235
21
-96.9005
0
LINE
8
BLACK
6
CONTINUOUS
10
162.235
20
-96.9005
11
162.235
21
-96.9005
0
LINE
8
BLACK
6
CONTINUOUS
10
162.235
20
-96.9005
11
162.365
21
-96.9005
0
LINE
8
BLACK
6
CONTINUOUS
10
162.365
20
-96.9005
11
162.365
21
-96.9005
0
LINE
8
BLACK
6
CONTINUOUS
10
162.365
20
-96.9005
11
162.489
21
-96.864
0
LINE
8
BLACK
6
CONTINUOUS
10
162.489
20
-96.864
11
162.598
21
-96.794
0
LINE
8
BLACK
6
CONTINUOUS
10
162.598
20
-96.794
11
162.683
21
-96.6961
0
LINE
8
BLACK
6
CONTINUOUS
10
162.683
20
-96.6961
11
162.737
21
-96.5782
0
LINE
8
BLACK
6
CONTINUOUS
10
162.737
20
-96.5782
11
162.748
21
-96.5
0
LINE
8
BLACK
6
CONTINUOUS
10
162.748
20
-96.5
11
162.755
21
-96.45
0
LINE
8
BLACK
6
CONTINUOUS
10
162.755
20
-96.45
11
162.755
21
-96.45
0
LINE
8
BLACK
6
CONTINUOUS
10
162.755
20
-96.45
11
162.737
21
-96.3218
0
LINE
8
BLACK
6
CONTINUOUS
10
162.737
20
-96.3218
11
162.721
21
-96.2883
0
LINE
8
BLACK
6
CONTINUOUS
10
162.721
20
-96.2883
11
162.683
21
-96.2039
0
LINE
8
BLACK
6
CONTINUOUS
10
162.683
20
-96.2039
11
162.598
21
-96.106
0
LINE
8
BLACK
6
CONTINUOUS
10
162.598
20
-96.106
11
162.598
21
-96.106
0
LINE
8
BLACK
6
CONTINUOUS
10
162.598
20
-96.106
11
162.598
21
-96.106
0
LINE
8
BLACK
6
CONTINUOUS
10
162.598
20
-96.106
11
162.489
21
-96.036
0
LINE
8
BLACK
6
CONTINUOUS
10
162.489
20
-96.036
11
162.489
21
-96.036
0
LINE
8
BLACK
6
CONTINUOUS
10
162.489
20
-96.036
11
162.489
21
-96.036
0
LINE
8
BLACK
6
CONTINUOUS
10
162.489
20
-96.036
11
162.479
21
-96.033
0
LINE
8
BLACK
6
CONTINUOUS
10
162.479
20
-96.033
11
162.365
21
-95.9995
0
LINE
8
BLACK
6
CONTINUOUS
10
162.365
20
-95.9995
11
162.365
21
-95.9995
0
LINE
8
BLACK
6
CONTINUOUS
10
162.365
20
-95.9995
11
162.235
21
-95.9995
0
LINE
8
BLACK
6
CONTINUOUS
10
162.235
20
-95.9995
11
162.235
21
-95.9995
0
LINE
8
BLACK
6
CONTINUOUS
10
162.235
20
-95.9995
11
162.111
21
-96.036
0
LINE
8
BLACK
6
CONTINUOUS
10
162.111
20
-96.036
11
162.111
21
-96.036
0
LINE
8
BLACK
6
CONTINUOUS
10
162.111
20
-96.036
11
162.002
21
-96.106
0
LINE
8
BLACK
6
CONTINUOUS
10
162.002
20
-96.106
11
161.917
21
-96.2039
0
LINE
8
BLACK
6
CONTINUOUS
10
161.917
20
-96.2039
11
161.863
21
-96.3218
0
LINE
8
BLACK
6
CONTINUOUS
10
161.863
20
-96.3218
11
161.845
21
-96.45
0
LINE
8
BLACK
6
CONTINUOUS
10
161.845
20
-96.45
11
161.845
21
-96.45
0
LINE
8
BLACK
6
CONTINUOUS
10
161.845
20
-96.45
11
161.863
21
-96.5782
0
LINE
8
BLACK
6
CONTINUOUS
10
149.646
20
-96.169
11
149.727
21
-96.2232
0
LINE
8
BLACK
6
CONTINUOUS
10
149.727
20
-96.2232
11
149.781
21
-96.3043
0
LINE
8
BLACK
6
CONTINUOUS
10
149.781
20
-96.3043
11
149.8
21
-96.4
0
LINE
8
BLACK
6
CONTINUOUS
10
149.8
20
-96.4
11
149.781
21
-96.4957
0
LINE
8
BLACK
6
CONTINUOUS
10
149.781
20
-96.4957
11
149.727
21
-96.5768
0
LINE
8
BLACK
6
CONTINUOUS
10
149.727
20
-96.5768
11
149.646
21
-96.631
0
LINE
8
BLACK
6
CONTINUOUS
10
149.646
20
-96.631
11
149.55
21
-96.65
0
LINE
8
BLACK
6
CONTINUOUS
10
149.55
20
-96.65
11
149.454
21
-96.631
0
LINE
8
BLACK
6
CONTINUOUS
10
149.454
20
-96.631
11
149.373
21
-96.5768
0
LINE
8
BLACK
6
CONTINUOUS
10
149.373
20
-96.5768
11
149.319
21
-96.4957
0
LINE
8
BLACK
6
CONTINUOUS
10
149.319
20
-96.4957
11
149.3
21
-96.4
0
LINE
8
BLACK
6
CONTINUOUS
10
149.3
20
-96.4
11
149.319
21
-96.3043
0
LINE
8
BLACK
6
CONTINUOUS
10
149.319
20
-96.3043
11
149.373
21
-96.2232
0
LINE
8
BLACK
6
CONTINUOUS
10
149.373
20
-96.2232
11
149.454
21
-96.169
0
LINE
8
BLACK
6
CONTINUOUS
10
149.454
20
-96.169
11
149.55
21
-96.15
0
LINE
8
BLACK
6
CONTINUOUS
10
149.55
20
-96.15
11
149.646
21
-96.169
0
LINE
8
BLACK
6
CONTINUOUS
10
168.836
20
-96.079
11
168.917
21
-96.1332
0
LINE
8
BLACK
6
CONTINUOUS
10
168.917
20
-96.1332
11
168.971
21
-96.2143
0
LINE
8
BLACK
6
CONTINUOUS
10
168.971
20
-96.2143
11
168.99
21
-96.31
0
LINE
8
BLACK
6
CONTINUOUS
10
168.99
20
-96.31
11
168.971
21
-96.4057
0
LINE
8
BLACK
6
CONTINUOUS
10
168.971
20
-96.4057
11
168.917
21
-96.4868
0
LINE
8
BLACK
6
CONTINUOUS
10
168.917
20
-96.4868
11
168.836
21
-96.541
0
LINE
8
BLACK
6
CONTINUOUS
10
168.836
20
-96.541
11
168.74
21
-96.56
0
LINE
8
BLACK
6
CONTINUOUS
10
168.74
20
-96.56
11
168.644
21
-96.541
0
LINE
8
BLACK
6
CONTINUOUS
10
168.644
20
-96.541
11
168.563
21
-96.4868
0
LINE
8
BLACK
6
CONTINUOUS
10
168.563
20
-96.4868
11
168.509
21
-96.4057
0
LINE
8
BLACK
6
CONTINUOUS
10
168.509
20
-96.4057
11
168.49
21
-96.31
0
LINE
8
BLACK
6
CONTINUOUS
10
168.49
20
-96.31
11
168.509
21
-96.2143
0
LINE
8
BLACK
6
CONTINUOUS
10
168.509
20
-96.2143
11
168.563
21
-96.1332
0
LINE
8
BLACK
6
CONTINUOUS
10
168.563
20
-96.1332
11
168.644
21
-96.079
0
LINE
8
BLACK
6
CONTINUOUS
10
168.644
20
-96.079
11
168.74
21
-96.06
0
LINE
8
BLACK
6
CONTINUOUS
10
168.74
20
-96.06
11
168.836
21
-96.079
0
LINE
8
BLACK
6
CONTINUOUS
10
113.887
20
-95.8718
11
113.877
21
-95.8506
0
LINE
8
BLACK
6
CONTINUOUS
10
113.877
20
-95.8506
11
113.833
21
-95.7539
0
LINE
8
BLACK
6
CONTINUOUS
10
113.833
20
-95.7539
11
113.748
21
-95.656
0
LINE
8
BLACK
6
CONTINUOUS
10
113.748
20
-95.656
11
113.748
21
-95.656
0
LINE
8
BLACK
6
CONTINUOUS
10
113.748
20
-95.656
11
113.748
21
-95.656
0
LINE
8
BLACK
6
CONTINUOUS
10
113.748
20
-95.656
11
113.639
21
-95.586
0
LINE
8
BLACK
6
CONTINUOUS
10
113.639
20
-95.586
11
113.639
21
-95.586
0
LINE
8
BLACK
6
CONTINUOUS
10
113.639
20
-95.586
11
113.639
21
-95.586
0
LINE
8
BLACK
6
CONTINUOUS
10
113.639
20
-95.586
11
113.639
21
-95.586
0
LINE
8
BLACK
6
CONTINUOUS
10
113.639
20
-95.586
11
113.515
21
-95.5495
0
LINE
8
BLACK
6
CONTINUOUS
10
113.515
20
-95.5495
11
113.515
21
-95.5495
0
LINE
8
BLACK
6
CONTINUOUS
10
113.515
20
-95.5495
11
113.385
21
-95.5495
0
LINE
8
BLACK
6
CONTINUOUS
10
113.385
20
-95.5495
11
113.385
21
-95.5495
0
LINE
8
BLACK
6
CONTINUOUS
10
113.385
20
-95.5495
11
113.261
21
-95.586
0
LINE
8
BLACK
6
CONTINUOUS
10
113.261
20
-95.586
11
113.261
21
-95.586
0
LINE
8
BLACK
6
CONTINUOUS
10
113.261
20
-95.586
11
113.152
21
-95.656
0
LINE
8
BLACK
6
CONTINUOUS
10
113.152
20
-95.656
11
113.067
21
-95.7539
0
LINE
8
BLACK
6
CONTINUOUS
10
113.067
20
-95.7539
11
113.013
21
-95.8718
0
LINE
8
BLACK
6
CONTINUOUS
10
113.013
20
-95.8718
11
112.995
21
-96
0
LINE
8
BLACK
6
CONTINUOUS
10
112.995
20
-96
11
112.995
21
-96
0
LINE
8
BLACK
6
CONTINUOUS
10
112.995
20
-96
11
113.013
21
-96.1282
0
LINE
8
BLACK
6
CONTINUOUS
10
113.013
20
-96.1282
11
113.063
21
-96.236
0
LINE
8
BLACK
6
CONTINUOUS
10
113.063
20
-96.236
11
113.067
21
-96.2461
0
LINE
8
BLACK
6
CONTINUOUS
10
113.067
20
-96.2461
11
113.152
21
-96.344
0
LINE
8
BLACK
6
CONTINUOUS
10
113.152
20
-96.344
11
113.152
21
-96.344
0
LINE
8
BLACK
6
CONTINUOUS
10
113.152
20
-96.344
11
113.245
21
-96.4039
0
LINE
8
BLACK
6
CONTINUOUS
10
113.245
20
-96.4039
11
113.261
21
-96.414
0
LINE
8
BLACK
6
CONTINUOUS
10
113.261
20
-96.414
11
113.385
21
-96.4505
0
LINE
8
BLACK
6
CONTINUOUS
10
113.385
20
-96.4505
11
113.385
21
-96.4505
0
LINE
8
BLACK
6
CONTINUOUS
10
113.385
20
-96.4505
11
113.515
21
-96.4505
0
LINE
8
BLACK
6
CONTINUOUS
10
113.515
20
-96.4505
11
113.515
21
-96.4505
0
LINE
8
BLACK
6
CONTINUOUS
10
113.515
20
-96.4505
11
113.639
21
-96.414
0
LINE
8
BLACK
6
CONTINUOUS
10
113.639
20
-96.414
11
113.748
21
-96.344
0
LINE
8
BLACK
6
CONTINUOUS
10
113.748
20
-96.344
11
113.833
21
-96.2461
0
LINE
8
BLACK
6
CONTINUOUS
10
113.833
20
-96.2461
11
113.887
21
-96.1282
0
LINE
8
BLACK
6
CONTINUOUS
10
113.887
20
-96.1282
11
113.897
21
-96.056
0
LINE
8
BLACK
6
CONTINUOUS
10
113.897
20
-96.056
11
113.905
21
-96
0
LINE
8
BLACK
6
CONTINUOUS
10
113.905
20
-96
11
113.905
21
-96
0
LINE
8
BLACK
6
CONTINUOUS
10
113.905
20
-96
11
113.887
21
-95.875
0
LINE
8
BLACK
6
CONTINUOUS
10
113.887
20
-95.875
11
113.887
21
-95.8718
0
LINE
8
BLACK
6
CONTINUOUS
10
166.196
20
-95.969
11
166.277
21
-96.0232
0
LINE
8
BLACK
6
CONTINUOUS
10
166.277
20
-96.0232
11
166.331
21
-96.1043
0
LINE
8
BLACK
6
CONTINUOUS
10
166.331
20
-96.1043
11
166.35
21
-96.2
0
LINE
8
BLACK
6
CONTINUOUS
10
166.35
20
-96.2
11
166.331
21
-96.2957
0
LINE
8
BLACK
6
CONTINUOUS
10
166.331
20
-96.2957
11
166.277
21
-96.3768
0
LINE
8
BLACK
6
CONTINUOUS
10
166.277
20
-96.3768
11
166.196
21
-96.431
0
LINE
8
BLACK
6
CONTINUOUS
10
166.196
20
-96.431
11
166.1
21
-96.45
0
LINE
8
BLACK
6
CONTINUOUS
10
166.1
20
-96.45
11
166.004
21
-96.431
0
LINE
8
BLACK
6
CONTINUOUS
10
166.004
20
-96.431
11
165.923
21
-96.3768
0
LINE
8
BLACK
6
CONTINUOUS
10
165.923
20
-96.3768
11
165.869
21
-96.2957
0
LINE
8
BLACK
6
CONTINUOUS
10
165.869
20
-96.2957
11
165.85
21
-96.2
0
LINE
8
BLACK
6
CONTINUOUS
10
165.85
20
-96.2
11
165.869
21
-96.1043
0
LINE
8
BLACK
6
CONTINUOUS
10
165.869
20
-96.1043
11
165.923
21
-96.0232
0
LINE
8
BLACK
6
CONTINUOUS
10
165.923
20
-96.0232
11
166.004
21
-95.969
0
LINE
8
BLACK
6
CONTINUOUS
10
166.004
20
-95.969
11
166.1
21
-95.95
0
LINE
8
BLACK
6
CONTINUOUS
10
166.1
20
-95.95
11
166.196
21
-95.969
0
LINE
8
BLACK
6
CONTINUOUS
10
169.696
20
-95.6738
11
169.777
21
-95.728
0
LINE
8
BLACK
6
CONTINUOUS
10
169.777
20
-95.728
11
169.831
21
-95.8091
0
LINE
8
BLACK
6
CONTINUOUS
10
169.831
20
-95.8091
11
169.85
21
-95.9047
0
LINE
8
BLACK
6
CONTINUOUS
10
169.85
20
-95.9047
11
169.831
21
-96.0004
0
LINE
8
BLACK
6
CONTINUOUS
10
169.831
20
-96.0004
11
169.777
21
-96.0815
0
LINE
8
BLACK
6
CONTINUOUS
10
169.777
20
-96.0815
11
169.696
21
-96.1357
0
LINE
8
BLACK
6
CONTINUOUS
10
169.696
20
-96.1357
11
169.6
21
-96.1547
0
LINE
8
BLACK
6
CONTINUOUS
10
169.6
20
-96.1547
11
169.505
21
-96.1357
0
LINE
8
BLACK
6
CONTINUOUS
10
169.505
20
-96.1357
11
169.424
21
-96.0815
0
LINE
8
BLACK
6
CONTINUOUS
10
169.424
20
-96.0815
11
169.37
21
-96.0004
0
LINE
8
BLACK
6
CONTINUOUS
10
169.37
20
-96.0004
11
169.35
21
-95.9047
0
LINE
8
BLACK
6
CONTINUOUS
10
169.35
20
-95.9047
11
169.37
21
-95.8091
0
LINE
8
BLACK
6
CONTINUOUS
10
169.37
20
-95.8091
11
169.424
21
-95.728
0
LINE
8
BLACK
6
CONTINUOUS
10
169.424
20
-95.728
11
169.505
21
-95.6738
0
LINE
8
BLACK
6
CONTINUOUS
10
169.505
20
-95.6738
11
169.6
21
-95.6547
0
LINE
8
BLACK
6
CONTINUOUS
10
169.6
20
-95.6547
11
169.696
21
-95.6738
0
LINE
8
BLACK
6
CONTINUOUS
10
118.363
20
-96.0032
11
118.408
21
-96.1005
0
LINE
8
BLACK
6
CONTINUOUS
10
118.408
20
-96.1005
11
118.417
21
-96.1211
0
LINE
8
BLACK
6
CONTINUOUS
10
118.417
20
-96.1211
11
118.498
21
-96.214
0
LINE
8
BLACK
6
CONTINUOUS
10
118.498
20
-96.214
11
118.502
21
-96.219
0
LINE
8
BLACK
6
CONTINUOUS
10
118.502
20
-96.219
11
118.61
21
-96.2881
0
LINE
8
BLACK
6
CONTINUOUS
10
118.61
20
-96.2881
11
118.611
21
-96.289
0
LINE
8
BLACK
6
CONTINUOUS
10
118.611
20
-96.289
11
118.735
21
-96.3255
0
LINE
8
BLACK
6
CONTINUOUS
10
118.735
20
-96.3255
11
118.735
21
-96.3255
0
LINE
8
BLACK
6
CONTINUOUS
10
118.735
20
-96.3255
11
118.865
21
-96.3255
0
LINE
8
BLACK
6
CONTINUOUS
10
118.865
20
-96.3255
11
118.865
21
-96.3255
0
LINE
8
BLACK
6
CONTINUOUS
10
118.865
20
-96.3255
11
118.989
21
-96.289
0
LINE
8
BLACK
6
CONTINUOUS
10
118.989
20
-96.289
11
119.098
21
-96.219
0
LINE
8
BLACK
6
CONTINUOUS
10
119.098
20
-96.219
11
119.183
21
-96.1211
0
LINE
8
BLACK
6
CONTINUOUS
10
119.183
20
-96.1211
11
119.237
21
-96.0032
0
LINE
8
BLACK
6
CONTINUOUS
10
119.237
20
-96.0032
11
119.25
21
-95.914
0
LINE
8
BLACK
6
CONTINUOUS
10
119.25
20
-95.914
11
119.255
21
-95.875
0
LINE
8
BLACK
6
CONTINUOUS
10
119.255
20
-95.875
11
119.255
21
-95.875
0
LINE
8
BLACK
6
CONTINUOUS
10
119.255
20
-95.875
11
119.241
21
-95.775
0
LINE
8
BLACK
6
CONTINUOUS
10
119.241
20
-95.775
11
119.237
21
-95.7468
0
LINE
8
BLACK
6
CONTINUOUS
10
119.237
20
-95.7468
11
119.196
21
-95.6587
0
LINE
8
BLACK
6
CONTINUOUS
10
119.196
20
-95.6587
11
119.183
21
-95.6289
0
LINE
8
BLACK
6
CONTINUOUS
10
119.183
20
-95.6289
11
119.098
21
-95.531
0
LINE
8
BLACK
6
CONTINUOUS
10
119.098
20
-95.531
11
119.098
21
-95.531
0
LINE
8
BLACK
6
CONTINUOUS
10
119.098
20
-95.531
11
119.098
21
-95.531
0
LINE
8
BLACK
6
CONTINUOUS
10
119.098
20
-95.531
11
118.989
21
-95.461
0
LINE
8
BLACK
6
CONTINUOUS
10
118.989
20
-95.461
11
118.989
21
-95.461
0
LINE
8
BLACK
6
CONTINUOUS
10
118.989
20
-95.461
11
118.989
21
-95.461
0
LINE
8
BLACK
6
CONTINUOUS
10
118.989
20
-95.461
11
118.989
21
-95.461
0
LINE
8
BLACK
6
CONTINUOUS
10
118.989
20
-95.461
11
118.865
21
-95.4245
0
LINE
8
BLACK
6
CONTINUOUS
10
118.865
20
-95.4245
11
118.865
21
-95.4245
0
LINE
8
BLACK
6
CONTINUOUS
10
118.865
20
-95.4245
11
118.735
21
-95.4245
0
LINE
8
BLACK
6
CONTINUOUS
10
118.735
20
-95.4245
11
118.735
21
-95.4245
0
LINE
8
BLACK
6
CONTINUOUS
10
118.735
20
-95.4245
11
118.611
21
-95.461
0
LINE
8
BLACK
6
CONTINUOUS
10
118.611
20
-95.461
11
118.611
21
-95.461
0
LINE
8
BLACK
6
CONTINUOUS
10
118.611
20
-95.461
11
118.502
21
-95.531
0
LINE
8
BLACK
6
CONTINUOUS
10
118.502
20
-95.531
11
118.417
21
-95.6289
0
LINE
8
BLACK
6
CONTINUOUS
10
118.417
20
-95.6289
11
118.363
21
-95.7468
0
LINE
8
BLACK
6
CONTINUOUS
10
118.363
20
-95.7468
11
118.345
21
-95.875
0
LINE
8
BLACK
6
CONTINUOUS
10
118.345
20
-95.875
11
118.345
21
-95.875
0
LINE
8
BLACK
6
CONTINUOUS
10
118.345
20
-95.875
11
118.363
21
-96.0032
0
LINE
8
BLACK
6
CONTINUOUS
10
140.113
20
-95.7782
11
140.165
21
-95.8919
0
LINE
8
BLACK
6
CONTINUOUS
10
140.165
20
-95.8919
11
140.167
21
-95.8961
0
LINE
8
BLACK
6
CONTINUOUS
10
140.167
20
-95.8961
11
140.245
21
-95.986
0
LINE
8
BLACK
6
CONTINUOUS
10
140.245
20
-95.986
11
140.252
21
-95.994
0
LINE
8
BLACK
6
CONTINUOUS
10
140.252
20
-95.994
11
140.361
21
-96.0639
0
LINE
8
BLACK
6
CONTINUOUS
10
140.361
20
-96.0639
11
140.361
21
-96.064
0
LINE
8
BLACK
6
CONTINUOUS
10
140.361
20
-96.064
11
140.485
21
-96.1005
0
LINE
8
BLACK
6
CONTINUOUS
10
140.485
20
-96.1005
11
140.485
21
-96.1005
0
LINE
8
BLACK
6
CONTINUOUS
10
140.485
20
-96.1005
11
140.615
21
-96.1005
0
LINE
8
BLACK
6
CONTINUOUS
10
140.615
20
-96.1005
11
140.615
21
-96.1005
0
LINE
8
BLACK
6
CONTINUOUS
10
140.615
20
-96.1005
11
140.739
21
-96.064
0
LINE
8
BLACK
6
CONTINUOUS
10
140.739
20
-96.064
11
140.848
21
-95.994
0
LINE
8
BLACK
6
CONTINUOUS
10
140.848
20
-95.994
11
140.933
21
-95.8961
0
LINE
8
BLACK
6
CONTINUOUS
10
140.933
20
-95.8961
11
140.987
21
-95.7782
0
LINE
8
BLACK
6
CONTINUOUS
10
140.987
20
-95.7782
11
141.005
21
-95.65
0
LINE
8
BLACK
6
CONTINUOUS
10
141.005
20
-95.65
11
141.005
21
-95.6468
0
LINE
8
BLACK
6
CONTINUOUS
10
141.005
20
-95.6468
11
140.987
21
-95.5218
0
LINE
8
BLACK
6
CONTINUOUS
10
140.987
20
-95.5218
11
140.977
21
-95.5
0
LINE
8
BLACK
6
CONTINUOUS
10
140.977
20
-95.5
11
140.945
21
-95.431
0
LINE
8
BLACK
6
CONTINUOUS
10
140.945
20
-95.431
11
140.933
21
-95.4039
0
LINE
8
BLACK
6
CONTINUOUS
10
140.933
20
-95.4039
11
140.848
21
-95.306
0
LINE
8
BLACK
6
CONTINUOUS
10
140.848
20
-95.306
11
140.848
21
-95.306
0
LINE
8
BLACK
6
CONTINUOUS
10
140.848
20
-95.306
11
140.848
21
-95.306
0
LINE
8
BLACK
6
CONTINUOUS
10
140.848
20
-95.306
11
140.739
21
-95.236
0
LINE
8
BLACK
6
CONTINUOUS
10
140.739
20
-95.236
11
140.739
21
-95.236
0
LINE
8
BLACK
6
CONTINUOUS
10
140.739
20
-95.236
11
140.739
21
-95.236
0
LINE
8
BLACK
6
CONTINUOUS
10
140.739
20
-95.236
11
140.739
21
-95.236
0
LINE
8
BLACK
6
CONTINUOUS
10
140.739
20
-95.236
11
140.615
21
-95.1995
0
LINE
8
BLACK
6
CONTINUOUS
10
140.615
20
-95.1995
11
140.615
21
-95.1995
0
LINE
8
BLACK
6
CONTINUOUS
10
140.615
20
-95.1995
11
140.485
21
-95.1995
0
LINE
8
BLACK
6
CONTINUOUS
10
140.485
20
-95.1995
11
140.485
21
-95.1995
0
LINE
8
BLACK
6
CONTINUOUS
10
140.485
20
-95.1995
11
140.361
21
-95.236
0
LINE
8
BLACK
6
CONTINUOUS
10
140.361
20
-95.236
11
140.361
21
-95.236
0
LINE
8
BLACK
6
CONTINUOUS
10
140.361
20
-95.236
11
140.252
21
-95.306
0
LINE
8
BLACK
6
CONTINUOUS
10
140.252
20
-95.306
11
140.167
21
-95.4039
0
LINE
8
BLACK
6
CONTINUOUS
10
140.167
20
-95.4039
11
140.113
21
-95.5218
0
LINE
8
BLACK
6
CONTINUOUS
10
140.113
20
-95.5218
11
140.095
21
-95.65
0
LINE
8
BLACK
6
CONTINUOUS
10
140.095
20
-95.65
11
140.095
21
-95.65
0
LINE
8
BLACK
6
CONTINUOUS
10
140.095
20
-95.65
11
140.113
21
-95.7782
0
LINE
8
BLACK
6
CONTINUOUS
10
171.246
20
-95.369
11
171.327
21
-95.4232
0
LINE
8
BLACK
6
CONTINUOUS
10
171.327
20
-95.4232
11
171.381
21
-95.5043
0
LINE
8
BLACK
6
CONTINUOUS
10
171.381
20
-95.5043
11
171.4
21
-95.6
0
LINE
8
BLACK
6
CONTINUOUS
10
171.4
20
-95.6
11
171.381
21
-95.6957
0
LINE
8
BLACK
6
CONTINUOUS
10
171.381
20
-95.6957
11
171.327
21
-95.7768
0
LINE
8
BLACK
6
CONTINUOUS
10
171.327
20
-95.7768
11
171.246
21
-95.831
0
LINE
8
BLACK
6
CONTINUOUS
10
171.246
20
-95.831
11
171.15
21
-95.85
0
LINE
8
BLACK
6
CONTINUOUS
10
171.15
20
-95.85
11
171.054
21
-95.831
0
LINE
8
BLACK
6
CONTINUOUS
10
171.054
20
-95.831
11
170.973
21
-95.7768
0
LINE
8
BLACK
6
CONTINUOUS
10
170.973
20
-95.7768
11
170.919
21
-95.6957
0
LINE
8
BLACK
6
CONTINUOUS
10
170.919
20
-95.6957
11
170.9
21
-95.6
0
LINE
8
BLACK
6
CONTINUOUS
10
170.9
20
-95.6
11
170.919
21
-95.5043
0
LINE
8
BLACK
6
CONTINUOUS
10
170.919
20
-95.5043
11
170.973
21
-95.4232
0
LINE
8
BLACK
6
CONTINUOUS
10
170.973
20
-95.4232
11
171.054
21
-95.369
0
LINE
8
BLACK
6
CONTINUOUS
10
171.054
20
-95.369
11
171.15
21
-95.35
0
LINE
8
BLACK
6
CONTINUOUS
10
171.15
20
-95.35
11
171.246
21
-95.369
0
LINE
8
BLACK
6
CONTINUOUS
10
149.546
20
-95.269
11
149.627
21
-95.3232
0
LINE
8
BLACK
6
CONTINUOUS
10
149.627
20
-95.3232
11
149.681
21
-95.4043
0
LINE
8
BLACK
6
CONTINUOUS
10
149.681
20
-95.4043
11
149.7
21
-95.5
0
LINE
8
BLACK
6
CONTINUOUS
10
149.7
20
-95.5
11
149.681
21
-95.5957
0
LINE
8
BLACK
6
CONTINUOUS
10
149.681
20
-95.5957
11
149.627
21
-95.6768
0
LINE
8
BLACK
6
CONTINUOUS
10
149.627
20
-95.6768
11
149.546
21
-95.731
0
LINE
8
BLACK
6
CONTINUOUS
10
149.546
20
-95.731
11
149.45
21
-95.75
0
LINE
8
BLACK
6
CONTINUOUS
10
149.45
20
-95.75
11
149.354
21
-95.731
0
LINE
8
BLACK
6
CONTINUOUS
10
149.354
20
-95.731
11
149.273
21
-95.6768
0
LINE
8
BLACK
6
CONTINUOUS
10
149.273
20
-95.6768
11
149.219
21
-95.5957
0
LINE
8
BLACK
6
CONTINUOUS
10
149.219
20
-95.5957
11
149.2
21
-95.5
0
LINE
8
BLACK
6
CONTINUOUS
10
149.2
20
-95.5
11
149.219
21
-95.4043
0
LINE
8
BLACK
6
CONTINUOUS
10
149.219
20
-95.4043
11
149.273
21
-95.3232
0
LINE
8
BLACK
6
CONTINUOUS
10
149.273
20
-95.3232
11
149.354
21
-95.269
0
LINE
8
BLACK
6
CONTINUOUS
10
149.354
20
-95.269
11
149.45
21
-95.25
0
LINE
8
BLACK
6
CONTINUOUS
10
149.45
20
-95.25
11
149.546
21
-95.269
0
LINE
8
BLACK
6
CONTINUOUS
10
149.965
20
-93.6995
11
149.965
21
-93.6995
0
LINE
8
BLACK
6
CONTINUOUS
10
149.965
20
-93.6995
11
149.835
21
-93.6995
0
LINE
8
BLACK
6
CONTINUOUS
10
149.835
20
-93.6995
11
149.835
21
-93.6995
0
LINE
8
BLACK
6
CONTINUOUS
10
149.835
20
-93.6995
11
149.711
21
-93.736
0
LINE
8
BLACK
6
CONTINUOUS
10
149.711
20
-93.736
11
149.711
21
-93.736
0
LINE
8
BLACK
6
CONTINUOUS
10
149.711
20
-93.736
11
149.602
21
-93.806
0
LINE
8
BLACK
6
CONTINUOUS
10
149.602
20
-93.806
11
149.517
21
-93.9039
0
LINE
8
BLACK
6
CONTINUOUS
10
149.517
20
-93.9039
11
149.463
21
-94.0218
0
LINE
8
BLACK
6
CONTINUOUS
10
149.463
20
-94.0218
11
149.445
21
-94.15
0
LINE
8
BLACK
6
CONTINUOUS
10
149.445
20
-94.15
11
149.445
21
-94.15
0
LINE
8
BLACK
6
CONTINUOUS
10
149.445
20
-94.15
11
149.463
21
-94.2782
0
LINE
8
BLACK
6
CONTINUOUS
10
149.463
20
-94.2782
11
149.498
21
-94.3539
0
LINE
8
BLACK
6
CONTINUOUS
10
149.498
20
-94.3539
11
149.517
21
-94.3961
0
LINE
8
BLACK
6
CONTINUOUS
10
149.517
20
-94.3961
11
149.592
21
-94.4827
0
LINE
8
BLACK
6
CONTINUOUS
10
149.592
20
-94.4827
11
149.602
21
-94.494
0
LINE
8
BLACK
6
CONTINUOUS
10
149.602
20
-94.494
11
149.702
21
-94.5582
0
LINE
8
BLACK
6
CONTINUOUS
10
149.702
20
-94.5582
11
149.711
21
-94.564
0
LINE
8
BLACK
6
CONTINUOUS
10
149.711
20
-94.564
11
149.835
21
-94.6005
0
LINE
8
BLACK
6
CONTINUOUS
10
149.835
20
-94.6005
11
149.835
21
-94.6005
0
LINE
8
BLACK
6
CONTINUOUS
10
149.835
20
-94.6005
11
149.965
21
-94.6005
0
LINE
8
BLACK
6
CONTINUOUS
10
149.965
20
-94.6005
11
149.965
21
-94.6005
0
LINE
8
BLACK
6
CONTINUOUS
10
149.965
20
-94.6005
11
149.966
21
-94.6
0
LINE
8
BLACK
6
CONTINUOUS
10
149.966
20
-94.6
11
150.089
21
-94.564
0
LINE
8
BLACK
6
CONTINUOUS
10
150.089
20
-94.564
11
150.198
21
-94.494
0
LINE
8
BLACK
6
CONTINUOUS
10
150.198
20
-94.494
11
150.283
21
-94.3961
0
LINE
8
BLACK
6
CONTINUOUS
10
150.283
20
-94.3961
11
150.337
21
-94.2782
0
LINE
8
BLACK
6
CONTINUOUS
10
150.337
20
-94.2782
11
150.348
21
-94.2005
0
LINE
8
BLACK
6
CONTINUOUS
10
150.348
20
-94.2005
11
150.355
21
-94.15
0
LINE
8
BLACK
6
CONTINUOUS
10
150.355
20
-94.15
11
150.355
21
-94.15
0
LINE
8
BLACK
6
CONTINUOUS
10
150.355
20
-94.15
11
150.337
21
-94.0218
0
LINE
8
BLACK
6
CONTINUOUS
10
150.337
20
-94.0218
11
150.317
21
-93.9795
0
LINE
8
BLACK
6
CONTINUOUS
10
150.317
20
-93.9795
11
150.283
21
-93.9039
0
LINE
8
BLACK
6
CONTINUOUS
10
150.283
20
-93.9039
11
150.198
21
-93.806
0
LINE
8
BLACK
6
CONTINUOUS
10
150.198
20
-93.806
11
150.198
21
-93.806
0
LINE
8
BLACK
6
CONTINUOUS
10
150.198
20
-93.806
11
150.198
21
-93.806
0
LINE
8
BLACK
6
CONTINUOUS
10
150.198
20
-93.806
11
150.089
21
-93.736
0
LINE
8
BLACK
6
CONTINUOUS
10
150.089
20
-93.736
11
150.089
21
-93.736
0
LINE
8
BLACK
6
CONTINUOUS
10
150.089
20
-93.736
11
150.089
21
-93.736
0
LINE
8
BLACK
6
CONTINUOUS
10
150.089
20
-93.736
11
150.089
21
-93.736
0
LINE
8
BLACK
6
CONTINUOUS
10
150.089
20
-93.736
11
149.966
21
-93.7
0
LINE
8
BLACK
6
CONTINUOUS
10
149.966
20
-93.7
11
149.965
21
-93.6995
0
LINE
8
BLACK
6
CONTINUOUS
10
166.527
20
-95.0647
11
166.581
21
-95.1825
0
LINE
8
BLACK
6
CONTINUOUS
10
166.581
20
-95.1825
11
166.581
21
-95.1825
0
LINE
8
BLACK
6
CONTINUOUS
10
166.581
20
-95.1825
11
166.644
21
-95.256
0
LINE
8
BLACK
6
CONTINUOUS
10
166.644
20
-95.256
11
166.666
21
-95.2804
0
LINE
8
BLACK
6
CONTINUOUS
10
166.666
20
-95.2804
11
166.774
21
-95.3504
0
LINE
8
BLACK
6
CONTINUOUS
10
166.774
20
-95.3504
11
166.774
21
-95.3504
0
LINE
8
BLACK
6
CONTINUOUS
10
166.774
20
-95.3504
11
166.899
21
-95.3869
0
LINE
8
BLACK
6
CONTINUOUS
10
166.899
20
-95.3869
11
166.899
21
-95.3869
0
LINE
8
BLACK
6
CONTINUOUS
10
166.899
20
-95.3869
11
167.028
21
-95.3869
0
LINE
8
BLACK
6
CONTINUOUS
10
167.028
20
-95.3869
11
167.028
21
-95.3869
0
LINE
8
BLACK
6
CONTINUOUS
10
167.028
20
-95.3869
11
167.153
21
-95.3504
0
LINE
8
BLACK
6
CONTINUOUS
10
167.153
20
-95.3504
11
167.262
21
-95.2804
0
LINE
8
BLACK
6
CONTINUOUS
10
167.262
20
-95.2804
11
167.346
21
-95.1825
0
LINE
8
BLACK
6
CONTINUOUS
10
167.346
20
-95.1825
11
167.4
21
-95.0647
0
LINE
8
BLACK
6
CONTINUOUS
10
167.4
20
-95.0647
11
167.418
21
-94.944
0
LINE
8
BLACK
6
CONTINUOUS
10
167.418
20
-94.944
11
167.419
21
-94.9364
0
LINE
8
BLACK
6
CONTINUOUS
10
167.419
20
-94.9364
11
167.419
21
-94.9364
0
LINE
8
BLACK
6
CONTINUOUS
10
167.419
20
-94.9364
11
167.4
21
-94.8082
0
LINE
8
BLACK
6
CONTINUOUS
10
167.4
20
-94.8082
11
167.363
21
-94.7258
0
LINE
8
BLACK
6
CONTINUOUS
10
167.363
20
-94.7258
11
167.346
21
-94.6904
0
LINE
8
BLACK
6
CONTINUOUS
10
167.346
20
-94.6904
11
167.262
21
-94.5925
0
LINE
8
BLACK
6
CONTINUOUS
10
167.262
20
-94.5925
11
167.262
21
-94.5925
0
LINE
8
BLACK
6
CONTINUOUS
10
167.262
20
-94.5925
11
167.262
21
-94.5925
0
LINE
8
BLACK
6
CONTINUOUS
10
167.262
20
-94.5925
11
167.153
21
-94.5224
0
LINE
8
BLACK
6
CONTINUOUS
10
167.153
20
-94.5224
11
167.153
21
-94.5224
0
LINE
8
BLACK
6
CONTINUOUS
10
167.153
20
-94.5224
11
167.153
21
-94.5224
0
LINE
8
BLACK
6
CONTINUOUS
10
167.153
20
-94.5224
11
167.153
21
-94.5224
0
LINE
8
BLACK
6
CONTINUOUS
10
167.153
20
-94.5224
11
167.028
21
-94.4859
0
LINE
8
BLACK
6
CONTINUOUS
10
167.028
20
-94.4859
11
167.028
21
-94.4859
0
LINE
8
BLACK
6
CONTINUOUS
10
167.028
20
-94.4859
11
166.899
21
-94.4859
0
LINE
8
BLACK
6
CONTINUOUS
10
166.899
20
-94.4859
11
166.899
21
-94.4859
0
LINE
8
BLACK
6
CONTINUOUS
10
166.899
20
-94.4859
11
166.774
21
-94.5224
0
LINE
8
BLACK
6
CONTINUOUS
10
166.774
20
-94.5224
11
166.774
21
-94.5224
0
LINE
8
BLACK
6
CONTINUOUS
10
166.774
20
-94.5224
11
166.666
21
-94.5925
0
LINE
8
BLACK
6
CONTINUOUS
10
166.666
20
-94.5925
11
166.581
21
-94.6904
0
LINE
8
BLACK
6
CONTINUOUS
10
166.581
20
-94.6904
11
166.527
21
-94.8082
0
LINE
8
BLACK
6
CONTINUOUS
10
166.527
20
-94.8082
11
166.508
21
-94.9364
0
LINE
8
BLACK
6
CONTINUOUS
10
166.508
20
-94.9364
11
166.508
21
-94.9364
0
LINE
8
BLACK
6
CONTINUOUS
10
166.508
20
-94.9364
11
166.527
21
-95.0647
0
LINE
8
BLACK
6
CONTINUOUS
10
122.846
20
-94.644
11
122.927
21
-94.6982
0
LINE
8
BLACK
6
CONTINUOUS
10
122.927
20
-94.6982
11
122.981
21
-94.7793
0
LINE
8
BLACK
6
CONTINUOUS
10
122.981
20
-94.7793
11
123
21
-94.875
0
LINE
8
BLACK
6
CONTINUOUS
10
123
20
-94.875
11
122.981
21
-94.9707
0
LINE
8
BLACK
6
CONTINUOUS
10
122.981
20
-94.9707
11
122.927
21
-95.0518
0
LINE
8
BLACK
6
CONTINUOUS
10
122.927
20
-95.0518
11
122.846
21
-95.106
0
LINE
8
BLACK
6
CONTINUOUS
10
122.846
20
-95.106
11
122.75
21
-95.125
0
LINE
8
BLACK
6
CONTINUOUS
10
122.75
20
-95.125
11
122.654
21
-95.106
0
LINE
8
BLACK
6
CONTINUOUS
10
122.654
20
-95.106
11
122.573
21
-95.0518
0
LINE
8
BLACK
6
CONTINUOUS
10
122.573
20
-95.0518
11
122.519
21
-94.9707
0
LINE
8
BLACK
6
CONTINUOUS
10
122.519
20
-94.9707
11
122.5
21
-94.875
0
LINE
8
BLACK
6
CONTINUOUS
10
122.5
20
-94.875
11
122.519
21
-94.7793
0
LINE
8
BLACK
6
CONTINUOUS
10
122.519
20
-94.7793
11
122.573
21
-94.6982
0
LINE
8
BLACK
6
CONTINUOUS
10
122.573
20
-94.6982
11
122.654
21
-94.644
0
LINE
8
BLACK
6
CONTINUOUS
10
122.654
20
-94.644
11
122.75
21
-94.625
0
LINE
8
BLACK
6
CONTINUOUS
10
122.75
20
-94.625
11
122.846
21
-94.644
0
LINE
8
BLACK
6
CONTINUOUS
10
160.817
20
-94.9822
11
160.853
21
-95.0614
0
LINE
8
BLACK
6
CONTINUOUS
10
160.853
20
-95.0614
11
160.871
21
-95.1001
0
LINE
8
BLACK
6
CONTINUOUS
10
160.871
20
-95.1001
11
160.943
21
-95.1825
0
LINE
8
BLACK
6
CONTINUOUS
10
160.943
20
-95.1825
11
160.956
21
-95.198
0
LINE
8
BLACK
6
CONTINUOUS
10
160.956
20
-95.198
11
161.043
21
-95.2539
0
LINE
8
BLACK
6
CONTINUOUS
10
161.043
20
-95.2539
11
161.065
21
-95.268
0
LINE
8
BLACK
6
CONTINUOUS
10
161.065
20
-95.268
11
161.189
21
-95.3045
0
LINE
8
BLACK
6
CONTINUOUS
10
161.189
20
-95.3045
11
161.189
21
-95.3045
0
LINE
8
BLACK
6
CONTINUOUS
10
161.189
20
-95.3045
11
161.319
21
-95.3045
0
LINE
8
BLACK
6
CONTINUOUS
10
161.319
20
-95.3045
11
161.319
21
-95.3045
0
LINE
8
BLACK
6
CONTINUOUS
10
161.319
20
-95.3045
11
161.443
21
-95.268
0
LINE
8
BLACK
6
CONTINUOUS
10
161.443
20
-95.268
11
161.552
21
-95.198
0
LINE
8
BLACK
6
CONTINUOUS
10
161.552
20
-95.198
11
161.637
21
-95.1001
0
LINE
8
BLACK
6
CONTINUOUS
10
161.637
20
-95.1001
11
161.691
21
-94.9822
0
LINE
8
BLACK
6
CONTINUOUS
10
161.691
20
-94.9822
11
161.709
21
-94.854
0
LINE
8
BLACK
6
CONTINUOUS
10
161.709
20
-94.854
11
161.704
21
-94.8216
0
LINE
8
BLACK
6
CONTINUOUS
10
161.704
20
-94.8216
11
161.691
21
-94.7258
0
LINE
8
BLACK
6
CONTINUOUS
10
161.691
20
-94.7258
11
161.649
21
-94.6355
0
LINE
8
BLACK
6
CONTINUOUS
10
161.649
20
-94.6355
11
161.638
21
-94.6109
0
LINE
8
BLACK
6
CONTINUOUS
10
161.638
20
-94.6109
11
161.637
21
-94.6079
0
LINE
8
BLACK
6
CONTINUOUS
10
161.637
20
-94.6079
11
161.552
21
-94.51
0
LINE
8
BLACK
6
CONTINUOUS
10
161.552
20
-94.51
11
161.552
21
-94.51
0
LINE
8
BLACK
6
CONTINUOUS
10
161.552
20
-94.51
11
161.552
21
-94.51
0
LINE
8
BLACK
6
CONTINUOUS
10
161.552
20
-94.51
11
161.443
21
-94.44
0
LINE
8
BLACK
6
CONTINUOUS
10
161.443
20
-94.44
11
161.443
21
-94.44
0
LINE
8
BLACK
6
CONTINUOUS
10
161.443
20
-94.44
11
161.443
21
-94.44
0
LINE
8
BLACK
6
CONTINUOUS
10
161.443
20
-94.44
11
161.443
21
-94.44
0
LINE
8
BLACK
6
CONTINUOUS
10
161.443
20
-94.44
11
161.319
21
-94.4035
0
LINE
8
BLACK
6
CONTINUOUS
10
161.319
20
-94.4035
11
161.319
21
-94.4035
0
LINE
8
BLACK
6
CONTINUOUS
10
161.319
20
-94.4035
11
161.189
21
-94.4035
0
LINE
8
BLACK
6
CONTINUOUS
10
161.189
20
-94.4035
11
161.189
21
-94.4035
0
LINE
8
BLACK
6
CONTINUOUS
10
161.189
20
-94.4035
11
161.065
21
-94.44
0
LINE
8
BLACK
6
CONTINUOUS
10
161.065
20
-94.44
11
161.065
21
-94.44
0
LINE
8
BLACK
6
CONTINUOUS
10
161.065
20
-94.44
11
160.956
21
-94.51
0
LINE
8
BLACK
6
CONTINUOUS
10
160.956
20
-94.51
11
160.871
21
-94.6079
0
LINE
8
BLACK
6
CONTINUOUS
10
160.871
20
-94.6079
11
160.85
21
-94.654
0
LINE
8
BLACK
6
CONTINUOUS
10
160.85
20
-94.654
11
160.814
21
-94.6933
0
LINE
8
BLACK
6
CONTINUOUS
10
160.814
20
-94.6933
11
160.816
21
-94.6963
0
LINE
8
BLACK
6
CONTINUOUS
10
160.816
20
-94.6963
11
160.817
21
-94.73
0
LINE
8
BLACK
6
CONTINUOUS
10
160.817
20
-94.73
11
160.799
21
-94.854
0
LINE
8
BLACK
6
CONTINUOUS
10
160.799
20
-94.854
11
160.799
21
-94.854
0
LINE
8
BLACK
6
CONTINUOUS
10
160.799
20
-94.854
11
160.817
21
-94.9822
0
LINE
8
BLACK
6
CONTINUOUS
10
163.907
20
-94.3799
11
163.988
21
-94.4341
0
LINE
8
BLACK
6
CONTINUOUS
10
163.988
20
-94.4341
11
164.042
21
-94.5152
0
LINE
8
BLACK
6
CONTINUOUS
10
164.042
20
-94.5152
11
164.061
21
-94.6109
0
LINE
8
BLACK
6
CONTINUOUS
10
164.061
20
-94.6109
11
164.042
21
-94.7066
0
LINE
8
BLACK
6
CONTINUOUS
10
164.042
20
-94.7066
11
163.988
21
-94.7877
0
LINE
8
BLACK
6
CONTINUOUS
10
163.988
20
-94.7877
11
163.907
21
-94.8419
0
LINE
8
BLACK
6
CONTINUOUS
10
163.907
20
-94.8419
11
163.811
21
-94.8609
0
LINE
8
BLACK
6
CONTINUOUS
10
163.811
20
-94.8609
11
163.715
21
-94.8419
0
LINE
8
BLACK
6
CONTINUOUS
10
163.715
20
-94.8419
11
163.634
21
-94.7877
0
LINE
8
BLACK
6
CONTINUOUS
10
163.634
20
-94.7877
11
163.58
21
-94.7066
0
LINE
8
BLACK
6
CONTINUOUS
10
163.58
20
-94.7066
11
163.561
21
-94.6109
0
LINE
8
BLACK
6
CONTINUOUS
10
163.561
20
-94.6109
11
163.58
21
-94.5152
0
LINE
8
BLACK
6
CONTINUOUS
10
163.58
20
-94.5152
11
163.634
21
-94.4341
0
LINE
8
BLACK
6
CONTINUOUS
10
163.634
20
-94.4341
11
163.715
21
-94.3799
0
LINE
8
BLACK
6
CONTINUOUS
10
163.715
20
-94.3799
11
163.811
21
-94.3609
0
LINE
8
BLACK
6
CONTINUOUS
10
163.811
20
-94.3609
11
163.907
21
-94.3799
0
LINE
8
BLACK
6
CONTINUOUS
10
152.463
20
-94.7282
11
152.505
21
-94.8187
0
LINE
8
BLACK
6
CONTINUOUS
10
152.505
20
-94.8187
11
152.517
21
-94.8461
0
LINE
8
BLACK
6
CONTINUOUS
10
152.517
20
-94.8461
11
152.595
21
-94.9364
0
LINE
8
BLACK
6
CONTINUOUS
10
152.595
20
-94.9364
11
152.602
21
-94.944
0
LINE
8
BLACK
6
CONTINUOUS
10
152.602
20
-94.944
11
152.694
21
-95.0032
0
LINE
8
BLACK
6
CONTINUOUS
10
152.694
20
-95.0032
11
152.711
21
-95.014
0
LINE
8
BLACK
6
CONTINUOUS
10
152.711
20
-95.014
11
152.835
21
-95.0505
0
LINE
8
BLACK
6
CONTINUOUS
10
152.835
20
-95.0505
11
152.835
21
-95.0505
0
LINE
8
BLACK
6
CONTINUOUS
10
152.835
20
-95.0505
11
152.965
21
-95.0505
0
LINE
8
BLACK
6
CONTINUOUS
10
152.965
20
-95.0505
11
152.965
21
-95.0505
0
LINE
8
BLACK
6
CONTINUOUS
10
152.965
20
-95.0505
11
153.089
21
-95.014
0
LINE
8
BLACK
6
CONTINUOUS
10
153.089
20
-95.014
11
153.198
21
-94.944
0
LINE
8
BLACK
6
CONTINUOUS
10
153.198
20
-94.944
11
153.283
21
-94.8461
0
LINE
8
BLACK
6
CONTINUOUS
10
153.283
20
-94.8461
11
153.337
21
-94.7282
0
LINE
8
BLACK
6
CONTINUOUS
10
153.337
20
-94.7282
11
153.347
21
-94.654
0
LINE
8
BLACK
6
CONTINUOUS
10
153.347
20
-94.654
11
153.355
21
-94.6
0
LINE
8
BLACK
6
CONTINUOUS
10
153.355
20
-94.6
11
153.355
21
-94.6
0
LINE
8
BLACK
6
CONTINUOUS
10
153.355
20
-94.6
11
153.337
21
-94.4718
0
LINE
8
BLACK
6
CONTINUOUS
10
153.337
20
-94.4718
11
153.317
21
-94.4282
0
LINE
8
BLACK
6
CONTINUOUS
10
153.317
20
-94.4282
11
153.283
21
-94.3539
0
LINE
8
BLACK
6
CONTINUOUS
10
153.283
20
-94.3539
11
153.198
21
-94.256
0
LINE
8
BLACK
6
CONTINUOUS
10
153.198
20
-94.256
11
153.198
21
-94.256
0
LINE
8
BLACK
6
CONTINUOUS
10
153.198
20
-94.256
11
153.198
21
-94.256
0
LINE
8
BLACK
6
CONTINUOUS
10
153.198
20
-94.256
11
153.089
21
-94.186
0
LINE
8
BLACK
6
CONTINUOUS
10
153.089
20
-94.186
11
153.089
21
-94.186
0
LINE
8
BLACK
6
CONTINUOUS
10
153.089
20
-94.186
11
153.089
21
-94.186
0
LINE
8
BLACK
6
CONTINUOUS
10
153.089
20
-94.186
11
153.082
21
-94.1839
0
LINE
8
BLACK
6
CONTINUOUS
10
153.082
20
-94.1839
11
152.965
21
-94.1495
0
LINE
8
BLACK
6
CONTINUOUS
10
152.965
20
-94.1495
11
152.965
21
-94.1495
0
LINE
8
BLACK
6
CONTINUOUS
10
152.965
20
-94.1495
11
152.835
21
-94.1495
0
LINE
8
BLACK
6
CONTINUOUS
10
152.835
20
-94.1495
11
152.835
21
-94.1495
0
LINE
8
BLACK
6
CONTINUOUS
10
152.835
20
-94.1495
11
152.711
21
-94.186
0
LINE
8
BLACK
6
CONTINUOUS
10
152.711
20
-94.186
11
152.711
21
-94.186
0
LINE
8
BLACK
6
CONTINUOUS
10
152.711
20
-94.186
11
152.602
21
-94.256
0
LINE
8
BLACK
6
CONTINUOUS
10
152.602
20
-94.256
11
152.517
21
-94.3539
0
LINE
8
BLACK
6
CONTINUOUS
10
152.517
20
-94.3539
11
152.463
21
-94.4718
0
LINE
8
BLACK
6
CONTINUOUS
10
152.463
20
-94.4718
11
152.445
21
-94.6
0
LINE
8
BLACK
6
CONTINUOUS
10
152.445
20
-94.6
11
152.445
21
-94.6
0
LINE
8
BLACK
6
CONTINUOUS
10
152.445
20
-94.6
11
152.463
21
-94.7282
0
LINE
8
BLACK
6
CONTINUOUS
10
155.546
20
-94.369
11
155.627
21
-94.4232
0
LINE
8
BLACK
6
CONTINUOUS
10
155.627
20
-94.4232
11
155.681
21
-94.5043
0
LINE
8
BLACK
6
CONTINUOUS
10
155.681
20
-94.5043
11
155.7
21
-94.6
0
LINE
8
BLACK
6
CONTINUOUS
10
155.7
20
-94.6
11
155.681
21
-94.6957
0
LINE
8
BLACK
6
CONTINUOUS
10
155.681
20
-94.6957
11
155.627
21
-94.7768
0
LINE
8
BLACK
6
CONTINUOUS
10
155.627
20
-94.7768
11
155.546
21
-94.831
0
LINE
8
BLACK
6
CONTINUOUS
10
155.546
20
-94.831
11
155.45
21
-94.85
0
LINE
8
BLACK
6
CONTINUOUS
10
155.45
20
-94.85
11
155.354
21
-94.831
0
LINE
8
BLACK
6
CONTINUOUS
10
155.354
20
-94.831
11
155.273
21
-94.7768
0
LINE
8
BLACK
6
CONTINUOUS
10
155.273
20
-94.7768
11
155.219
21
-94.6957
0
LINE
8
BLACK
6
CONTINUOUS
10
155.219
20
-94.6957
11
155.2
21
-94.6
0
LINE
8
BLACK
6
CONTINUOUS
10
155.2
20
-94.6
11
155.219
21
-94.5043
0
LINE
8
BLACK
6
CONTINUOUS
10
155.219
20
-94.5043
11
155.273
21
-94.4232
0
LINE
8
BLACK
6
CONTINUOUS
10
155.273
20
-94.4232
11
155.354
21
-94.369
0
LINE
8
BLACK
6
CONTINUOUS
10
155.354
20
-94.369
11
155.45
21
-94.35
0
LINE
8
BLACK
6
CONTINUOUS
10
155.45
20
-94.35
11
155.546
21
-94.369
0
LINE
8
BLACK
6
CONTINUOUS
10
139.896
20
-94.3445
11
139.977
21
-94.3987
0
LINE
8
BLACK
6
CONTINUOUS
10
139.977
20
-94.3987
11
140.031
21
-94.4798
0
LINE
8
BLACK
6
CONTINUOUS
10
140.031
20
-94.4798
11
140.05
21
-94.5755
0
LINE
8
BLACK
6
CONTINUOUS
10
140.05
20
-94.5755
11
140.031
21
-94.6712
0
LINE
8
BLACK
6
CONTINUOUS
10
140.031
20
-94.6712
11
139.977
21
-94.7523
0
LINE
8
BLACK
6
CONTINUOUS
10
139.977
20
-94.7523
11
139.896
21
-94.8065
0
LINE
8
BLACK
6
CONTINUOUS
10
139.896
20
-94.8065
11
139.8
21
-94.8255
0
LINE
8
BLACK
6
CONTINUOUS
10
139.8
20
-94.8255
11
139.704
21
-94.8065
0
LINE
8
BLACK
6
CONTINUOUS
10
139.704
20
-94.8065
11
139.623
21
-94.7523
0
LINE
8
BLACK
6
CONTINUOUS
10
139.623
20
-94.7523
11
139.569
21
-94.6712
0
LINE
8
BLACK
6
CONTINUOUS
10
139.569
20
-94.6712
11
139.55
21
-94.5755
0
LINE
8
BLACK
6
CONTINUOUS
10
139.55
20
-94.5755
11
139.569
21
-94.4798
0
LINE
8
BLACK
6
CONTINUOUS
10
139.569
20
-94.4798
11
139.623
21
-94.3987
0
LINE
8
BLACK
6
CONTINUOUS
10
139.623
20
-94.3987
11
139.704
21
-94.3445
0
LINE
8
BLACK
6
CONTINUOUS
10
139.704
20
-94.3445
11
139.8
21
-94.3255
0
LINE
8
BLACK
6
CONTINUOUS
10
139.8
20
-94.3255
11
139.896
21
-94.3445
0
LINE
8
BLACK
6
CONTINUOUS
10
162.76
20
-92.6317
11
162.76
21
-92.6317
0
LINE
8
BLACK
6
CONTINUOUS
10
162.76
20
-92.6317
11
162.651
21
-92.7017
0
LINE
8
BLACK
6
CONTINUOUS
10
162.651
20
-92.7017
11
162.567
21
-92.7996
0
LINE
8
BLACK
6
CONTINUOUS
10
162.567
20
-92.7996
11
162.513
21
-92.9175
0
LINE
8
BLACK
6
CONTINUOUS
10
162.513
20
-92.9175
11
162.494
21
-93.0457
0
LINE
8
BLACK
6
CONTINUOUS
10
162.494
20
-93.0457
11
162.494
21
-93.0457
0
LINE
8
BLACK
6
CONTINUOUS
10
162.494
20
-93.0457
11
162.513
21
-93.1739
0
LINE
8
BLACK
6
CONTINUOUS
10
162.513
20
-93.1739
11
162.548
21
-93.2515
0
LINE
8
BLACK
6
CONTINUOUS
10
162.548
20
-93.2515
11
162.567
21
-93.2918
0
LINE
8
BLACK
6
CONTINUOUS
10
162.567
20
-93.2918
11
162.637
21
-93.3731
0
LINE
8
BLACK
6
CONTINUOUS
10
162.637
20
-93.3731
11
162.651
21
-93.3897
0
LINE
8
BLACK
6
CONTINUOUS
10
162.651
20
-93.3897
11
162.755
21
-93.456
0
LINE
8
BLACK
6
CONTINUOUS
10
162.755
20
-93.456
11
162.76
21
-93.4597
0
LINE
8
BLACK
6
CONTINUOUS
10
162.76
20
-93.4597
11
162.885
21
-93.4962
0
LINE
8
BLACK
6
CONTINUOUS
10
162.885
20
-93.4962
11
162.885
21
-93.4962
0
LINE
8
BLACK
6
CONTINUOUS
10
162.885
20
-93.4962
11
163.014
21
-93.4962
0
LINE
8
BLACK
6
CONTINUOUS
10
163.014
20
-93.4962
11
163.014
21
-93.4962
0
LINE
8
BLACK
6
CONTINUOUS
10
163.014
20
-93.4962
11
163.139
21
-93.4597
0
LINE
8
BLACK
6
CONTINUOUS
10
163.139
20
-93.4597
11
163.183
21
-93.4309
0
LINE
8
BLACK
6
CONTINUOUS
10
163.183
20
-93.4309
11
163.199
21
-93.4208
0
LINE
8
BLACK
6
CONTINUOUS
10
163.199
20
-93.4208
11
163.258
21
-93.4052
0
LINE
8
BLACK
6
CONTINUOUS
10
163.258
20
-93.4052
11
163.315
21
-93.4274
0
LINE
8
BLACK
6
CONTINUOUS
10
163.315
20
-93.4274
11
163.343
21
-93.4629
0
LINE
8
BLACK
6
CONTINUOUS
10
163.343
20
-93.4629
11
163.368
21
-93.5182
0
LINE
8
BLACK
6
CONTINUOUS
10
163.368
20
-93.5182
11
163.392
21
-93.5711
0
LINE
8
BLACK
6
CONTINUOUS
10
163.392
20
-93.5711
11
163.448
21
-93.6361
0
LINE
8
BLACK
6
CONTINUOUS
10
163.448
20
-93.6361
11
163.477
21
-93.669
0
LINE
8
BLACK
6
CONTINUOUS
10
163.477
20
-93.669
11
163.584
21
-93.7379
0
LINE
8
BLACK
6
CONTINUOUS
10
163.584
20
-93.7379
11
163.586
21
-93.739
0
LINE
8
BLACK
6
CONTINUOUS
10
163.586
20
-93.739
11
163.71
21
-93.7755
0
LINE
8
BLACK
6
CONTINUOUS
10
163.71
20
-93.7755
11
163.71
21
-93.7755
0
LINE
8
BLACK
6
CONTINUOUS
10
163.71
20
-93.7755
11
163.84
21
-93.7755
0
LINE
8
BLACK
6
CONTINUOUS
10
163.84
20
-93.7755
11
163.84
21
-93.7755
0
LINE
8
BLACK
6
CONTINUOUS
10
163.84
20
-93.7755
11
163.964
21
-93.739
0
LINE
8
BLACK
6
CONTINUOUS
10
163.964
20
-93.739
11
164.073
21
-93.669
0
LINE
8
BLACK
6
CONTINUOUS
10
164.073
20
-93.669
11
164.158
21
-93.5711
0
LINE
8
BLACK
6
CONTINUOUS
10
164.158
20
-93.5711
11
164.212
21
-93.4532
0
LINE
8
BLACK
6
CONTINUOUS
10
164.212
20
-93.4532
11
164.221
21
-93.39
0
LINE
8
BLACK
6
CONTINUOUS
10
164.221
20
-93.39
11
164.227
21
-93.35
0
LINE
8
BLACK
6
CONTINUOUS
10
164.227
20
-93.35
11
164.23
21
-93.325
0
LINE
8
BLACK
6
CONTINUOUS
10
164.23
20
-93.325
11
164.23
21
-93.325
0
LINE
8
BLACK
6
CONTINUOUS
10
164.23
20
-93.325
11
164.212
21
-93.1968
0
LINE
8
BLACK
6
CONTINUOUS
10
164.212
20
-93.1968
11
164.191
21
-93.1505
0
LINE
8
BLACK
6
CONTINUOUS
10
164.191
20
-93.1505
11
164.158
21
-93.0789
0
LINE
8
BLACK
6
CONTINUOUS
10
164.158
20
-93.0789
11
164.073
21
-92.981
0
LINE
8
BLACK
6
CONTINUOUS
10
164.073
20
-92.981
11
164.073
21
-92.981
0
LINE
8
BLACK
6
CONTINUOUS
10
164.073
20
-92.981
11
164.073
21
-92.981
0
LINE
8
BLACK
6
CONTINUOUS
10
164.073
20
-92.981
11
163.964
21
-92.911
0
LINE
8
BLACK
6
CONTINUOUS
10
163.964
20
-92.911
11
163.964
21
-92.911
0
LINE
8
BLACK
6
CONTINUOUS
10
163.964
20
-92.911
11
163.964
21
-92.911
0
LINE
8
BLACK
6
CONTINUOUS
10
163.964
20
-92.911
11
163.964
21
-92.911
0
LINE
8
BLACK
6
CONTINUOUS
10
163.964
20
-92.911
11
163.84
21
-92.8745
0
LINE
8
BLACK
6
CONTINUOUS
10
163.84
20
-92.8745
11
163.84
21
-92.8745
0
LINE
8
BLACK
6
CONTINUOUS
10
163.84
20
-92.8745
11
163.71
21
-92.8745
0
LINE
8
BLACK
6
CONTINUOUS
10
163.71
20
-92.8745
11
163.71
21
-92.8745
0
LINE
8
BLACK
6
CONTINUOUS
10
163.71
20
-92.8745
11
163.586
21
-92.911
0
LINE
8
BLACK
6
CONTINUOUS
10
163.586
20
-92.911
11
163.586
21
-92.911
0
LINE
8
BLACK
6
CONTINUOUS
10
163.586
20
-92.911
11
163.525
21
-92.9499
0
LINE
8
BLACK
6
CONTINUOUS
10
163.525
20
-92.9499
11
163.466
21
-92.9655
0
LINE
8
BLACK
6
CONTINUOUS
10
163.466
20
-92.9655
11
163.409
21
-92.9433
0
LINE
8
BLACK
6
CONTINUOUS
10
163.409
20
-92.9433
11
163.382
21
-92.9078
0
LINE
8
BLACK
6
CONTINUOUS
10
163.382
20
-92.9078
11
163.332
21
-92.7996
0
LINE
8
BLACK
6
CONTINUOUS
10
163.332
20
-92.7996
11
163.332
21
-92.7996
0
LINE
8
BLACK
6
CONTINUOUS
10
163.332
20
-92.7996
11
163.332
21
-92.7996
0
LINE
8
BLACK
6
CONTINUOUS
10
163.332
20
-92.7996
11
163.248
21
-92.7017
0
LINE
8
BLACK
6
CONTINUOUS
10
163.248
20
-92.7017
11
163.248
21
-92.7017
0
LINE
8
BLACK
6
CONTINUOUS
10
163.248
20
-92.7017
11
163.248
21
-92.7017
0
LINE
8
BLACK
6
CONTINUOUS
10
163.248
20
-92.7017
11
163.139
21
-92.6317
0
LINE
8
BLACK
6
CONTINUOUS
10
163.139
20
-92.6317
11
163.139
21
-92.6317
0
LINE
8
BLACK
6
CONTINUOUS
10
163.139
20
-92.6317
11
163.139
21
-92.6317
0
LINE
8
BLACK
6
CONTINUOUS
10
163.139
20
-92.6317
11
163.139
21
-92.6317
0
LINE
8
BLACK
6
CONTINUOUS
10
163.139
20
-92.6317
11
163.014
21
-92.5952
0
LINE
8
BLACK
6
CONTINUOUS
10
163.014
20
-92.5952
11
163.014
21
-92.5952
0
LINE
8
BLACK
6
CONTINUOUS
10
163.014
20
-92.5952
11
162.885
21
-92.5952
0
LINE
8
BLACK
6
CONTINUOUS
10
162.885
20
-92.5952
11
162.885
21
-92.5952
0
LINE
8
BLACK
6
CONTINUOUS
10
162.885
20
-92.5952
11
162.76
21
-92.6317
0
LINE
8
BLACK
6
CONTINUOUS
10
160.32
20
-94.2438
11
160.402
21
-94.298
0
LINE
8
BLACK
6
CONTINUOUS
10
160.402
20
-94.298
11
160.456
21
-94.3791
0
LINE
8
BLACK
6
CONTINUOUS
10
160.456
20
-94.3791
11
160.475
21
-94.4747
0
LINE
8
BLACK
6
CONTINUOUS
10
160.475
20
-94.4747
11
160.456
21
-94.5704
0
LINE
8
BLACK
6
CONTINUOUS
10
160.456
20
-94.5704
11
160.402
21
-94.6515
0
LINE
8
BLACK
6
CONTINUOUS
10
160.402
20
-94.6515
11
160.32
21
-94.7057
0
LINE
8
BLACK
6
CONTINUOUS
10
160.32
20
-94.7057
11
160.225
21
-94.7247
0
LINE
8
BLACK
6
CONTINUOUS
10
160.225
20
-94.7247
11
160.129
21
-94.7057
0
LINE
8
BLACK
6
CONTINUOUS
10
160.129
20
-94.7057
11
160.048
21
-94.6515
0
LINE
8
BLACK
6
CONTINUOUS
10
160.048
20
-94.6515
11
159.994
21
-94.5704
0
LINE
8
BLACK
6
CONTINUOUS
10
159.994
20
-94.5704
11
159.975
21
-94.4747
0
LINE
8
BLACK
6
CONTINUOUS
10
159.975
20
-94.4747
11
159.994
21
-94.3791
0
LINE
8
BLACK
6
CONTINUOUS
10
159.994
20
-94.3791
11
160.048
21
-94.298
0
LINE
8
BLACK
6
CONTINUOUS
10
160.048
20
-94.298
11
160.129
21
-94.2438
0
LINE
8
BLACK
6
CONTINUOUS
10
160.129
20
-94.2438
11
160.225
21
-94.2247
0
LINE
8
BLACK
6
CONTINUOUS
10
160.225
20
-94.2247
11
160.32
21
-94.2438
0
LINE
8
BLACK
6
CONTINUOUS
10
111.736
20
-94.199
11
111.817
21
-94.2532
0
LINE
8
BLACK
6
CONTINUOUS
10
111.817
20
-94.2532
11
111.871
21
-94.3343
0
LINE
8
BLACK
6
CONTINUOUS
10
111.871
20
-94.3343
11
111.89
21
-94.43
0
LINE
8
BLACK
6
CONTINUOUS
10
111.89
20
-94.43
11
111.871
21
-94.5257
0
LINE
8
BLACK
6
CONTINUOUS
10
111.871
20
-94.5257
11
111.817
21
-94.6068
0
LINE
8
BLACK
6
CONTINUOUS
10
111.817
20
-94.6068
11
111.736
21
-94.661
0
LINE
8
BLACK
6
CONTINUOUS
10
111.736
20
-94.661
11
111.64
21
-94.68
0
LINE
8
BLACK
6
CONTINUOUS
10
111.64
20
-94.68
11
111.544
21
-94.661
0
LINE
8
BLACK
6
CONTINUOUS
10
111.544
20
-94.661
11
111.463
21
-94.6068
0
LINE
8
BLACK
6
CONTINUOUS
10
111.463
20
-94.6068
11
111.409
21
-94.5257
0
LINE
8
BLACK
6
CONTINUOUS
10
111.409
20
-94.5257
11
111.39
21
-94.43
0
LINE
8
BLACK
6
CONTINUOUS
10
111.39
20
-94.43
11
111.409
21
-94.3343
0
LINE
8
BLACK
6
CONTINUOUS
10
111.409
20
-94.3343
11
111.463
21
-94.2532
0
LINE
8
BLACK
6
CONTINUOUS
10
111.463
20
-94.2532
11
111.544
21
-94.199
0
LINE
8
BLACK
6
CONTINUOUS
10
111.544
20
-94.199
11
111.64
21
-94.18
0
LINE
8
BLACK
6
CONTINUOUS
10
111.64
20
-94.18
11
111.736
21
-94.199
0
LINE
8
BLACK
6
CONTINUOUS
10
173.613
20
-93.5782
11
173.655
21
-93.669
0
LINE
8
BLACK
6
CONTINUOUS
10
173.655
20
-93.669
11
173.667
21
-93.6961
0
LINE
8
BLACK
6
CONTINUOUS
10
173.667
20
-93.6961
11
173.752
21
-93.794
0
LINE
8
BLACK
6
CONTINUOUS
10
173.752
20
-93.794
11
173.778
21
-93.8108
0
LINE
8
BLACK
6
CONTINUOUS
10
173.778
20
-93.8108
11
173.817
21
-93.8582
0
LINE
8
BLACK
6
CONTINUOUS
10
173.817
20
-93.8582
11
173.82
21
-93.9193
0
LINE
8
BLACK
6
CONTINUOUS
10
173.82
20
-93.9193
11
173.799
21
-93.9589
0
LINE
8
BLACK
6
CONTINUOUS
10
173.799
20
-93.9589
11
173.717
21
-94.0539
0
LINE
8
BLACK
6
CONTINUOUS
10
173.717
20
-94.0539
11
173.663
21
-94.1718
0
LINE
8
BLACK
6
CONTINUOUS
10
173.663
20
-94.1718
11
173.645
21
-94.3
0
LINE
8
BLACK
6
CONTINUOUS
10
173.645
20
-94.3
11
173.645
21
-94.3
0
LINE
8
BLACK
6
CONTINUOUS
10
173.645
20
-94.3
11
173.663
21
-94.4282
0
LINE
8
BLACK
6
CONTINUOUS
10
173.663
20
-94.4282
11
173.71
21
-94.531
0
LINE
8
BLACK
6
CONTINUOUS
10
173.71
20
-94.531
11
173.717
21
-94.5461
0
LINE
8
BLACK
6
CONTINUOUS
10
173.717
20
-94.5461
11
173.802
21
-94.644
0
LINE
8
BLACK
6
CONTINUOUS
10
173.802
20
-94.644
11
173.802
21
-94.644
0
LINE
8
BLACK
6
CONTINUOUS
10
173.802
20
-94.644
11
173.895
21
-94.7037
0
LINE
8
BLACK
6
CONTINUOUS
10
173.895
20
-94.7037
11
173.911
21
-94.714
0
LINE
8
BLACK
6
CONTINUOUS
10
173.911
20
-94.714
11
174.035
21
-94.7505
0
LINE
8
BLACK
6
CONTINUOUS
10
174.035
20
-94.7505
11
174.035
21
-94.7505
0
LINE
8
BLACK
6
CONTINUOUS
10
174.035
20
-94.7505
11
174.165
21
-94.7505
0
LINE
8
BLACK
6
CONTINUOUS
10
174.165
20
-94.7505
11
174.165
21
-94.7505
0
LINE
8
BLACK
6
CONTINUOUS
10
174.165
20
-94.7505
11
174.289
21
-94.714
0
LINE
8
BLACK
6
CONTINUOUS
10
174.289
20
-94.714
11
174.398
21
-94.644
0
LINE
8
BLACK
6
CONTINUOUS
10
174.398
20
-94.644
11
174.483
21
-94.5461
0
LINE
8
BLACK
6
CONTINUOUS
10
174.483
20
-94.5461
11
174.537
21
-94.4282
0
LINE
8
BLACK
6
CONTINUOUS
10
174.537
20
-94.4282
11
174.548
21
-94.3465
0
LINE
8
BLACK
6
CONTINUOUS
10
174.548
20
-94.3465
11
174.555
21
-94.3
0
LINE
8
BLACK
6
CONTINUOUS
10
174.555
20
-94.3
11
174.555
21
-94.3
0
LINE
8
BLACK
6
CONTINUOUS
10
174.555
20
-94.3
11
174.552
21
-94.2781
0
LINE
8
BLACK
6
CONTINUOUS
10
174.552
20
-94.2781
11
174.562
21
-94.2178
0
LINE
8
BLACK
6
CONTINUOUS
10
174.562
20
-94.2178
11
174.606
21
-94.1751
0
LINE
8
BLACK
6
CONTINUOUS
10
174.606
20
-94.1751
11
174.667
21
-94.1664
0
LINE
8
BLACK
6
CONTINUOUS
10
174.667
20
-94.1664
11
174.678
21
-94.169
0
LINE
8
BLACK
6
CONTINUOUS
10
174.678
20
-94.169
11
174.785
21
-94.2005
0
LINE
8
BLACK
6
CONTINUOUS
10
174.785
20
-94.2005
11
174.785
21
-94.2005
0
LINE
8
BLACK
6
CONTINUOUS
10
174.785
20
-94.2005
11
174.915
21
-94.2005
0
LINE
8
BLACK
6
CONTINUOUS
10
174.915
20
-94.2005
11
174.915
21
-94.2005
0
LINE
8
BLACK
6
CONTINUOUS
10
174.915
20
-94.2005
11
175.039
21
-94.164
0
LINE
8
BLACK
6
CONTINUOUS
10
175.039
20
-94.164
11
175.148
21
-94.094
0
LINE
8
BLACK
6
CONTINUOUS
10
175.148
20
-94.094
11
175.233
21
-93.9961
0
LINE
8
BLACK
6
CONTINUOUS
10
175.233
20
-93.9961
11
175.287
21
-93.8782
0
LINE
8
BLACK
6
CONTINUOUS
10
175.287
20
-93.8782
11
175.297
21
-93.806
0
LINE
8
BLACK
6
CONTINUOUS
10
175.297
20
-93.806
11
175.305
21
-93.75
0
LINE
8
BLACK
6
CONTINUOUS
10
175.305
20
-93.75
11
175.305
21
-93.75
0
LINE
8
BLACK
6
CONTINUOUS
10
175.305
20
-93.75
11
175.287
21
-93.6218
0
LINE
8
BLACK
6
CONTINUOUS
10
175.287
20
-93.6218
11
175.267
21
-93.5782
0
LINE
8
BLACK
6
CONTINUOUS
10
175.267
20
-93.5782
11
175.233
21
-93.5039
0
LINE
8
BLACK
6
CONTINUOUS
10
175.233
20
-93.5039
11
175.148
21
-93.406
0
LINE
8
BLACK
6
CONTINUOUS
10
175.148
20
-93.406
11
175.148
21
-93.406
0
LINE
8
BLACK
6
CONTINUOUS
10
175.148
20
-93.406
11
175.148
21
-93.406
0
LINE
8
BLACK
6
CONTINUOUS
10
175.148
20
-93.406
11
175.039
21
-93.336
0
LINE
8
BLACK
6
CONTINUOUS
10
175.039
20
-93.336
11
175.039
21
-93.336
0
LINE
8
BLACK
6
CONTINUOUS
10
175.039
20
-93.336
11
175.039
21
-93.336
0
LINE
8
BLACK
6
CONTINUOUS
10
175.039
20
-93.336
11
175.039
21
-93.336
0
LINE
8
BLACK
6
CONTINUOUS
10
175.039
20
-93.336
11
174.915
21
-93.2995
0
LINE
8
BLACK
6
CONTINUOUS
10
174.915
20
-93.2995
11
174.915
21
-93.2995
0
LINE
8
BLACK
6
CONTINUOUS
10
174.915
20
-93.2995
11
174.785
21
-93.2995
0
LINE
8
BLACK
6
CONTINUOUS
10
174.785
20
-93.2995
11
174.785
21
-93.2995
0
LINE
8
BLACK
6
CONTINUOUS
10
174.785
20
-93.2995
11
174.661
21
-93.336
0
LINE
8
BLACK
6
CONTINUOUS
10
174.661
20
-93.336
11
174.661
21
-93.336
0
LINE
8
BLACK
6
CONTINUOUS
10
174.661
20
-93.336
11
174.627
21
-93.3576
0
LINE
8
BLACK
6
CONTINUOUS
10
174.627
20
-93.3576
11
174.568
21
-93.3731
0
LINE
8
BLACK
6
CONTINUOUS
10
174.568
20
-93.3731
11
174.511
21
-93.3509
0
LINE
8
BLACK
6
CONTINUOUS
10
174.511
20
-93.3509
11
174.484
21
-93.3154
0
LINE
8
BLACK
6
CONTINUOUS
10
174.484
20
-93.3154
11
174.433
21
-93.2039
0
LINE
8
BLACK
6
CONTINUOUS
10
174.433
20
-93.2039
11
174.433
21
-93.2039
0
LINE
8
BLACK
6
CONTINUOUS
10
174.433
20
-93.2039
11
174.433
21
-93.2039
0
LINE
8
BLACK
6
CONTINUOUS
10
174.433
20
-93.2039
11
174.348
21
-93.106
0
LINE
8
BLACK
6
CONTINUOUS
10
174.348
20
-93.106
11
174.348
21
-93.106
0
LINE
8
BLACK
6
CONTINUOUS
10
174.348
20
-93.106
11
174.348
21
-93.106
0
LINE
8
BLACK
6
CONTINUOUS
10
174.348
20
-93.106
11
174.239
21
-93.036
0
LINE
8
BLACK
6
CONTINUOUS
10
174.239
20
-93.036
11
174.239
21
-93.036
0
LINE
8
BLACK
6
CONTINUOUS
10
174.239
20
-93.036
11
174.239
21
-93.036
0
LINE
8
BLACK
6
CONTINUOUS
10
174.239
20
-93.036
11
174.239
21
-93.036
0
LINE
8
BLACK
6
CONTINUOUS
10
174.239
20
-93.036
11
174.115
21
-92.9995
0
LINE
8
BLACK
6
CONTINUOUS
10
174.115
20
-92.9995
11
174.115
21
-92.9995
0
LINE
8
BLACK
6
CONTINUOUS
10
174.115
20
-92.9995
11
173.985
21
-92.9995
0
LINE
8
BLACK
6
CONTINUOUS
10
173.985
20
-92.9995
11
173.985
21
-92.9995
0
LINE
8
BLACK
6
CONTINUOUS
10
173.985
20
-92.9995
11
173.861
21
-93.036
0
LINE
8
BLACK
6
CONTINUOUS
10
173.861
20
-93.036
11
173.861
21
-93.036
0
LINE
8
BLACK
6
CONTINUOUS
10
173.861
20
-93.036
11
173.752
21
-93.106
0
LINE
8
BLACK
6
CONTINUOUS
10
173.752
20
-93.106
11
173.667
21
-93.2039
0
LINE
8
BLACK
6
CONTINUOUS
10
173.667
20
-93.2039
11
173.613
21
-93.3218
0
LINE
8
BLACK
6
CONTINUOUS
10
173.613
20
-93.3218
11
173.595
21
-93.45
0
LINE
8
BLACK
6
CONTINUOUS
10
173.595
20
-93.45
11
173.595
21
-93.45
0
LINE
8
BLACK
6
CONTINUOUS
10
173.595
20
-93.45
11
173.613
21
-93.5782
0
LINE
8
BLACK
6
CONTINUOUS
10
113.366
20
-93.569
11
113.447
21
-93.6232
0
LINE
8
BLACK
6
CONTINUOUS
10
113.447
20
-93.6232
11
113.501
21
-93.7043
0
LINE
8
BLACK
6
CONTINUOUS
10
113.501
20
-93.7043
11
113.52
21
-93.8
0
LINE
8
BLACK
6
CONTINUOUS
10
113.52
20
-93.8
11
113.501
21
-93.8957
0
LINE
8
BLACK
6
CONTINUOUS
10
113.501
20
-93.8957
11
113.447
21
-93.9768
0
LINE
8
BLACK
6
CONTINUOUS
10
113.447
20
-93.9768
11
113.366
21
-94.031
0
LINE
8
BLACK
6
CONTINUOUS
10
113.366
20
-94.031
11
113.27
21
-94.05
0
LINE
8
BLACK
6
CONTINUOUS
10
113.27
20
-94.05
11
113.174
21
-94.031
0
LINE
8
BLACK
6
CONTINUOUS
10
113.174
20
-94.031
11
113.093
21
-93.9768
0
LINE
8
BLACK
6
CONTINUOUS
10
113.093
20
-93.9768
11
113.039
21
-93.8957
0
LINE
8
BLACK
6
CONTINUOUS
10
113.039
20
-93.8957
11
113.02
21
-93.8
0
LINE
8
BLACK
6
CONTINUOUS
10
113.02
20
-93.8
11
113.039
21
-93.7043
0
LINE
8
BLACK
6
CONTINUOUS
10
113.039
20
-93.7043
11
113.093
21
-93.6232
0
LINE
8
BLACK
6
CONTINUOUS
10
113.093
20
-93.6232
11
113.174
21
-93.569
0
LINE
8
BLACK
6
CONTINUOUS
10
113.174
20
-93.569
11
113.27
21
-93.55
0
LINE
8
BLACK
6
CONTINUOUS
10
113.27
20
-93.55
11
113.366
21
-93.569
0
LINE
8
BLACK
6
CONTINUOUS
10
153.763
20
-93.8282
11
153.809
21
-93.9282
0
LINE
8
BLACK
6
CONTINUOUS
10
153.809
20
-93.9282
11
153.817
21
-93.9461
0
LINE
8
BLACK
6
CONTINUOUS
10
153.817
20
-93.9461
11
153.878
21
-94.016
0
LINE
8
BLACK
6
CONTINUOUS
10
153.878
20
-94.016
11
153.902
21
-94.044
0
LINE
8
BLACK
6
CONTINUOUS
10
153.902
20
-94.044
11
153.98
21
-94.094
0
LINE
8
BLACK
6
CONTINUOUS
10
153.98
20
-94.094
11
154.011
21
-94.114
0
LINE
8
BLACK
6
CONTINUOUS
10
154.011
20
-94.114
11
154.135
21
-94.1505
0
LINE
8
BLACK
6
CONTINUOUS
10
154.135
20
-94.1505
11
154.135
21
-94.1505
0
LINE
8
BLACK
6
CONTINUOUS
10
154.135
20
-94.1505
11
154.265
21
-94.1505
0
LINE
8
BLACK
6
CONTINUOUS
10
154.265
20
-94.1505
11
154.265
21
-94.1505
0
LINE
8
BLACK
6
CONTINUOUS
10
154.265
20
-94.1505
11
154.389
21
-94.114
0
LINE
8
BLACK
6
CONTINUOUS
10
154.389
20
-94.114
11
154.498
21
-94.044
0
LINE
8
BLACK
6
CONTINUOUS
10
154.498
20
-94.044
11
154.583
21
-93.9461
0
LINE
8
BLACK
6
CONTINUOUS
10
154.583
20
-93.9461
11
154.637
21
-93.8282
0
LINE
8
BLACK
6
CONTINUOUS
10
154.637
20
-93.8282
11
154.655
21
-93.7
0
LINE
8
BLACK
6
CONTINUOUS
10
154.655
20
-93.7
11
154.655
21
-93.6995
0
LINE
8
BLACK
6
CONTINUOUS
10
154.655
20
-93.6995
11
154.637
21
-93.5718
0
LINE
8
BLACK
6
CONTINUOUS
10
154.637
20
-93.5718
11
154.612
21
-93.5182
0
LINE
8
BLACK
6
CONTINUOUS
10
154.612
20
-93.5182
11
154.583
21
-93.4539
0
LINE
8
BLACK
6
CONTINUOUS
10
154.583
20
-93.4539
11
154.498
21
-93.356
0
LINE
8
BLACK
6
CONTINUOUS
10
154.498
20
-93.356
11
154.498
21
-93.356
0
LINE
8
BLACK
6
CONTINUOUS
10
154.498
20
-93.356
11
154.498
21
-93.356
0
LINE
8
BLACK
6
CONTINUOUS
10
154.498
20
-93.356
11
154.389
21
-93.286
0
LINE
8
BLACK
6
CONTINUOUS
10
154.389
20
-93.286
11
154.389
21
-93.286
0
LINE
8
BLACK
6
CONTINUOUS
10
154.389
20
-93.286
11
154.389
21
-93.286
0
LINE
8
BLACK
6
CONTINUOUS
10
154.389
20
-93.286
11
154.389
21
-93.286
0
LINE
8
BLACK
6
CONTINUOUS
10
154.389
20
-93.286
11
154.265
21
-93.2495
0
LINE
8
BLACK
6
CONTINUOUS
10
154.265
20
-93.2495
11
154.265
21
-93.2495
0
LINE
8
BLACK
6
CONTINUOUS
10
154.265
20
-93.2495
11
154.135
21
-93.2495
0
LINE
8
BLACK
6
CONTINUOUS
10
154.135
20
-93.2495
11
154.135
21
-93.2495
0
LINE
8
BLACK
6
CONTINUOUS
10
154.135
20
-93.2495
11
154.011
21
-93.286
0
LINE
8
BLACK
6
CONTINUOUS
10
154.011
20
-93.286
11
154.011
21
-93.286
0
LINE
8
BLACK
6
CONTINUOUS
10
154.011
20
-93.286
11
153.902
21
-93.356
0
LINE
8
BLACK
6
CONTINUOUS
10
153.902
20
-93.356
11
153.817
21
-93.4539
0
LINE
8
BLACK
6
CONTINUOUS
10
153.817
20
-93.4539
11
153.763
21
-93.5718
0
LINE
8
BLACK
6
CONTINUOUS
10
153.763
20
-93.5718
11
153.745
21
-93.7
0
LINE
8
BLACK
6
CONTINUOUS
10
153.745
20
-93.7
11
153.745
21
-93.7
0
LINE
8
BLACK
6
CONTINUOUS
10
153.745
20
-93.7
11
153.763
21
-93.8282
0
LINE
8
BLACK
6
CONTINUOUS
10
172.393
20
-93.5182
11
172.441
21
-93.6218
0
LINE
8
BLACK
6
CONTINUOUS
10
172.441
20
-93.6218
11
172.447
21
-93.6361
0
LINE
8
BLACK
6
CONTINUOUS
10
172.447
20
-93.6361
11
172.516
21
-93.7154
0
LINE
8
BLACK
6
CONTINUOUS
10
172.516
20
-93.7154
11
172.532
21
-93.734
0
LINE
8
BLACK
6
CONTINUOUS
10
172.532
20
-93.734
11
172.641
21
-93.804
0
LINE
8
BLACK
6
CONTINUOUS
10
172.641
20
-93.804
11
172.641
21
-93.804
0
LINE
8
BLACK
6
CONTINUOUS
10
172.641
20
-93.804
11
172.765
21
-93.8405
0
LINE
8
BLACK
6
CONTINUOUS
10
172.765
20
-93.8405
11
172.765
21
-93.8405
0
LINE
8
BLACK
6
CONTINUOUS
10
172.765
20
-93.8405
11
172.895
21
-93.8405
0
LINE
8
BLACK
6
CONTINUOUS
10
172.895
20
-93.8405
11
172.895
21
-93.8405
0
LINE
8
BLACK
6
CONTINUOUS
10
172.895
20
-93.8405
11
173.019
21
-93.804
0
LINE
8
BLACK
6
CONTINUOUS
10
173.019
20
-93.804
11
173.128
21
-93.734
0
LINE
8
BLACK
6
CONTINUOUS
10
173.128
20
-93.734
11
173.213
21
-93.6361
0
LINE
8
BLACK
6
CONTINUOUS
10
173.213
20
-93.6361
11
173.267
21
-93.5182
0
LINE
8
BLACK
6
CONTINUOUS
10
173.267
20
-93.5182
11
173.277
21
-93.45
0
LINE
8
BLACK
6
CONTINUOUS
10
173.277
20
-93.45
11
173.285
21
-93.39
0
LINE
8
BLACK
6
CONTINUOUS
10
173.285
20
-93.39
11
173.285
21
-93.386
0
LINE
8
BLACK
6
CONTINUOUS
10
173.285
20
-93.386
11
173.267
21
-93.2618
0
LINE
8
BLACK
6
CONTINUOUS
10
173.267
20
-93.2618
11
173.248
21
-93.2211
0
LINE
8
BLACK
6
CONTINUOUS
10
173.248
20
-93.2211
11
173.213
21
-93.1439
0
LINE
8
BLACK
6
CONTINUOUS
10
173.213
20
-93.1439
11
173.128
21
-93.046
0
LINE
8
BLACK
6
CONTINUOUS
10
173.128
20
-93.046
11
173.128
21
-93.046
0
LINE
8
BLACK
6
CONTINUOUS
10
173.128
20
-93.046
11
173.128
21
-93.046
0
LINE
8
BLACK
6
CONTINUOUS
10
173.128
20
-93.046
11
173.019
21
-92.976
0
LINE
8
BLACK
6
CONTINUOUS
10
173.019
20
-92.976
11
173.019
21
-92.976
0
LINE
8
BLACK
6
CONTINUOUS
10
173.019
20
-92.976
11
173.019
21
-92.976
0
LINE
8
BLACK
6
CONTINUOUS
10
173.019
20
-92.976
11
173.019
21
-92.976
0
LINE
8
BLACK
6
CONTINUOUS
10
173.019
20
-92.976
11
172.895
21
-92.9395
0
LINE
8
BLACK
6
CONTINUOUS
10
172.895
20
-92.9395
11
172.895
21
-92.9395
0
LINE
8
BLACK
6
CONTINUOUS
10
172.895
20
-92.9395
11
172.765
21
-92.9395
0
LINE
8
BLACK
6
CONTINUOUS
10
172.765
20
-92.9395
11
172.765
21
-92.9395
0
LINE
8
BLACK
6
CONTINUOUS
10
172.765
20
-92.9395
11
172.641
21
-92.976
0
LINE
8
BLACK
6
CONTINUOUS
10
172.641
20
-92.976
11
172.641
21
-92.976
0
LINE
8
BLACK
6
CONTINUOUS
10
172.641
20
-92.976
11
172.532
21
-93.046
0
LINE
8
BLACK
6
CONTINUOUS
10
172.532
20
-93.046
11
172.447
21
-93.1439
0
LINE
8
BLACK
6
CONTINUOUS
10
172.447
20
-93.1439
11
172.393
21
-93.2618
0
LINE
8
BLACK
6
CONTINUOUS
10
172.393
20
-93.2618
11
172.375
21
-93.39
0
LINE
8
BLACK
6
CONTINUOUS
10
172.375
20
-93.39
11
172.375
21
-93.39
0
LINE
8
BLACK
6
CONTINUOUS
10
172.375
20
-93.39
11
172.393
21
-93.5182
0
LINE
8
BLACK
6
CONTINUOUS
10
171.165
20
-93.4997
11
171.197
21
-93.5711
0
LINE
8
BLACK
6
CONTINUOUS
10
171.197
20
-93.5711
11
171.219
21
-93.6175
0
LINE
8
BLACK
6
CONTINUOUS
10
171.219
20
-93.6175
11
171.29
21
-93.7
0
LINE
8
BLACK
6
CONTINUOUS
10
171.29
20
-93.7
11
171.303
21
-93.7154
0
LINE
8
BLACK
6
CONTINUOUS
10
171.303
20
-93.7154
11
171.412
21
-93.7854
0
LINE
8
BLACK
6
CONTINUOUS
10
171.412
20
-93.7854
11
171.412
21
-93.7854
0
LINE
8
BLACK
6
CONTINUOUS
10
171.412
20
-93.7854
11
171.537
21
-93.8219
0
LINE
8
BLACK
6
CONTINUOUS
10
171.537
20
-93.8219
11
171.537
21
-93.8219
0
LINE
8
BLACK
6
CONTINUOUS
10
171.537
20
-93.8219
11
171.666
21
-93.8219
0
LINE
8
BLACK
6
CONTINUOUS
10
171.666
20
-93.8219
11
171.666
21
-93.8219
0
LINE
8
BLACK
6
CONTINUOUS
10
171.666
20
-93.8219
11
171.791
21
-93.7854
0
LINE
8
BLACK
6
CONTINUOUS
10
171.791
20
-93.7854
11
171.899
21
-93.7154
0
LINE
8
BLACK
6
CONTINUOUS
10
171.899
20
-93.7154
11
171.984
21
-93.6175
0
LINE
8
BLACK
6
CONTINUOUS
10
171.984
20
-93.6175
11
172.038
21
-93.4997
0
LINE
8
BLACK
6
CONTINUOUS
10
172.038
20
-93.4997
11
172.054
21
-93.39
0
LINE
8
BLACK
6
CONTINUOUS
10
172.054
20
-93.39
11
172.054
21
-93.39
0
LINE
8
BLACK
6
CONTINUOUS
10
172.054
20
-93.39
11
172.057
21
-93.3714
0
LINE
8
BLACK
6
CONTINUOUS
10
172.057
20
-93.3714
11
172.057
21
-93.3714
0
LINE
8
BLACK
6
CONTINUOUS
10
172.057
20
-93.3714
11
172.038
21
-93.2432
0
LINE
8
BLACK
6
CONTINUOUS
10
172.038
20
-93.2432
11
172.006
21
-93.1739
0
LINE
8
BLACK
6
CONTINUOUS
10
172.006
20
-93.1739
11
171.984
21
-93.1254
0
LINE
8
BLACK
6
CONTINUOUS
10
171.984
20
-93.1254
11
171.899
21
-93.0275
0
LINE
8
BLACK
6
CONTINUOUS
10
171.899
20
-93.0275
11
171.899
21
-93.0275
0
LINE
8
BLACK
6
CONTINUOUS
10
171.899
20
-93.0275
11
171.899
21
-93.0275
0
LINE
8
BLACK
6
CONTINUOUS
10
171.899
20
-93.0275
11
171.791
21
-92.9574
0
LINE
8
BLACK
6
CONTINUOUS
10
171.791
20
-92.9574
11
171.791
21
-92.9574
0
LINE
8
BLACK
6
CONTINUOUS
10
171.791
20
-92.9574
11
171.791
21
-92.9574
0
LINE
8
BLACK
6
CONTINUOUS
10
171.791
20
-92.9574
11
171.791
21
-92.9574
0
LINE
8
BLACK
6
CONTINUOUS
10
171.791
20
-92.9574
11
171.666
21
-92.9209
0
LINE
8
BLACK
6
CONTINUOUS
10
171.666
20
-92.9209
11
171.666
21
-92.9209
0
LINE
8
BLACK
6
CONTINUOUS
10
171.666
20
-92.9209
11
171.537
21
-92.9209
0
LINE
8
BLACK
6
CONTINUOUS
10
171.537
20
-92.9209
11
171.537
21
-92.9209
0
LINE
8
BLACK
6
CONTINUOUS
10
171.537
20
-92.9209
11
171.412
21
-92.9574
0
LINE
8
BLACK
6
CONTINUOUS
10
171.412
20
-92.9574
11
171.412
21
-92.9574
0
LINE
8
BLACK
6
CONTINUOUS
10
171.412
20
-92.9574
11
171.303
21
-93.0275
0
LINE
8
BLACK
6
CONTINUOUS
10
171.303
20
-93.0275
11
171.219
21
-93.1254
0
LINE
8
BLACK
6
CONTINUOUS
10
171.219
20
-93.1254
11
171.165
21
-93.2432
0
LINE
8
BLACK
6
CONTINUOUS
10
171.165
20
-93.2432
11
171.146
21
-93.3714
0
LINE
8
BLACK
6
CONTINUOUS
10
171.146
20
-93.3714
11
171.146
21
-93.3714
0
LINE
8
BLACK
6
CONTINUOUS
10
171.146
20
-93.3714
11
171.165
21
-93.4997
0
LINE
8
BLACK
6
CONTINUOUS
10
169.903
20
-93.4782
11
169.949
21
-93.5782
0
LINE
8
BLACK
6
CONTINUOUS
10
169.949
20
-93.5782
11
169.957
21
-93.5961
0
LINE
8
BLACK
6
CONTINUOUS
10
169.957
20
-93.5961
11
169.992
21
-93.6361
0
LINE
8
BLACK
6
CONTINUOUS
10
169.992
20
-93.6361
11
170.042
21
-93.694
0
LINE
8
BLACK
6
CONTINUOUS
10
170.042
20
-93.694
11
170.129
21
-93.75
0
LINE
8
BLACK
6
CONTINUOUS
10
170.129
20
-93.75
11
170.151
21
-93.764
0
LINE
8
BLACK
6
CONTINUOUS
10
170.151
20
-93.764
11
170.275
21
-93.8005
0
LINE
8
BLACK
6
CONTINUOUS
10
170.275
20
-93.8005
11
170.275
21
-93.8005
0
LINE
8
BLACK
6
CONTINUOUS
10
170.275
20
-93.8005
11
170.405
21
-93.8005
0
LINE
8
BLACK
6
CONTINUOUS
10
170.405
20
-93.8005
11
170.405
21
-93.8005
0
LINE
8
BLACK
6
CONTINUOUS
10
170.405
20
-93.8005
11
170.529
21
-93.764
0
LINE
8
BLACK
6
CONTINUOUS
10
170.529
20
-93.764
11
170.638
21
-93.694
0
LINE
8
BLACK
6
CONTINUOUS
10
170.638
20
-93.694
11
170.723
21
-93.5961
0
LINE
8
BLACK
6
CONTINUOUS
10
170.723
20
-93.5961
11
170.777
21
-93.4782
0
LINE
8
BLACK
6
CONTINUOUS
10
170.777
20
-93.4782
11
170.792
21
-93.3714
0
LINE
8
BLACK
6
CONTINUOUS
10
170.792
20
-93.3714
11
170.795
21
-93.35
0
LINE
8
BLACK
6
CONTINUOUS
10
170.795
20
-93.35
11
170.795
21
-93.3495
0
LINE
8
BLACK
6
CONTINUOUS
10
170.795
20
-93.3495
11
170.777
21
-93.2218
0
LINE
8
BLACK
6
CONTINUOUS
10
170.777
20
-93.2218
11
170.765
21
-93.1968
0
LINE
8
BLACK
6
CONTINUOUS
10
170.765
20
-93.1968
11
170.723
21
-93.1039
0
LINE
8
BLACK
6
CONTINUOUS
10
170.723
20
-93.1039
11
170.638
21
-93.006
0
LINE
8
BLACK
6
CONTINUOUS
10
170.638
20
-93.006
11
170.638
21
-93.006
0
LINE
8
BLACK
6
CONTINUOUS
10
170.638
20
-93.006
11
170.638
21
-93.006
0
LINE
8
BLACK
6
CONTINUOUS
10
170.638
20
-93.006
11
170.529
21
-92.936
0
LINE
8
BLACK
6
CONTINUOUS
10
170.529
20
-92.936
11
170.529
21
-92.936
0
LINE
8
BLACK
6
CONTINUOUS
10
170.529
20
-92.936
11
170.529
21
-92.936
0
LINE
8
BLACK
6
CONTINUOUS
10
170.529
20
-92.936
11
170.529
21
-92.936
0
LINE
8
BLACK
6
CONTINUOUS
10
170.529
20
-92.936
11
170.405
21
-92.8995
0
LINE
8
BLACK
6
CONTINUOUS
10
170.405
20
-92.8995
11
170.405
21
-92.8995
0
LINE
8
BLACK
6
CONTINUOUS
10
170.405
20
-92.8995
11
170.275
21
-92.8995
0
LINE
8
BLACK
6
CONTINUOUS
10
170.275
20
-92.8995
11
170.275
21
-92.8995
0
LINE
8
BLACK
6
CONTINUOUS
10
170.275
20
-92.8995
11
170.151
21
-92.936
0
LINE
8
BLACK
6
CONTINUOUS
10
170.151
20
-92.936
11
170.151
21
-92.936
0
LINE
8
BLACK
6
CONTINUOUS
10
170.151
20
-92.936
11
170.042
21
-93.006
0
LINE
8
BLACK
6
CONTINUOUS
10
170.042
20
-93.006
11
169.957
21
-93.1039
0
LINE
8
BLACK
6
CONTINUOUS
10
169.957
20
-93.1039
11
169.903
21
-93.2218
0
LINE
8
BLACK
6
CONTINUOUS
10
169.903
20
-93.2218
11
169.885
21
-93.35
0
LINE
8
BLACK
6
CONTINUOUS
10
169.885
20
-93.35
11
169.885
21
-93.35
0
LINE
8
BLACK
6
CONTINUOUS
10
169.885
20
-93.35
11
169.903
21
-93.4782
0
LINE
8
BLACK
6
CONTINUOUS
10
154.711
20
-92.286
11
154.711
21
-92.286
0
LINE
8
BLACK
6
CONTINUOUS
10
154.711
20
-92.286
11
154.602
21
-92.356
0
LINE
8
BLACK
6
CONTINUOUS
10
154.602
20
-92.356
11
154.517
21
-92.4539
0
LINE
8
BLACK
6
CONTINUOUS
10
154.517
20
-92.4539
11
154.463
21
-92.5718
0
LINE
8
BLACK
6
CONTINUOUS
10
154.463
20
-92.5718
11
154.445
21
-92.7
0
LINE
8
BLACK
6
CONTINUOUS
10
154.445
20
-92.7
11
154.445
21
-92.7
0
LINE
8
BLACK
6
CONTINUOUS
10
154.445
20
-92.7
11
154.463
21
-92.8282
0
LINE
8
BLACK
6
CONTINUOUS
10
154.463
20
-92.8282
11
154.513
21
-92.936
0
LINE
8
BLACK
6
CONTINUOUS
10
154.513
20
-92.936
11
154.517
21
-92.9461
0
LINE
8
BLACK
6
CONTINUOUS
10
154.517
20
-92.9461
11
154.595
21
-93.036
0
LINE
8
BLACK
6
CONTINUOUS
10
154.595
20
-93.036
11
154.602
21
-93.044
0
LINE
8
BLACK
6
CONTINUOUS
10
154.602
20
-93.044
11
154.711
21
-93.114
0
LINE
8
BLACK
6
CONTINUOUS
10
154.711
20
-93.114
11
154.711
21
-93.114
0
LINE
8
BLACK
6
CONTINUOUS
10
154.711
20
-93.114
11
154.835
21
-93.1505
0
LINE
8
BLACK
6
CONTINUOUS
10
154.835
20
-93.1505
11
154.835
21
-93.1505
0
LINE
8
BLACK
6
CONTINUOUS
10
154.835
20
-93.1505
11
154.965
21
-93.1505
0
LINE
8
BLACK
6
CONTINUOUS
10
154.965
20
-93.1505
11
154.965
21
-93.1505
0
LINE
8
BLACK
6
CONTINUOUS
10
154.965
20
-93.1505
11
155.089
21
-93.114
0
LINE
8
BLACK
6
CONTINUOUS
10
155.089
20
-93.114
11
155.198
21
-93.044
0
LINE
8
BLACK
6
CONTINUOUS
10
155.198
20
-93.044
11
155.283
21
-92.9461
0
LINE
8
BLACK
6
CONTINUOUS
10
155.283
20
-92.9461
11
155.314
21
-92.8771
0
LINE
8
BLACK
6
CONTINUOUS
10
155.314
20
-92.8771
11
155.337
21
-92.8282
0
LINE
8
BLACK
6
CONTINUOUS
10
155.337
20
-92.8282
11
155.343
21
-92.7855
0
LINE
8
BLACK
6
CONTINUOUS
10
155.343
20
-92.7855
11
155.355
21
-92.7
0
LINE
8
BLACK
6
CONTINUOUS
10
155.355
20
-92.7
11
155.355
21
-92.7
0
LINE
8
BLACK
6
CONTINUOUS
10
155.355
20
-92.7
11
155.337
21
-92.5718
0
LINE
8
BLACK
6
CONTINUOUS
10
155.337
20
-92.5718
11
155.287
21
-92.464
0
LINE
8
BLACK
6
CONTINUOUS
10
155.287
20
-92.464
11
155.283
21
-92.4539
0
LINE
8
BLACK
6
CONTINUOUS
10
155.283
20
-92.4539
11
155.198
21
-92.356
0
LINE
8
BLACK
6
CONTINUOUS
10
155.198
20
-92.356
11
155.198
21
-92.356
0
LINE
8
BLACK
6
CONTINUOUS
10
155.198
20
-92.356
11
155.198
21
-92.356
0
LINE
8
BLACK
6
CONTINUOUS
10
155.198
20
-92.356
11
155.089
21
-92.286
0
LINE
8
BLACK
6
CONTINUOUS
10
155.089
20
-92.286
11
155.089
21
-92.286
0
LINE
8
BLACK
6
CONTINUOUS
10
155.089
20
-92.286
11
155.089
21
-92.286
0
LINE
8
BLACK
6
CONTINUOUS
10
155.089
20
-92.286
11
155.089
21
-92.286
0
LINE
8
BLACK
6
CONTINUOUS
10
155.089
20
-92.286
11
154.965
21
-92.2495
0
LINE
8
BLACK
6
CONTINUOUS
10
154.965
20
-92.2495
11
154.965
21
-92.2495
0
LINE
8
BLACK
6
CONTINUOUS
10
154.965
20
-92.2495
11
154.835
21
-92.2495
0
LINE
8
BLACK
6
CONTINUOUS
10
154.835
20
-92.2495
11
154.835
21
-92.2495
0
LINE
8
BLACK
6
CONTINUOUS
10
154.835
20
-92.2495
11
154.711
21
-92.286
0
LINE
8
BLACK
6
CONTINUOUS
10
156.613
20
-93.0053
11
156.658
21
-93.1039
0
LINE
8
BLACK
6
CONTINUOUS
10
156.658
20
-93.1039
11
156.667
21
-93.1232
0
LINE
8
BLACK
6
CONTINUOUS
10
156.667
20
-93.1232
11
156.718
21
-93.1815
0
LINE
8
BLACK
6
CONTINUOUS
10
156.718
20
-93.1815
11
156.752
21
-93.2211
0
LINE
8
BLACK
6
CONTINUOUS
10
156.752
20
-93.2211
11
156.856
21
-93.288
0
LINE
8
BLACK
6
CONTINUOUS
10
156.856
20
-93.288
11
156.861
21
-93.2911
0
LINE
8
BLACK
6
CONTINUOUS
10
156.861
20
-93.2911
11
156.985
21
-93.3276
0
LINE
8
BLACK
6
CONTINUOUS
10
156.985
20
-93.3276
11
156.985
21
-93.3276
0
LINE
8
BLACK
6
CONTINUOUS
10
156.985
20
-93.3276
11
157.115
21
-93.3276
0
LINE
8
BLACK
6
CONTINUOUS
10
157.115
20
-93.3276
11
157.115
21
-93.3276
0
LINE
8
BLACK
6
CONTINUOUS
10
157.115
20
-93.3276
11
157.239
21
-93.2911
0
LINE
8
BLACK
6
CONTINUOUS
10
157.239
20
-93.2911
11
157.348
21
-93.2211
0
LINE
8
BLACK
6
CONTINUOUS
10
157.348
20
-93.2211
11
157.433
21
-93.1232
0
LINE
8
BLACK
6
CONTINUOUS
10
157.433
20
-93.1232
11
157.468
21
-93.0457
0
LINE
8
BLACK
6
CONTINUOUS
10
157.468
20
-93.0457
11
157.487
21
-93.0053
0
LINE
8
BLACK
6
CONTINUOUS
10
157.487
20
-93.0053
11
157.505
21
-92.8793
0
LINE
8
BLACK
6
CONTINUOUS
10
157.505
20
-92.8793
11
157.505
21
-92.8771
0
LINE
8
BLACK
6
CONTINUOUS
10
157.505
20
-92.8771
11
157.505
21
-92.8771
0
LINE
8
BLACK
6
CONTINUOUS
10
157.505
20
-92.8771
11
157.487
21
-92.7489
0
LINE
8
BLACK
6
CONTINUOUS
10
157.487
20
-92.7489
11
157.465
21
-92.7017
0
LINE
8
BLACK
6
CONTINUOUS
10
157.465
20
-92.7017
11
157.433
21
-92.631
0
LINE
8
BLACK
6
CONTINUOUS
10
157.433
20
-92.631
11
157.348
21
-92.5331
0
LINE
8
BLACK
6
CONTINUOUS
10
157.348
20
-92.5331
11
157.348
21
-92.5331
0
LINE
8
BLACK
6
CONTINUOUS
10
157.348
20
-92.5331
11
157.348
21
-92.5331
0
LINE
8
BLACK
6
CONTINUOUS
10
157.348
20
-92.5331
11
157.239
21
-92.4631
0
LINE
8
BLACK
6
CONTINUOUS
10
157.239
20
-92.4631
11
157.239
21
-92.4631
0
LINE
8
BLACK
6
CONTINUOUS
10
157.239
20
-92.4631
11
157.239
21
-92.4631
0
LINE
8
BLACK
6
CONTINUOUS
10
157.239
20
-92.4631
11
157.239
21
-92.4631
0
LINE
8
BLACK
6
CONTINUOUS
10
157.239
20
-92.4631
11
157.115
21
-92.4266
0
LINE
8
BLACK
6
CONTINUOUS
10
157.115
20
-92.4266
11
157.115
21
-92.4266
0
LINE
8
BLACK
6
CONTINUOUS
10
157.115
20
-92.4266
11
156.985
21
-92.4266
0
LINE
8
BLACK
6
CONTINUOUS
10
156.985
20
-92.4266
11
156.985
21
-92.4266
0
LINE
8
BLACK
6
CONTINUOUS
10
156.985
20
-92.4266
11
156.861
21
-92.4631
0
LINE
8
BLACK
6
CONTINUOUS
10
156.861
20
-92.4631
11
156.861
21
-92.4631
0
LINE
8
BLACK
6
CONTINUOUS
10
156.861
20
-92.4631
11
156.752
21
-92.5331
0
LINE
8
BLACK
6
CONTINUOUS
10
156.752
20
-92.5331
11
156.667
21
-92.631
0
LINE
8
BLACK
6
CONTINUOUS
10
156.667
20
-92.631
11
156.613
21
-92.7489
0
LINE
8
BLACK
6
CONTINUOUS
10
156.613
20
-92.7489
11
156.595
21
-92.8771
0
LINE
8
BLACK
6
CONTINUOUS
10
156.595
20
-92.8771
11
156.595
21
-92.8771
0
LINE
8
BLACK
6
CONTINUOUS
10
156.595
20
-92.8771
11
156.613
21
-93.0053
0
LINE
8
BLACK
6
CONTINUOUS
10
135.633
20
-92.6065
11
135.714
21
-92.6607
0
LINE
8
BLACK
6
CONTINUOUS
10
135.714
20
-92.6607
11
135.768
21
-92.7418
0
LINE
8
BLACK
6
CONTINUOUS
10
135.768
20
-92.7418
11
135.787
21
-92.8375
0
LINE
8
BLACK
6
CONTINUOUS
10
135.787
20
-92.8375
11
135.768
21
-92.9332
0
LINE
8
BLACK
6
CONTINUOUS
10
135.768
20
-92.9332
11
135.714
21
-93.0143
0
LINE
8
BLACK
6
CONTINUOUS
10
135.714
20
-93.0143
11
135.633
21
-93.0685
0
LINE
8
BLACK
6
CONTINUOUS
10
135.633
20
-93.0685
11
135.537
21
-93.0875
0
LINE
8
BLACK
6
CONTINUOUS
10
135.537
20
-93.0875
11
135.442
21
-93.0685
0
LINE
8
BLACK
6
CONTINUOUS
10
135.442
20
-93.0685
11
135.361
21
-93.0143
0
LINE
8
BLACK
6
CONTINUOUS
10
135.361
20
-93.0143
11
135.307
21
-92.9332
0
LINE
8
BLACK
6
CONTINUOUS
10
135.307
20
-92.9332
11
135.287
21
-92.8375
0
LINE
8
BLACK
6
CONTINUOUS
10
135.287
20
-92.8375
11
135.307
21
-92.7418
0
LINE
8
BLACK
6
CONTINUOUS
10
135.307
20
-92.7418
11
135.361
21
-92.6607
0
LINE
8
BLACK
6
CONTINUOUS
10
135.361
20
-92.6607
11
135.442
21
-92.6065
0
LINE
8
BLACK
6
CONTINUOUS
10
135.442
20
-92.6065
11
135.537
21
-92.5875
0
LINE
8
BLACK
6
CONTINUOUS
10
135.537
20
-92.5875
11
135.633
21
-92.6065
0
LINE
8
BLACK
6
CONTINUOUS
10
105.486
20
-87.2425
11
105.803
21
-87.3176
0
LINE
8
BLACK
6
CONTINUOUS
10
105.803
20
-87.3176
11
106.109
21
-87.429
0
LINE
8
BLACK
6
CONTINUOUS
10
106.109
20
-87.429
11
106.4
21
-87.5751
0
LINE
8
BLACK
6
CONTINUOUS
10
106.4
20
-87.5751
11
106.672
21
-87.7541
0
LINE
8
BLACK
6
CONTINUOUS
10
106.672
20
-87.7541
11
106.921
21
-87.9634
0
LINE
8
BLACK
6
CONTINUOUS
10
106.921
20
-87.9634
11
107.145
21
-88.2002
0
LINE
8
BLACK
6
CONTINUOUS
10
107.145
20
-88.2002
11
107.339
21
-88.4614
0
LINE
8
BLACK
6
CONTINUOUS
10
107.339
20
-88.4614
11
107.502
21
-88.7434
0
LINE
8
BLACK
6
CONTINUOUS
10
107.502
20
-88.7434
11
107.631
21
-89.0423
0
LINE
8
BLACK
6
CONTINUOUS
10
107.631
20
-89.0423
11
107.725
21
-89.3543
0
LINE
8
BLACK
6
CONTINUOUS
10
107.725
20
-89.3543
11
107.781
21
-89.6749
0
LINE
8
BLACK
6
CONTINUOUS
10
107.781
20
-89.6749
11
107.8
21
-90
0
LINE
8
BLACK
6
CONTINUOUS
10
107.8
20
-90
11
107.781
21
-90.3251
0
LINE
8
BLACK
6
CONTINUOUS
10
107.781
20
-90.3251
11
107.725
21
-90.6457
0
LINE
8
BLACK
6
CONTINUOUS
10
107.725
20
-90.6457
11
107.631
21
-90.9577
0
LINE
8
BLACK
6
CONTINUOUS
10
107.631
20
-90.9577
11
107.502
21
-91.2566
0
LINE
8
BLACK
6
CONTINUOUS
10
107.502
20
-91.2566
11
107.339
21
-91.5386
0
LINE
8
BLACK
6
CONTINUOUS
10
107.339
20
-91.5386
11
107.145
21
-91.7998
0
LINE
8
BLACK
6
CONTINUOUS
10
107.145
20
-91.7998
11
106.921
21
-92.0366
0
LINE
8
BLACK
6
CONTINUOUS
10
106.921
20
-92.0366
11
106.672
21
-92.2459
0
LINE
8
BLACK
6
CONTINUOUS
10
106.672
20
-92.2459
11
106.4
21
-92.4249
0
LINE
8
BLACK
6
CONTINUOUS
10
106.4
20
-92.4249
11
106.109
21
-92.571
0
LINE
8
BLACK
6
CONTINUOUS
10
106.109
20
-92.571
11
105.803
21
-92.6824
0
LINE
8
BLACK
6
CONTINUOUS
10
105.803
20
-92.6824
11
105.486
21
-92.7575
0
LINE
8
BLACK
6
CONTINUOUS
10
105.486
20
-92.7575
11
105.163
21
-92.7953
0
LINE
8
BLACK
6
CONTINUOUS
10
105.163
20
-92.7953
11
104.837
21
-92.7953
0
LINE
8
BLACK
6
CONTINUOUS
10
104.837
20
-92.7953
11
104.514
21
-92.7575
0
LINE
8
BLACK
6
CONTINUOUS
10
104.514
20
-92.7575
11
104.197
21
-92.6824
0
LINE
8
BLACK
6
CONTINUOUS
10
104.197
20
-92.6824
11
103.891
21
-92.571
0
LINE
8
BLACK
6
CONTINUOUS
10
103.891
20
-92.571
11
103.6
21
-92.4249
0
LINE
8
BLACK
6
CONTINUOUS
10
103.6
20
-92.4249
11
103.328
21
-92.2459
0
LINE
8
BLACK
6
CONTINUOUS
10
103.328
20
-92.2459
11
103.079
21
-92.0366
0
LINE
8
BLACK
6
CONTINUOUS
10
103.079
20
-92.0366
11
102.855
21
-91.7998
0
LINE
8
BLACK
6
CONTINUOUS
10
102.855
20
-91.7998
11
102.661
21
-91.5386
0
LINE
8
BLACK
6
CONTINUOUS
10
102.661
20
-91.5386
11
102.498
21
-91.2566
0
LINE
8
BLACK
6
CONTINUOUS
10
102.498
20
-91.2566
11
102.369
21
-90.9577
0
LINE
8
BLACK
6
CONTINUOUS
10
102.369
20
-90.9577
11
102.275
21
-90.6457
0
LINE
8
BLACK
6
CONTINUOUS
10
102.275
20
-90.6457
11
102.219
21
-90.3251
0
LINE
8
BLACK
6
CONTINUOUS
10
102.219
20
-90.3251
11
102.2
21
-90
0
LINE
8
BLACK
6
CONTINUOUS
10
102.2
20
-90
11
102.219
21
-89.6749
0
LINE
8
BLACK
6
CONTINUOUS
10
102.219
20
-89.6749
11
102.275
21
-89.3543
0
LINE
8
BLACK
6
CONTINUOUS
10
102.275
20
-89.3543
11
102.369
21
-89.0423
0
LINE
8
BLACK
6
CONTINUOUS
10
102.369
20
-89.0423
11
102.498
21
-88.7434
0
LINE
8
BLACK
6
CONTINUOUS
10
102.498
20
-88.7434
11
102.661
21
-88.4614
0
LINE
8
BLACK
6
CONTINUOUS
10
102.661
20
-88.4614
11
102.855
21
-88.2002
0
LINE
8
BLACK
6
CONTINUOUS
10
102.855
20
-88.2002
11
103.079
21
-87.9634
0
LINE
8
BLACK
6
CONTINUOUS
10
103.079
20
-87.9634
11
103.328
21
-87.7541
0
LINE
8
BLACK
6
CONTINUOUS
10
103.328
20
-87.7541
11
103.6
21
-87.5751
0
LINE
8
BLACK
6
CONTINUOUS
10
103.6
20
-87.5751
11
103.891
21
-87.429
0
LINE
8
BLACK
6
CONTINUOUS
10
103.891
20
-87.429
11
104.197
21
-87.3176
0
LINE
8
BLACK
6
CONTINUOUS
10
104.197
20
-87.3176
11
104.514
21
-87.2425
0
LINE
8
BLACK
6
CONTINUOUS
10
104.514
20
-87.2425
11
104.837
21
-87.2047
0
LINE
8
BLACK
6
CONTINUOUS
10
104.837
20
-87.2047
11
105.163
21
-87.2047
0
LINE
8
BLACK
6
CONTINUOUS
10
105.163
20
-87.2047
11
105.486
21
-87.2425
0
LINE
8
BLACK
6
CONTINUOUS
10
181.486
20
-87.2425
11
181.803
21
-87.3176
0
LINE
8
BLACK
6
CONTINUOUS
10
181.803
20
-87.3176
11
182.109
21
-87.429
0
LINE
8
BLACK
6
CONTINUOUS
10
182.109
20
-87.429
11
182.4
21
-87.5751
0
LINE
8
BLACK
6
CONTINUOUS
10
182.4
20
-87.5751
11
182.672
21
-87.7541
0
LINE
8
BLACK
6
CONTINUOUS
10
182.672
20
-87.7541
11
182.921
21
-87.9634
0
LINE
8
BLACK
6
CONTINUOUS
10
182.921
20
-87.9634
11
183.145
21
-88.2002
0
LINE
8
BLACK
6
CONTINUOUS
10
183.145
20
-88.2002
11
183.339
21
-88.4614
0
LINE
8
BLACK
6
CONTINUOUS
10
183.339
20
-88.4614
11
183.502
21
-88.7434
0
LINE
8
BLACK
6
CONTINUOUS
10
183.502
20
-88.7434
11
183.631
21
-89.0423
0
LINE
8
BLACK
6
CONTINUOUS
10
183.631
20
-89.0423
11
183.725
21
-89.3543
0
LINE
8
BLACK
6
CONTINUOUS
10
183.725
20
-89.3543
11
183.781
21
-89.6749
0
LINE
8
BLACK
6
CONTINUOUS
10
183.781
20
-89.6749
11
183.8
21
-90
0
LINE
8
BLACK
6
CONTINUOUS
10
183.8
20
-90
11
183.781
21
-90.3251
0
LINE
8
BLACK
6
CONTINUOUS
10
183.781
20
-90.3251
11
183.725
21
-90.6457
0
LINE
8
BLACK
6
CONTINUOUS
10
183.725
20
-90.6457
11
183.631
21
-90.9577
0
LINE
8
BLACK
6
CONTINUOUS
10
183.631
20
-90.9577
11
183.502
21
-91.2566
0
LINE
8
BLACK
6
CONTINUOUS
10
183.502
20
-91.2566
11
183.339
21
-91.5386
0
LINE
8
BLACK
6
CONTINUOUS
10
183.339
20
-91.5386
11
183.145
21
-91.7998
0
LINE
8
BLACK
6
CONTINUOUS
10
183.145
20
-91.7998
11
182.921
21
-92.0366
0
LINE
8
BLACK
6
CONTINUOUS
10
182.921
20
-92.0366
11
182.672
21
-92.2459
0
LINE
8
BLACK
6
CONTINUOUS
10
182.672
20
-92.2459
11
182.4
21
-92.4249
0
LINE
8
BLACK
6
CONTINUOUS
10
182.4
20
-92.4249
11
182.109
21
-92.571
0
LINE
8
BLACK
6
CONTINUOUS
10
182.109
20
-92.571
11
181.803
21
-92.6824
0
LINE
8
BLACK
6
CONTINUOUS
10
181.803
20
-92.6824
11
181.486
21
-92.7575
0
LINE
8
BLACK
6
CONTINUOUS
10
181.486
20
-92.7575
11
181.163
21
-92.7953
0
LINE
8
BLACK
6
CONTINUOUS
10
181.163
20
-92.7953
11
180.837
21
-92.7953
0
LINE
8
BLACK
6
CONTINUOUS
10
180.837
20
-92.7953
11
180.514
21
-92.7575
0
LINE
8
BLACK
6
CONTINUOUS
10
180.514
20
-92.7575
11
180.197
21
-92.6824
0
LINE
8
BLACK
6
CONTINUOUS
10
180.197
20
-92.6824
11
179.891
21
-92.571
0
LINE
8
BLACK
6
CONTINUOUS
10
179.891
20
-92.571
11
179.6
21
-92.4249
0
LINE
8
BLACK
6
CONTINUOUS
10
179.6
20
-92.4249
11
179.328
21
-92.2459
0
LINE
8
BLACK
6
CONTINUOUS
10
179.328
20
-92.2459
11
179.079
21
-92.0366
0
LINE
8
BLACK
6
CONTINUOUS
10
179.079
20
-92.0366
11
178.855
21
-91.7998
0
LINE
8
BLACK
6
CONTINUOUS
10
178.855
20
-91.7998
11
178.661
21
-91.5386
0
LINE
8
BLACK
6
CONTINUOUS
10
178.661
20
-91.5386
11
178.498
21
-91.2566
0
LINE
8
BLACK
6
CONTINUOUS
10
178.498
20
-91.2566
11
178.369
21
-90.9577
0
LINE
8
BLACK
6
CONTINUOUS
10
178.369
20
-90.9577
11
178.275
21
-90.6457
0
LINE
8
BLACK
6
CONTINUOUS
10
178.275
20
-90.6457
11
178.219
21
-90.3251
0
LINE
8
BLACK
6
CONTINUOUS
10
178.219
20
-90.3251
11
178.2
21
-90
0
LINE
8
BLACK
6
CONTINUOUS
10
178.2
20
-90
11
178.219
21
-89.6749
0
LINE
8
BLACK
6
CONTINUOUS
10
178.219
20
-89.6749
11
178.275
21
-89.3543
0
LINE
8
BLACK
6
CONTINUOUS
10
178.275
20
-89.3543
11
178.369
21
-89.0423
0
LINE
8
BLACK
6
CONTINUOUS
10
178.369
20
-89.0423
11
178.498
21
-88.7434
0
LINE
8
BLACK
6
CONTINUOUS
10
178.498
20
-88.7434
11
178.661
21
-88.4614
0
LINE
8
BLACK
6
CONTINUOUS
10
178.661
20
-88.4614
11
178.855
21
-88.2002
0
LINE
8
BLACK
6
CONTINUOUS
10
178.855
20
-88.2002
11
179.079
21
-87.9634
0
LINE
8
BLACK
6
CONTINUOUS
10
179.079
20
-87.9634
11
179.328
21
-87.7541
0
LINE
8
BLACK
6
CONTINUOUS
10
179.328
20
-87.7541
11
179.6
21
-87.5751
0
LINE
8
BLACK
6
CONTINUOUS
10
179.6
20
-87.5751
11
179.891
21
-87.429
0
LINE
8
BLACK
6
CONTINUOUS
10
179.891
20
-87.429
11
180.197
21
-87.3176
0
LINE
8
BLACK
6
CONTINUOUS
10
180.197
20
-87.3176
11
180.514
21
-87.2425
0
LINE
8
BLACK
6
CONTINUOUS
10
180.514
20
-87.2425
11
180.837
21
-87.2047
0
LINE
8
BLACK
6
CONTINUOUS
10
180.837
20
-87.2047
11
181.163
21
-87.2047
0
LINE
8
BLACK
6
CONTINUOUS
10
181.163
20
-87.2047
11
181.486
21
-87.2425
0
LINE
8
BLACK
6
CONTINUOUS
10
130.696
20
-91.819
11
130.777
21
-91.8732
0
LINE
8
BLACK
6
CONTINUOUS
10
130.777
20
-91.8732
11
130.831
21
-91.9543
0
LINE
8
BLACK
6
CONTINUOUS
10
130.831
20
-91.9543
11
130.85
21
-92.05
0
LINE
8
BLACK
6
CONTINUOUS
10
130.85
20
-92.05
11
130.831
21
-92.1457
0
LINE
8
BLACK
6
CONTINUOUS
10
130.831
20
-92.1457
11
130.777
21
-92.2268
0
LINE
8
BLACK
6
CONTINUOUS
10
130.777
20
-92.2268
11
130.696
21
-92.281
0
LINE
8
BLACK
6
CONTINUOUS
10
130.696
20
-92.281
11
130.6
21
-92.3
0
LINE
8
BLACK
6
CONTINUOUS
10
130.6
20
-92.3
11
130.504
21
-92.281
0
LINE
8
BLACK
6
CONTINUOUS
10
130.504
20
-92.281
11
130.423
21
-92.2268
0
LINE
8
BLACK
6
CONTINUOUS
10
130.423
20
-92.2268
11
130.369
21
-92.1457
0
LINE
8
BLACK
6
CONTINUOUS
10
130.369
20
-92.1457
11
130.35
21
-92.05
0
LINE
8
BLACK
6
CONTINUOUS
10
130.35
20
-92.05
11
130.369
21
-91.9543
0
LINE
8
BLACK
6
CONTINUOUS
10
130.369
20
-91.9543
11
130.423
21
-91.8732
0
LINE
8
BLACK
6
CONTINUOUS
10
130.423
20
-91.8732
11
130.504
21
-91.819
0
LINE
8
BLACK
6
CONTINUOUS
10
130.504
20
-91.819
11
130.6
21
-91.8
0
LINE
8
BLACK
6
CONTINUOUS
10
130.6
20
-91.8
11
130.696
21
-91.819
0
LINE
8
BLACK
6
CONTINUOUS
10
132.196
20
-91.769
11
132.277
21
-91.8232
0
LINE
8
BLACK
6
CONTINUOUS
10
132.277
20
-91.8232
11
132.331
21
-91.9043
0
LINE
8
BLACK
6
CONTINUOUS
10
132.331
20
-91.9043
11
132.35
21
-92
0
LINE
8
BLACK
6
CONTINUOUS
10
132.35
20
-92
11
132.331
21
-92.0957
0
LINE
8
BLACK
6
CONTINUOUS
10
132.331
20
-92.0957
11
132.277
21
-92.1768
0
LINE
8
BLACK
6
CONTINUOUS
10
132.277
20
-92.1768
11
132.196
21
-92.231
0
LINE
8
BLACK
6
CONTINUOUS
10
132.196
20
-92.231
11
132.1
21
-92.25
0
LINE
8
BLACK
6
CONTINUOUS
10
132.1
20
-92.25
11
132.004
21
-92.231
0
LINE
8
BLACK
6
CONTINUOUS
10
132.004
20
-92.231
11
131.923
21
-92.1768
0
LINE
8
BLACK
6
CONTINUOUS
10
131.923
20
-92.1768
11
131.869
21
-92.0957
0
LINE
8
BLACK
6
CONTINUOUS
10
131.869
20
-92.0957
11
131.85
21
-92
0
LINE
8
BLACK
6
CONTINUOUS
10
131.85
20
-92
11
131.869
21
-91.9043
0
LINE
8
BLACK
6
CONTINUOUS
10
131.869
20
-91.9043
11
131.923
21
-91.8232
0
LINE
8
BLACK
6
CONTINUOUS
10
131.923
20
-91.8232
11
132.004
21
-91.769
0
LINE
8
BLACK
6
CONTINUOUS
10
132.004
20
-91.769
11
132.1
21
-91.75
0
LINE
8
BLACK
6
CONTINUOUS
10
132.1
20
-91.75
11
132.196
21
-91.769
0
LINE
8
BLACK
6
CONTINUOUS
10
163.116
20
-91.669
11
163.197
21
-91.7232
0
LINE
8
BLACK
6
CONTINUOUS
10
163.197
20
-91.7232
11
163.251
21
-91.8043
0
LINE
8
BLACK
6
CONTINUOUS
10
163.251
20
-91.8043
11
163.27
21
-91.9
0
LINE
8
BLACK
6
CONTINUOUS
10
163.27
20
-91.9
11
163.251
21
-91.9957
0
LINE
8
BLACK
6
CONTINUOUS
10
163.251
20
-91.9957
11
163.197
21
-92.0768
0
LINE
8
BLACK
6
CONTINUOUS
10
163.197
20
-92.0768
11
163.116
21
-92.131
0
LINE
8
BLACK
6
CONTINUOUS
10
163.116
20
-92.131
11
163.02
21
-92.15
0
LINE
8
BLACK
6
CONTINUOUS
10
163.02
20
-92.15
11
162.924
21
-92.131
0
LINE
8
BLACK
6
CONTINUOUS
10
162.924
20
-92.131
11
162.843
21
-92.0768
0
LINE
8
BLACK
6
CONTINUOUS
10
162.843
20
-92.0768
11
162.789
21
-91.9957
0
LINE
8
BLACK
6
CONTINUOUS
10
162.789
20
-91.9957
11
162.77
21
-91.9
0
LINE
8
BLACK
6
CONTINUOUS
10
162.77
20
-91.9
11
162.789
21
-91.8043
0
LINE
8
BLACK
6
CONTINUOUS
10
162.789
20
-91.8043
11
162.843
21
-91.7232
0
LINE
8
BLACK
6
CONTINUOUS
10
162.843
20
-91.7232
11
162.924
21
-91.669
0
LINE
8
BLACK
6
CONTINUOUS
10
162.924
20
-91.669
11
163.02
21
-91.65
0
LINE
8
BLACK
6
CONTINUOUS
10
163.02
20
-91.65
11
163.116
21
-91.669
0
LINE
8
BLACK
6
CONTINUOUS
10
113.775
20
-91.141
11
113.774
21
-91.141
0
LINE
8
BLACK
6
CONTINUOUS
10
113.774
20
-91.141
11
113.666
21
-91.211
0
LINE
8
BLACK
6
CONTINUOUS
10
113.666
20
-91.211
11
113.581
21
-91.309
0
LINE
8
BLACK
6
CONTINUOUS
10
113.581
20
-91.309
11
113.527
21
-91.4268
0
LINE
8
BLACK
6
CONTINUOUS
10
113.527
20
-91.4268
11
113.508
21
-91.555
0
LINE
8
BLACK
6
CONTINUOUS
10
113.508
20
-91.555
11
113.508
21
-91.555
0
LINE
8
BLACK
6
CONTINUOUS
10
113.508
20
-91.555
11
113.527
21
-91.6832
0
LINE
8
BLACK
6
CONTINUOUS
10
113.527
20
-91.6832
11
113.581
21
-91.8011
0
LINE
8
BLACK
6
CONTINUOUS
10
113.581
20
-91.8011
11
113.581
21
-91.8011
0
LINE
8
BLACK
6
CONTINUOUS
10
113.581
20
-91.8011
11
113.624
21
-91.8505
0
LINE
8
BLACK
6
CONTINUOUS
10
113.624
20
-91.8505
11
113.666
21
-91.899
0
LINE
8
BLACK
6
CONTINUOUS
10
113.666
20
-91.899
11
113.717
21
-91.932
0
LINE
8
BLACK
6
CONTINUOUS
10
113.717
20
-91.932
11
113.774
21
-91.969
0
LINE
8
BLACK
6
CONTINUOUS
10
113.774
20
-91.969
11
113.899
21
-92.0055
0
LINE
8
BLACK
6
CONTINUOUS
10
113.899
20
-92.0055
11
113.899
21
-92.0055
0
LINE
8
BLACK
6
CONTINUOUS
10
113.899
20
-92.0055
11
114.028
21
-92.0055
0
LINE
8
BLACK
6
CONTINUOUS
10
114.028
20
-92.0055
11
114.028
21
-92.0055
0
LINE
8
BLACK
6
CONTINUOUS
10
114.028
20
-92.0055
11
114.153
21
-91.969
0
LINE
8
BLACK
6
CONTINUOUS
10
114.153
20
-91.969
11
114.262
21
-91.899
0
LINE
8
BLACK
6
CONTINUOUS
10
114.262
20
-91.899
11
114.346
21
-91.8011
0
LINE
8
BLACK
6
CONTINUOUS
10
114.346
20
-91.8011
11
114.4
21
-91.6832
0
LINE
8
BLACK
6
CONTINUOUS
10
114.4
20
-91.6832
11
114.413
21
-91.594
0
LINE
8
BLACK
6
CONTINUOUS
10
114.413
20
-91.594
11
114.419
21
-91.555
0
LINE
8
BLACK
6
CONTINUOUS
10
114.419
20
-91.555
11
114.419
21
-91.555
0
LINE
8
BLACK
6
CONTINUOUS
10
114.419
20
-91.555
11
114.4
21
-91.4268
0
LINE
8
BLACK
6
CONTINUOUS
10
114.4
20
-91.4268
11
114.367
21
-91.3532
0
LINE
8
BLACK
6
CONTINUOUS
10
114.367
20
-91.3532
11
114.346
21
-91.309
0
LINE
8
BLACK
6
CONTINUOUS
10
114.346
20
-91.309
11
114.262
21
-91.211
0
LINE
8
BLACK
6
CONTINUOUS
10
114.262
20
-91.211
11
114.262
21
-91.211
0
LINE
8
BLACK
6
CONTINUOUS
10
114.262
20
-91.211
11
114.262
21
-91.211
0
LINE
8
BLACK
6
CONTINUOUS
10
114.262
20
-91.211
11
114.153
21
-91.141
0
LINE
8
BLACK
6
CONTINUOUS
10
114.153
20
-91.141
11
114.153
21
-91.141
0
LINE
8
BLACK
6
CONTINUOUS
10
114.153
20
-91.141
11
114.153
21
-91.141
0
LINE
8
BLACK
6
CONTINUOUS
10
114.153
20
-91.141
11
114.153
21
-91.141
0
LINE
8
BLACK
6
CONTINUOUS
10
114.153
20
-91.141
11
114.028
21
-91.1045
0
LINE
8
BLACK
6
CONTINUOUS
10
114.028
20
-91.1045
11
114.028
21
-91.1045
0
LINE
8
BLACK
6
CONTINUOUS
10
114.028
20
-91.1045
11
113.899
21
-91.1045
0
LINE
8
BLACK
6
CONTINUOUS
10
113.899
20
-91.1045
11
113.899
21
-91.1045
0
LINE
8
BLACK
6
CONTINUOUS
10
113.899
20
-91.1045
11
113.775
21
-91.141
0
LINE
8
BLACK
6
CONTINUOUS
10
168.861
20
-90.886
11
168.861
21
-90.886
0
LINE
8
BLACK
6
CONTINUOUS
10
168.861
20
-90.886
11
168.752
21
-90.956
0
LINE
8
BLACK
6
CONTINUOUS
10
168.752
20
-90.956
11
168.667
21
-91.0539
0
LINE
8
BLACK
6
CONTINUOUS
10
168.667
20
-91.0539
11
168.613
21
-91.1718
0
LINE
8
BLACK
6
CONTINUOUS
10
168.613
20
-91.1718
11
168.595
21
-91.3
0
LINE
8
BLACK
6
CONTINUOUS
10
168.595
20
-91.3
11
168.595
21
-91.3
0
LINE
8
BLACK
6
CONTINUOUS
10
168.595
20
-91.3
11
168.613
21
-91.4282
0
LINE
8
BLACK
6
CONTINUOUS
10
168.613
20
-91.4282
11
168.659
21
-91.5282
0
LINE
8
BLACK
6
CONTINUOUS
10
168.659
20
-91.5282
11
168.667
21
-91.5461
0
LINE
8
BLACK
6
CONTINUOUS
10
168.667
20
-91.5461
11
168.745
21
-91.636
0
LINE
8
BLACK
6
CONTINUOUS
10
168.745
20
-91.636
11
168.752
21
-91.644
0
LINE
8
BLACK
6
CONTINUOUS
10
168.752
20
-91.644
11
168.859
21
-91.7127
0
LINE
8
BLACK
6
CONTINUOUS
10
168.859
20
-91.7127
11
168.861
21
-91.714
0
LINE
8
BLACK
6
CONTINUOUS
10
168.861
20
-91.714
11
168.985
21
-91.7505
0
LINE
8
BLACK
6
CONTINUOUS
10
168.985
20
-91.7505
11
168.985
21
-91.7505
0
LINE
8
BLACK
6
CONTINUOUS
10
168.985
20
-91.7505
11
169.115
21
-91.7505
0
LINE
8
BLACK
6
CONTINUOUS
10
169.115
20
-91.7505
11
169.115
21
-91.7505
0
LINE
8
BLACK
6
CONTINUOUS
10
169.115
20
-91.7505
11
169.239
21
-91.714
0
LINE
8
BLACK
6
CONTINUOUS
10
169.239
20
-91.714
11
169.348
21
-91.644
0
LINE
8
BLACK
6
CONTINUOUS
10
169.348
20
-91.644
11
169.433
21
-91.5461
0
LINE
8
BLACK
6
CONTINUOUS
10
169.433
20
-91.5461
11
169.487
21
-91.4282
0
LINE
8
BLACK
6
CONTINUOUS
10
169.487
20
-91.4282
11
169.497
21
-91.3532
0
LINE
8
BLACK
6
CONTINUOUS
10
169.497
20
-91.3532
11
169.505
21
-91.3
0
LINE
8
BLACK
6
CONTINUOUS
10
169.505
20
-91.3
11
169.505
21
-91.3
0
LINE
8
BLACK
6
CONTINUOUS
10
169.505
20
-91.3
11
169.487
21
-91.1718
0
LINE
8
BLACK
6
CONTINUOUS
10
169.487
20
-91.1718
11
169.474
21
-91.1438
0
LINE
8
BLACK
6
CONTINUOUS
10
169.474
20
-91.1438
11
169.433
21
-91.0539
0
LINE
8
BLACK
6
CONTINUOUS
10
169.433
20
-91.0539
11
169.348
21
-90.956
0
LINE
8
BLACK
6
CONTINUOUS
10
169.348
20
-90.956
11
169.348
21
-90.956
0
LINE
8
BLACK
6
CONTINUOUS
10
169.348
20
-90.956
11
169.348
21
-90.956
0
LINE
8
BLACK
6
CONTINUOUS
10
169.348
20
-90.956
11
169.239
21
-90.886
0
LINE
8
BLACK
6
CONTINUOUS
10
169.239
20
-90.886
11
169.239
21
-90.886
0
LINE
8
BLACK
6
CONTINUOUS
10
169.239
20
-90.886
11
169.239
21
-90.886
0
LINE
8
BLACK
6
CONTINUOUS
10
169.239
20
-90.886
11
169.239
21
-90.886
0
LINE
8
BLACK
6
CONTINUOUS
10
169.239
20
-90.886
11
169.115
21
-90.8495
0
LINE
8
BLACK
6
CONTINUOUS
10
169.115
20
-90.8495
11
169.115
21
-90.8495
0
LINE
8
BLACK
6
CONTINUOUS
10
169.115
20
-90.8495
11
168.985
21
-90.8495
0
LINE
8
BLACK
6
CONTINUOUS
10
168.985
20
-90.8495
11
168.985
21
-90.8495
0
LINE
8
BLACK
6
CONTINUOUS
10
168.985
20
-90.8495
11
168.861
21
-90.886
0
LINE
8
BLACK
6
CONTINUOUS
10
123.411
20
-90.836
11
123.411
21
-90.836
0
LINE
8
BLACK
6
CONTINUOUS
10
123.411
20
-90.836
11
123.302
21
-90.906
0
LINE
8
BLACK
6
CONTINUOUS
10
123.302
20
-90.906
11
123.217
21
-91.0039
0
LINE
8
BLACK
6
CONTINUOUS
10
123.217
20
-91.0039
11
123.163
21
-91.1218
0
LINE
8
BLACK
6
CONTINUOUS
10
123.163
20
-91.1218
11
123.145
21
-91.25
0
LINE
8
BLACK
6
CONTINUOUS
10
123.145
20
-91.25
11
123.145
21
-91.25
0
LINE
8
BLACK
6
CONTINUOUS
10
123.145
20
-91.25
11
123.163
21
-91.3782
0
LINE
8
BLACK
6
CONTINUOUS
10
123.163
20
-91.3782
11
123.213
21
-91.486
0
LINE
8
BLACK
6
CONTINUOUS
10
123.213
20
-91.486
11
123.217
21
-91.4961
0
LINE
8
BLACK
6
CONTINUOUS
10
123.217
20
-91.4961
11
123.295
21
-91.586
0
LINE
8
BLACK
6
CONTINUOUS
10
123.295
20
-91.586
11
123.302
21
-91.594
0
LINE
8
BLACK
6
CONTINUOUS
10
123.302
20
-91.594
11
123.411
21
-91.664
0
LINE
8
BLACK
6
CONTINUOUS
10
123.411
20
-91.664
11
123.411
21
-91.664
0
LINE
8
BLACK
6
CONTINUOUS
10
123.411
20
-91.664
11
123.535
21
-91.7005
0
LINE
8
BLACK
6
CONTINUOUS
10
123.535
20
-91.7005
11
123.535
21
-91.7005
0
LINE
8
BLACK
6
CONTINUOUS
10
123.535
20
-91.7005
11
123.665
21
-91.7005
0
LINE
8
BLACK
6
CONTINUOUS
10
123.665
20
-91.7005
11
123.665
21
-91.7005
0
LINE
8
BLACK
6
CONTINUOUS
10
123.665
20
-91.7005
11
123.789
21
-91.664
0
LINE
8
BLACK
6
CONTINUOUS
10
123.789
20
-91.664
11
123.898
21
-91.594
0
LINE
8
BLACK
6
CONTINUOUS
10
123.898
20
-91.594
11
123.983
21
-91.4961
0
LINE
8
BLACK
6
CONTINUOUS
10
123.983
20
-91.4961
11
124.037
21
-91.3782
0
LINE
8
BLACK
6
CONTINUOUS
10
124.037
20
-91.3782
11
124.048
21
-91.3
0
LINE
8
BLACK
6
CONTINUOUS
10
124.048
20
-91.3
11
124.055
21
-91.25
0
LINE
8
BLACK
6
CONTINUOUS
10
124.055
20
-91.25
11
124.055
21
-91.25
0
LINE
8
BLACK
6
CONTINUOUS
10
124.055
20
-91.25
11
124.037
21
-91.1218
0
LINE
8
BLACK
6
CONTINUOUS
10
124.037
20
-91.1218
11
124.035
21
-91.1189
0
LINE
8
BLACK
6
CONTINUOUS
10
124.035
20
-91.1189
11
123.983
21
-91.0039
0
LINE
8
BLACK
6
CONTINUOUS
10
123.983
20
-91.0039
11
123.898
21
-90.906
0
LINE
8
BLACK
6
CONTINUOUS
10
123.898
20
-90.906
11
123.898
21
-90.906
0
LINE
8
BLACK
6
CONTINUOUS
10
123.898
20
-90.906
11
123.898
21
-90.906
0
LINE
8
BLACK
6
CONTINUOUS
10
123.898
20
-90.906
11
123.789
21
-90.836
0
LINE
8
BLACK
6
CONTINUOUS
10
123.789
20
-90.836
11
123.789
21
-90.836
0
LINE
8
BLACK
6
CONTINUOUS
10
123.789
20
-90.836
11
123.789
21
-90.836
0
LINE
8
BLACK
6
CONTINUOUS
10
123.789
20
-90.836
11
123.772
21
-90.8309
0
LINE
8
BLACK
6
CONTINUOUS
10
123.772
20
-90.8309
11
123.665
21
-90.7995
0
LINE
8
BLACK
6
CONTINUOUS
10
123.665
20
-90.7995
11
123.665
21
-90.7995
0
LINE
8
BLACK
6
CONTINUOUS
10
123.665
20
-90.7995
11
123.535
21
-90.7995
0
LINE
8
BLACK
6
CONTINUOUS
10
123.535
20
-90.7995
11
123.535
21
-90.7995
0
LINE
8
BLACK
6
CONTINUOUS
10
123.535
20
-90.7995
11
123.411
21
-90.836
0
LINE
8
BLACK
6
CONTINUOUS
10
166.546
20
-91.169
11
166.627
21
-91.2232
0
LINE
8
BLACK
6
CONTINUOUS
10
166.627
20
-91.2232
11
166.681
21
-91.3043
0
LINE
8
BLACK
6
CONTINUOUS
10
166.681
20
-91.3043
11
166.7
21
-91.4
0
LINE
8
BLACK
6
CONTINUOUS
10
166.7
20
-91.4
11
166.681
21
-91.4957
0
LINE
8
BLACK
6
CONTINUOUS
10
166.681
20
-91.4957
11
166.627
21
-91.5768
0
LINE
8
BLACK
6
CONTINUOUS
10
166.627
20
-91.5768
11
166.546
21
-91.631
0
LINE
8
BLACK
6
CONTINUOUS
10
166.546
20
-91.631
11
166.45
21
-91.65
0
LINE
8
BLACK
6
CONTINUOUS
10
166.45
20
-91.65
11
166.354
21
-91.631
0
LINE
8
BLACK
6
CONTINUOUS
10
166.354
20
-91.631
11
166.273
21
-91.5768
0
LINE
8
BLACK
6
CONTINUOUS
10
166.273
20
-91.5768
11
166.219
21
-91.4957
0
LINE
8
BLACK
6
CONTINUOUS
10
166.219
20
-91.4957
11
166.2
21
-91.4
0
LINE
8
BLACK
6
CONTINUOUS
10
166.2
20
-91.4
11
166.219
21
-91.3043
0
LINE
8
BLACK
6
CONTINUOUS
10
166.219
20
-91.3043
11
166.273
21
-91.2232
0
LINE
8
BLACK
6
CONTINUOUS
10
166.273
20
-91.2232
11
166.354
21
-91.169
0
LINE
8
BLACK
6
CONTINUOUS
10
166.354
20
-91.169
11
166.45
21
-91.15
0
LINE
8
BLACK
6
CONTINUOUS
10
166.45
20
-91.15
11
166.546
21
-91.169
0
LINE
8
BLACK
6
CONTINUOUS
10
167.346
20
-91.169
11
167.427
21
-91.2232
0
LINE
8
BLACK
6
CONTINUOUS
10
167.427
20
-91.2232
11
167.481
21
-91.3043
0
LINE
8
BLACK
6
CONTINUOUS
10
167.481
20
-91.3043
11
167.5
21
-91.4
0
LINE
8
BLACK
6
CONTINUOUS
10
167.5
20
-91.4
11
167.481
21
-91.4957
0
LINE
8
BLACK
6
CONTINUOUS
10
167.481
20
-91.4957
11
167.427
21
-91.5768
0
LINE
8
BLACK
6
CONTINUOUS
10
167.427
20
-91.5768
11
167.346
21
-91.631
0
LINE
8
BLACK
6
CONTINUOUS
10
167.346
20
-91.631
11
167.25
21
-91.65
0
LINE
8
BLACK
6
CONTINUOUS
10
167.25
20
-91.65
11
167.154
21
-91.631
0
LINE
8
BLACK
6
CONTINUOUS
10
167.154
20
-91.631
11
167.073
21
-91.5768
0
LINE
8
BLACK
6
CONTINUOUS
10
167.073
20
-91.5768
11
167.019
21
-91.4957
0
LINE
8
BLACK
6
CONTINUOUS
10
167.019
20
-91.4957
11
167
21
-91.4
0
LINE
8
BLACK
6
CONTINUOUS
10
167
20
-91.4
11
167.019
21
-91.3043
0
LINE
8
BLACK
6
CONTINUOUS
10
167.019
20
-91.3043
11
167.073
21
-91.2232
0
LINE
8
BLACK
6
CONTINUOUS
10
167.073
20
-91.2232
11
167.154
21
-91.169
0
LINE
8
BLACK
6
CONTINUOUS
10
167.154
20
-91.169
11
167.25
21
-91.15
0
LINE
8
BLACK
6
CONTINUOUS
10
167.25
20
-91.15
11
167.346
21
-91.169
0
LINE
8
BLACK
6
CONTINUOUS
10
174.258
20
-91.4282
11
174.303
21
-91.5282
0
LINE
8
BLACK
6
CONTINUOUS
10
174.303
20
-91.5282
11
174.312
21
-91.5461
0
LINE
8
BLACK
6
CONTINUOUS
10
174.312
20
-91.5461
11
174.39
21
-91.636
0
LINE
8
BLACK
6
CONTINUOUS
10
174.39
20
-91.636
11
174.396
21
-91.644
0
LINE
8
BLACK
6
CONTINUOUS
10
174.396
20
-91.644
11
174.503
21
-91.7127
0
LINE
8
BLACK
6
CONTINUOUS
10
174.503
20
-91.7127
11
174.505
21
-91.714
0
LINE
8
BLACK
6
CONTINUOUS
10
174.505
20
-91.714
11
174.63
21
-91.7505
0
LINE
8
BLACK
6
CONTINUOUS
10
174.63
20
-91.7505
11
174.63
21
-91.7505
0
LINE
8
BLACK
6
CONTINUOUS
10
174.63
20
-91.7505
11
174.759
21
-91.7505
0
LINE
8
BLACK
6
CONTINUOUS
10
174.759
20
-91.7505
11
174.759
21
-91.7505
0
LINE
8
BLACK
6
CONTINUOUS
10
174.759
20
-91.7505
11
174.884
21
-91.714
0
LINE
8
BLACK
6
CONTINUOUS
10
174.884
20
-91.714
11
174.993
21
-91.644
0
LINE
8
BLACK
6
CONTINUOUS
10
174.993
20
-91.644
11
175.077
21
-91.5461
0
LINE
8
BLACK
6
CONTINUOUS
10
175.077
20
-91.5461
11
175.131
21
-91.4282
0
LINE
8
BLACK
6
CONTINUOUS
10
175.131
20
-91.4282
11
175.142
21
-91.3532
0
LINE
8
BLACK
6
CONTINUOUS
10
175.142
20
-91.3532
11
175.15
21
-91.3
0
LINE
8
BLACK
6
CONTINUOUS
10
175.15
20
-91.3
11
175.15
21
-91.3
0
LINE
8
BLACK
6
CONTINUOUS
10
175.15
20
-91.3
11
175.131
21
-91.1718
0
LINE
8
BLACK
6
CONTINUOUS
10
175.131
20
-91.1718
11
175.118
21
-91.1438
0
LINE
8
BLACK
6
CONTINUOUS
10
175.118
20
-91.1438
11
175.077
21
-91.0539
0
LINE
8
BLACK
6
CONTINUOUS
10
175.077
20
-91.0539
11
174.993
21
-90.956
0
LINE
8
BLACK
6
CONTINUOUS
10
174.993
20
-90.956
11
174.993
21
-90.956
0
LINE
8
BLACK
6
CONTINUOUS
10
174.993
20
-90.956
11
174.993
21
-90.956
0
LINE
8
BLACK
6
CONTINUOUS
10
174.993
20
-90.956
11
174.884
21
-90.886
0
LINE
8
BLACK
6
CONTINUOUS
10
174.884
20
-90.886
11
174.884
21
-90.886
0
LINE
8
BLACK
6
CONTINUOUS
10
174.884
20
-90.886
11
174.884
21
-90.886
0
LINE
8
BLACK
6
CONTINUOUS
10
174.884
20
-90.886
11
174.884
21
-90.886
0
LINE
8
BLACK
6
CONTINUOUS
10
174.884
20
-90.886
11
174.759
21
-90.8495
0
LINE
8
BLACK
6
CONTINUOUS
10
174.759
20
-90.8495
11
174.759
21
-90.8495
0
LINE
8
BLACK
6
CONTINUOUS
10
174.759
20
-90.8495
11
174.63
21
-90.8495
0
LINE
8
BLACK
6
CONTINUOUS
10
174.63
20
-90.8495
11
174.63
21
-90.8495
0
LINE
8
BLACK
6
CONTINUOUS
10
174.63
20
-90.8495
11
174.505
21
-90.886
0
LINE
8
BLACK
6
CONTINUOUS
10
174.505
20
-90.886
11
174.505
21
-90.886
0
LINE
8
BLACK
6
CONTINUOUS
10
174.505
20
-90.886
11
174.396
21
-90.956
0
LINE
8
BLACK
6
CONTINUOUS
10
174.396
20
-90.956
11
174.312
21
-91.0539
0
LINE
8
BLACK
6
CONTINUOUS
10
174.312
20
-91.0539
11
174.258
21
-91.1718
0
LINE
8
BLACK
6
CONTINUOUS
10
174.258
20
-91.1718
11
174.239
21
-91.3
0
LINE
8
BLACK
6
CONTINUOUS
10
174.239
20
-91.3
11
174.239
21
-91.3
0
LINE
8
BLACK
6
CONTINUOUS
10
174.239
20
-91.3
11
174.258
21
-91.4282
0
LINE
8
BLACK
6
CONTINUOUS
10
134.463
20
-91.3782
11
134.513
21
-91.486
0
LINE
8
BLACK
6
CONTINUOUS
10
134.513
20
-91.486
11
134.517
21
-91.4961
0
LINE
8
BLACK
6
CONTINUOUS
10
134.517
20
-91.4961
11
134.595
21
-91.586
0
LINE
8
BLACK
6
CONTINUOUS
10
134.595
20
-91.586
11
134.602
21
-91.594
0
LINE
8
BLACK
6
CONTINUOUS
10
134.602
20
-91.594
11
134.711
21
-91.664
0
LINE
8
BLACK
6
CONTINUOUS
10
134.711
20
-91.664
11
134.711
21
-91.664
0
LINE
8
BLACK
6
CONTINUOUS
10
134.711
20
-91.664
11
134.835
21
-91.7005
0
LINE
8
BLACK
6
CONTINUOUS
10
134.835
20
-91.7005
11
134.835
21
-91.7005
0
LINE
8
BLACK
6
CONTINUOUS
10
134.835
20
-91.7005
11
134.965
21
-91.7005
0
LINE
8
BLACK
6
CONTINUOUS
10
134.965
20
-91.7005
11
134.965
21
-91.7005
0
LINE
8
BLACK
6
CONTINUOUS
10
134.965
20
-91.7005
11
135.089
21
-91.664
0
LINE
8
BLACK
6
CONTINUOUS
10
135.089
20
-91.664
11
135.198
21
-91.594
0
LINE
8
BLACK
6
CONTINUOUS
10
135.198
20
-91.594
11
135.283
21
-91.4961
0
LINE
8
BLACK
6
CONTINUOUS
10
135.283
20
-91.4961
11
135.337
21
-91.3782
0
LINE
8
BLACK
6
CONTINUOUS
10
135.337
20
-91.3782
11
135.348
21
-91.3
0
LINE
8
BLACK
6
CONTINUOUS
10
135.348
20
-91.3
11
135.355
21
-91.25
0
LINE
8
BLACK
6
CONTINUOUS
10
135.355
20
-91.25
11
135.355
21
-91.25
0
LINE
8
BLACK
6
CONTINUOUS
10
135.355
20
-91.25
11
135.337
21
-91.1218
0
LINE
8
BLACK
6
CONTINUOUS
10
135.337
20
-91.1218
11
135.335
21
-91.1189
0
LINE
8
BLACK
6
CONTINUOUS
10
135.335
20
-91.1189
11
135.283
21
-91.0039
0
LINE
8
BLACK
6
CONTINUOUS
10
135.283
20
-91.0039
11
135.198
21
-90.906
0
LINE
8
BLACK
6
CONTINUOUS
10
135.198
20
-90.906
11
135.198
21
-90.906
0
LINE
8
BLACK
6
CONTINUOUS
10
135.198
20
-90.906
11
135.198
21
-90.906
0
LINE
8
BLACK
6
CONTINUOUS
10
135.198
20
-90.906
11
135.089
21
-90.836
0
LINE
8
BLACK
6
CONTINUOUS
10
135.089
20
-90.836
11
135.089
21
-90.836
0
LINE
8
BLACK
6
CONTINUOUS
10
135.089
20
-90.836
11
135.089
21
-90.836
0
LINE
8
BLACK
6
CONTINUOUS
10
135.089
20
-90.836
11
135.072
21
-90.8309
0
LINE
8
BLACK
6
CONTINUOUS
10
135.072
20
-90.8309
11
134.965
21
-90.7995
0
LINE
8
BLACK
6
CONTINUOUS
10
134.965
20
-90.7995
11
134.965
21
-90.7995
0
LINE
8
BLACK
6
CONTINUOUS
10
134.965
20
-90.7995
11
134.835
21
-90.7995
0
LINE
8
BLACK
6
CONTINUOUS
10
134.835
20
-90.7995
11
134.835
21
-90.7995
0
LINE
8
BLACK
6
CONTINUOUS
10
134.835
20
-90.7995
11
134.711
21
-90.836
0
LINE
8
BLACK
6
CONTINUOUS
10
134.711
20
-90.836
11
134.711
21
-90.836
0
LINE
8
BLACK
6
CONTINUOUS
10
134.711
20
-90.836
11
134.602
21
-90.906
0
LINE
8
BLACK
6
CONTINUOUS
10
134.602
20
-90.906
11
134.517
21
-91.0039
0
LINE
8
BLACK
6
CONTINUOUS
10
134.517
20
-91.0039
11
134.463
21
-91.1218
0
LINE
8
BLACK
6
CONTINUOUS
10
134.463
20
-91.1218
11
134.445
21
-91.25
0
LINE
8
BLACK
6
CONTINUOUS
10
134.445
20
-91.25
11
134.445
21
-91.25
0
LINE
8
BLACK
6
CONTINUOUS
10
134.445
20
-91.25
11
134.463
21
-91.3782
0
LINE
8
BLACK
6
CONTINUOUS
10
119.471
20
-90.994
11
119.552
21
-91.0482
0
LINE
8
BLACK
6
CONTINUOUS
10
119.552
20
-91.0482
11
119.606
21
-91.1293
0
LINE
8
BLACK
6
CONTINUOUS
10
119.606
20
-91.1293
11
119.625
21
-91.225
0
LINE
8
BLACK
6
CONTINUOUS
10
119.625
20
-91.225
11
119.606
21
-91.3207
0
LINE
8
BLACK
6
CONTINUOUS
10
119.606
20
-91.3207
11
119.552
21
-91.4018
0
LINE
8
BLACK
6
CONTINUOUS
10
119.552
20
-91.4018
11
119.471
21
-91.456
0
LINE
8
BLACK
6
CONTINUOUS
10
119.471
20
-91.456
11
119.375
21
-91.475
0
LINE
8
BLACK
6
CONTINUOUS
10
119.375
20
-91.475
11
119.279
21
-91.456
0
LINE
8
BLACK
6
CONTINUOUS
10
119.279
20
-91.456
11
119.198
21
-91.4018
0
LINE
8
BLACK
6
CONTINUOUS
10
119.198
20
-91.4018
11
119.144
21
-91.3207
0
LINE
8
BLACK
6
CONTINUOUS
10
119.144
20
-91.3207
11
119.125
21
-91.225
0
LINE
8
BLACK
6
CONTINUOUS
10
119.125
20
-91.225
11
119.144
21
-91.1293
0
LINE
8
BLACK
6
CONTINUOUS
10
119.144
20
-91.1293
11
119.198
21
-91.0482
0
LINE
8
BLACK
6
CONTINUOUS
10
119.198
20
-91.0482
11
119.279
21
-90.994
0
LINE
8
BLACK
6
CONTINUOUS
10
119.279
20
-90.994
11
119.375
21
-90.975
0
LINE
8
BLACK
6
CONTINUOUS
10
119.375
20
-90.975
11
119.471
21
-90.994
0
LINE
8
BLACK
6
CONTINUOUS
10
163.696
20
-90.969
11
163.777
21
-91.0232
0
LINE
8
BLACK
6
CONTINUOUS
10
163.777
20
-91.0232
11
163.831
21
-91.1043
0
LINE
8
BLACK
6
CONTINUOUS
10
163.831
20
-91.1043
11
163.85
21
-91.2
0
LINE
8
BLACK
6
CONTINUOUS
10
163.85
20
-91.2
11
163.831
21
-91.2957
0
LINE
8
BLACK
6
CONTINUOUS
10
163.831
20
-91.2957
11
163.777
21
-91.3768
0
LINE
8
BLACK
6
CONTINUOUS
10
163.777
20
-91.3768
11
163.696
21
-91.431
0
LINE
8
BLACK
6
CONTINUOUS
10
163.696
20
-91.431
11
163.6
21
-91.45
0
LINE
8
BLACK
6
CONTINUOUS
10
163.6
20
-91.45
11
163.504
21
-91.431
0
LINE
8
BLACK
6
CONTINUOUS
10
163.504
20
-91.431
11
163.423
21
-91.3768
0
LINE
8
BLACK
6
CONTINUOUS
10
163.423
20
-91.3768
11
163.369
21
-91.2957
0
LINE
8
BLACK
6
CONTINUOUS
10
163.369
20
-91.2957
11
163.35
21
-91.2
0
LINE
8
BLACK
6
CONTINUOUS
10
163.35
20
-91.2
11
163.369
21
-91.1043
0
LINE
8
BLACK
6
CONTINUOUS
10
163.369
20
-91.1043
11
163.423
21
-91.0232
0
LINE
8
BLACK
6
CONTINUOUS
10
163.423
20
-91.0232
11
163.504
21
-90.969
0
LINE
8
BLACK
6
CONTINUOUS
10
163.504
20
-90.969
11
163.6
21
-90.95
0
LINE
8
BLACK
6
CONTINUOUS
10
163.6
20
-90.95
11
163.696
21
-90.969
0
LINE
8
BLACK
6
CONTINUOUS
10
114.946
20
-90.569
11
115.027
21
-90.6232
0
LINE
8
BLACK
6
CONTINUOUS
10
115.027
20
-90.6232
11
115.081
21
-90.7043
0
LINE
8
BLACK
6
CONTINUOUS
10
115.081
20
-90.7043
11
115.1
21
-90.8
0
LINE
8
BLACK
6
CONTINUOUS
10
115.1
20
-90.8
11
115.081
21
-90.8957
0
LINE
8
BLACK
6
CONTINUOUS
10
115.081
20
-90.8957
11
115.027
21
-90.9768
0
LINE
8
BLACK
6
CONTINUOUS
10
115.027
20
-90.9768
11
114.946
21
-91.031
0
LINE
8
BLACK
6
CONTINUOUS
10
114.946
20
-91.031
11
114.85
21
-91.05
0
LINE
8
BLACK
6
CONTINUOUS
10
114.85
20
-91.05
11
114.754
21
-91.031
0
LINE
8
BLACK
6
CONTINUOUS
10
114.754
20
-91.031
11
114.673
21
-90.9768
0
LINE
8
BLACK
6
CONTINUOUS
10
114.673
20
-90.9768
11
114.619
21
-90.8957
0
LINE
8
BLACK
6
CONTINUOUS
10
114.619
20
-90.8957
11
114.6
21
-90.8
0
LINE
8
BLACK
6
CONTINUOUS
10
114.6
20
-90.8
11
114.619
21
-90.7043
0
LINE
8
BLACK
6
CONTINUOUS
10
114.619
20
-90.7043
11
114.673
21
-90.6232
0
LINE
8
BLACK
6
CONTINUOUS
10
114.673
20
-90.6232
11
114.754
21
-90.569
0
LINE
8
BLACK
6
CONTINUOUS
10
114.754
20
-90.569
11
114.85
21
-90.55
0
LINE
8
BLACK
6
CONTINUOUS
10
114.85
20
-90.55
11
114.946
21
-90.569
0
LINE
8
BLACK
6
CONTINUOUS
10
152.732
20
-90.136
11
152.732
21
-90.136
0
LINE
8
BLACK
6
CONTINUOUS
10
152.732
20
-90.136
11
152.623
21
-90.206
0
LINE
8
BLACK
6
CONTINUOUS
10
152.623
20
-90.206
11
152.539
21
-90.3039
0
LINE
8
BLACK
6
CONTINUOUS
10
152.539
20
-90.3039
11
152.485
21
-90.4218
0
LINE
8
BLACK
6
CONTINUOUS
10
152.485
20
-90.4218
11
152.466
21
-90.55
0
LINE
8
BLACK
6
CONTINUOUS
10
152.466
20
-90.55
11
152.466
21
-90.55
0
LINE
8
BLACK
6
CONTINUOUS
10
152.466
20
-90.55
11
152.485
21
-90.6782
0
LINE
8
BLACK
6
CONTINUOUS
10
152.485
20
-90.6782
11
152.534
21
-90.786
0
LINE
8
BLACK
6
CONTINUOUS
10
152.534
20
-90.786
11
152.539
21
-90.7961
0
LINE
8
BLACK
6
CONTINUOUS
10
152.539
20
-90.7961
11
152.616
21
-90.886
0
LINE
8
BLACK
6
CONTINUOUS
10
152.616
20
-90.886
11
152.623
21
-90.894
0
LINE
8
BLACK
6
CONTINUOUS
10
152.623
20
-90.894
11
152.732
21
-90.964
0
LINE
8
BLACK
6
CONTINUOUS
10
152.732
20
-90.964
11
152.732
21
-90.964
0
LINE
8
BLACK
6
CONTINUOUS
10
152.732
20
-90.964
11
152.857
21
-91.0005
0
LINE
8
BLACK
6
CONTINUOUS
10
152.857
20
-91.0005
11
152.857
21
-91.0005
0
LINE
8
BLACK
6
CONTINUOUS
10
152.857
20
-91.0005
11
152.986
21
-91.0005
0
LINE
8
BLACK
6
CONTINUOUS
10
152.986
20
-91.0005
11
152.986
21
-91.0005
0
LINE
8
BLACK
6
CONTINUOUS
10
152.986
20
-91.0005
11
153.11
21
-90.964
0
LINE
8
BLACK
6
CONTINUOUS
10
153.11
20
-90.964
11
153.219
21
-90.894
0
LINE
8
BLACK
6
CONTINUOUS
10
153.219
20
-90.894
11
153.304
21
-90.7961
0
LINE
8
BLACK
6
CONTINUOUS
10
153.304
20
-90.7961
11
153.358
21
-90.6782
0
LINE
8
BLACK
6
CONTINUOUS
10
153.358
20
-90.6782
11
153.368
21
-90.6086
0
LINE
8
BLACK
6
CONTINUOUS
10
153.368
20
-90.6086
11
153.377
21
-90.55
0
LINE
8
BLACK
6
CONTINUOUS
10
153.377
20
-90.55
11
153.377
21
-90.55
0
LINE
8
BLACK
6
CONTINUOUS
10
153.377
20
-90.55
11
153.358
21
-90.4218
0
LINE
8
BLACK
6
CONTINUOUS
10
153.358
20
-90.4218
11
153.342
21
-90.386
0
LINE
8
BLACK
6
CONTINUOUS
10
153.342
20
-90.386
11
153.304
21
-90.3039
0
LINE
8
BLACK
6
CONTINUOUS
10
153.304
20
-90.3039
11
153.219
21
-90.206
0
LINE
8
BLACK
6
CONTINUOUS
10
153.219
20
-90.206
11
153.219
21
-90.206
0
LINE
8
BLACK
6
CONTINUOUS
10
153.219
20
-90.206
11
153.219
21
-90.206
0
LINE
8
BLACK
6
CONTINUOUS
10
153.219
20
-90.206
11
153.11
21
-90.136
0
LINE
8
BLACK
6
CONTINUOUS
10
153.11
20
-90.136
11
153.11
21
-90.136
0
LINE
8
BLACK
6
CONTINUOUS
10
153.11
20
-90.136
11
153.11
21
-90.136
0
LINE
8
BLACK
6
CONTINUOUS
10
153.11
20
-90.136
11
153.11
21
-90.136
0
LINE
8
BLACK
6
CONTINUOUS
10
153.11
20
-90.136
11
152.986
21
-90.0995
0
LINE
8
BLACK
6
CONTINUOUS
10
152.986
20
-90.0995
11
152.986
21
-90.0995
0
LINE
8
BLACK
6
CONTINUOUS
10
152.986
20
-90.0995
11
152.857
21
-90.0995
0
LINE
8
BLACK
6
CONTINUOUS
10
152.857
20
-90.0995
11
152.857
21
-90.0995
0
LINE
8
BLACK
6
CONTINUOUS
10
152.857
20
-90.0995
11
152.732
21
-90.136
0
LINE
8
BLACK
6
CONTINUOUS
10
118.796
20
-90.469
11
118.877
21
-90.5232
0
LINE
8
BLACK
6
CONTINUOUS
10
118.877
20
-90.5232
11
118.931
21
-90.6043
0
LINE
8
BLACK
6
CONTINUOUS
10
118.931
20
-90.6043
11
118.95
21
-90.7
0
LINE
8
BLACK
6
CONTINUOUS
10
118.95
20
-90.7
11
118.931
21
-90.7957
0
LINE
8
BLACK
6
CONTINUOUS
10
118.931
20
-90.7957
11
118.877
21
-90.8768
0
LINE
8
BLACK
6
CONTINUOUS
10
118.877
20
-90.8768
11
118.796
21
-90.931
0
LINE
8
BLACK
6
CONTINUOUS
10
118.796
20
-90.931
11
118.7
21
-90.95
0
LINE
8
BLACK
6
CONTINUOUS
10
118.7
20
-90.95
11
118.604
21
-90.931
0
LINE
8
BLACK
6
CONTINUOUS
10
118.604
20
-90.931
11
118.523
21
-90.8768
0
LINE
8
BLACK
6
CONTINUOUS
10
118.523
20
-90.8768
11
118.469
21
-90.7957
0
LINE
8
BLACK
6
CONTINUOUS
10
118.469
20
-90.7957
11
118.45
21
-90.7
0
LINE
8
BLACK
6
CONTINUOUS
10
118.45
20
-90.7
11
118.469
21
-90.6043
0
LINE
8
BLACK
6
CONTINUOUS
10
118.469
20
-90.6043
11
118.523
21
-90.5232
0
LINE
8
BLACK
6
CONTINUOUS
10
118.523
20
-90.5232
11
118.604
21
-90.469
0
LINE
8
BLACK
6
CONTINUOUS
10
118.604
20
-90.469
11
118.7
21
-90.45
0
LINE
8
BLACK
6
CONTINUOUS
10
118.7
20
-90.45
11
118.796
21
-90.469
0
LINE
8
BLACK
6
CONTINUOUS
10
135.986
20
-90.319
11
136.067
21
-90.3732
0
LINE
8
BLACK
6
CONTINUOUS
10
136.067
20
-90.3732
11
136.121
21
-90.4543
0
LINE
8
BLACK
6
CONTINUOUS
10
136.121
20
-90.4543
11
136.14
21
-90.55
0
LINE
8
BLACK
6
CONTINUOUS
10
136.14
20
-90.55
11
136.121
21
-90.6457
0
LINE
8
BLACK
6
CONTINUOUS
10
136.121
20
-90.6457
11
136.067
21
-90.7268
0
LINE
8
BLACK
6
CONTINUOUS
10
136.067
20
-90.7268
11
135.986
21
-90.781
0
LINE
8
BLACK
6
CONTINUOUS
10
135.986
20
-90.781
11
135.89
21
-90.8
0
LINE
8
BLACK
6
CONTINUOUS
10
135.89
20
-90.8
11
135.794
21
-90.781
0
LINE
8
BLACK
6
CONTINUOUS
10
135.794
20
-90.781
11
135.713
21
-90.7268
0
LINE
8
BLACK
6
CONTINUOUS
10
135.713
20
-90.7268
11
135.659
21
-90.6457
0
LINE
8
BLACK
6
CONTINUOUS
10
135.659
20
-90.6457
11
135.64
21
-90.55
0
LINE
8
BLACK
6
CONTINUOUS
10
135.64
20
-90.55
11
135.659
21
-90.4543
0
LINE
8
BLACK
6
CONTINUOUS
10
135.659
20
-90.4543
11
135.713
21
-90.3732
0
LINE
8
BLACK
6
CONTINUOUS
10
135.713
20
-90.3732
11
135.794
21
-90.319
0
LINE
8
BLACK
6
CONTINUOUS
10
135.794
20
-90.319
11
135.89
21
-90.3
0
LINE
8
BLACK
6
CONTINUOUS
10
135.89
20
-90.3
11
135.986
21
-90.319
0
LINE
8
BLACK
6
CONTINUOUS
10
129.331
20
-88.686
11
129.331
21
-88.686
0
LINE
8
BLACK
6
CONTINUOUS
10
129.331
20
-88.686
11
129.222
21
-88.756
0
LINE
8
BLACK
6
CONTINUOUS
10
129.222
20
-88.756
11
129.138
21
-88.8539
0
LINE
8
BLACK
6
CONTINUOUS
10
129.138
20
-88.8539
11
129.084
21
-88.9718
0
LINE
8
BLACK
6
CONTINUOUS
10
129.084
20
-88.9718
11
129.065
21
-89.1
0
LINE
8
BLACK
6
CONTINUOUS
10
129.065
20
-89.1
11
129.065
21
-89.1
0
LINE
8
BLACK
6
CONTINUOUS
10
129.065
20
-89.1
11
129.084
21
-89.2282
0
LINE
8
BLACK
6
CONTINUOUS
10
129.084
20
-89.2282
11
129.125
21
-89.3182
0
LINE
8
BLACK
6
CONTINUOUS
10
129.125
20
-89.3182
11
129.138
21
-89.3461
0
LINE
8
BLACK
6
CONTINUOUS
10
129.138
20
-89.3461
11
129.187
21
-89.4036
0
LINE
8
BLACK
6
CONTINUOUS
10
129.187
20
-89.4036
11
129.222
21
-89.444
0
LINE
8
BLACK
6
CONTINUOUS
10
129.222
20
-89.444
11
129.331
21
-89.514
0
LINE
8
BLACK
6
CONTINUOUS
10
129.331
20
-89.514
11
129.331
21
-89.514
0
LINE
8
BLACK
6
CONTINUOUS
10
129.331
20
-89.514
11
129.456
21
-89.5505
0
LINE
8
BLACK
6
CONTINUOUS
10
129.456
20
-89.5505
11
129.456
21
-89.5505
0
LINE
8
BLACK
6
CONTINUOUS
10
129.456
20
-89.5505
11
129.537
21
-89.5505
0
LINE
8
BLACK
6
CONTINUOUS
10
129.537
20
-89.5505
11
129.595
21
-89.5694
0
LINE
8
BLACK
6
CONTINUOUS
10
129.595
20
-89.5694
11
129.631
21
-89.6189
0
LINE
8
BLACK
6
CONTINUOUS
10
129.631
20
-89.6189
11
129.631
21
-89.6644
0
LINE
8
BLACK
6
CONTINUOUS
10
129.631
20
-89.6644
11
129.634
21
-89.6648
0
LINE
8
BLACK
6
CONTINUOUS
10
129.634
20
-89.6648
11
129.615
21
-89.8
0
LINE
8
BLACK
6
CONTINUOUS
10
129.615
20
-89.8
11
129.615
21
-89.8
0
LINE
8
BLACK
6
CONTINUOUS
10
129.615
20
-89.8
11
129.633
21
-89.9282
0
LINE
8
BLACK
6
CONTINUOUS
10
129.633
20
-89.9282
11
129.666
21
-90
0
LINE
8
BLACK
6
CONTINUOUS
10
129.666
20
-90
11
129.687
21
-90.0461
0
LINE
8
BLACK
6
CONTINUOUS
10
129.687
20
-90.0461
11
129.765
21
-90.136
0
LINE
8
BLACK
6
CONTINUOUS
10
129.765
20
-90.136
11
129.772
21
-90.144
0
LINE
8
BLACK
6
CONTINUOUS
10
129.772
20
-90.144
11
129.881
21
-90.214
0
LINE
8
BLACK
6
CONTINUOUS
10
129.881
20
-90.214
11
129.881
21
-90.214
0
LINE
8
BLACK
6
CONTINUOUS
10
129.881
20
-90.214
11
130.005
21
-90.2505
0
LINE
8
BLACK
6
CONTINUOUS
10
130.005
20
-90.2505
11
130.005
21
-90.2505
0
LINE
8
BLACK
6
CONTINUOUS
10
130.005
20
-90.2505
11
130.135
21
-90.2505
0
LINE
8
BLACK
6
CONTINUOUS
10
130.135
20
-90.2505
11
130.135
21
-90.2505
0
LINE
8
BLACK
6
CONTINUOUS
10
130.135
20
-90.2505
11
130.259
21
-90.214
0
LINE
8
BLACK
6
CONTINUOUS
10
130.259
20
-90.214
11
130.368
21
-90.144
0
LINE
8
BLACK
6
CONTINUOUS
10
130.368
20
-90.144
11
130.453
21
-90.0461
0
LINE
8
BLACK
6
CONTINUOUS
10
130.453
20
-90.0461
11
130.507
21
-89.9282
0
LINE
8
BLACK
6
CONTINUOUS
10
130.507
20
-89.9282
11
130.525
21
-89.8005
0
LINE
8
BLACK
6
CONTINUOUS
10
130.525
20
-89.8005
11
130.525
21
-89.8
0
LINE
8
BLACK
6
CONTINUOUS
10
130.525
20
-89.8
11
130.525
21
-89.8
0
LINE
8
BLACK
6
CONTINUOUS
10
130.525
20
-89.8
11
130.511
21
-89.7
0
LINE
8
BLACK
6
CONTINUOUS
10
130.511
20
-89.7
11
130.507
21
-89.6718
0
LINE
8
BLACK
6
CONTINUOUS
10
130.507
20
-89.6718
11
130.48
21
-89.6122
0
LINE
8
BLACK
6
CONTINUOUS
10
130.48
20
-89.6122
11
130.453
21
-89.5539
0
LINE
8
BLACK
6
CONTINUOUS
10
130.453
20
-89.5539
11
130.368
21
-89.456
0
LINE
8
BLACK
6
CONTINUOUS
10
130.368
20
-89.456
11
130.368
21
-89.456
0
LINE
8
BLACK
6
CONTINUOUS
10
130.368
20
-89.456
11
130.368
21
-89.456
0
LINE
8
BLACK
6
CONTINUOUS
10
130.368
20
-89.456
11
130.259
21
-89.386
0
LINE
8
BLACK
6
CONTINUOUS
10
130.259
20
-89.386
11
130.259
21
-89.386
0
LINE
8
BLACK
6
CONTINUOUS
10
130.259
20
-89.386
11
130.259
21
-89.386
0
LINE
8
BLACK
6
CONTINUOUS
10
130.259
20
-89.386
11
130.259
21
-89.386
0
LINE
8
BLACK
6
CONTINUOUS
10
130.259
20
-89.386
11
130.135
21
-89.3495
0
LINE
8
BLACK
6
CONTINUOUS
10
130.135
20
-89.3495
11
130.135
21
-89.3495
0
LINE
8
BLACK
6
CONTINUOUS
10
130.135
20
-89.3495
11
130.054
21
-89.3495
0
LINE
8
BLACK
6
CONTINUOUS
10
130.054
20
-89.3495
11
129.996
21
-89.3306
0
LINE
8
BLACK
6
CONTINUOUS
10
129.996
20
-89.3306
11
129.96
21
-89.2811
0
LINE
8
BLACK
6
CONTINUOUS
10
129.96
20
-89.2811
11
129.959
21
-89.2356
0
LINE
8
BLACK
6
CONTINUOUS
10
129.959
20
-89.2356
11
129.956
21
-89.2352
0
LINE
8
BLACK
6
CONTINUOUS
10
129.956
20
-89.2352
11
129.976
21
-89.1
0
LINE
8
BLACK
6
CONTINUOUS
10
129.976
20
-89.1
11
129.976
21
-89.1
0
LINE
8
BLACK
6
CONTINUOUS
10
129.976
20
-89.1
11
129.957
21
-88.9718
0
LINE
8
BLACK
6
CONTINUOUS
10
129.957
20
-88.9718
11
129.957
21
-88.9718
0
LINE
8
BLACK
6
CONTINUOUS
10
129.957
20
-88.9718
11
129.903
21
-88.8539
0
LINE
8
BLACK
6
CONTINUOUS
10
129.903
20
-88.8539
11
129.819
21
-88.756
0
LINE
8
BLACK
6
CONTINUOUS
10
129.819
20
-88.756
11
129.819
21
-88.756
0
LINE
8
BLACK
6
CONTINUOUS
10
129.819
20
-88.756
11
129.819
21
-88.756
0
LINE
8
BLACK
6
CONTINUOUS
10
129.819
20
-88.756
11
129.71
21
-88.686
0
LINE
8
BLACK
6
CONTINUOUS
10
129.71
20
-88.686
11
129.71
21
-88.686
0
LINE
8
BLACK
6
CONTINUOUS
10
129.71
20
-88.686
11
129.71
21
-88.686
0
LINE
8
BLACK
6
CONTINUOUS
10
129.71
20
-88.686
11
129.71
21
-88.686
0
LINE
8
BLACK
6
CONTINUOUS
10
129.71
20
-88.686
11
129.585
21
-88.6495
0
LINE
8
BLACK
6
CONTINUOUS
10
129.585
20
-88.6495
11
129.585
21
-88.6495
0
LINE
8
BLACK
6
CONTINUOUS
10
129.585
20
-88.6495
11
129.456
21
-88.6495
0
LINE
8
BLACK
6
CONTINUOUS
10
129.456
20
-88.6495
11
129.456
21
-88.6495
0
LINE
8
BLACK
6
CONTINUOUS
10
129.456
20
-88.6495
11
129.331
21
-88.686
0
LINE
8
BLACK
6
CONTINUOUS
10
120.296
20
-89.569
11
120.377
21
-89.6232
0
LINE
8
BLACK
6
CONTINUOUS
10
120.377
20
-89.6232
11
120.431
21
-89.7043
0
LINE
8
BLACK
6
CONTINUOUS
10
120.431
20
-89.7043
11
120.45
21
-89.8
0
LINE
8
BLACK
6
CONTINUOUS
10
120.45
20
-89.8
11
120.431
21
-89.8957
0
LINE
8
BLACK
6
CONTINUOUS
10
120.431
20
-89.8957
11
120.377
21
-89.9768
0
LINE
8
BLACK
6
CONTINUOUS
10
120.377
20
-89.9768
11
120.296
21
-90.031
0
LINE
8
BLACK
6
CONTINUOUS
10
120.296
20
-90.031
11
120.2
21
-90.05
0
LINE
8
BLACK
6
CONTINUOUS
10
120.2
20
-90.05
11
120.104
21
-90.031
0
LINE
8
BLACK
6
CONTINUOUS
10
120.104
20
-90.031
11
120.023
21
-89.9768
0
LINE
8
BLACK
6
CONTINUOUS
10
120.023
20
-89.9768
11
119.969
21
-89.8957
0
LINE
8
BLACK
6
CONTINUOUS
10
119.969
20
-89.8957
11
119.95
21
-89.8
0
LINE
8
BLACK
6
CONTINUOUS
10
119.95
20
-89.8
11
119.969
21
-89.7043
0
LINE
8
BLACK
6
CONTINUOUS
10
119.969
20
-89.7043
11
120.023
21
-89.6232
0
LINE
8
BLACK
6
CONTINUOUS
10
120.023
20
-89.6232
11
120.104
21
-89.569
0
LINE
8
BLACK
6
CONTINUOUS
10
120.104
20
-89.569
11
120.2
21
-89.55
0
LINE
8
BLACK
6
CONTINUOUS
10
120.2
20
-89.55
11
120.296
21
-89.569
0
LINE
8
BLACK
6
CONTINUOUS
10
134.113
20
-89.8282
11
134.159
21
-89.9282
0
LINE
8
BLACK
6
CONTINUOUS
10
134.159
20
-89.9282
11
134.167
21
-89.9461
0
LINE
8
BLACK
6
CONTINUOUS
10
134.167
20
-89.9461
11
134.214
21
-90
0
LINE
8
BLACK
6
CONTINUOUS
10
134.214
20
-90
11
134.252
21
-90.044
0
LINE
8
BLACK
6
CONTINUOUS
10
134.252
20
-90.044
11
134.354
21
-90.1097
0
LINE
8
BLACK
6
CONTINUOUS
10
134.354
20
-90.1097
11
134.361
21
-90.114
0
LINE
8
BLACK
6
CONTINUOUS
10
134.361
20
-90.114
11
134.485
21
-90.1505
0
LINE
8
BLACK
6
CONTINUOUS
10
134.485
20
-90.1505
11
134.485
21
-90.1505
0
LINE
8
BLACK
6
CONTINUOUS
10
134.485
20
-90.1505
11
134.615
21
-90.1505
0
LINE
8
BLACK
6
CONTINUOUS
10
134.615
20
-90.1505
11
134.615
21
-90.1505
0
LINE
8
BLACK
6
CONTINUOUS
10
134.615
20
-90.1505
11
134.739
21
-90.114
0
LINE
8
BLACK
6
CONTINUOUS
10
134.739
20
-90.114
11
134.848
21
-90.044
0
LINE
8
BLACK
6
CONTINUOUS
10
134.848
20
-90.044
11
134.933
21
-89.9461
0
LINE
8
BLACK
6
CONTINUOUS
10
134.933
20
-89.9461
11
134.986
21
-89.8282
0
LINE
8
BLACK
6
CONTINUOUS
10
134.986
20
-89.8282
11
134.996
21
-89.764
0
LINE
8
BLACK
6
CONTINUOUS
10
134.996
20
-89.764
11
135.005
21
-89.7
0
LINE
8
BLACK
6
CONTINUOUS
10
135.005
20
-89.7
11
135.005
21
-89.7
0
LINE
8
BLACK
6
CONTINUOUS
10
135.005
20
-89.7
11
134.992
21
-89.6123
0
LINE
8
BLACK
6
CONTINUOUS
10
134.992
20
-89.6123
11
134.986
21
-89.5718
0
LINE
8
BLACK
6
CONTINUOUS
10
134.986
20
-89.5718
11
134.96
21
-89.514
0
LINE
8
BLACK
6
CONTINUOUS
10
134.96
20
-89.514
11
134.933
21
-89.4539
0
LINE
8
BLACK
6
CONTINUOUS
10
134.933
20
-89.4539
11
134.848
21
-89.356
0
LINE
8
BLACK
6
CONTINUOUS
10
134.848
20
-89.356
11
134.848
21
-89.356
0
LINE
8
BLACK
6
CONTINUOUS
10
134.848
20
-89.356
11
134.848
21
-89.356
0
LINE
8
BLACK
6
CONTINUOUS
10
134.848
20
-89.356
11
134.739
21
-89.286
0
LINE
8
BLACK
6
CONTINUOUS
10
134.739
20
-89.286
11
134.739
21
-89.286
0
LINE
8
BLACK
6
CONTINUOUS
10
134.739
20
-89.286
11
134.739
21
-89.286
0
LINE
8
BLACK
6
CONTINUOUS
10
134.739
20
-89.286
11
134.722
21
-89.2811
0
LINE
8
BLACK
6
CONTINUOUS
10
134.722
20
-89.2811
11
134.615
21
-89.2495
0
LINE
8
BLACK
6
CONTINUOUS
10
134.615
20
-89.2495
11
134.615
21
-89.2495
0
LINE
8
BLACK
6
CONTINUOUS
10
134.615
20
-89.2495
11
134.485
21
-89.2495
0
LINE
8
BLACK
6
CONTINUOUS
10
134.485
20
-89.2495
11
134.485
21
-89.2495
0
LINE
8
BLACK
6
CONTINUOUS
10
134.485
20
-89.2495
11
134.361
21
-89.286
0
LINE
8
BLACK
6
CONTINUOUS
10
134.361
20
-89.286
11
134.361
21
-89.286
0
LINE
8
BLACK
6
CONTINUOUS
10
134.361
20
-89.286
11
134.252
21
-89.356
0
LINE
8
BLACK
6
CONTINUOUS
10
134.252
20
-89.356
11
134.167
21
-89.4539
0
LINE
8
BLACK
6
CONTINUOUS
10
134.167
20
-89.4539
11
134.113
21
-89.5718
0
LINE
8
BLACK
6
CONTINUOUS
10
134.113
20
-89.5718
11
134.095
21
-89.7
0
LINE
8
BLACK
6
CONTINUOUS
10
134.095
20
-89.7
11
134.095
21
-89.7
0
LINE
8
BLACK
6
CONTINUOUS
10
134.095
20
-89.7
11
134.113
21
-89.8282
0
LINE
8
BLACK
6
CONTINUOUS
10
141.958
20
-89.3813
11
142.039
21
-89.4355
0
LINE
8
BLACK
6
CONTINUOUS
10
142.039
20
-89.4355
11
142.093
21
-89.5166
0
LINE
8
BLACK
6
CONTINUOUS
10
142.093
20
-89.5166
11
142.112
21
-89.6122
0
LINE
8
BLACK
6
CONTINUOUS
10
142.112
20
-89.6122
11
142.093
21
-89.7079
0
LINE
8
BLACK
6
CONTINUOUS
10
142.093
20
-89.7079
11
142.039
21
-89.789
0
LINE
8
BLACK
6
CONTINUOUS
10
142.039
20
-89.789
11
141.958
21
-89.8432
0
LINE
8
BLACK
6
CONTINUOUS
10
141.958
20
-89.8432
11
141.862
21
-89.8622
0
LINE
8
BLACK
6
CONTINUOUS
10
141.862
20
-89.8622
11
141.767
21
-89.8432
0
LINE
8
BLACK
6
CONTINUOUS
10
141.767
20
-89.8432
11
141.685
21
-89.789
0
LINE
8
BLACK
6
CONTINUOUS
10
141.685
20
-89.789
11
141.631
21
-89.7079
0
LINE
8
BLACK
6
CONTINUOUS
10
141.631
20
-89.7079
11
141.612
21
-89.6122
0
LINE
8
BLACK
6
CONTINUOUS
10
141.612
20
-89.6122
11
141.631
21
-89.5166
0
LINE
8
BLACK
6
CONTINUOUS
10
141.631
20
-89.5166
11
141.685
21
-89.4355
0
LINE
8
BLACK
6
CONTINUOUS
10
141.685
20
-89.4355
11
141.767
21
-89.3813
0
LINE
8
BLACK
6
CONTINUOUS
10
141.767
20
-89.3813
11
141.862
21
-89.3622
0
LINE
8
BLACK
6
CONTINUOUS
10
141.862
20
-89.3622
11
141.958
21
-89.3813
0
LINE
8
BLACK
6
CONTINUOUS
10
162.746
20
-89.2195
11
162.827
21
-89.2737
0
LINE
8
BLACK
6
CONTINUOUS
10
162.827
20
-89.2737
11
162.881
21
-89.3548
0
LINE
8
BLACK
6
CONTINUOUS
10
162.881
20
-89.3548
11
162.9
21
-89.4505
0
LINE
8
BLACK
6
CONTINUOUS
10
162.9
20
-89.4505
11
162.881
21
-89.5462
0
LINE
8
BLACK
6
CONTINUOUS
10
162.881
20
-89.5462
11
162.827
21
-89.6273
0
LINE
8
BLACK
6
CONTINUOUS
10
162.827
20
-89.6273
11
162.746
21
-89.6815
0
LINE
8
BLACK
6
CONTINUOUS
10
162.746
20
-89.6815
11
162.65
21
-89.7005
0
LINE
8
BLACK
6
CONTINUOUS
10
162.65
20
-89.7005
11
162.554
21
-89.6815
0
LINE
8
BLACK
6
CONTINUOUS
10
162.554
20
-89.6815
11
162.473
21
-89.6273
0
LINE
8
BLACK
6
CONTINUOUS
10
162.473
20
-89.6273
11
162.419
21
-89.5462
0
LINE
8
BLACK
6
CONTINUOUS
10
162.419
20
-89.5462
11
162.4
21
-89.4505
0
LINE
8
BLACK
6
CONTINUOUS
10
162.4
20
-89.4505
11
162.419
21
-89.3548
0
LINE
8
BLACK
6
CONTINUOUS
10
162.419
20
-89.3548
11
162.473
21
-89.2737
0
LINE
8
BLACK
6
CONTINUOUS
10
162.473
20
-89.2737
11
162.554
21
-89.2195
0
LINE
8
BLACK
6
CONTINUOUS
10
162.554
20
-89.2195
11
162.65
21
-89.2005
0
LINE
8
BLACK
6
CONTINUOUS
10
162.65
20
-89.2005
11
162.746
21
-89.2195
0
LINE
8
BLACK
6
CONTINUOUS
10
177.196
20
-89.119
11
177.277
21
-89.1732
0
LINE
8
BLACK
6
CONTINUOUS
10
177.277
20
-89.1732
11
177.331
21
-89.2543
0
LINE
8
BLACK
6
CONTINUOUS
10
177.331
20
-89.2543
11
177.35
21
-89.35
0
LINE
8
BLACK
6
CONTINUOUS
10
177.35
20
-89.35
11
177.331
21
-89.4457
0
LINE
8
BLACK
6
CONTINUOUS
10
177.331
20
-89.4457
11
177.277
21
-89.5268
0
LINE
8
BLACK
6
CONTINUOUS
10
177.277
20
-89.5268
11
177.196
21
-89.581
0
LINE
8
BLACK
6
CONTINUOUS
10
177.196
20
-89.581
11
177.1
21
-89.6
0
LINE
8
BLACK
6
CONTINUOUS
10
177.1
20
-89.6
11
177.004
21
-89.581
0
LINE
8
BLACK
6
CONTINUOUS
10
177.004
20
-89.581
11
176.923
21
-89.5268
0
LINE
8
BLACK
6
CONTINUOUS
10
176.923
20
-89.5268
11
176.869
21
-89.4457
0
LINE
8
BLACK
6
CONTINUOUS
10
176.869
20
-89.4457
11
176.85
21
-89.35
0
LINE
8
BLACK
6
CONTINUOUS
10
176.85
20
-89.35
11
176.869
21
-89.2543
0
LINE
8
BLACK
6
CONTINUOUS
10
176.869
20
-89.2543
11
176.923
21
-89.1732
0
LINE
8
BLACK
6
CONTINUOUS
10
176.923
20
-89.1732
11
177.004
21
-89.119
0
LINE
8
BLACK
6
CONTINUOUS
10
177.004
20
-89.119
11
177.1
21
-89.1
0
LINE
8
BLACK
6
CONTINUOUS
10
177.1
20
-89.1
11
177.196
21
-89.119
0
LINE
8
BLACK
6
CONTINUOUS
10
122.006
20
-88.959
11
122.087
21
-89.0132
0
LINE
8
BLACK
6
CONTINUOUS
10
122.087
20
-89.0132
11
122.141
21
-89.0943
0
LINE
8
BLACK
6
CONTINUOUS
10
122.141
20
-89.0943
11
122.16
21
-89.19
0
LINE
8
BLACK
6
CONTINUOUS
10
122.16
20
-89.19
11
122.141
21
-89.2857
0
LINE
8
BLACK
6
CONTINUOUS
10
122.141
20
-89.2857
11
122.087
21
-89.3668
0
LINE
8
BLACK
6
CONTINUOUS
10
122.087
20
-89.3668
11
122.006
21
-89.421
0
LINE
8
BLACK
6
CONTINUOUS
10
122.006
20
-89.421
11
121.91
21
-89.44
0
LINE
8
BLACK
6
CONTINUOUS
10
121.91
20
-89.44
11
121.814
21
-89.421
0
LINE
8
BLACK
6
CONTINUOUS
10
121.814
20
-89.421
11
121.733
21
-89.3668
0
LINE
8
BLACK
6
CONTINUOUS
10
121.733
20
-89.3668
11
121.679
21
-89.2857
0
LINE
8
BLACK
6
CONTINUOUS
10
121.679
20
-89.2857
11
121.66
21
-89.19
0
LINE
8
BLACK
6
CONTINUOUS
10
121.66
20
-89.19
11
121.679
21
-89.0943
0
LINE
8
BLACK
6
CONTINUOUS
10
121.679
20
-89.0943
11
121.733
21
-89.0132
0
LINE
8
BLACK
6
CONTINUOUS
10
121.733
20
-89.0132
11
121.814
21
-88.959
0
LINE
8
BLACK
6
CONTINUOUS
10
121.814
20
-88.959
11
121.91
21
-88.94
0
LINE
8
BLACK
6
CONTINUOUS
10
121.91
20
-88.94
11
122.006
21
-88.959
0
LINE
8
BLACK
6
CONTINUOUS
10
169.146
20
-88.569
11
169.227
21
-88.6232
0
LINE
8
BLACK
6
CONTINUOUS
10
169.227
20
-88.6232
11
169.281
21
-88.7043
0
LINE
8
BLACK
6
CONTINUOUS
10
169.281
20
-88.7043
11
169.3
21
-88.8
0
LINE
8
BLACK
6
CONTINUOUS
10
169.3
20
-88.8
11
169.281
21
-88.8957
0
LINE
8
BLACK
6
CONTINUOUS
10
169.281
20
-88.8957
11
169.227
21
-88.9768
0
LINE
8
BLACK
6
CONTINUOUS
10
169.227
20
-88.9768
11
169.146
21
-89.031
0
LINE
8
BLACK
6
CONTINUOUS
10
169.146
20
-89.031
11
169.05
21
-89.05
0
LINE
8
BLACK
6
CONTINUOUS
10
169.05
20
-89.05
11
168.954
21
-89.031
0
LINE
8
BLACK
6
CONTINUOUS
10
168.954
20
-89.031
11
168.873
21
-88.9768
0
LINE
8
BLACK
6
CONTINUOUS
10
168.873
20
-88.9768
11
168.819
21
-88.8957
0
LINE
8
BLACK
6
CONTINUOUS
10
168.819
20
-88.8957
11
168.8
21
-88.8
0
LINE
8
BLACK
6
CONTINUOUS
10
168.8
20
-88.8
11
168.819
21
-88.7043
0
LINE
8
BLACK
6
CONTINUOUS
10
168.819
20
-88.7043
11
168.873
21
-88.6232
0
LINE
8
BLACK
6
CONTINUOUS
10
168.873
20
-88.6232
11
168.954
21
-88.569
0
LINE
8
BLACK
6
CONTINUOUS
10
168.954
20
-88.569
11
169.05
21
-88.55
0
LINE
8
BLACK
6
CONTINUOUS
10
169.05
20
-88.55
11
169.146
21
-88.569
0
LINE
8
BLACK
6
CONTINUOUS
10
110.246
20
-88.544
11
110.327
21
-88.5982
0
LINE
8
BLACK
6
CONTINUOUS
10
110.327
20
-88.5982
11
110.381
21
-88.6793
0
LINE
8
BLACK
6
CONTINUOUS
10
110.381
20
-88.6793
11
110.4
21
-88.775
0
LINE
8
BLACK
6
CONTINUOUS
10
110.4
20
-88.775
11
110.381
21
-88.8707
0
LINE
8
BLACK
6
CONTINUOUS
10
110.381
20
-88.8707
11
110.327
21
-88.9518
0
LINE
8
BLACK
6
CONTINUOUS
10
110.327
20
-88.9518
11
110.246
21
-89.006
0
LINE
8
BLACK
6
CONTINUOUS
10
110.246
20
-89.006
11
110.15
21
-89.025
0
LINE
8
BLACK
6
CONTINUOUS
10
110.15
20
-89.025
11
110.054
21
-89.006
0
LINE
8
BLACK
6
CONTINUOUS
10
110.054
20
-89.006
11
109.973
21
-88.9518
0
LINE
8
BLACK
6
CONTINUOUS
10
109.973
20
-88.9518
11
109.919
21
-88.8707
0
LINE
8
BLACK
6
CONTINUOUS
10
109.919
20
-88.8707
11
109.9
21
-88.775
0
LINE
8
BLACK
6
CONTINUOUS
10
109.9
20
-88.775
11
109.919
21
-88.6793
0
LINE
8
BLACK
6
CONTINUOUS
10
109.919
20
-88.6793
11
109.973
21
-88.5982
0
LINE
8
BLACK
6
CONTINUOUS
10
109.973
20
-88.5982
11
110.054
21
-88.544
0
LINE
8
BLACK
6
CONTINUOUS
10
110.054
20
-88.544
11
110.15
21
-88.525
0
LINE
8
BLACK
6
CONTINUOUS
10
110.15
20
-88.525
11
110.246
21
-88.544
0
LINE
8
BLACK
6
CONTINUOUS
10
139.796
20
-88.019
11
139.877
21
-88.0732
0
LINE
8
BLACK
6
CONTINUOUS
10
139.877
20
-88.0732
11
139.931
21
-88.1543
0
LINE
8
BLACK
6
CONTINUOUS
10
139.931
20
-88.1543
11
139.95
21
-88.25
0
LINE
8
BLACK
6
CONTINUOUS
10
139.95
20
-88.25
11
139.931
21
-88.3457
0
LINE
8
BLACK
6
CONTINUOUS
10
139.931
20
-88.3457
11
139.877
21
-88.4268
0
LINE
8
BLACK
6
CONTINUOUS
10
139.877
20
-88.4268
11
139.796
21
-88.481
0
LINE
8
BLACK
6
CONTINUOUS
10
139.796
20
-88.481
11
139.7
21
-88.5
0
LINE
8
BLACK
6
CONTINUOUS
10
139.7
20
-88.5
11
139.604
21
-88.481
0
LINE
8
BLACK
6
CONTINUOUS
10
139.604
20
-88.481
11
139.523
21
-88.4268
0
LINE
8
BLACK
6
CONTINUOUS
10
139.523
20
-88.4268
11
139.469
21
-88.3457
0
LINE
8
BLACK
6
CONTINUOUS
10
139.469
20
-88.3457
11
139.45
21
-88.25
0
LINE
8
BLACK
6
CONTINUOUS
10
139.45
20
-88.25
11
139.469
21
-88.1543
0
LINE
8
BLACK
6
CONTINUOUS
10
139.469
20
-88.1543
11
139.523
21
-88.0732
0
LINE
8
BLACK
6
CONTINUOUS
10
139.523
20
-88.0732
11
139.604
21
-88.019
0
LINE
8
BLACK
6
CONTINUOUS
10
139.604
20
-88.019
11
139.7
21
-88
0
LINE
8
BLACK
6
CONTINUOUS
10
139.7
20
-88
11
139.796
21
-88.019
0
LINE
8
BLACK
6
CONTINUOUS
10
126.831
20
-87.884
11
126.912
21
-87.9382
0
LINE
8
BLACK
6
CONTINUOUS
10
126.912
20
-87.9382
11
126.966
21
-88.0193
0
LINE
8
BLACK
6
CONTINUOUS
10
126.966
20
-88.0193
11
126.985
21
-88.115
0
LINE
8
BLACK
6
CONTINUOUS
10
126.985
20
-88.115
11
126.966
21
-88.2107
0
LINE
8
BLACK
6
CONTINUOUS
10
126.966
20
-88.2107
11
126.912
21
-88.2918
0
LINE
8
BLACK
6
CONTINUOUS
10
126.912
20
-88.2918
11
126.831
21
-88.346
0
LINE
8
BLACK
6
CONTINUOUS
10
126.831
20
-88.346
11
126.735
21
-88.365
0
LINE
8
BLACK
6
CONTINUOUS
10
126.735
20
-88.365
11
126.639
21
-88.346
0
LINE
8
BLACK
6
CONTINUOUS
10
126.639
20
-88.346
11
126.558
21
-88.2918
0
LINE
8
BLACK
6
CONTINUOUS
10
126.558
20
-88.2918
11
126.504
21
-88.2107
0
LINE
8
BLACK
6
CONTINUOUS
10
126.504
20
-88.2107
11
126.485
21
-88.115
0
LINE
8
BLACK
6
CONTINUOUS
10
126.485
20
-88.115
11
126.504
21
-88.0193
0
LINE
8
BLACK
6
CONTINUOUS
10
126.504
20
-88.0193
11
126.558
21
-87.9382
0
LINE
8
BLACK
6
CONTINUOUS
10
126.558
20
-87.9382
11
126.639
21
-87.884
0
LINE
8
BLACK
6
CONTINUOUS
10
126.639
20
-87.884
11
126.735
21
-87.865
0
LINE
8
BLACK
6
CONTINUOUS
10
126.735
20
-87.865
11
126.831
21
-87.884
0
LINE
8
BLACK
6
CONTINUOUS
10
172.976
20
-86.059
11
173.057
21
-86.1132
0
LINE
8
BLACK
6
CONTINUOUS
10
173.057
20
-86.1132
11
173.111
21
-86.1943
0
LINE
8
BLACK
6
CONTINUOUS
10
173.111
20
-86.1943
11
173.13
21
-86.29
0
LINE
8
BLACK
6
CONTINUOUS
10
173.13
20
-86.29
11
173.111
21
-86.3857
0
LINE
8
BLACK
6
CONTINUOUS
10
173.111
20
-86.3857
11
173.057
21
-86.4668
0
LINE
8
BLACK
6
CONTINUOUS
10
173.057
20
-86.4668
11
172.976
21
-86.521
0
LINE
8
BLACK
6
CONTINUOUS
10
172.976
20
-86.521
11
172.88
21
-86.54
0
LINE
8
BLACK
6
CONTINUOUS
10
172.88
20
-86.54
11
172.784
21
-86.521
0
LINE
8
BLACK
6
CONTINUOUS
10
172.784
20
-86.521
11
172.703
21
-86.4668
0
LINE
8
BLACK
6
CONTINUOUS
10
172.703
20
-86.4668
11
172.649
21
-86.3857
0
LINE
8
BLACK
6
CONTINUOUS
10
172.649
20
-86.3857
11
172.63
21
-86.29
0
LINE
8
BLACK
6
CONTINUOUS
10
172.63
20
-86.29
11
172.649
21
-86.1943
0
LINE
8
BLACK
6
CONTINUOUS
10
172.649
20
-86.1943
11
172.703
21
-86.1132
0
LINE
8
BLACK
6
CONTINUOUS
10
172.703
20
-86.1132
11
172.784
21
-86.059
0
LINE
8
BLACK
6
CONTINUOUS
10
172.784
20
-86.059
11
172.88
21
-86.04
0
LINE
8
BLACK
6
CONTINUOUS
10
172.88
20
-86.04
11
172.976
21
-86.059
0
LINE
8
BLACK
6
CONTINUOUS
10
174.246
20
-86.059
11
174.327
21
-86.1132
0
LINE
8
BLACK
6
CONTINUOUS
10
174.327
20
-86.1132
11
174.381
21
-86.1943
0
LINE
8
BLACK
6
CONTINUOUS
10
174.381
20
-86.1943
11
174.4
21
-86.29
0
LINE
8
BLACK
6
CONTINUOUS
10
174.4
20
-86.29
11
174.381
21
-86.3857
0
LINE
8
BLACK
6
CONTINUOUS
10
174.381
20
-86.3857
11
174.327
21
-86.4668
0
LINE
8
BLACK
6
CONTINUOUS
10
174.327
20
-86.4668
11
174.246
21
-86.521
0
LINE
8
BLACK
6
CONTINUOUS
10
174.246
20
-86.521
11
174.15
21
-86.54
0
LINE
8
BLACK
6
CONTINUOUS
10
174.15
20
-86.54
11
174.054
21
-86.521
0
LINE
8
BLACK
6
CONTINUOUS
10
174.054
20
-86.521
11
173.973
21
-86.4668
0
LINE
8
BLACK
6
CONTINUOUS
10
173.973
20
-86.4668
11
173.919
21
-86.3857
0
LINE
8
BLACK
6
CONTINUOUS
10
173.919
20
-86.3857
11
173.9
21
-86.29
0
LINE
8
BLACK
6
CONTINUOUS
10
173.9
20
-86.29
11
173.919
21
-86.1943
0
LINE
8
BLACK
6
CONTINUOUS
10
173.919
20
-86.1943
11
173.973
21
-86.1132
0
LINE
8
BLACK
6
CONTINUOUS
10
173.973
20
-86.1132
11
174.054
21
-86.059
0
LINE
8
BLACK
6
CONTINUOUS
10
174.054
20
-86.059
11
174.15
21
-86.04
0
LINE
8
BLACK
6
CONTINUOUS
10
174.15
20
-86.04
11
174.246
21
-86.059
0
LINE
8
BLACK
6
CONTINUOUS
10
171.706
20
-86.049
11
171.787
21
-86.1032
0
LINE
8
BLACK
6
CONTINUOUS
10
171.787
20
-86.1032
11
171.841
21
-86.1843
0
LINE
8
BLACK
6
CONTINUOUS
10
171.841
20
-86.1843
11
171.86
21
-86.28
0
LINE
8
BLACK
6
CONTINUOUS
10
171.86
20
-86.28
11
171.841
21
-86.3757
0
LINE
8
BLACK
6
CONTINUOUS
10
171.841
20
-86.3757
11
171.787
21
-86.4568
0
LINE
8
BLACK
6
CONTINUOUS
10
171.787
20
-86.4568
11
171.706
21
-86.511
0
LINE
8
BLACK
6
CONTINUOUS
10
171.706
20
-86.511
11
171.61
21
-86.53
0
LINE
8
BLACK
6
CONTINUOUS
10
171.61
20
-86.53
11
171.514
21
-86.511
0
LINE
8
BLACK
6
CONTINUOUS
10
171.514
20
-86.511
11
171.433
21
-86.4568
0
LINE
8
BLACK
6
CONTINUOUS
10
171.433
20
-86.4568
11
171.379
21
-86.3757
0
LINE
8
BLACK
6
CONTINUOUS
10
171.379
20
-86.3757
11
171.36
21
-86.28
0
LINE
8
BLACK
6
CONTINUOUS
10
171.36
20
-86.28
11
171.379
21
-86.1843
0
LINE
8
BLACK
6
CONTINUOUS
10
171.379
20
-86.1843
11
171.433
21
-86.1032
0
LINE
8
BLACK
6
CONTINUOUS
10
171.433
20
-86.1032
11
171.514
21
-86.049
0
LINE
8
BLACK
6
CONTINUOUS
10
171.514
20
-86.049
11
171.61
21
-86.03
0
LINE
8
BLACK
6
CONTINUOUS
10
171.61
20
-86.03
11
171.706
21
-86.049
0
LINE
8
BLACK
6
CONTINUOUS
10
102.015
20
-140.349
11
102.075
21
-140.693
0
LINE
8
BLACK
6
CONTINUOUS
10
102.075
20
-140.693
11
102.075
21
-140.693
0
LINE
8
BLACK
6
CONTINUOUS
10
102.075
20
-140.693
11
102.176
21
-141.028
0
LINE
8
BLACK
6
CONTINUOUS
10
102.176
20
-141.028
11
102.176
21
-141.028
0
LINE
8
BLACK
6
CONTINUOUS
10
102.176
20
-141.028
11
102.308
21
-141.335
0
LINE
8
BLACK
6
CONTINUOUS
10
102.308
20
-141.335
11
102.314
21
-141.349
0
LINE
8
BLACK
6
CONTINUOUS
10
102.314
20
-141.349
11
102.489
21
-141.652
0
LINE
8
BLACK
6
CONTINUOUS
10
102.489
20
-141.652
11
102.698
21
-141.932
0
LINE
8
BLACK
6
CONTINUOUS
10
102.698
20
-141.932
11
102.937
21
-142.186
0
LINE
8
BLACK
6
CONTINUOUS
10
102.937
20
-142.186
11
103.205
21
-142.411
0
LINE
8
BLACK
6
CONTINUOUS
10
103.205
20
-142.411
11
103.497
21
-142.603
0
LINE
8
BLACK
6
CONTINUOUS
10
103.497
20
-142.603
11
103.81
21
-142.76
0
LINE
8
BLACK
6
CONTINUOUS
10
103.81
20
-142.76
11
104.138
21
-142.879
0
LINE
8
BLACK
6
CONTINUOUS
10
104.138
20
-142.879
11
104.138
21
-142.879
0
LINE
8
BLACK
6
CONTINUOUS
10
104.138
20
-142.879
11
104.138
21
-142.879
0
LINE
8
BLACK
6
CONTINUOUS
10
104.138
20
-142.879
11
104.478
21
-142.96
0
LINE
8
BLACK
6
CONTINUOUS
10
104.478
20
-142.96
11
104.478
21
-142.96
0
LINE
8
BLACK
6
CONTINUOUS
10
104.478
20
-142.96
11
104.478
21
-142.96
0
LINE
8
BLACK
6
CONTINUOUS
10
104.478
20
-142.96
11
104.825
21
-143
0
LINE
8
BLACK
6
CONTINUOUS
10
104.825
20
-143
11
104.825
21
-143
0
LINE
8
BLACK
6
CONTINUOUS
10
104.825
20
-143
11
105.175
21
-143
0
LINE
8
BLACK
6
CONTINUOUS
10
105.175
20
-143
11
105.175
21
-143
0
LINE
8
BLACK
6
CONTINUOUS
10
105.175
20
-143
11
105.522
21
-142.96
0
LINE
8
BLACK
6
CONTINUOUS
10
105.522
20
-142.96
11
105.522
21
-142.96
0
LINE
8
BLACK
6
CONTINUOUS
10
105.522
20
-142.96
11
105.522
21
-142.96
0
LINE
8
BLACK
6
CONTINUOUS
10
105.522
20
-142.96
11
105.749
21
-142.906
0
LINE
8
BLACK
6
CONTINUOUS
10
105.749
20
-142.906
11
105.862
21
-142.879
0
LINE
8
BLACK
6
CONTINUOUS
10
105.862
20
-142.879
11
106.19
21
-142.76
0
LINE
8
BLACK
6
CONTINUOUS
10
106.19
20
-142.76
11
106.503
21
-142.603
0
LINE
8
BLACK
6
CONTINUOUS
10
106.503
20
-142.603
11
106.795
21
-142.411
0
LINE
8
BLACK
6
CONTINUOUS
10
106.795
20
-142.411
11
107.063
21
-142.186
0
LINE
8
BLACK
6
CONTINUOUS
10
107.063
20
-142.186
11
107.097
21
-142.15
0
LINE
8
BLACK
6
CONTINUOUS
10
107.097
20
-142.15
11
107.302
21
-141.932
0
LINE
8
BLACK
6
CONTINUOUS
10
107.302
20
-141.932
11
107.511
21
-141.652
0
LINE
8
BLACK
6
CONTINUOUS
10
107.511
20
-141.652
11
107.686
21
-141.349
0
LINE
8
BLACK
6
CONTINUOUS
10
107.686
20
-141.349
11
107.793
21
-141.1
0
LINE
8
BLACK
6
CONTINUOUS
10
107.793
20
-141.1
11
107.824
21
-141.028
0
LINE
8
BLACK
6
CONTINUOUS
10
107.824
20
-141.028
11
107.925
21
-140.693
0
LINE
8
BLACK
6
CONTINUOUS
10
107.925
20
-140.693
11
107.985
21
-140.349
0
LINE
8
BLACK
6
CONTINUOUS
10
107.985
20
-140.349
11
108.006
21
-140
0
LINE
8
BLACK
6
CONTINUOUS
10
108.006
20
-140
11
107.985
21
-139.651
0
LINE
8
BLACK
6
CONTINUOUS
10
107.985
20
-139.651
11
107.976
21
-139.6
0
LINE
8
BLACK
6
CONTINUOUS
10
107.976
20
-139.6
11
107.925
21
-139.307
0
LINE
8
BLACK
6
CONTINUOUS
10
107.925
20
-139.307
11
107.872
21
-139.13
0
LINE
8
BLACK
6
CONTINUOUS
10
107.872
20
-139.13
11
107.824
21
-138.972
0
LINE
8
BLACK
6
CONTINUOUS
10
107.824
20
-138.972
11
107.686
21
-138.651
0
LINE
8
BLACK
6
CONTINUOUS
10
107.686
20
-138.651
11
107.512
21
-138.35
0
LINE
8
BLACK
6
CONTINUOUS
10
107.512
20
-138.35
11
107.511
21
-138.348
0
LINE
8
BLACK
6
CONTINUOUS
10
107.511
20
-138.348
11
107.302
21
-138.068
0
LINE
8
BLACK
6
CONTINUOUS
10
107.302
20
-138.068
11
107.063
21
-137.814
0
LINE
8
BLACK
6
CONTINUOUS
10
107.063
20
-137.814
11
107.045
21
-137.799
0
LINE
8
BLACK
6
CONTINUOUS
10
107.045
20
-137.799
11
106.939
21
-137.71
0
LINE
8
BLACK
6
CONTINUOUS
10
106.939
20
-137.71
11
106.795
21
-137.589
0
LINE
8
BLACK
6
CONTINUOUS
10
106.795
20
-137.589
11
106.684
21
-137.516
0
LINE
8
BLACK
6
CONTINUOUS
10
106.684
20
-137.516
11
106.503
21
-137.397
0
LINE
8
BLACK
6
CONTINUOUS
10
106.503
20
-137.397
11
106.19
21
-137.24
0
LINE
8
BLACK
6
CONTINUOUS
10
106.19
20
-137.24
11
106.19
21
-137.24
0
LINE
8
BLACK
6
CONTINUOUS
10
106.19
20
-137.24
11
106.19
21
-137.24
0
LINE
8
BLACK
6
CONTINUOUS
10
106.19
20
-137.24
11
105.891
21
-137.131
0
LINE
8
BLACK
6
CONTINUOUS
10
105.891
20
-137.131
11
105.862
21
-137.121
0
LINE
8
BLACK
6
CONTINUOUS
10
105.862
20
-137.121
11
105.522
21
-137.04
0
LINE
8
BLACK
6
CONTINUOUS
10
105.522
20
-137.04
11
105.384
21
-137.024
0
LINE
8
BLACK
6
CONTINUOUS
10
105.384
20
-137.024
11
105.175
21
-136.999
0
LINE
8
BLACK
6
CONTINUOUS
10
105.175
20
-136.999
11
104.825
21
-136.999
0
LINE
8
BLACK
6
CONTINUOUS
10
104.825
20
-136.999
11
104.634
21
-137.022
0
LINE
8
BLACK
6
CONTINUOUS
10
104.634
20
-137.022
11
104.478
21
-137.04
0
LINE
8
BLACK
6
CONTINUOUS
10
104.478
20
-137.04
11
104.138
21
-137.121
0
LINE
8
BLACK
6
CONTINUOUS
10
104.138
20
-137.121
11
104.037
21
-137.157
0
LINE
8
BLACK
6
CONTINUOUS
10
104.037
20
-137.157
11
103.81
21
-137.24
0
LINE
8
BLACK
6
CONTINUOUS
10
103.81
20
-137.24
11
103.81
21
-137.24
0
LINE
8
BLACK
6
CONTINUOUS
10
103.81
20
-137.24
11
103.81
21
-137.24
0
LINE
8
BLACK
6
CONTINUOUS
10
103.81
20
-137.24
11
103.497
21
-137.397
0
LINE
8
BLACK
6
CONTINUOUS
10
103.497
20
-137.397
11
103.205
21
-137.589
0
LINE
8
BLACK
6
CONTINUOUS
10
103.205
20
-137.589
11
102.937
21
-137.814
0
LINE
8
BLACK
6
CONTINUOUS
10
102.937
20
-137.814
11
102.698
21
-138.068
0
LINE
8
BLACK
6
CONTINUOUS
10
102.698
20
-138.068
11
102.489
21
-138.348
0
LINE
8
BLACK
6
CONTINUOUS
10
102.489
20
-138.348
11
102.489
21
-138.348
0
LINE
8
BLACK
6
CONTINUOUS
10
102.489
20
-138.348
11
102.314
21
-138.651
0
LINE
8
BLACK
6
CONTINUOUS
10
102.314
20
-138.651
11
102.314
21
-138.651
0
LINE
8
BLACK
6
CONTINUOUS
10
102.314
20
-138.651
11
102.176
21
-138.972
0
LINE
8
BLACK
6
CONTINUOUS
10
102.176
20
-138.972
11
102.176
21
-138.972
0
LINE
8
BLACK
6
CONTINUOUS
10
102.176
20
-138.972
11
102.075
21
-139.307
0
LINE
8
BLACK
6
CONTINUOUS
10
102.075
20
-139.307
11
102.075
21
-139.307
0
LINE
8
BLACK
6
CONTINUOUS
10
102.075
20
-139.307
11
102.015
21
-139.651
0
LINE
8
BLACK
6
CONTINUOUS
10
102.015
20
-139.651
11
101.994
21
-140
0
LINE
8
BLACK
6
CONTINUOUS
10
101.994
20
-140
11
102.015
21
-140.349
0
LINE
8
BLACK
6
CONTINUOUS
10
126.693
20
-139.258
11
126.716
21
-139.307
0
LINE
8
BLACK
6
CONTINUOUS
10
126.716
20
-139.307
11
126.747
21
-139.376
0
LINE
8
BLACK
6
CONTINUOUS
10
126.747
20
-139.376
11
126.83
21
-139.472
0
LINE
8
BLACK
6
CONTINUOUS
10
126.83
20
-139.472
11
126.832
21
-139.474
0
LINE
8
BLACK
6
CONTINUOUS
10
126.832
20
-139.474
11
126.928
21
-139.536
0
LINE
8
BLACK
6
CONTINUOUS
10
126.928
20
-139.536
11
126.941
21
-139.544
0
LINE
8
BLACK
6
CONTINUOUS
10
126.941
20
-139.544
11
127.065
21
-139.581
0
LINE
8
BLACK
6
CONTINUOUS
10
127.065
20
-139.581
11
127.065
21
-139.581
0
LINE
8
BLACK
6
CONTINUOUS
10
127.065
20
-139.581
11
127.195
21
-139.581
0
LINE
8
BLACK
6
CONTINUOUS
10
127.195
20
-139.581
11
127.195
21
-139.581
0
LINE
8
BLACK
6
CONTINUOUS
10
127.195
20
-139.581
11
127.319
21
-139.544
0
LINE
8
BLACK
6
CONTINUOUS
10
127.319
20
-139.544
11
127.428
21
-139.474
0
LINE
8
BLACK
6
CONTINUOUS
10
127.428
20
-139.474
11
127.513
21
-139.376
0
LINE
8
BLACK
6
CONTINUOUS
10
127.513
20
-139.376
11
127.567
21
-139.258
0
LINE
8
BLACK
6
CONTINUOUS
10
127.567
20
-139.258
11
127.577
21
-139.186
0
LINE
8
BLACK
6
CONTINUOUS
10
127.577
20
-139.186
11
127.585
21
-139.13
0
LINE
8
BLACK
6
CONTINUOUS
10
127.585
20
-139.13
11
127.585
21
-139.13
0
LINE
8
BLACK
6
CONTINUOUS
10
127.585
20
-139.13
11
127.567
21
-139.002
0
LINE
8
BLACK
6
CONTINUOUS
10
127.567
20
-139.002
11
127.544
21
-138.952
0
LINE
8
BLACK
6
CONTINUOUS
10
127.544
20
-138.952
11
127.513
21
-138.884
0
LINE
8
BLACK
6
CONTINUOUS
10
127.513
20
-138.884
11
127.428
21
-138.786
0
LINE
8
BLACK
6
CONTINUOUS
10
127.428
20
-138.786
11
127.428
21
-138.786
0
LINE
8
BLACK
6
CONTINUOUS
10
127.428
20
-138.786
11
127.428
21
-138.786
0
LINE
8
BLACK
6
CONTINUOUS
10
127.428
20
-138.786
11
127.319
21
-138.716
0
LINE
8
BLACK
6
CONTINUOUS
10
127.319
20
-138.716
11
127.319
21
-138.716
0
LINE
8
BLACK
6
CONTINUOUS
10
127.319
20
-138.716
11
127.319
21
-138.716
0
LINE
8
BLACK
6
CONTINUOUS
10
127.319
20
-138.716
11
127.319
21
-138.716
0
LINE
8
BLACK
6
CONTINUOUS
10
127.319
20
-138.716
11
127.195
21
-138.679
0
LINE
8
BLACK
6
CONTINUOUS
10
127.195
20
-138.679
11
127.195
21
-138.679
0
LINE
8
BLACK
6
CONTINUOUS
10
127.195
20
-138.679
11
127.065
21
-138.679
0
LINE
8
BLACK
6
CONTINUOUS
10
127.065
20
-138.679
11
127.065
21
-138.679
0
LINE
8
BLACK
6
CONTINUOUS
10
127.065
20
-138.679
11
126.941
21
-138.716
0
LINE
8
BLACK
6
CONTINUOUS
10
126.941
20
-138.716
11
126.941
21
-138.716
0
LINE
8
BLACK
6
CONTINUOUS
10
126.941
20
-138.716
11
126.832
21
-138.786
0
LINE
8
BLACK
6
CONTINUOUS
10
126.832
20
-138.786
11
126.747
21
-138.884
0
LINE
8
BLACK
6
CONTINUOUS
10
126.747
20
-138.884
11
126.693
21
-139.002
0
LINE
8
BLACK
6
CONTINUOUS
10
126.693
20
-139.002
11
126.675
21
-139.13
0
LINE
8
BLACK
6
CONTINUOUS
10
126.675
20
-139.13
11
126.675
21
-139.13
0
LINE
8
BLACK
6
CONTINUOUS
10
126.675
20
-139.13
11
126.693
21
-139.258
0
LINE
8
BLACK
6
CONTINUOUS
10
108.465
20
-138.519
11
108.525
21
-138.678
0
LINE
8
BLACK
6
CONTINUOUS
10
108.525
20
-138.678
11
108.622
21
-138.818
0
LINE
8
BLACK
6
CONTINUOUS
10
108.622
20
-138.818
11
108.749
21
-138.931
0
LINE
8
BLACK
6
CONTINUOUS
10
108.749
20
-138.931
11
108.9
21
-139.01
0
LINE
8
BLACK
6
CONTINUOUS
10
108.9
20
-139.01
11
109.065
21
-139.05
0
LINE
8
BLACK
6
CONTINUOUS
10
109.065
20
-139.05
11
109.065
21
-139.05
0
LINE
8
BLACK
6
CONTINUOUS
10
109.065
20
-139.05
11
109.235
21
-139.05
0
LINE
8
BLACK
6
CONTINUOUS
10
109.235
20
-139.05
11
109.235
21
-139.05
0
LINE
8
BLACK
6
CONTINUOUS
10
109.235
20
-139.05
11
109.4
21
-139.01
0
LINE
8
BLACK
6
CONTINUOUS
10
109.4
20
-139.01
11
109.551
21
-138.931
0
LINE
8
BLACK
6
CONTINUOUS
10
109.551
20
-138.931
11
109.678
21
-138.818
0
LINE
8
BLACK
6
CONTINUOUS
10
109.678
20
-138.818
11
109.775
21
-138.678
0
LINE
8
BLACK
6
CONTINUOUS
10
109.775
20
-138.678
11
109.835
21
-138.519
0
LINE
8
BLACK
6
CONTINUOUS
10
109.835
20
-138.519
11
109.856
21
-138.35
0
LINE
8
BLACK
6
CONTINUOUS
10
109.856
20
-138.35
11
109.855
21
-138.348
0
LINE
8
BLACK
6
CONTINUOUS
10
109.855
20
-138.348
11
109.852
21
-138.32
0
LINE
8
BLACK
6
CONTINUOUS
10
109.852
20
-138.32
11
109.844
21
-138.25
0
LINE
8
BLACK
6
CONTINUOUS
10
109.844
20
-138.25
11
109.835
21
-138.181
0
LINE
8
BLACK
6
CONTINUOUS
10
109.835
20
-138.181
11
109.775
21
-138.022
0
LINE
8
BLACK
6
CONTINUOUS
10
109.775
20
-138.022
11
109.678
21
-137.882
0
LINE
8
BLACK
6
CONTINUOUS
10
109.678
20
-137.882
11
109.585
21
-137.799
0
LINE
8
BLACK
6
CONTINUOUS
10
109.585
20
-137.799
11
109.554
21
-137.746
0
LINE
8
BLACK
6
CONTINUOUS
10
109.554
20
-137.746
11
109.559
21
-137.685
0
LINE
8
BLACK
6
CONTINUOUS
10
109.559
20
-137.685
11
109.585
21
-137.651
0
LINE
8
BLACK
6
CONTINUOUS
10
109.585
20
-137.651
11
109.678
21
-137.568
0
LINE
8
BLACK
6
CONTINUOUS
10
109.678
20
-137.568
11
109.775
21
-137.428
0
LINE
8
BLACK
6
CONTINUOUS
10
109.775
20
-137.428
11
109.835
21
-137.27
0
LINE
8
BLACK
6
CONTINUOUS
10
109.835
20
-137.27
11
109.835
21
-137.269
0
LINE
8
BLACK
6
CONTINUOUS
10
109.835
20
-137.269
11
109.856
21
-137.1
0
LINE
8
BLACK
6
CONTINUOUS
10
109.856
20
-137.1
11
109.835
21
-136.931
0
LINE
8
BLACK
6
CONTINUOUS
10
109.835
20
-136.931
11
109.775
21
-136.772
0
LINE
8
BLACK
6
CONTINUOUS
10
109.775
20
-136.772
11
109.678
21
-136.632
0
LINE
8
BLACK
6
CONTINUOUS
10
109.678
20
-136.632
11
109.551
21
-136.519
0
LINE
8
BLACK
6
CONTINUOUS
10
109.551
20
-136.519
11
109.4
21
-136.44
0
LINE
8
BLACK
6
CONTINUOUS
10
109.4
20
-136.44
11
109.4
21
-136.44
0
LINE
8
BLACK
6
CONTINUOUS
10
109.4
20
-136.44
11
109.4
21
-136.44
0
LINE
8
BLACK
6
CONTINUOUS
10
109.4
20
-136.44
11
109.235
21
-136.399
0
LINE
8
BLACK
6
CONTINUOUS
10
109.235
20
-136.399
11
109.235
21
-136.399
0
LINE
8
BLACK
6
CONTINUOUS
10
109.235
20
-136.399
11
109.065
21
-136.399
0
LINE
8
BLACK
6
CONTINUOUS
10
109.065
20
-136.399
11
109.065
21
-136.399
0
LINE
8
BLACK
6
CONTINUOUS
10
109.065
20
-136.399
11
108.9
21
-136.44
0
LINE
8
BLACK
6
CONTINUOUS
10
108.9
20
-136.44
11
108.749
21
-136.519
0
LINE
8
BLACK
6
CONTINUOUS
10
108.749
20
-136.519
11
108.622
21
-136.632
0
LINE
8
BLACK
6
CONTINUOUS
10
108.622
20
-136.632
11
108.622
21
-136.632
0
LINE
8
BLACK
6
CONTINUOUS
10
108.622
20
-136.632
11
108.622
21
-136.632
0
LINE
8
BLACK
6
CONTINUOUS
10
108.622
20
-136.632
11
108.525
21
-136.772
0
LINE
8
BLACK
6
CONTINUOUS
10
108.525
20
-136.772
11
108.467
21
-136.926
0
LINE
8
BLACK
6
CONTINUOUS
10
108.467
20
-136.926
11
108.465
21
-136.931
0
LINE
8
BLACK
6
CONTINUOUS
10
108.465
20
-136.931
11
108.444
21
-137.1
0
LINE
8
BLACK
6
CONTINUOUS
10
108.444
20
-137.1
11
108.444
21
-137.1
0
LINE
8
BLACK
6
CONTINUOUS
10
108.444
20
-137.1
11
108.448
21
-137.131
0
LINE
8
BLACK
6
CONTINUOUS
10
108.448
20
-137.131
11
108.465
21
-137.269
0
LINE
8
BLACK
6
CONTINUOUS
10
108.465
20
-137.269
11
108.525
21
-137.428
0
LINE
8
BLACK
6
CONTINUOUS
10
108.525
20
-137.428
11
108.622
21
-137.568
0
LINE
8
BLACK
6
CONTINUOUS
10
108.622
20
-137.568
11
108.622
21
-137.568
0
LINE
8
BLACK
6
CONTINUOUS
10
108.622
20
-137.568
11
108.622
21
-137.568
0
LINE
8
BLACK
6
CONTINUOUS
10
108.622
20
-137.568
11
108.715
21
-137.651
0
LINE
8
BLACK
6
CONTINUOUS
10
108.715
20
-137.651
11
108.746
21
-137.704
0
LINE
8
BLACK
6
CONTINUOUS
10
108.746
20
-137.704
11
108.741
21
-137.765
0
LINE
8
BLACK
6
CONTINUOUS
10
108.741
20
-137.765
11
108.715
21
-137.799
0
LINE
8
BLACK
6
CONTINUOUS
10
108.715
20
-137.799
11
108.622
21
-137.882
0
LINE
8
BLACK
6
CONTINUOUS
10
108.622
20
-137.882
11
108.622
21
-137.882
0
LINE
8
BLACK
6
CONTINUOUS
10
108.622
20
-137.882
11
108.538
21
-138.004
0
LINE
8
BLACK
6
CONTINUOUS
10
108.538
20
-138.004
11
108.525
21
-138.022
0
LINE
8
BLACK
6
CONTINUOUS
10
108.525
20
-138.022
11
108.508
21
-138.068
0
LINE
8
BLACK
6
CONTINUOUS
10
108.508
20
-138.068
11
108.465
21
-138.181
0
LINE
8
BLACK
6
CONTINUOUS
10
108.465
20
-138.181
11
108.445
21
-138.348
0
LINE
8
BLACK
6
CONTINUOUS
10
108.445
20
-138.348
11
108.444
21
-138.35
0
LINE
8
BLACK
6
CONTINUOUS
10
108.444
20
-138.35
11
108.465
21
-138.519
0
LINE
8
BLACK
6
CONTINUOUS
10
129.233
20
-137.398
11
129.283
21
-137.506
0
LINE
8
BLACK
6
CONTINUOUS
10
129.283
20
-137.506
11
129.287
21
-137.516
0
LINE
8
BLACK
6
CONTINUOUS
10
129.287
20
-137.516
11
129.35
21
-137.589
0
LINE
8
BLACK
6
CONTINUOUS
10
129.35
20
-137.589
11
129.372
21
-137.614
0
LINE
8
BLACK
6
CONTINUOUS
10
129.372
20
-137.614
11
129.481
21
-137.684
0
LINE
8
BLACK
6
CONTINUOUS
10
129.481
20
-137.684
11
129.481
21
-137.684
0
LINE
8
BLACK
6
CONTINUOUS
10
129.481
20
-137.684
11
129.605
21
-137.72
0
LINE
8
BLACK
6
CONTINUOUS
10
129.605
20
-137.72
11
129.605
21
-137.72
0
LINE
8
BLACK
6
CONTINUOUS
10
129.605
20
-137.72
11
129.735
21
-137.72
0
LINE
8
BLACK
6
CONTINUOUS
10
129.735
20
-137.72
11
129.735
21
-137.72
0
LINE
8
BLACK
6
CONTINUOUS
10
129.735
20
-137.72
11
129.859
21
-137.684
0
LINE
8
BLACK
6
CONTINUOUS
10
129.859
20
-137.684
11
129.968
21
-137.614
0
LINE
8
BLACK
6
CONTINUOUS
10
129.968
20
-137.614
11
130.053
21
-137.516
0
LINE
8
BLACK
6
CONTINUOUS
10
130.053
20
-137.516
11
130.107
21
-137.398
0
LINE
8
BLACK
6
CONTINUOUS
10
130.107
20
-137.398
11
130.123
21
-137.286
0
LINE
8
BLACK
6
CONTINUOUS
10
130.123
20
-137.286
11
130.125
21
-137.27
0
LINE
8
BLACK
6
CONTINUOUS
10
130.125
20
-137.27
11
130.125
21
-137.27
0
LINE
8
BLACK
6
CONTINUOUS
10
130.125
20
-137.27
11
130.124
21
-137.26
0
LINE
8
BLACK
6
CONTINUOUS
10
130.124
20
-137.26
11
130.107
21
-137.142
0
LINE
8
BLACK
6
CONTINUOUS
10
130.107
20
-137.142
11
130.085
21
-137.094
0
LINE
8
BLACK
6
CONTINUOUS
10
130.085
20
-137.094
11
130.053
21
-137.024
0
LINE
8
BLACK
6
CONTINUOUS
10
130.053
20
-137.024
11
129.968
21
-136.926
0
LINE
8
BLACK
6
CONTINUOUS
10
129.968
20
-136.926
11
129.968
21
-136.926
0
LINE
8
BLACK
6
CONTINUOUS
10
129.968
20
-136.926
11
129.968
21
-136.926
0
LINE
8
BLACK
6
CONTINUOUS
10
129.968
20
-136.926
11
129.859
21
-136.856
0
LINE
8
BLACK
6
CONTINUOUS
10
129.859
20
-136.856
11
129.859
21
-136.856
0
LINE
8
BLACK
6
CONTINUOUS
10
129.859
20
-136.856
11
129.859
21
-136.856
0
LINE
8
BLACK
6
CONTINUOUS
10
129.859
20
-136.856
11
129.859
21
-136.856
0
LINE
8
BLACK
6
CONTINUOUS
10
129.859
20
-136.856
11
129.735
21
-136.82
0
LINE
8
BLACK
6
CONTINUOUS
10
129.735
20
-136.82
11
129.735
21
-136.82
0
LINE
8
BLACK
6
CONTINUOUS
10
129.735
20
-136.82
11
129.605
21
-136.82
0
LINE
8
BLACK
6
CONTINUOUS
10
129.605
20
-136.82
11
129.605
21
-136.82
0
LINE
8
BLACK
6
CONTINUOUS
10
129.605
20
-136.82
11
129.481
21
-136.856
0
LINE
8
BLACK
6
CONTINUOUS
10
129.481
20
-136.856
11
129.481
21
-136.856
0
LINE
8
BLACK
6
CONTINUOUS
10
129.481
20
-136.856
11
129.372
21
-136.926
0
LINE
8
BLACK
6
CONTINUOUS
10
129.372
20
-136.926
11
129.287
21
-137.024
0
LINE
8
BLACK
6
CONTINUOUS
10
129.287
20
-137.024
11
129.233
21
-137.142
0
LINE
8
BLACK
6
CONTINUOUS
10
129.233
20
-137.142
11
129.215
21
-137.27
0
LINE
8
BLACK
6
CONTINUOUS
10
129.215
20
-137.27
11
129.215
21
-137.27
0
LINE
8
BLACK
6
CONTINUOUS
10
129.215
20
-137.27
11
129.233
21
-137.398
0
LINE
8
BLACK
6
CONTINUOUS
10
136.903
20
-137.388
11
136.912
21
-137.408
0
LINE
8
BLACK
6
CONTINUOUS
10
136.912
20
-137.408
11
136.957
21
-137.506
0
LINE
8
BLACK
6
CONTINUOUS
10
136.957
20
-137.506
11
137.026
21
-137.586
0
LINE
8
BLACK
6
CONTINUOUS
10
137.026
20
-137.586
11
137.042
21
-137.604
0
LINE
8
BLACK
6
CONTINUOUS
10
137.042
20
-137.604
11
137.151
21
-137.674
0
LINE
8
BLACK
6
CONTINUOUS
10
137.151
20
-137.674
11
137.151
21
-137.674
0
LINE
8
BLACK
6
CONTINUOUS
10
137.151
20
-137.674
11
137.275
21
-137.71
0
LINE
8
BLACK
6
CONTINUOUS
10
137.275
20
-137.71
11
137.275
21
-137.71
0
LINE
8
BLACK
6
CONTINUOUS
10
137.275
20
-137.71
11
137.405
21
-137.71
0
LINE
8
BLACK
6
CONTINUOUS
10
137.405
20
-137.71
11
137.405
21
-137.71
0
LINE
8
BLACK
6
CONTINUOUS
10
137.405
20
-137.71
11
137.529
21
-137.674
0
LINE
8
BLACK
6
CONTINUOUS
10
137.529
20
-137.674
11
137.638
21
-137.604
0
LINE
8
BLACK
6
CONTINUOUS
10
137.638
20
-137.604
11
137.691
21
-137.543
0
LINE
8
BLACK
6
CONTINUOUS
10
137.691
20
-137.543
11
137.743
21
-137.511
0
LINE
8
BLACK
6
CONTINUOUS
10
137.743
20
-137.511
11
137.804
21
-137.517
0
LINE
8
BLACK
6
CONTINUOUS
10
137.804
20
-137.517
11
137.84
21
-137.543
0
LINE
8
BLACK
6
CONTINUOUS
10
137.84
20
-137.543
11
137.88
21
-137.589
0
LINE
8
BLACK
6
CONTINUOUS
10
137.88
20
-137.589
11
137.902
21
-137.614
0
LINE
8
BLACK
6
CONTINUOUS
10
137.902
20
-137.614
11
138.011
21
-137.684
0
LINE
8
BLACK
6
CONTINUOUS
10
138.011
20
-137.684
11
138.011
21
-137.684
0
LINE
8
BLACK
6
CONTINUOUS
10
138.011
20
-137.684
11
138.135
21
-137.72
0
LINE
8
BLACK
6
CONTINUOUS
10
138.135
20
-137.72
11
138.135
21
-137.72
0
LINE
8
BLACK
6
CONTINUOUS
10
138.135
20
-137.72
11
138.265
21
-137.72
0
LINE
8
BLACK
6
CONTINUOUS
10
138.265
20
-137.72
11
138.265
21
-137.72
0
LINE
8
BLACK
6
CONTINUOUS
10
138.265
20
-137.72
11
138.389
21
-137.684
0
LINE
8
BLACK
6
CONTINUOUS
10
138.389
20
-137.684
11
138.498
21
-137.614
0
LINE
8
BLACK
6
CONTINUOUS
10
138.498
20
-137.614
11
138.583
21
-137.516
0
LINE
8
BLACK
6
CONTINUOUS
10
138.583
20
-137.516
11
138.637
21
-137.398
0
LINE
8
BLACK
6
CONTINUOUS
10
138.637
20
-137.398
11
138.653
21
-137.286
0
LINE
8
BLACK
6
CONTINUOUS
10
138.653
20
-137.286
11
138.655
21
-137.27
0
LINE
8
BLACK
6
CONTINUOUS
10
138.655
20
-137.27
11
138.655
21
-137.27
0
LINE
8
BLACK
6
CONTINUOUS
10
138.655
20
-137.27
11
138.637
21
-137.142
0
LINE
8
BLACK
6
CONTINUOUS
10
138.637
20
-137.142
11
138.615
21
-137.094
0
LINE
8
BLACK
6
CONTINUOUS
10
138.615
20
-137.094
11
138.583
21
-137.024
0
LINE
8
BLACK
6
CONTINUOUS
10
138.583
20
-137.024
11
138.501
21
-136.93
0
LINE
8
BLACK
6
CONTINUOUS
10
138.501
20
-136.93
11
138.484
21
-136.889
0
LINE
8
BLACK
6
CONTINUOUS
10
138.484
20
-136.889
11
138.478
21
-136.873
0
LINE
8
BLACK
6
CONTINUOUS
10
138.478
20
-136.873
11
138.491
21
-136.814
0
LINE
8
BLACK
6
CONTINUOUS
10
138.491
20
-136.814
11
138.501
21
-136.8
0
LINE
8
BLACK
6
CONTINUOUS
10
138.501
20
-136.8
11
138.583
21
-136.706
0
LINE
8
BLACK
6
CONTINUOUS
10
138.583
20
-136.706
11
138.637
21
-136.588
0
LINE
8
BLACK
6
CONTINUOUS
10
138.637
20
-136.588
11
138.655
21
-136.46
0
LINE
8
BLACK
6
CONTINUOUS
10
138.655
20
-136.46
11
138.654
21
-136.45
0
LINE
8
BLACK
6
CONTINUOUS
10
138.654
20
-136.45
11
138.637
21
-136.332
0
LINE
8
BLACK
6
CONTINUOUS
10
138.637
20
-136.332
11
138.583
21
-136.214
0
LINE
8
BLACK
6
CONTINUOUS
10
138.583
20
-136.214
11
138.583
21
-136.214
0
LINE
8
BLACK
6
CONTINUOUS
10
138.583
20
-136.214
11
138.498
21
-136.116
0
LINE
8
BLACK
6
CONTINUOUS
10
138.498
20
-136.116
11
138.498
21
-136.116
0
LINE
8
BLACK
6
CONTINUOUS
10
138.498
20
-136.116
11
138.498
21
-136.116
0
LINE
8
BLACK
6
CONTINUOUS
10
138.498
20
-136.116
11
138.389
21
-136.046
0
LINE
8
BLACK
6
CONTINUOUS
10
138.389
20
-136.046
11
138.389
21
-136.046
0
LINE
8
BLACK
6
CONTINUOUS
10
138.389
20
-136.046
11
138.389
21
-136.046
0
LINE
8
BLACK
6
CONTINUOUS
10
138.389
20
-136.046
11
138.378
21
-136.043
0
LINE
8
BLACK
6
CONTINUOUS
10
138.378
20
-136.043
11
138.265
21
-136.01
0
LINE
8
BLACK
6
CONTINUOUS
10
138.265
20
-136.01
11
138.265
21
-136.01
0
LINE
8
BLACK
6
CONTINUOUS
10
138.265
20
-136.01
11
138.135
21
-136.01
0
LINE
8
BLACK
6
CONTINUOUS
10
138.135
20
-136.01
11
138.135
21
-136.01
0
LINE
8
BLACK
6
CONTINUOUS
10
138.135
20
-136.01
11
138.011
21
-136.046
0
LINE
8
BLACK
6
CONTINUOUS
10
138.011
20
-136.046
11
138.011
21
-136.046
0
LINE
8
BLACK
6
CONTINUOUS
10
138.011
20
-136.046
11
137.902
21
-136.116
0
LINE
8
BLACK
6
CONTINUOUS
10
137.902
20
-136.116
11
137.845
21
-136.182
0
LINE
8
BLACK
6
CONTINUOUS
10
137.845
20
-136.182
11
137.792
21
-136.214
0
LINE
8
BLACK
6
CONTINUOUS
10
137.792
20
-136.214
11
137.731
21
-136.208
0
LINE
8
BLACK
6
CONTINUOUS
10
137.731
20
-136.208
11
137.695
21
-136.182
0
LINE
8
BLACK
6
CONTINUOUS
10
137.695
20
-136.182
11
137.638
21
-136.116
0
LINE
8
BLACK
6
CONTINUOUS
10
137.638
20
-136.116
11
137.529
21
-136.046
0
LINE
8
BLACK
6
CONTINUOUS
10
137.529
20
-136.046
11
137.529
21
-136.046
0
LINE
8
BLACK
6
CONTINUOUS
10
137.529
20
-136.046
11
137.529
21
-136.046
0
LINE
8
BLACK
6
CONTINUOUS
10
137.529
20
-136.046
11
137.518
21
-136.043
0
LINE
8
BLACK
6
CONTINUOUS
10
137.518
20
-136.043
11
137.405
21
-136.01
0
LINE
8
BLACK
6
CONTINUOUS
10
137.405
20
-136.01
11
137.405
21
-136.01
0
LINE
8
BLACK
6
CONTINUOUS
10
137.405
20
-136.01
11
137.275
21
-136.01
0
LINE
8
BLACK
6
CONTINUOUS
10
137.275
20
-136.01
11
137.275
21
-136.01
0
LINE
8
BLACK
6
CONTINUOUS
10
137.275
20
-136.01
11
137.151
21
-136.046
0
LINE
8
BLACK
6
CONTINUOUS
10
137.151
20
-136.046
11
137.151
21
-136.046
0
LINE
8
BLACK
6
CONTINUOUS
10
137.151
20
-136.046
11
137.042
21
-136.116
0
LINE
8
BLACK
6
CONTINUOUS
10
137.042
20
-136.116
11
136.957
21
-136.214
0
LINE
8
BLACK
6
CONTINUOUS
10
136.957
20
-136.214
11
136.903
21
-136.332
0
LINE
8
BLACK
6
CONTINUOUS
10
136.903
20
-136.332
11
136.885
21
-136.46
0
LINE
8
BLACK
6
CONTINUOUS
10
136.885
20
-136.46
11
136.885
21
-136.46
0
LINE
8
BLACK
6
CONTINUOUS
10
136.885
20
-136.46
11
136.903
21
-136.588
0
LINE
8
BLACK
6
CONTINUOUS
10
136.903
20
-136.588
11
136.923
21
-136.632
0
LINE
8
BLACK
6
CONTINUOUS
10
136.923
20
-136.632
11
136.957
21
-136.706
0
LINE
8
BLACK
6
CONTINUOUS
10
136.957
20
-136.706
11
136.995
21
-136.75
0
LINE
8
BLACK
6
CONTINUOUS
10
136.995
20
-136.75
11
137.034
21
-136.795
0
LINE
8
BLACK
6
CONTINUOUS
10
137.034
20
-136.795
11
137.058
21
-136.852
0
LINE
8
BLACK
6
CONTINUOUS
10
137.058
20
-136.852
11
137.044
21
-136.911
0
LINE
8
BLACK
6
CONTINUOUS
10
137.044
20
-136.911
11
137.034
21
-136.925
0
LINE
8
BLACK
6
CONTINUOUS
10
137.034
20
-136.925
11
136.98
21
-136.987
0
LINE
8
BLACK
6
CONTINUOUS
10
136.98
20
-136.987
11
136.957
21
-137.014
0
LINE
8
BLACK
6
CONTINUOUS
10
136.957
20
-137.014
11
136.903
21
-137.132
0
LINE
8
BLACK
6
CONTINUOUS
10
136.903
20
-137.132
11
136.885
21
-137.26
0
LINE
8
BLACK
6
CONTINUOUS
10
136.885
20
-137.26
11
136.885
21
-137.26
0
LINE
8
BLACK
6
CONTINUOUS
10
136.885
20
-137.26
11
136.903
21
-137.388
0
LINE
8
BLACK
6
CONTINUOUS
10
103.767
20
-130.838
11
103.822
21
-131.05
0
LINE
8
BLACK
6
CONTINUOUS
10
103.822
20
-131.05
11
103.835
21
-131.1
0
LINE
8
BLACK
6
CONTINUOUS
10
103.835
20
-131.1
11
103.942
21
-131.35
0
LINE
8
BLACK
6
CONTINUOUS
10
103.942
20
-131.35
11
104.083
21
-131.582
0
LINE
8
BLACK
6
CONTINUOUS
10
104.083
20
-131.582
11
104.083
21
-131.582
0
LINE
8
BLACK
6
CONTINUOUS
10
104.083
20
-131.582
11
104.257
21
-131.791
0
LINE
8
BLACK
6
CONTINUOUS
10
104.257
20
-131.791
11
104.257
21
-131.791
0
LINE
8
BLACK
6
CONTINUOUS
10
104.257
20
-131.791
11
104.257
21
-131.791
0
LINE
8
BLACK
6
CONTINUOUS
10
104.257
20
-131.791
11
104.257
21
-131.791
0
LINE
8
BLACK
6
CONTINUOUS
10
104.257
20
-131.791
11
104.459
21
-131.972
0
LINE
8
BLACK
6
CONTINUOUS
10
104.459
20
-131.972
11
104.685
21
-132.122
0
LINE
8
BLACK
6
CONTINUOUS
10
104.685
20
-132.122
11
104.685
21
-132.122
0
LINE
8
BLACK
6
CONTINUOUS
10
104.685
20
-132.122
11
104.685
21
-132.122
0
LINE
8
BLACK
6
CONTINUOUS
10
104.685
20
-132.122
11
104.818
21
-132.184
0
LINE
8
BLACK
6
CONTINUOUS
10
104.818
20
-132.184
11
104.931
21
-132.237
0
LINE
8
BLACK
6
CONTINUOUS
10
104.931
20
-132.237
11
105.077
21
-132.281
0
LINE
8
BLACK
6
CONTINUOUS
10
105.077
20
-132.281
11
105.191
21
-132.315
0
LINE
8
BLACK
6
CONTINUOUS
10
105.191
20
-132.315
11
105.191
21
-132.315
0
LINE
8
BLACK
6
CONTINUOUS
10
105.191
20
-132.315
11
105.191
21
-132.315
0
LINE
8
BLACK
6
CONTINUOUS
10
105.191
20
-132.315
11
105.393
21
-132.345
0
LINE
8
BLACK
6
CONTINUOUS
10
105.393
20
-132.345
11
105.46
21
-132.355
0
LINE
8
BLACK
6
CONTINUOUS
10
105.46
20
-132.355
11
105.46
21
-132.355
0
LINE
8
BLACK
6
CONTINUOUS
10
105.46
20
-132.355
11
105.663
21
-132.355
0
LINE
8
BLACK
6
CONTINUOUS
10
105.663
20
-132.355
11
105.866
21
-132.34
0
LINE
8
BLACK
6
CONTINUOUS
10
105.866
20
-132.34
11
106.131
21
-132.281
0
LINE
8
BLACK
6
CONTINUOUS
10
106.131
20
-132.281
11
106.385
21
-132.184
0
LINE
8
BLACK
6
CONTINUOUS
10
106.385
20
-132.184
11
106.622
21
-132.051
0
LINE
8
BLACK
6
CONTINUOUS
10
106.622
20
-132.051
11
106.837
21
-131.885
0
LINE
8
BLACK
6
CONTINUOUS
10
106.837
20
-131.885
11
107.025
21
-131.69
0
LINE
8
BLACK
6
CONTINUOUS
10
107.025
20
-131.69
11
107.039
21
-131.67
0
LINE
8
BLACK
6
CONTINUOUS
10
107.039
20
-131.67
11
107.183
21
-131.469
0
LINE
8
BLACK
6
CONTINUOUS
10
107.183
20
-131.469
11
107.307
21
-131.227
0
LINE
8
BLACK
6
CONTINUOUS
10
107.307
20
-131.227
11
107.368
21
-131.05
0
LINE
8
BLACK
6
CONTINUOUS
10
107.368
20
-131.05
11
107.395
21
-130.97
0
LINE
8
BLACK
6
CONTINUOUS
10
107.395
20
-130.97
11
107.444
21
-130.703
0
LINE
8
BLACK
6
CONTINUOUS
10
107.444
20
-130.703
11
107.454
21
-130.432
0
LINE
8
BLACK
6
CONTINUOUS
10
107.454
20
-130.432
11
107.424
21
-130.162
0
LINE
8
BLACK
6
CONTINUOUS
10
107.424
20
-130.162
11
107.392
21
-130.04
0
LINE
8
BLACK
6
CONTINUOUS
10
107.392
20
-130.04
11
107.356
21
-129.9
0
LINE
8
BLACK
6
CONTINUOUS
10
107.356
20
-129.9
11
107.249
21
-129.65
0
LINE
8
BLACK
6
CONTINUOUS
10
107.249
20
-129.65
11
107.108
21
-129.418
0
LINE
8
BLACK
6
CONTINUOUS
10
107.108
20
-129.418
11
107.069
21
-129.371
0
LINE
8
BLACK
6
CONTINUOUS
10
107.069
20
-129.371
11
106.934
21
-129.209
0
LINE
8
BLACK
6
CONTINUOUS
10
106.934
20
-129.209
11
106.934
21
-129.209
0
LINE
8
BLACK
6
CONTINUOUS
10
106.934
20
-129.209
11
106.732
21
-129.028
0
LINE
8
BLACK
6
CONTINUOUS
10
106.732
20
-129.028
11
106.732
21
-129.028
0
LINE
8
BLACK
6
CONTINUOUS
10
106.732
20
-129.028
11
106.732
21
-129.028
0
LINE
8
BLACK
6
CONTINUOUS
10
106.732
20
-129.028
11
106.506
21
-128.878
0
LINE
8
BLACK
6
CONTINUOUS
10
106.506
20
-128.878
11
106.506
21
-128.878
0
LINE
8
BLACK
6
CONTINUOUS
10
106.506
20
-128.878
11
106.506
21
-128.878
0
LINE
8
BLACK
6
CONTINUOUS
10
106.506
20
-128.878
11
106.26
21
-128.763
0
LINE
8
BLACK
6
CONTINUOUS
10
106.26
20
-128.763
11
106
21
-128.685
0
LINE
8
BLACK
6
CONTINUOUS
10
106
20
-128.685
11
106
21
-128.685
0
LINE
8
BLACK
6
CONTINUOUS
10
106
20
-128.685
11
105.731
21
-128.645
0
LINE
8
BLACK
6
CONTINUOUS
10
105.731
20
-128.645
11
105.731
21
-128.645
0
LINE
8
BLACK
6
CONTINUOUS
10
105.731
20
-128.645
11
105.528
21
-128.645
0
LINE
8
BLACK
6
CONTINUOUS
10
105.528
20
-128.645
11
105.325
21
-128.66
0
LINE
8
BLACK
6
CONTINUOUS
10
105.325
20
-128.66
11
105.325
21
-128.66
0
LINE
8
BLACK
6
CONTINUOUS
10
105.325
20
-128.66
11
105.325
21
-128.66
0
LINE
8
BLACK
6
CONTINUOUS
10
105.325
20
-128.66
11
105.06
21
-128.719
0
LINE
8
BLACK
6
CONTINUOUS
10
105.06
20
-128.719
11
104.877
21
-128.789
0
LINE
8
BLACK
6
CONTINUOUS
10
104.877
20
-128.789
11
104.806
21
-128.816
0
LINE
8
BLACK
6
CONTINUOUS
10
104.806
20
-128.816
11
104.569
21
-128.949
0
LINE
8
BLACK
6
CONTINUOUS
10
104.569
20
-128.949
11
104.569
21
-128.949
0
LINE
8
BLACK
6
CONTINUOUS
10
104.569
20
-128.949
11
104.355
21
-129.115
0
LINE
8
BLACK
6
CONTINUOUS
10
104.355
20
-129.115
11
104.355
21
-129.115
0
LINE
8
BLACK
6
CONTINUOUS
10
104.355
20
-129.115
11
104.166
21
-129.31
0
LINE
8
BLACK
6
CONTINUOUS
10
104.166
20
-129.31
11
104.166
21
-129.31
0
LINE
8
BLACK
6
CONTINUOUS
10
104.166
20
-129.31
11
104.008
21
-129.531
0
LINE
8
BLACK
6
CONTINUOUS
10
104.008
20
-129.531
11
103.884
21
-129.773
0
LINE
8
BLACK
6
CONTINUOUS
10
103.884
20
-129.773
11
103.884
21
-129.773
0
LINE
8
BLACK
6
CONTINUOUS
10
103.884
20
-129.773
11
103.796
21
-130.03
0
LINE
8
BLACK
6
CONTINUOUS
10
103.796
20
-130.03
11
103.796
21
-130.03
0
LINE
8
BLACK
6
CONTINUOUS
10
103.796
20
-130.03
11
103.747
21
-130.297
0
LINE
8
BLACK
6
CONTINUOUS
10
103.747
20
-130.297
11
103.737
21
-130.568
0
LINE
8
BLACK
6
CONTINUOUS
10
103.737
20
-130.568
11
103.767
21
-130.838
0
LINE
8
BLACK
6
CONTINUOUS
10
162.993
20
-130.168
11
163.047
21
-130.286
0
LINE
8
BLACK
6
CONTINUOUS
10
163.047
20
-130.286
11
163.047
21
-130.286
0
LINE
8
BLACK
6
CONTINUOUS
10
163.047
20
-130.286
11
163.103
21
-130.35
0
LINE
8
BLACK
6
CONTINUOUS
10
163.103
20
-130.35
11
163.132
21
-130.384
0
LINE
8
BLACK
6
CONTINUOUS
10
163.132
20
-130.384
11
163.241
21
-130.454
0
LINE
8
BLACK
6
CONTINUOUS
10
163.241
20
-130.454
11
163.241
21
-130.454
0
LINE
8
BLACK
6
CONTINUOUS
10
163.241
20
-130.454
11
163.365
21
-130.49
0
LINE
8
BLACK
6
CONTINUOUS
10
163.365
20
-130.49
11
163.365
21
-130.49
0
LINE
8
BLACK
6
CONTINUOUS
10
163.365
20
-130.49
11
163.495
21
-130.49
0
LINE
8
BLACK
6
CONTINUOUS
10
163.495
20
-130.49
11
163.495
21
-130.49
0
LINE
8
BLACK
6
CONTINUOUS
10
163.495
20
-130.49
11
163.619
21
-130.454
0
LINE
8
BLACK
6
CONTINUOUS
10
163.619
20
-130.454
11
163.728
21
-130.384
0
LINE
8
BLACK
6
CONTINUOUS
10
163.728
20
-130.384
11
163.813
21
-130.286
0
LINE
8
BLACK
6
CONTINUOUS
10
163.813
20
-130.286
11
163.867
21
-130.168
0
LINE
8
BLACK
6
CONTINUOUS
10
163.867
20
-130.168
11
163.885
21
-130.04
0
LINE
8
BLACK
6
CONTINUOUS
10
163.885
20
-130.04
11
163.884
21
-130.03
0
LINE
8
BLACK
6
CONTINUOUS
10
163.884
20
-130.03
11
163.867
21
-129.912
0
LINE
8
BLACK
6
CONTINUOUS
10
163.867
20
-129.912
11
163.861
21
-129.9
0
LINE
8
BLACK
6
CONTINUOUS
10
163.861
20
-129.9
11
163.852
21
-129.88
0
LINE
8
BLACK
6
CONTINUOUS
10
163.852
20
-129.88
11
163.813
21
-129.794
0
LINE
8
BLACK
6
CONTINUOUS
10
163.813
20
-129.794
11
163.728
21
-129.696
0
LINE
8
BLACK
6
CONTINUOUS
10
163.728
20
-129.696
11
163.728
21
-129.696
0
LINE
8
BLACK
6
CONTINUOUS
10
163.728
20
-129.696
11
163.728
21
-129.696
0
LINE
8
BLACK
6
CONTINUOUS
10
163.728
20
-129.696
11
163.619
21
-129.626
0
LINE
8
BLACK
6
CONTINUOUS
10
163.619
20
-129.626
11
163.619
21
-129.626
0
LINE
8
BLACK
6
CONTINUOUS
10
163.619
20
-129.626
11
163.619
21
-129.626
0
LINE
8
BLACK
6
CONTINUOUS
10
163.619
20
-129.626
11
163.619
21
-129.626
0
LINE
8
BLACK
6
CONTINUOUS
10
163.619
20
-129.626
11
163.495
21
-129.589
0
LINE
8
BLACK
6
CONTINUOUS
10
163.495
20
-129.589
11
163.495
21
-129.589
0
LINE
8
BLACK
6
CONTINUOUS
10
163.495
20
-129.589
11
163.365
21
-129.589
0
LINE
8
BLACK
6
CONTINUOUS
10
163.365
20
-129.589
11
163.365
21
-129.589
0
LINE
8
BLACK
6
CONTINUOUS
10
163.365
20
-129.589
11
163.241
21
-129.626
0
LINE
8
BLACK
6
CONTINUOUS
10
163.241
20
-129.626
11
163.241
21
-129.626
0
LINE
8
BLACK
6
CONTINUOUS
10
163.241
20
-129.626
11
163.132
21
-129.696
0
LINE
8
BLACK
6
CONTINUOUS
10
163.132
20
-129.696
11
163.047
21
-129.794
0
LINE
8
BLACK
6
CONTINUOUS
10
163.047
20
-129.794
11
162.993
21
-129.912
0
LINE
8
BLACK
6
CONTINUOUS
10
162.993
20
-129.912
11
162.975
21
-130.04
0
LINE
8
BLACK
6
CONTINUOUS
10
162.975
20
-130.04
11
162.975
21
-130.04
0
LINE
8
BLACK
6
CONTINUOUS
10
162.975
20
-130.04
11
162.993
21
-130.168
0
LINE
8
BLACK
6
CONTINUOUS
10
171.093
20
-130.078
11
171.134
21
-130.168
0
LINE
8
BLACK
6
CONTINUOUS
10
171.134
20
-130.168
11
171.147
21
-130.196
0
LINE
8
BLACK
6
CONTINUOUS
10
171.147
20
-130.196
11
171.225
21
-130.286
0
LINE
8
BLACK
6
CONTINUOUS
10
171.225
20
-130.286
11
171.232
21
-130.294
0
LINE
8
BLACK
6
CONTINUOUS
10
171.232
20
-130.294
11
171.32
21
-130.35
0
LINE
8
BLACK
6
CONTINUOUS
10
171.32
20
-130.35
11
171.341
21
-130.364
0
LINE
8
BLACK
6
CONTINUOUS
10
171.341
20
-130.364
11
171.465
21
-130.4
0
LINE
8
BLACK
6
CONTINUOUS
10
171.465
20
-130.4
11
171.465
21
-130.4
0
LINE
8
BLACK
6
CONTINUOUS
10
171.465
20
-130.4
11
171.595
21
-130.4
0
LINE
8
BLACK
6
CONTINUOUS
10
171.595
20
-130.4
11
171.595
21
-130.4
0
LINE
8
BLACK
6
CONTINUOUS
10
171.595
20
-130.4
11
171.719
21
-130.364
0
LINE
8
BLACK
6
CONTINUOUS
10
171.719
20
-130.364
11
171.828
21
-130.294
0
LINE
8
BLACK
6
CONTINUOUS
10
171.828
20
-130.294
11
171.913
21
-130.196
0
LINE
8
BLACK
6
CONTINUOUS
10
171.913
20
-130.196
11
171.967
21
-130.078
0
LINE
8
BLACK
6
CONTINUOUS
10
171.967
20
-130.078
11
171.974
21
-130.028
0
LINE
8
BLACK
6
CONTINUOUS
10
171.974
20
-130.028
11
171.985
21
-129.95
0
LINE
8
BLACK
6
CONTINUOUS
10
171.985
20
-129.95
11
171.985
21
-129.95
0
LINE
8
BLACK
6
CONTINUOUS
10
171.985
20
-129.95
11
171.967
21
-129.822
0
LINE
8
BLACK
6
CONTINUOUS
10
171.967
20
-129.822
11
171.967
21
-129.822
0
LINE
8
BLACK
6
CONTINUOUS
10
171.967
20
-129.822
11
171.913
21
-129.704
0
LINE
8
BLACK
6
CONTINUOUS
10
171.913
20
-129.704
11
171.828
21
-129.606
0
LINE
8
BLACK
6
CONTINUOUS
10
171.828
20
-129.606
11
171.828
21
-129.606
0
LINE
8
BLACK
6
CONTINUOUS
10
171.828
20
-129.606
11
171.828
21
-129.606
0
LINE
8
BLACK
6
CONTINUOUS
10
171.828
20
-129.606
11
171.719
21
-129.536
0
LINE
8
BLACK
6
CONTINUOUS
10
171.719
20
-129.536
11
171.719
21
-129.536
0
LINE
8
BLACK
6
CONTINUOUS
10
171.719
20
-129.536
11
171.719
21
-129.536
0
LINE
8
BLACK
6
CONTINUOUS
10
171.719
20
-129.536
11
171.703
21
-129.531
0
LINE
8
BLACK
6
CONTINUOUS
10
171.703
20
-129.531
11
171.595
21
-129.499
0
LINE
8
BLACK
6
CONTINUOUS
10
171.595
20
-129.499
11
171.595
21
-129.499
0
LINE
8
BLACK
6
CONTINUOUS
10
171.595
20
-129.499
11
171.465
21
-129.499
0
LINE
8
BLACK
6
CONTINUOUS
10
171.465
20
-129.499
11
171.465
21
-129.499
0
LINE
8
BLACK
6
CONTINUOUS
10
171.465
20
-129.499
11
171.341
21
-129.536
0
LINE
8
BLACK
6
CONTINUOUS
10
171.341
20
-129.536
11
171.341
21
-129.536
0
LINE
8
BLACK
6
CONTINUOUS
10
171.341
20
-129.536
11
171.232
21
-129.606
0
LINE
8
BLACK
6
CONTINUOUS
10
171.232
20
-129.606
11
171.147
21
-129.704
0
LINE
8
BLACK
6
CONTINUOUS
10
171.147
20
-129.704
11
171.093
21
-129.822
0
LINE
8
BLACK
6
CONTINUOUS
10
171.093
20
-129.822
11
171.075
21
-129.95
0
LINE
8
BLACK
6
CONTINUOUS
10
171.075
20
-129.95
11
171.075
21
-129.95
0
LINE
8
BLACK
6
CONTINUOUS
10
171.075
20
-129.95
11
171.093
21
-130.078
0
LINE
8
BLACK
6
CONTINUOUS
10
168.553
20
-130.028
11
168.598
21
-130.126
0
LINE
8
BLACK
6
CONTINUOUS
10
168.598
20
-130.126
11
168.607
21
-130.146
0
LINE
8
BLACK
6
CONTINUOUS
10
168.607
20
-130.146
11
168.65
21
-130.196
0
LINE
8
BLACK
6
CONTINUOUS
10
168.65
20
-130.196
11
168.692
21
-130.244
0
LINE
8
BLACK
6
CONTINUOUS
10
168.692
20
-130.244
11
168.77
21
-130.294
0
LINE
8
BLACK
6
CONTINUOUS
10
168.77
20
-130.294
11
168.801
21
-130.314
0
LINE
8
BLACK
6
CONTINUOUS
10
168.801
20
-130.314
11
168.925
21
-130.35
0
LINE
8
BLACK
6
CONTINUOUS
10
168.925
20
-130.35
11
168.925
21
-130.35
0
LINE
8
BLACK
6
CONTINUOUS
10
168.925
20
-130.35
11
169.055
21
-130.35
0
LINE
8
BLACK
6
CONTINUOUS
10
169.055
20
-130.35
11
169.055
21
-130.35
0
LINE
8
BLACK
6
CONTINUOUS
10
169.055
20
-130.35
11
169.179
21
-130.314
0
LINE
8
BLACK
6
CONTINUOUS
10
169.179
20
-130.314
11
169.288
21
-130.244
0
LINE
8
BLACK
6
CONTINUOUS
10
169.288
20
-130.244
11
169.373
21
-130.146
0
LINE
8
BLACK
6
CONTINUOUS
10
169.373
20
-130.146
11
169.427
21
-130.028
0
LINE
8
BLACK
6
CONTINUOUS
10
169.427
20
-130.028
11
169.438
21
-129.95
0
LINE
8
BLACK
6
CONTINUOUS
10
169.438
20
-129.95
11
169.445
21
-129.9
0
LINE
8
BLACK
6
CONTINUOUS
10
169.445
20
-129.9
11
169.442
21
-129.88
0
LINE
8
BLACK
6
CONTINUOUS
10
169.442
20
-129.88
11
169.427
21
-129.772
0
LINE
8
BLACK
6
CONTINUOUS
10
169.427
20
-129.772
11
169.396
21
-129.704
0
LINE
8
BLACK
6
CONTINUOUS
10
169.396
20
-129.704
11
169.373
21
-129.654
0
LINE
8
BLACK
6
CONTINUOUS
10
169.373
20
-129.654
11
169.288
21
-129.556
0
LINE
8
BLACK
6
CONTINUOUS
10
169.288
20
-129.556
11
169.288
21
-129.556
0
LINE
8
BLACK
6
CONTINUOUS
10
169.288
20
-129.556
11
169.288
21
-129.556
0
LINE
8
BLACK
6
CONTINUOUS
10
169.288
20
-129.556
11
169.179
21
-129.486
0
LINE
8
BLACK
6
CONTINUOUS
10
169.179
20
-129.486
11
169.179
21
-129.486
0
LINE
8
BLACK
6
CONTINUOUS
10
169.179
20
-129.486
11
169.179
21
-129.486
0
LINE
8
BLACK
6
CONTINUOUS
10
169.179
20
-129.486
11
169.179
21
-129.486
0
LINE
8
BLACK
6
CONTINUOUS
10
169.179
20
-129.486
11
169.055
21
-129.45
0
LINE
8
BLACK
6
CONTINUOUS
10
169.055
20
-129.45
11
169.055
21
-129.45
0
LINE
8
BLACK
6
CONTINUOUS
10
169.055
20
-129.45
11
168.925
21
-129.45
0
LINE
8
BLACK
6
CONTINUOUS
10
168.925
20
-129.45
11
168.925
21
-129.45
0
LINE
8
BLACK
6
CONTINUOUS
10
168.925
20
-129.45
11
168.801
21
-129.486
0
LINE
8
BLACK
6
CONTINUOUS
10
168.801
20
-129.486
11
168.801
21
-129.486
0
LINE
8
BLACK
6
CONTINUOUS
10
168.801
20
-129.486
11
168.692
21
-129.556
0
LINE
8
BLACK
6
CONTINUOUS
10
168.692
20
-129.556
11
168.607
21
-129.654
0
LINE
8
BLACK
6
CONTINUOUS
10
168.607
20
-129.654
11
168.553
21
-129.772
0
LINE
8
BLACK
6
CONTINUOUS
10
168.553
20
-129.772
11
168.535
21
-129.9
0
LINE
8
BLACK
6
CONTINUOUS
10
168.535
20
-129.9
11
168.535
21
-129.9
0
LINE
8
BLACK
6
CONTINUOUS
10
168.535
20
-129.9
11
168.553
21
-130.028
0
LINE
8
BLACK
6
CONTINUOUS
10
167.283
20
-130.008
11
167.315
21
-130.078
0
LINE
8
BLACK
6
CONTINUOUS
10
167.315
20
-130.078
11
167.337
21
-130.126
0
LINE
8
BLACK
6
CONTINUOUS
10
167.337
20
-130.126
11
167.422
21
-130.224
0
LINE
8
BLACK
6
CONTINUOUS
10
167.422
20
-130.224
11
167.422
21
-130.224
0
LINE
8
BLACK
6
CONTINUOUS
10
167.422
20
-130.224
11
167.531
21
-130.294
0
LINE
8
BLACK
6
CONTINUOUS
10
167.531
20
-130.294
11
167.531
21
-130.294
0
LINE
8
BLACK
6
CONTINUOUS
10
167.531
20
-130.294
11
167.655
21
-130.331
0
LINE
8
BLACK
6
CONTINUOUS
10
167.655
20
-130.331
11
167.655
21
-130.331
0
LINE
8
BLACK
6
CONTINUOUS
10
167.655
20
-130.331
11
167.785
21
-130.331
0
LINE
8
BLACK
6
CONTINUOUS
10
167.785
20
-130.331
11
167.785
21
-130.331
0
LINE
8
BLACK
6
CONTINUOUS
10
167.785
20
-130.331
11
167.909
21
-130.294
0
LINE
8
BLACK
6
CONTINUOUS
10
167.909
20
-130.294
11
168.018
21
-130.224
0
LINE
8
BLACK
6
CONTINUOUS
10
168.018
20
-130.224
11
168.103
21
-130.126
0
LINE
8
BLACK
6
CONTINUOUS
10
168.103
20
-130.126
11
168.157
21
-130.008
0
LINE
8
BLACK
6
CONTINUOUS
10
168.157
20
-130.008
11
168.172
21
-129.9
0
LINE
8
BLACK
6
CONTINUOUS
10
168.172
20
-129.9
11
168.175
21
-129.88
0
LINE
8
BLACK
6
CONTINUOUS
10
168.175
20
-129.88
11
168.175
21
-129.88
0
LINE
8
BLACK
6
CONTINUOUS
10
168.175
20
-129.88
11
168.157
21
-129.752
0
LINE
8
BLACK
6
CONTINUOUS
10
168.157
20
-129.752
11
168.135
21
-129.704
0
LINE
8
BLACK
6
CONTINUOUS
10
168.135
20
-129.704
11
168.103
21
-129.634
0
LINE
8
BLACK
6
CONTINUOUS
10
168.103
20
-129.634
11
168.018
21
-129.536
0
LINE
8
BLACK
6
CONTINUOUS
10
168.018
20
-129.536
11
168.018
21
-129.536
0
LINE
8
BLACK
6
CONTINUOUS
10
168.018
20
-129.536
11
168.018
21
-129.536
0
LINE
8
BLACK
6
CONTINUOUS
10
168.018
20
-129.536
11
167.909
21
-129.466
0
LINE
8
BLACK
6
CONTINUOUS
10
167.909
20
-129.466
11
167.909
21
-129.466
0
LINE
8
BLACK
6
CONTINUOUS
10
167.909
20
-129.466
11
167.909
21
-129.466
0
LINE
8
BLACK
6
CONTINUOUS
10
167.909
20
-129.466
11
167.909
21
-129.466
0
LINE
8
BLACK
6
CONTINUOUS
10
167.909
20
-129.466
11
167.785
21
-129.429
0
LINE
8
BLACK
6
CONTINUOUS
10
167.785
20
-129.429
11
167.785
21
-129.429
0
LINE
8
BLACK
6
CONTINUOUS
10
167.785
20
-129.429
11
167.655
21
-129.429
0
LINE
8
BLACK
6
CONTINUOUS
10
167.655
20
-129.429
11
167.655
21
-129.429
0
LINE
8
BLACK
6
CONTINUOUS
10
167.655
20
-129.429
11
167.531
21
-129.466
0
LINE
8
BLACK
6
CONTINUOUS
10
167.531
20
-129.466
11
167.531
21
-129.466
0
LINE
8
BLACK
6
CONTINUOUS
10
167.531
20
-129.466
11
167.422
21
-129.536
0
LINE
8
BLACK
6
CONTINUOUS
10
167.422
20
-129.536
11
167.337
21
-129.634
0
LINE
8
BLACK
6
CONTINUOUS
10
167.337
20
-129.634
11
167.283
21
-129.752
0
LINE
8
BLACK
6
CONTINUOUS
10
167.283
20
-129.752
11
167.265
21
-129.88
0
LINE
8
BLACK
6
CONTINUOUS
10
167.265
20
-129.88
11
167.265
21
-129.88
0
LINE
8
BLACK
6
CONTINUOUS
10
167.265
20
-129.88
11
167.283
21
-130.008
0
LINE
8
BLACK
6
CONTINUOUS
10
139.588
20
-126.553
11
139.642
21
-126.671
0
LINE
8
BLACK
6
CONTINUOUS
10
139.642
20
-126.671
11
139.642
21
-126.671
0
LINE
8
BLACK
6
CONTINUOUS
10
139.642
20
-126.671
11
139.727
21
-126.769
0
LINE
8
BLACK
6
CONTINUOUS
10
139.727
20
-126.769
11
139.727
21
-126.769
0
LINE
8
BLACK
6
CONTINUOUS
10
139.727
20
-126.769
11
139.836
21
-126.839
0
LINE
8
BLACK
6
CONTINUOUS
10
139.836
20
-126.839
11
139.836
21
-126.839
0
LINE
8
BLACK
6
CONTINUOUS
10
139.836
20
-126.839
11
139.96
21
-126.875
0
LINE
8
BLACK
6
CONTINUOUS
10
139.96
20
-126.875
11
139.96
21
-126.875
0
LINE
8
BLACK
6
CONTINUOUS
10
139.96
20
-126.875
11
140.09
21
-126.875
0
LINE
8
BLACK
6
CONTINUOUS
10
140.09
20
-126.875
11
140.09
21
-126.875
0
LINE
8
BLACK
6
CONTINUOUS
10
140.09
20
-126.875
11
140.214
21
-126.839
0
LINE
8
BLACK
6
CONTINUOUS
10
140.214
20
-126.839
11
140.323
21
-126.769
0
LINE
8
BLACK
6
CONTINUOUS
10
140.323
20
-126.769
11
140.408
21
-126.671
0
LINE
8
BLACK
6
CONTINUOUS
10
140.408
20
-126.671
11
140.462
21
-126.553
0
LINE
8
BLACK
6
CONTINUOUS
10
140.462
20
-126.553
11
140.48
21
-126.425
0
LINE
8
BLACK
6
CONTINUOUS
10
140.48
20
-126.425
11
140.469
21
-126.35
0
LINE
8
BLACK
6
CONTINUOUS
10
140.469
20
-126.35
11
140.462
21
-126.297
0
LINE
8
BLACK
6
CONTINUOUS
10
140.462
20
-126.297
11
140.438
21
-126.244
0
LINE
8
BLACK
6
CONTINUOUS
10
140.438
20
-126.244
11
140.408
21
-126.179
0
LINE
8
BLACK
6
CONTINUOUS
10
140.408
20
-126.179
11
140.323
21
-126.081
0
LINE
8
BLACK
6
CONTINUOUS
10
140.323
20
-126.081
11
140.323
21
-126.081
0
LINE
8
BLACK
6
CONTINUOUS
10
140.323
20
-126.081
11
140.323
21
-126.081
0
LINE
8
BLACK
6
CONTINUOUS
10
140.323
20
-126.081
11
140.214
21
-126.011
0
LINE
8
BLACK
6
CONTINUOUS
10
140.214
20
-126.011
11
140.214
21
-126.011
0
LINE
8
BLACK
6
CONTINUOUS
10
140.214
20
-126.011
11
140.214
21
-126.011
0
LINE
8
BLACK
6
CONTINUOUS
10
140.214
20
-126.011
11
140.214
21
-126.011
0
LINE
8
BLACK
6
CONTINUOUS
10
140.214
20
-126.011
11
140.09
21
-125.974
0
LINE
8
BLACK
6
CONTINUOUS
10
140.09
20
-125.974
11
140.09
21
-125.974
0
LINE
8
BLACK
6
CONTINUOUS
10
140.09
20
-125.974
11
139.96
21
-125.974
0
LINE
8
BLACK
6
CONTINUOUS
10
139.96
20
-125.974
11
139.96
21
-125.974
0
LINE
8
BLACK
6
CONTINUOUS
10
139.96
20
-125.974
11
139.836
21
-126.011
0
LINE
8
BLACK
6
CONTINUOUS
10
139.836
20
-126.011
11
139.836
21
-126.011
0
LINE
8
BLACK
6
CONTINUOUS
10
139.836
20
-126.011
11
139.727
21
-126.081
0
LINE
8
BLACK
6
CONTINUOUS
10
139.727
20
-126.081
11
139.642
21
-126.179
0
LINE
8
BLACK
6
CONTINUOUS
10
139.642
20
-126.179
11
139.588
21
-126.297
0
LINE
8
BLACK
6
CONTINUOUS
10
139.588
20
-126.297
11
139.57
21
-126.425
0
LINE
8
BLACK
6
CONTINUOUS
10
139.57
20
-126.425
11
139.57
21
-126.425
0
LINE
8
BLACK
6
CONTINUOUS
10
139.57
20
-126.425
11
139.588
21
-126.553
0
LINE
8
BLACK
6
CONTINUOUS
10
112.663
20
-126.028
11
112.717
21
-126.146
0
LINE
8
BLACK
6
CONTINUOUS
10
112.717
20
-126.146
11
112.717
21
-126.146
0
LINE
8
BLACK
6
CONTINUOUS
10
112.717
20
-126.146
11
112.746
21
-126.179
0
LINE
8
BLACK
6
CONTINUOUS
10
112.746
20
-126.179
11
112.802
21
-126.244
0
LINE
8
BLACK
6
CONTINUOUS
10
112.802
20
-126.244
11
112.898
21
-126.306
0
LINE
8
BLACK
6
CONTINUOUS
10
112.898
20
-126.306
11
112.911
21
-126.314
0
LINE
8
BLACK
6
CONTINUOUS
10
112.911
20
-126.314
11
113.035
21
-126.35
0
LINE
8
BLACK
6
CONTINUOUS
10
113.035
20
-126.35
11
113.035
21
-126.35
0
LINE
8
BLACK
6
CONTINUOUS
10
113.035
20
-126.35
11
113.165
21
-126.35
0
LINE
8
BLACK
6
CONTINUOUS
10
113.165
20
-126.35
11
113.165
21
-126.35
0
LINE
8
BLACK
6
CONTINUOUS
10
113.165
20
-126.35
11
113.289
21
-126.314
0
LINE
8
BLACK
6
CONTINUOUS
10
113.289
20
-126.314
11
113.398
21
-126.244
0
LINE
8
BLACK
6
CONTINUOUS
10
113.398
20
-126.244
11
113.483
21
-126.146
0
LINE
8
BLACK
6
CONTINUOUS
10
113.483
20
-126.146
11
113.537
21
-126.028
0
LINE
8
BLACK
6
CONTINUOUS
10
113.537
20
-126.028
11
113.551
21
-125.929
0
LINE
8
BLACK
6
CONTINUOUS
10
113.551
20
-125.929
11
113.555
21
-125.9
0
LINE
8
BLACK
6
CONTINUOUS
10
113.555
20
-125.9
11
113.555
21
-125.9
0
LINE
8
BLACK
6
CONTINUOUS
10
113.555
20
-125.9
11
113.537
21
-125.772
0
LINE
8
BLACK
6
CONTINUOUS
10
113.537
20
-125.772
11
113.483
21
-125.654
0
LINE
8
BLACK
6
CONTINUOUS
10
113.483
20
-125.654
11
113.483
21
-125.654
0
LINE
8
BLACK
6
CONTINUOUS
10
113.483
20
-125.654
11
113.479
21
-125.65
0
LINE
8
BLACK
6
CONTINUOUS
10
113.479
20
-125.65
11
113.398
21
-125.556
0
LINE
8
BLACK
6
CONTINUOUS
10
113.398
20
-125.556
11
113.398
21
-125.556
0
LINE
8
BLACK
6
CONTINUOUS
10
113.398
20
-125.556
11
113.398
21
-125.556
0
LINE
8
BLACK
6
CONTINUOUS
10
113.398
20
-125.556
11
113.289
21
-125.486
0
LINE
8
BLACK
6
CONTINUOUS
10
113.289
20
-125.486
11
113.289
21
-125.486
0
LINE
8
BLACK
6
CONTINUOUS
10
113.289
20
-125.486
11
113.289
21
-125.486
0
LINE
8
BLACK
6
CONTINUOUS
10
113.289
20
-125.486
11
113.289
21
-125.486
0
LINE
8
BLACK
6
CONTINUOUS
10
113.289
20
-125.486
11
113.165
21
-125.45
0
LINE
8
BLACK
6
CONTINUOUS
10
113.165
20
-125.45
11
113.165
21
-125.45
0
LINE
8
BLACK
6
CONTINUOUS
10
113.165
20
-125.45
11
113.035
21
-125.45
0
LINE
8
BLACK
6
CONTINUOUS
10
113.035
20
-125.45
11
113.035
21
-125.45
0
LINE
8
BLACK
6
CONTINUOUS
10
113.035
20
-125.45
11
112.911
21
-125.486
0
LINE
8
BLACK
6
CONTINUOUS
10
112.911
20
-125.486
11
112.911
21
-125.486
0
LINE
8
BLACK
6
CONTINUOUS
10
112.911
20
-125.486
11
112.802
21
-125.556
0
LINE
8
BLACK
6
CONTINUOUS
10
112.802
20
-125.556
11
112.717
21
-125.654
0
LINE
8
BLACK
6
CONTINUOUS
10
112.717
20
-125.654
11
112.663
21
-125.772
0
LINE
8
BLACK
6
CONTINUOUS
10
112.663
20
-125.772
11
112.645
21
-125.9
0
LINE
8
BLACK
6
CONTINUOUS
10
112.645
20
-125.9
11
112.645
21
-125.9
0
LINE
8
BLACK
6
CONTINUOUS
10
112.645
20
-125.9
11
112.663
21
-126.028
0
LINE
8
BLACK
6
CONTINUOUS
10
108.81
20
-125.227
11
108.869
21
-125.447
0
LINE
8
BLACK
6
CONTINUOUS
10
108.869
20
-125.447
11
108.965
21
-125.653
0
LINE
8
BLACK
6
CONTINUOUS
10
108.965
20
-125.653
11
108.965
21
-125.653
0
LINE
8
BLACK
6
CONTINUOUS
10
108.965
20
-125.653
11
109.093
21
-125.836
0
LINE
8
BLACK
6
CONTINUOUS
10
109.093
20
-125.836
11
109.095
21
-125.839
0
LINE
8
BLACK
6
CONTINUOUS
10
109.095
20
-125.839
11
109.256
21
-126
0
LINE
8
BLACK
6
CONTINUOUS
10
109.256
20
-126
11
109.443
21
-126.131
0
LINE
8
BLACK
6
CONTINUOUS
10
109.443
20
-126.131
11
109.443
21
-126.131
0
LINE
8
BLACK
6
CONTINUOUS
10
109.443
20
-126.131
11
109.443
21
-126.131
0
LINE
8
BLACK
6
CONTINUOUS
10
109.443
20
-126.131
11
109.443
21
-126.131
0
LINE
8
BLACK
6
CONTINUOUS
10
109.443
20
-126.131
11
109.649
21
-126.227
0
LINE
8
BLACK
6
CONTINUOUS
10
109.649
20
-126.227
11
109.649
21
-126.227
0
LINE
8
BLACK
6
CONTINUOUS
10
109.649
20
-126.227
11
109.869
21
-126.286
0
LINE
8
BLACK
6
CONTINUOUS
10
109.869
20
-126.286
11
109.869
21
-126.286
0
LINE
8
BLACK
6
CONTINUOUS
10
109.869
20
-126.286
11
109.869
21
-126.286
0
LINE
8
BLACK
6
CONTINUOUS
10
109.869
20
-126.286
11
110.096
21
-126.306
0
LINE
8
BLACK
6
CONTINUOUS
10
110.096
20
-126.306
11
110.096
21
-126.306
0
LINE
8
BLACK
6
CONTINUOUS
10
110.096
20
-126.306
11
110.096
21
-126.306
0
LINE
8
BLACK
6
CONTINUOUS
10
110.096
20
-126.306
11
110.322
21
-126.286
0
LINE
8
BLACK
6
CONTINUOUS
10
110.322
20
-126.286
11
110.322
21
-126.286
0
LINE
8
BLACK
6
CONTINUOUS
10
110.322
20
-126.286
11
110.322
21
-126.286
0
LINE
8
BLACK
6
CONTINUOUS
10
110.322
20
-126.286
11
110.542
21
-126.227
0
LINE
8
BLACK
6
CONTINUOUS
10
110.542
20
-126.227
11
110.748
21
-126.131
0
LINE
8
BLACK
6
CONTINUOUS
10
110.748
20
-126.131
11
110.935
21
-126
0
LINE
8
BLACK
6
CONTINUOUS
10
110.935
20
-126
11
111.035
21
-125.9
0
LINE
8
BLACK
6
CONTINUOUS
10
111.035
20
-125.9
11
111.096
21
-125.839
0
LINE
8
BLACK
6
CONTINUOUS
10
111.096
20
-125.839
11
111.226
21
-125.653
0
LINE
8
BLACK
6
CONTINUOUS
10
111.226
20
-125.653
11
111.322
21
-125.447
0
LINE
8
BLACK
6
CONTINUOUS
10
111.322
20
-125.447
11
111.381
21
-125.227
0
LINE
8
BLACK
6
CONTINUOUS
10
111.381
20
-125.227
11
111.384
21
-125.196
0
LINE
8
BLACK
6
CONTINUOUS
10
111.384
20
-125.196
11
111.401
21
-125
0
LINE
8
BLACK
6
CONTINUOUS
10
111.401
20
-125
11
111.401
21
-125
0
LINE
8
BLACK
6
CONTINUOUS
10
111.401
20
-125
11
111.381
21
-124.773
0
LINE
8
BLACK
6
CONTINUOUS
10
111.381
20
-124.773
11
111.381
21
-124.773
0
LINE
8
BLACK
6
CONTINUOUS
10
111.381
20
-124.773
11
111.381
21
-124.773
0
LINE
8
BLACK
6
CONTINUOUS
10
111.381
20
-124.773
11
111.322
21
-124.553
0
LINE
8
BLACK
6
CONTINUOUS
10
111.322
20
-124.553
11
111.27
21
-124.441
0
LINE
8
BLACK
6
CONTINUOUS
10
111.27
20
-124.441
11
111.226
21
-124.347
0
LINE
8
BLACK
6
CONTINUOUS
10
111.226
20
-124.347
11
111.226
21
-124.347
0
LINE
8
BLACK
6
CONTINUOUS
10
111.226
20
-124.347
11
111.158
21
-124.25
0
LINE
8
BLACK
6
CONTINUOUS
10
111.158
20
-124.25
11
111.158
21
-124.25
0
LINE
8
BLACK
6
CONTINUOUS
10
111.158
20
-124.25
11
111.098
21
-124.164
0
LINE
8
BLACK
6
CONTINUOUS
10
111.098
20
-124.164
11
111.096
21
-124.161
0
LINE
8
BLACK
6
CONTINUOUS
10
111.096
20
-124.161
11
111.096
21
-124.161
0
LINE
8
BLACK
6
CONTINUOUS
10
111.096
20
-124.161
11
111.096
21
-124.161
0
LINE
8
BLACK
6
CONTINUOUS
10
111.096
20
-124.161
11
110.935
21
-124
0
LINE
8
BLACK
6
CONTINUOUS
10
110.935
20
-124
11
110.935
21
-124
0
LINE
8
BLACK
6
CONTINUOUS
10
110.935
20
-124
11
110.935
21
-124
0
LINE
8
BLACK
6
CONTINUOUS
10
110.935
20
-124
11
110.748
21
-123.869
0
LINE
8
BLACK
6
CONTINUOUS
10
110.748
20
-123.869
11
110.748
21
-123.869
0
LINE
8
BLACK
6
CONTINUOUS
10
110.748
20
-123.869
11
110.542
21
-123.773
0
LINE
8
BLACK
6
CONTINUOUS
10
110.542
20
-123.773
11
110.542
21
-123.773
0
LINE
8
BLACK
6
CONTINUOUS
10
110.542
20
-123.773
11
110.469
21
-123.754
0
LINE
8
BLACK
6
CONTINUOUS
10
110.469
20
-123.754
11
110.322
21
-123.714
0
LINE
8
BLACK
6
CONTINUOUS
10
110.322
20
-123.714
11
110.322
21
-123.714
0
LINE
8
BLACK
6
CONTINUOUS
10
110.322
20
-123.714
11
110.322
21
-123.714
0
LINE
8
BLACK
6
CONTINUOUS
10
110.322
20
-123.714
11
110.14
21
-123.698
0
LINE
8
BLACK
6
CONTINUOUS
10
110.14
20
-123.698
11
110.097
21
-123.68
0
LINE
8
BLACK
6
CONTINUOUS
10
110.097
20
-123.68
11
110.093
21
-123.685
0
LINE
8
BLACK
6
CONTINUOUS
10
110.093
20
-123.685
11
110.051
21
-123.698
0
LINE
8
BLACK
6
CONTINUOUS
10
110.051
20
-123.698
11
109.869
21
-123.714
0
LINE
8
BLACK
6
CONTINUOUS
10
109.869
20
-123.714
11
109.649
21
-123.773
0
LINE
8
BLACK
6
CONTINUOUS
10
109.649
20
-123.773
11
109.443
21
-123.869
0
LINE
8
BLACK
6
CONTINUOUS
10
109.443
20
-123.869
11
109.443
21
-123.869
0
LINE
8
BLACK
6
CONTINUOUS
10
109.443
20
-123.869
11
109.256
21
-124
0
LINE
8
BLACK
6
CONTINUOUS
10
109.256
20
-124
11
109.095
21
-124.161
0
LINE
8
BLACK
6
CONTINUOUS
10
109.095
20
-124.161
11
108.965
21
-124.347
0
LINE
8
BLACK
6
CONTINUOUS
10
108.965
20
-124.347
11
108.965
21
-124.347
0
LINE
8
BLACK
6
CONTINUOUS
10
108.965
20
-124.347
11
108.869
21
-124.553
0
LINE
8
BLACK
6
CONTINUOUS
10
108.869
20
-124.553
11
108.81
21
-124.773
0
LINE
8
BLACK
6
CONTINUOUS
10
108.81
20
-124.773
11
108.79
21
-125
0
LINE
8
BLACK
6
CONTINUOUS
10
108.79
20
-125
11
108.79
21
-125
0
LINE
8
BLACK
6
CONTINUOUS
10
108.79
20
-125
11
108.81
21
-125.227
0
LINE
8
BLACK
6
CONTINUOUS
10
106.109
20
-125.196
11
106.109
21
-125.196
0
LINE
8
BLACK
6
CONTINUOUS
10
106.109
20
-125.196
11
106.167
21
-125.385
0
LINE
8
BLACK
6
CONTINUOUS
10
106.167
20
-125.385
11
106.167
21
-125.385
0
LINE
8
BLACK
6
CONTINUOUS
10
106.167
20
-125.385
11
106.26
21
-125.559
0
LINE
8
BLACK
6
CONTINUOUS
10
106.26
20
-125.559
11
106.26
21
-125.559
0
LINE
8
BLACK
6
CONTINUOUS
10
106.26
20
-125.559
11
106.26
21
-125.559
0
LINE
8
BLACK
6
CONTINUOUS
10
106.26
20
-125.559
11
106.312
21
-125.622
0
LINE
8
BLACK
6
CONTINUOUS
10
106.312
20
-125.622
11
106.385
21
-125.711
0
LINE
8
BLACK
6
CONTINUOUS
10
106.385
20
-125.711
11
106.385
21
-125.711
0
LINE
8
BLACK
6
CONTINUOUS
10
106.385
20
-125.711
11
106.456
21
-125.769
0
LINE
8
BLACK
6
CONTINUOUS
10
106.456
20
-125.769
11
106.537
21
-125.836
0
LINE
8
BLACK
6
CONTINUOUS
10
106.537
20
-125.836
11
106.537
21
-125.836
0
LINE
8
BLACK
6
CONTINUOUS
10
106.537
20
-125.836
11
106.537
21
-125.836
0
LINE
8
BLACK
6
CONTINUOUS
10
106.537
20
-125.836
11
106.657
21
-125.9
0
LINE
8
BLACK
6
CONTINUOUS
10
106.657
20
-125.9
11
106.711
21
-125.929
0
LINE
8
BLACK
6
CONTINUOUS
10
106.711
20
-125.929
11
106.899
21
-125.986
0
LINE
8
BLACK
6
CONTINUOUS
10
106.899
20
-125.986
11
106.899
21
-125.986
0
LINE
8
BLACK
6
CONTINUOUS
10
106.899
20
-125.986
11
106.899
21
-125.986
0
LINE
8
BLACK
6
CONTINUOUS
10
106.899
20
-125.986
11
107.096
21
-126.005
0
LINE
8
BLACK
6
CONTINUOUS
10
107.096
20
-126.005
11
107.096
21
-126.005
0
LINE
8
BLACK
6
CONTINUOUS
10
107.096
20
-126.005
11
107.096
21
-126.005
0
LINE
8
BLACK
6
CONTINUOUS
10
107.096
20
-126.005
11
107.292
21
-125.986
0
LINE
8
BLACK
6
CONTINUOUS
10
107.292
20
-125.986
11
107.292
21
-125.986
0
LINE
8
BLACK
6
CONTINUOUS
10
107.292
20
-125.986
11
107.292
21
-125.986
0
LINE
8
BLACK
6
CONTINUOUS
10
107.292
20
-125.986
11
107.48
21
-125.929
0
LINE
8
BLACK
6
CONTINUOUS
10
107.48
20
-125.929
11
107.654
21
-125.836
0
LINE
8
BLACK
6
CONTINUOUS
10
107.654
20
-125.836
11
107.807
21
-125.711
0
LINE
8
BLACK
6
CONTINUOUS
10
107.807
20
-125.711
11
107.932
21
-125.559
0
LINE
8
BLACK
6
CONTINUOUS
10
107.932
20
-125.559
11
108.024
21
-125.385
0
LINE
8
BLACK
6
CONTINUOUS
10
108.024
20
-125.385
11
108.082
21
-125.196
0
LINE
8
BLACK
6
CONTINUOUS
10
108.082
20
-125.196
11
108.101
21
-125
0
LINE
8
BLACK
6
CONTINUOUS
10
108.101
20
-125
11
108.101
21
-125
0
LINE
8
BLACK
6
CONTINUOUS
10
108.101
20
-125
11
108.1
21
-124.99
0
LINE
8
BLACK
6
CONTINUOUS
10
108.1
20
-124.99
11
108.082
21
-124.804
0
LINE
8
BLACK
6
CONTINUOUS
10
108.082
20
-124.804
11
108.082
21
-124.804
0
LINE
8
BLACK
6
CONTINUOUS
10
108.082
20
-124.804
11
108.082
21
-124.804
0
LINE
8
BLACK
6
CONTINUOUS
10
108.082
20
-124.804
11
108.024
21
-124.615
0
LINE
8
BLACK
6
CONTINUOUS
10
108.024
20
-124.615
11
107.991
21
-124.553
0
LINE
8
BLACK
6
CONTINUOUS
10
107.991
20
-124.553
11
107.932
21
-124.441
0
LINE
8
BLACK
6
CONTINUOUS
10
107.932
20
-124.441
11
107.932
21
-124.441
0
LINE
8
BLACK
6
CONTINUOUS
10
107.932
20
-124.441
11
107.932
21
-124.441
0
LINE
8
BLACK
6
CONTINUOUS
10
107.932
20
-124.441
11
107.812
21
-124.296
0
LINE
8
BLACK
6
CONTINUOUS
10
107.812
20
-124.296
11
107.807
21
-124.289
0
LINE
8
BLACK
6
CONTINUOUS
10
107.807
20
-124.289
11
107.807
21
-124.289
0
LINE
8
BLACK
6
CONTINUOUS
10
107.807
20
-124.289
11
107.718
21
-124.216
0
LINE
8
BLACK
6
CONTINUOUS
10
107.718
20
-124.216
11
107.654
21
-124.164
0
LINE
8
BLACK
6
CONTINUOUS
10
107.654
20
-124.164
11
107.654
21
-124.164
0
LINE
8
BLACK
6
CONTINUOUS
10
107.654
20
-124.164
11
107.654
21
-124.164
0
LINE
8
BLACK
6
CONTINUOUS
10
107.654
20
-124.164
11
107.48
21
-124.071
0
LINE
8
BLACK
6
CONTINUOUS
10
107.48
20
-124.071
11
107.48
21
-124.071
0
LINE
8
BLACK
6
CONTINUOUS
10
107.48
20
-124.071
11
107.292
21
-124.014
0
LINE
8
BLACK
6
CONTINUOUS
10
107.292
20
-124.014
11
107.292
21
-124.014
0
LINE
8
BLACK
6
CONTINUOUS
10
107.292
20
-124.014
11
107.096
21
-123.995
0
LINE
8
BLACK
6
CONTINUOUS
10
107.096
20
-123.995
11
107.096
21
-123.995
0
LINE
8
BLACK
6
CONTINUOUS
10
107.096
20
-123.995
11
106.899
21
-124.014
0
LINE
8
BLACK
6
CONTINUOUS
10
106.899
20
-124.014
11
106.899
21
-124.014
0
LINE
8
BLACK
6
CONTINUOUS
10
106.899
20
-124.014
11
106.711
21
-124.071
0
LINE
8
BLACK
6
CONTINUOUS
10
106.711
20
-124.071
11
106.711
21
-124.071
0
LINE
8
BLACK
6
CONTINUOUS
10
106.711
20
-124.071
11
106.537
21
-124.164
0
LINE
8
BLACK
6
CONTINUOUS
10
106.537
20
-124.164
11
106.537
21
-124.164
0
LINE
8
BLACK
6
CONTINUOUS
10
106.537
20
-124.164
11
106.385
21
-124.289
0
LINE
8
BLACK
6
CONTINUOUS
10
106.385
20
-124.289
11
106.385
21
-124.289
0
LINE
8
BLACK
6
CONTINUOUS
10
106.385
20
-124.289
11
106.26
21
-124.441
0
LINE
8
BLACK
6
CONTINUOUS
10
106.26
20
-124.441
11
106.26
21
-124.441
0
LINE
8
BLACK
6
CONTINUOUS
10
106.26
20
-124.441
11
106.167
21
-124.615
0
LINE
8
BLACK
6
CONTINUOUS
10
106.167
20
-124.615
11
106.167
21
-124.615
0
LINE
8
BLACK
6
CONTINUOUS
10
106.167
20
-124.615
11
106.109
21
-124.804
0
LINE
8
BLACK
6
CONTINUOUS
10
106.109
20
-124.804
11
106.109
21
-124.804
0
LINE
8
BLACK
6
CONTINUOUS
10
106.109
20
-124.804
11
106.09
21
-125
0
LINE
8
BLACK
6
CONTINUOUS
10
106.09
20
-125
11
106.09
21
-125
0
LINE
8
BLACK
6
CONTINUOUS
10
106.09
20
-125
11
106.109
21
-125.196
0
LINE
8
BLACK
6
CONTINUOUS
10
104.313
20
-124.178
11
104.346
21
-124.25
0
LINE
8
BLACK
6
CONTINUOUS
10
104.346
20
-124.25
11
104.367
21
-124.296
0
LINE
8
BLACK
6
CONTINUOUS
10
104.367
20
-124.296
11
104.438
21
-124.378
0
LINE
8
BLACK
6
CONTINUOUS
10
104.438
20
-124.378
11
104.452
21
-124.394
0
LINE
8
BLACK
6
CONTINUOUS
10
104.452
20
-124.394
11
104.526
21
-124.441
0
LINE
8
BLACK
6
CONTINUOUS
10
104.526
20
-124.441
11
104.561
21
-124.464
0
LINE
8
BLACK
6
CONTINUOUS
10
104.561
20
-124.464
11
104.685
21
-124.5
0
LINE
8
BLACK
6
CONTINUOUS
10
104.685
20
-124.5
11
104.685
21
-124.5
0
LINE
8
BLACK
6
CONTINUOUS
10
104.685
20
-124.5
11
104.815
21
-124.5
0
LINE
8
BLACK
6
CONTINUOUS
10
104.815
20
-124.5
11
104.815
21
-124.5
0
LINE
8
BLACK
6
CONTINUOUS
10
104.815
20
-124.5
11
104.939
21
-124.464
0
LINE
8
BLACK
6
CONTINUOUS
10
104.939
20
-124.464
11
105.048
21
-124.394
0
LINE
8
BLACK
6
CONTINUOUS
10
105.048
20
-124.394
11
105.133
21
-124.296
0
LINE
8
BLACK
6
CONTINUOUS
10
105.133
20
-124.296
11
105.187
21
-124.178
0
LINE
8
BLACK
6
CONTINUOUS
10
105.187
20
-124.178
11
105.205
21
-124.05
0
LINE
8
BLACK
6
CONTINUOUS
10
105.205
20
-124.05
11
105.2
21
-124.014
0
LINE
8
BLACK
6
CONTINUOUS
10
105.2
20
-124.014
11
105.187
21
-123.922
0
LINE
8
BLACK
6
CONTINUOUS
10
105.187
20
-123.922
11
105.148
21
-123.836
0
LINE
8
BLACK
6
CONTINUOUS
10
105.148
20
-123.836
11
105.133
21
-123.804
0
LINE
8
BLACK
6
CONTINUOUS
10
105.133
20
-123.804
11
105.048
21
-123.706
0
LINE
8
BLACK
6
CONTINUOUS
10
105.048
20
-123.706
11
105.048
21
-123.706
0
LINE
8
BLACK
6
CONTINUOUS
10
105.048
20
-123.706
11
105.048
21
-123.706
0
LINE
8
BLACK
6
CONTINUOUS
10
105.048
20
-123.706
11
104.939
21
-123.636
0
LINE
8
BLACK
6
CONTINUOUS
10
104.939
20
-123.636
11
104.939
21
-123.636
0
LINE
8
BLACK
6
CONTINUOUS
10
104.939
20
-123.636
11
104.939
21
-123.636
0
LINE
8
BLACK
6
CONTINUOUS
10
104.939
20
-123.636
11
104.939
21
-123.636
0
LINE
8
BLACK
6
CONTINUOUS
10
104.939
20
-123.636
11
104.815
21
-123.599
0
LINE
8
BLACK
6
CONTINUOUS
10
104.815
20
-123.599
11
104.815
21
-123.599
0
LINE
8
BLACK
6
CONTINUOUS
10
104.815
20
-123.599
11
104.685
21
-123.599
0
LINE
8
BLACK
6
CONTINUOUS
10
104.685
20
-123.599
11
104.685
21
-123.599
0
LINE
8
BLACK
6
CONTINUOUS
10
104.685
20
-123.599
11
104.561
21
-123.636
0
LINE
8
BLACK
6
CONTINUOUS
10
104.561
20
-123.636
11
104.561
21
-123.636
0
LINE
8
BLACK
6
CONTINUOUS
10
104.561
20
-123.636
11
104.452
21
-123.706
0
LINE
8
BLACK
6
CONTINUOUS
10
104.452
20
-123.706
11
104.367
21
-123.804
0
LINE
8
BLACK
6
CONTINUOUS
10
104.367
20
-123.804
11
104.313
21
-123.922
0
LINE
8
BLACK
6
CONTINUOUS
10
104.313
20
-123.922
11
104.295
21
-124.05
0
LINE
8
BLACK
6
CONTINUOUS
10
104.295
20
-124.05
11
104.295
21
-124.05
0
LINE
8
BLACK
6
CONTINUOUS
10
104.295
20
-124.05
11
104.313
21
-124.178
0
LINE
8
BLACK
6
CONTINUOUS
10
106.109
20
-122.696
11
106.109
21
-122.696
0
LINE
8
BLACK
6
CONTINUOUS
10
106.109
20
-122.696
11
106.167
21
-122.885
0
LINE
8
BLACK
6
CONTINUOUS
10
106.167
20
-122.885
11
106.167
21
-122.885
0
LINE
8
BLACK
6
CONTINUOUS
10
106.167
20
-122.885
11
106.26
21
-123.059
0
LINE
8
BLACK
6
CONTINUOUS
10
106.26
20
-123.059
11
106.26
21
-123.059
0
LINE
8
BLACK
6
CONTINUOUS
10
106.26
20
-123.059
11
106.26
21
-123.059
0
LINE
8
BLACK
6
CONTINUOUS
10
106.26
20
-123.059
11
106.311
21
-123.122
0
LINE
8
BLACK
6
CONTINUOUS
10
106.311
20
-123.122
11
106.385
21
-123.211
0
LINE
8
BLACK
6
CONTINUOUS
10
106.385
20
-123.211
11
106.385
21
-123.211
0
LINE
8
BLACK
6
CONTINUOUS
10
106.385
20
-123.211
11
106.432
21
-123.25
0
LINE
8
BLACK
6
CONTINUOUS
10
106.432
20
-123.25
11
106.537
21
-123.336
0
LINE
8
BLACK
6
CONTINUOUS
10
106.537
20
-123.336
11
106.537
21
-123.336
0
LINE
8
BLACK
6
CONTINUOUS
10
106.537
20
-123.336
11
106.537
21
-123.336
0
LINE
8
BLACK
6
CONTINUOUS
10
106.537
20
-123.336
11
106.711
21
-123.429
0
LINE
8
BLACK
6
CONTINUOUS
10
106.711
20
-123.429
11
106.711
21
-123.429
0
LINE
8
BLACK
6
CONTINUOUS
10
106.711
20
-123.429
11
106.899
21
-123.486
0
LINE
8
BLACK
6
CONTINUOUS
10
106.899
20
-123.486
11
106.899
21
-123.486
0
LINE
8
BLACK
6
CONTINUOUS
10
106.899
20
-123.486
11
106.899
21
-123.486
0
LINE
8
BLACK
6
CONTINUOUS
10
106.899
20
-123.486
11
107.096
21
-123.505
0
LINE
8
BLACK
6
CONTINUOUS
10
107.096
20
-123.505
11
107.096
21
-123.505
0
LINE
8
BLACK
6
CONTINUOUS
10
107.096
20
-123.505
11
107.096
21
-123.505
0
LINE
8
BLACK
6
CONTINUOUS
10
107.096
20
-123.505
11
107.292
21
-123.486
0
LINE
8
BLACK
6
CONTINUOUS
10
107.292
20
-123.486
11
107.292
21
-123.486
0
LINE
8
BLACK
6
CONTINUOUS
10
107.292
20
-123.486
11
107.292
21
-123.486
0
LINE
8
BLACK
6
CONTINUOUS
10
107.292
20
-123.486
11
107.48
21
-123.429
0
LINE
8
BLACK
6
CONTINUOUS
10
107.48
20
-123.429
11
107.654
21
-123.336
0
LINE
8
BLACK
6
CONTINUOUS
10
107.654
20
-123.336
11
107.807
21
-123.211
0
LINE
8
BLACK
6
CONTINUOUS
10
107.807
20
-123.211
11
107.932
21
-123.059
0
LINE
8
BLACK
6
CONTINUOUS
10
107.932
20
-123.059
11
108.024
21
-122.885
0
LINE
8
BLACK
6
CONTINUOUS
10
108.024
20
-122.885
11
108.082
21
-122.696
0
LINE
8
BLACK
6
CONTINUOUS
10
108.082
20
-122.696
11
108.086
21
-122.65
0
LINE
8
BLACK
6
CONTINUOUS
10
108.086
20
-122.65
11
108.101
21
-122.5
0
LINE
8
BLACK
6
CONTINUOUS
10
108.101
20
-122.5
11
108.101
21
-122.5
0
LINE
8
BLACK
6
CONTINUOUS
10
108.101
20
-122.5
11
108.082
21
-122.304
0
LINE
8
BLACK
6
CONTINUOUS
10
108.082
20
-122.304
11
108.082
21
-122.304
0
LINE
8
BLACK
6
CONTINUOUS
10
108.082
20
-122.304
11
108.082
21
-122.304
0
LINE
8
BLACK
6
CONTINUOUS
10
108.082
20
-122.304
11
108.024
21
-122.115
0
LINE
8
BLACK
6
CONTINUOUS
10
108.024
20
-122.115
11
108.001
21
-122.072
0
LINE
8
BLACK
6
CONTINUOUS
10
108.001
20
-122.072
11
107.932
21
-121.941
0
LINE
8
BLACK
6
CONTINUOUS
10
107.932
20
-121.941
11
107.932
21
-121.941
0
LINE
8
BLACK
6
CONTINUOUS
10
107.932
20
-121.941
11
107.932
21
-121.941
0
LINE
8
BLACK
6
CONTINUOUS
10
107.932
20
-121.941
11
107.861
21
-121.856
0
LINE
8
BLACK
6
CONTINUOUS
10
107.861
20
-121.856
11
107.807
21
-121.789
0
LINE
8
BLACK
6
CONTINUOUS
10
107.807
20
-121.789
11
107.807
21
-121.789
0
LINE
8
BLACK
6
CONTINUOUS
10
107.807
20
-121.789
11
107.718
21
-121.716
0
LINE
8
BLACK
6
CONTINUOUS
10
107.718
20
-121.716
11
107.654
21
-121.664
0
LINE
8
BLACK
6
CONTINUOUS
10
107.654
20
-121.664
11
107.654
21
-121.664
0
LINE
8
BLACK
6
CONTINUOUS
10
107.654
20
-121.664
11
107.654
21
-121.664
0
LINE
8
BLACK
6
CONTINUOUS
10
107.654
20
-121.664
11
107.48
21
-121.571
0
LINE
8
BLACK
6
CONTINUOUS
10
107.48
20
-121.571
11
107.48
21
-121.571
0
LINE
8
BLACK
6
CONTINUOUS
10
107.48
20
-121.571
11
107.477
21
-121.57
0
LINE
8
BLACK
6
CONTINUOUS
10
107.477
20
-121.57
11
107.292
21
-121.514
0
LINE
8
BLACK
6
CONTINUOUS
10
107.292
20
-121.514
11
107.292
21
-121.514
0
LINE
8
BLACK
6
CONTINUOUS
10
107.292
20
-121.514
11
107.292
21
-121.514
0
LINE
8
BLACK
6
CONTINUOUS
10
107.292
20
-121.514
11
107.096
21
-121.495
0
LINE
8
BLACK
6
CONTINUOUS
10
107.096
20
-121.495
11
107.096
21
-121.495
0
LINE
8
BLACK
6
CONTINUOUS
10
107.096
20
-121.495
11
106.899
21
-121.514
0
LINE
8
BLACK
6
CONTINUOUS
10
106.899
20
-121.514
11
106.899
21
-121.514
0
LINE
8
BLACK
6
CONTINUOUS
10
106.899
20
-121.514
11
106.711
21
-121.571
0
LINE
8
BLACK
6
CONTINUOUS
10
106.711
20
-121.571
11
106.711
21
-121.571
0
LINE
8
BLACK
6
CONTINUOUS
10
106.711
20
-121.571
11
106.537
21
-121.664
0
LINE
8
BLACK
6
CONTINUOUS
10
106.537
20
-121.664
11
106.537
21
-121.664
0
LINE
8
BLACK
6
CONTINUOUS
10
106.537
20
-121.664
11
106.385
21
-121.789
0
LINE
8
BLACK
6
CONTINUOUS
10
106.385
20
-121.789
11
106.385
21
-121.789
0
LINE
8
BLACK
6
CONTINUOUS
10
106.385
20
-121.789
11
106.26
21
-121.941
0
LINE
8
BLACK
6
CONTINUOUS
10
106.26
20
-121.941
11
106.26
21
-121.941
0
LINE
8
BLACK
6
CONTINUOUS
10
106.26
20
-121.941
11
106.167
21
-122.115
0
LINE
8
BLACK
6
CONTINUOUS
10
106.167
20
-122.115
11
106.167
21
-122.115
0
LINE
8
BLACK
6
CONTINUOUS
10
106.167
20
-122.115
11
106.109
21
-122.304
0
LINE
8
BLACK
6
CONTINUOUS
10
106.109
20
-122.304
11
106.109
21
-122.304
0
LINE
8
BLACK
6
CONTINUOUS
10
106.109
20
-122.304
11
106.09
21
-122.5
0
LINE
8
BLACK
6
CONTINUOUS
10
106.09
20
-122.5
11
106.09
21
-122.5
0
LINE
8
BLACK
6
CONTINUOUS
10
106.09
20
-122.5
11
106.109
21
-122.696
0
LINE
8
BLACK
6
CONTINUOUS
10
109.109
20
-122.696
11
109.109
21
-122.696
0
LINE
8
BLACK
6
CONTINUOUS
10
109.109
20
-122.696
11
109.167
21
-122.885
0
LINE
8
BLACK
6
CONTINUOUS
10
109.167
20
-122.885
11
109.167
21
-122.885
0
LINE
8
BLACK
6
CONTINUOUS
10
109.167
20
-122.885
11
109.26
21
-123.059
0
LINE
8
BLACK
6
CONTINUOUS
10
109.26
20
-123.059
11
109.26
21
-123.059
0
LINE
8
BLACK
6
CONTINUOUS
10
109.26
20
-123.059
11
109.26
21
-123.059
0
LINE
8
BLACK
6
CONTINUOUS
10
109.26
20
-123.059
11
109.311
21
-123.122
0
LINE
8
BLACK
6
CONTINUOUS
10
109.311
20
-123.122
11
109.385
21
-123.211
0
LINE
8
BLACK
6
CONTINUOUS
10
109.385
20
-123.211
11
109.385
21
-123.211
0
LINE
8
BLACK
6
CONTINUOUS
10
109.385
20
-123.211
11
109.432
21
-123.25
0
LINE
8
BLACK
6
CONTINUOUS
10
109.432
20
-123.25
11
109.537
21
-123.336
0
LINE
8
BLACK
6
CONTINUOUS
10
109.537
20
-123.336
11
109.537
21
-123.336
0
LINE
8
BLACK
6
CONTINUOUS
10
109.537
20
-123.336
11
109.537
21
-123.336
0
LINE
8
BLACK
6
CONTINUOUS
10
109.537
20
-123.336
11
109.711
21
-123.429
0
LINE
8
BLACK
6
CONTINUOUS
10
109.711
20
-123.429
11
109.711
21
-123.429
0
LINE
8
BLACK
6
CONTINUOUS
10
109.711
20
-123.429
11
109.899
21
-123.486
0
LINE
8
BLACK
6
CONTINUOUS
10
109.899
20
-123.486
11
109.899
21
-123.486
0
LINE
8
BLACK
6
CONTINUOUS
10
109.899
20
-123.486
11
109.899
21
-123.486
0
LINE
8
BLACK
6
CONTINUOUS
10
109.899
20
-123.486
11
110.052
21
-123.501
0
LINE
8
BLACK
6
CONTINUOUS
10
110.052
20
-123.501
11
110.094
21
-123.519
0
LINE
8
BLACK
6
CONTINUOUS
10
110.094
20
-123.519
11
110.098
21
-123.515
0
LINE
8
BLACK
6
CONTINUOUS
10
110.098
20
-123.515
11
110.139
21
-123.501
0
LINE
8
BLACK
6
CONTINUOUS
10
110.139
20
-123.501
11
110.292
21
-123.486
0
LINE
8
BLACK
6
CONTINUOUS
10
110.292
20
-123.486
11
110.292
21
-123.486
0
LINE
8
BLACK
6
CONTINUOUS
10
110.292
20
-123.486
11
110.292
21
-123.486
0
LINE
8
BLACK
6
CONTINUOUS
10
110.292
20
-123.486
11
110.48
21
-123.429
0
LINE
8
BLACK
6
CONTINUOUS
10
110.48
20
-123.429
11
110.654
21
-123.336
0
LINE
8
BLACK
6
CONTINUOUS
10
110.654
20
-123.336
11
110.759
21
-123.25
0
LINE
8
BLACK
6
CONTINUOUS
10
110.759
20
-123.25
11
110.807
21
-123.211
0
LINE
8
BLACK
6
CONTINUOUS
10
110.807
20
-123.211
11
110.932
21
-123.059
0
LINE
8
BLACK
6
CONTINUOUS
10
110.932
20
-123.059
11
111.024
21
-122.885
0
LINE
8
BLACK
6
CONTINUOUS
10
111.024
20
-122.885
11
111.082
21
-122.696
0
LINE
8
BLACK
6
CONTINUOUS
10
111.082
20
-122.696
11
111.086
21
-122.65
0
LINE
8
BLACK
6
CONTINUOUS
10
111.086
20
-122.65
11
111.101
21
-122.5
0
LINE
8
BLACK
6
CONTINUOUS
10
111.101
20
-122.5
11
111.101
21
-122.5
0
LINE
8
BLACK
6
CONTINUOUS
10
111.101
20
-122.5
11
111.082
21
-122.304
0
LINE
8
BLACK
6
CONTINUOUS
10
111.082
20
-122.304
11
111.082
21
-122.304
0
LINE
8
BLACK
6
CONTINUOUS
10
111.082
20
-122.304
11
111.082
21
-122.304
0
LINE
8
BLACK
6
CONTINUOUS
10
111.082
20
-122.304
11
111.05
21
-122.2
0
LINE
8
BLACK
6
CONTINUOUS
10
111.05
20
-122.2
11
111.024
21
-122.115
0
LINE
8
BLACK
6
CONTINUOUS
10
111.024
20
-122.115
11
111.001
21
-122.072
0
LINE
8
BLACK
6
CONTINUOUS
10
111.001
20
-122.072
11
110.932
21
-121.941
0
LINE
8
BLACK
6
CONTINUOUS
10
110.932
20
-121.941
11
110.932
21
-121.941
0
LINE
8
BLACK
6
CONTINUOUS
10
110.932
20
-121.941
11
110.932
21
-121.941
0
LINE
8
BLACK
6
CONTINUOUS
10
110.932
20
-121.941
11
110.861
21
-121.856
0
LINE
8
BLACK
6
CONTINUOUS
10
110.861
20
-121.856
11
110.807
21
-121.789
0
LINE
8
BLACK
6
CONTINUOUS
10
110.807
20
-121.789
11
110.807
21
-121.789
0
LINE
8
BLACK
6
CONTINUOUS
10
110.807
20
-121.789
11
110.718
21
-121.716
0
LINE
8
BLACK
6
CONTINUOUS
10
110.718
20
-121.716
11
110.654
21
-121.664
0
LINE
8
BLACK
6
CONTINUOUS
10
110.654
20
-121.664
11
110.654
21
-121.664
0
LINE
8
BLACK
6
CONTINUOUS
10
110.654
20
-121.664
11
110.654
21
-121.664
0
LINE
8
BLACK
6
CONTINUOUS
10
110.654
20
-121.664
11
110.48
21
-121.571
0
LINE
8
BLACK
6
CONTINUOUS
10
110.48
20
-121.571
11
110.48
21
-121.571
0
LINE
8
BLACK
6
CONTINUOUS
10
110.48
20
-121.571
11
110.477
21
-121.57
0
LINE
8
BLACK
6
CONTINUOUS
10
110.477
20
-121.57
11
110.292
21
-121.514
0
LINE
8
BLACK
6
CONTINUOUS
10
110.292
20
-121.514
11
110.292
21
-121.514
0
LINE
8
BLACK
6
CONTINUOUS
10
110.292
20
-121.514
11
110.292
21
-121.514
0
LINE
8
BLACK
6
CONTINUOUS
10
110.292
20
-121.514
11
110.096
21
-121.495
0
LINE
8
BLACK
6
CONTINUOUS
10
110.096
20
-121.495
11
110.096
21
-121.495
0
LINE
8
BLACK
6
CONTINUOUS
10
110.096
20
-121.495
11
109.899
21
-121.514
0
LINE
8
BLACK
6
CONTINUOUS
10
109.899
20
-121.514
11
109.899
21
-121.514
0
LINE
8
BLACK
6
CONTINUOUS
10
109.899
20
-121.514
11
109.711
21
-121.571
0
LINE
8
BLACK
6
CONTINUOUS
10
109.711
20
-121.571
11
109.711
21
-121.571
0
LINE
8
BLACK
6
CONTINUOUS
10
109.711
20
-121.571
11
109.537
21
-121.664
0
LINE
8
BLACK
6
CONTINUOUS
10
109.537
20
-121.664
11
109.537
21
-121.664
0
LINE
8
BLACK
6
CONTINUOUS
10
109.537
20
-121.664
11
109.385
21
-121.789
0
LINE
8
BLACK
6
CONTINUOUS
10
109.385
20
-121.789
11
109.385
21
-121.789
0
LINE
8
BLACK
6
CONTINUOUS
10
109.385
20
-121.789
11
109.26
21
-121.941
0
LINE
8
BLACK
6
CONTINUOUS
10
109.26
20
-121.941
11
109.26
21
-121.941
0
LINE
8
BLACK
6
CONTINUOUS
10
109.26
20
-121.941
11
109.167
21
-122.115
0
LINE
8
BLACK
6
CONTINUOUS
10
109.167
20
-122.115
11
109.167
21
-122.115
0
LINE
8
BLACK
6
CONTINUOUS
10
109.167
20
-122.115
11
109.109
21
-122.304
0
LINE
8
BLACK
6
CONTINUOUS
10
109.109
20
-122.304
11
109.109
21
-122.304
0
LINE
8
BLACK
6
CONTINUOUS
10
109.109
20
-122.304
11
109.09
21
-122.5
0
LINE
8
BLACK
6
CONTINUOUS
10
109.09
20
-122.5
11
109.09
21
-122.5
0
LINE
8
BLACK
6
CONTINUOUS
10
109.09
20
-122.5
11
109.109
21
-122.696
0
LINE
8
BLACK
6
CONTINUOUS
10
126.985
20
-122.399
11
127.045
21
-122.558
0
LINE
8
BLACK
6
CONTINUOUS
10
127.045
20
-122.558
11
127.142
21
-122.698
0
LINE
8
BLACK
6
CONTINUOUS
10
127.142
20
-122.698
11
127.269
21
-122.811
0
LINE
8
BLACK
6
CONTINUOUS
10
127.269
20
-122.811
11
127.42
21
-122.89
0
LINE
8
BLACK
6
CONTINUOUS
10
127.42
20
-122.89
11
127.585
21
-122.93
0
LINE
8
BLACK
6
CONTINUOUS
10
127.585
20
-122.93
11
127.585
21
-122.93
0
LINE
8
BLACK
6
CONTINUOUS
10
127.585
20
-122.93
11
127.755
21
-122.93
0
LINE
8
BLACK
6
CONTINUOUS
10
127.755
20
-122.93
11
127.755
21
-122.93
0
LINE
8
BLACK
6
CONTINUOUS
10
127.755
20
-122.93
11
127.92
21
-122.89
0
LINE
8
BLACK
6
CONTINUOUS
10
127.92
20
-122.89
11
128.071
21
-122.811
0
LINE
8
BLACK
6
CONTINUOUS
10
128.071
20
-122.811
11
128.198
21
-122.698
0
LINE
8
BLACK
6
CONTINUOUS
10
128.198
20
-122.698
11
128.295
21
-122.558
0
LINE
8
BLACK
6
CONTINUOUS
10
128.295
20
-122.558
11
128.355
21
-122.399
0
LINE
8
BLACK
6
CONTINUOUS
10
128.355
20
-122.399
11
128.376
21
-122.23
0
LINE
8
BLACK
6
CONTINUOUS
10
128.376
20
-122.23
11
128.372
21
-122.2
0
LINE
8
BLACK
6
CONTINUOUS
10
128.372
20
-122.2
11
128.355
21
-122.061
0
LINE
8
BLACK
6
CONTINUOUS
10
128.355
20
-122.061
11
128.295
21
-121.902
0
LINE
8
BLACK
6
CONTINUOUS
10
128.295
20
-121.902
11
128.198
21
-121.762
0
LINE
8
BLACK
6
CONTINUOUS
10
128.198
20
-121.762
11
128.176
21
-121.742
0
LINE
8
BLACK
6
CONTINUOUS
10
128.176
20
-121.742
11
128.071
21
-121.649
0
LINE
8
BLACK
6
CONTINUOUS
10
128.071
20
-121.649
11
128.071
21
-121.649
0
LINE
8
BLACK
6
CONTINUOUS
10
128.071
20
-121.649
11
127.92
21
-121.57
0
LINE
8
BLACK
6
CONTINUOUS
10
127.92
20
-121.57
11
127.92
21
-121.57
0
LINE
8
BLACK
6
CONTINUOUS
10
127.92
20
-121.57
11
127.92
21
-121.57
0
LINE
8
BLACK
6
CONTINUOUS
10
127.92
20
-121.57
11
127.755
21
-121.529
0
LINE
8
BLACK
6
CONTINUOUS
10
127.755
20
-121.529
11
127.755
21
-121.529
0
LINE
8
BLACK
6
CONTINUOUS
10
127.755
20
-121.529
11
127.585
21
-121.529
0
LINE
8
BLACK
6
CONTINUOUS
10
127.585
20
-121.529
11
127.585
21
-121.529
0
LINE
8
BLACK
6
CONTINUOUS
10
127.585
20
-121.529
11
127.42
21
-121.57
0
LINE
8
BLACK
6
CONTINUOUS
10
127.42
20
-121.57
11
127.269
21
-121.649
0
LINE
8
BLACK
6
CONTINUOUS
10
127.269
20
-121.649
11
127.142
21
-121.762
0
LINE
8
BLACK
6
CONTINUOUS
10
127.142
20
-121.762
11
127.142
21
-121.762
0
LINE
8
BLACK
6
CONTINUOUS
10
127.142
20
-121.762
11
127.077
21
-121.856
0
LINE
8
BLACK
6
CONTINUOUS
10
127.077
20
-121.856
11
127.045
21
-121.902
0
LINE
8
BLACK
6
CONTINUOUS
10
127.045
20
-121.902
11
126.996
21
-122.031
0
LINE
8
BLACK
6
CONTINUOUS
10
126.996
20
-122.031
11
126.985
21
-122.061
0
LINE
8
BLACK
6
CONTINUOUS
10
126.985
20
-122.061
11
126.968
21
-122.2
0
LINE
8
BLACK
6
CONTINUOUS
10
126.968
20
-122.2
11
126.964
21
-122.23
0
LINE
8
BLACK
6
CONTINUOUS
10
126.964
20
-122.23
11
126.985
21
-122.399
0
LINE
8
BLACK
6
CONTINUOUS
10
137.155
20
-122.379
11
137.215
21
-122.538
0
LINE
8
BLACK
6
CONTINUOUS
10
137.215
20
-122.538
11
137.312
21
-122.678
0
LINE
8
BLACK
6
CONTINUOUS
10
137.312
20
-122.678
11
137.312
21
-122.678
0
LINE
8
BLACK
6
CONTINUOUS
10
137.312
20
-122.678
11
137.354
21
-122.716
0
LINE
8
BLACK
6
CONTINUOUS
10
137.354
20
-122.716
11
137.439
21
-122.791
0
LINE
8
BLACK
6
CONTINUOUS
10
137.439
20
-122.791
11
137.59
21
-122.87
0
LINE
8
BLACK
6
CONTINUOUS
10
137.59
20
-122.87
11
137.755
21
-122.91
0
LINE
8
BLACK
6
CONTINUOUS
10
137.755
20
-122.91
11
137.755
21
-122.91
0
LINE
8
BLACK
6
CONTINUOUS
10
137.755
20
-122.91
11
137.925
21
-122.91
0
LINE
8
BLACK
6
CONTINUOUS
10
137.925
20
-122.91
11
137.925
21
-122.91
0
LINE
8
BLACK
6
CONTINUOUS
10
137.925
20
-122.91
11
138.09
21
-122.87
0
LINE
8
BLACK
6
CONTINUOUS
10
138.09
20
-122.87
11
138.241
21
-122.791
0
LINE
8
BLACK
6
CONTINUOUS
10
138.241
20
-122.791
11
138.368
21
-122.678
0
LINE
8
BLACK
6
CONTINUOUS
10
138.368
20
-122.678
11
138.465
21
-122.538
0
LINE
8
BLACK
6
CONTINUOUS
10
138.465
20
-122.538
11
138.525
21
-122.379
0
LINE
8
BLACK
6
CONTINUOUS
10
138.525
20
-122.379
11
138.546
21
-122.21
0
LINE
8
BLACK
6
CONTINUOUS
10
138.546
20
-122.21
11
138.544
21
-122.2
0
LINE
8
BLACK
6
CONTINUOUS
10
138.544
20
-122.2
11
138.544
21
-122.2
0
LINE
8
BLACK
6
CONTINUOUS
10
138.544
20
-122.2
11
138.534
21
-122.115
0
LINE
8
BLACK
6
CONTINUOUS
10
138.534
20
-122.115
11
138.525
21
-122.041
0
LINE
8
BLACK
6
CONTINUOUS
10
138.525
20
-122.041
11
138.465
21
-121.882
0
LINE
8
BLACK
6
CONTINUOUS
10
138.465
20
-121.882
11
138.368
21
-121.742
0
LINE
8
BLACK
6
CONTINUOUS
10
138.368
20
-121.742
11
138.357
21
-121.732
0
LINE
8
BLACK
6
CONTINUOUS
10
138.357
20
-121.732
11
138.283
21
-121.667
0
LINE
8
BLACK
6
CONTINUOUS
10
138.283
20
-121.667
11
138.241
21
-121.629
0
LINE
8
BLACK
6
CONTINUOUS
10
138.241
20
-121.629
11
138.09
21
-121.55
0
LINE
8
BLACK
6
CONTINUOUS
10
138.09
20
-121.55
11
138.09
21
-121.55
0
LINE
8
BLACK
6
CONTINUOUS
10
138.09
20
-121.55
11
138.09
21
-121.55
0
LINE
8
BLACK
6
CONTINUOUS
10
138.09
20
-121.55
11
137.925
21
-121.509
0
LINE
8
BLACK
6
CONTINUOUS
10
137.925
20
-121.509
11
137.925
21
-121.509
0
LINE
8
BLACK
6
CONTINUOUS
10
137.925
20
-121.509
11
137.755
21
-121.509
0
LINE
8
BLACK
6
CONTINUOUS
10
137.755
20
-121.509
11
137.755
21
-121.509
0
LINE
8
BLACK
6
CONTINUOUS
10
137.755
20
-121.509
11
137.59
21
-121.55
0
LINE
8
BLACK
6
CONTINUOUS
10
137.59
20
-121.55
11
137.439
21
-121.629
0
LINE
8
BLACK
6
CONTINUOUS
10
137.439
20
-121.629
11
137.312
21
-121.742
0
LINE
8
BLACK
6
CONTINUOUS
10
137.312
20
-121.742
11
137.312
21
-121.742
0
LINE
8
BLACK
6
CONTINUOUS
10
137.312
20
-121.742
11
137.233
21
-121.856
0
LINE
8
BLACK
6
CONTINUOUS
10
137.233
20
-121.856
11
137.215
21
-121.882
0
LINE
8
BLACK
6
CONTINUOUS
10
137.215
20
-121.882
11
137.159
21
-122.031
0
LINE
8
BLACK
6
CONTINUOUS
10
137.159
20
-122.031
11
137.155
21
-122.041
0
LINE
8
BLACK
6
CONTINUOUS
10
137.155
20
-122.041
11
137.136
21
-122.2
0
LINE
8
BLACK
6
CONTINUOUS
10
137.136
20
-122.2
11
137.134
21
-122.21
0
LINE
8
BLACK
6
CONTINUOUS
10
137.134
20
-122.21
11
137.155
21
-122.379
0
LINE
8
BLACK
6
CONTINUOUS
10
153.413
20
-122.328
11
153.446
21
-122.399
0
LINE
8
BLACK
6
CONTINUOUS
10
153.446
20
-122.399
11
153.467
21
-122.446
0
LINE
8
BLACK
6
CONTINUOUS
10
153.467
20
-122.446
11
153.514
21
-122.5
0
LINE
8
BLACK
6
CONTINUOUS
10
153.514
20
-122.5
11
153.552
21
-122.544
0
LINE
8
BLACK
6
CONTINUOUS
10
153.552
20
-122.544
11
153.661
21
-122.614
0
LINE
8
BLACK
6
CONTINUOUS
10
153.661
20
-122.614
11
153.661
21
-122.614
0
LINE
8
BLACK
6
CONTINUOUS
10
153.661
20
-122.614
11
153.785
21
-122.65
0
LINE
8
BLACK
6
CONTINUOUS
10
153.785
20
-122.65
11
153.785
21
-122.65
0
LINE
8
BLACK
6
CONTINUOUS
10
153.785
20
-122.65
11
153.915
21
-122.65
0
LINE
8
BLACK
6
CONTINUOUS
10
153.915
20
-122.65
11
153.915
21
-122.65
0
LINE
8
BLACK
6
CONTINUOUS
10
153.915
20
-122.65
11
154.039
21
-122.614
0
LINE
8
BLACK
6
CONTINUOUS
10
154.039
20
-122.614
11
154.148
21
-122.544
0
LINE
8
BLACK
6
CONTINUOUS
10
154.148
20
-122.544
11
154.233
21
-122.446
0
LINE
8
BLACK
6
CONTINUOUS
10
154.233
20
-122.446
11
154.287
21
-122.328
0
LINE
8
BLACK
6
CONTINUOUS
10
154.287
20
-122.328
11
154.305
21
-122.2
0
LINE
8
BLACK
6
CONTINUOUS
10
154.305
20
-122.2
11
154.287
21
-122.072
0
LINE
8
BLACK
6
CONTINUOUS
10
154.287
20
-122.072
11
154.233
21
-121.954
0
LINE
8
BLACK
6
CONTINUOUS
10
154.233
20
-121.954
11
154.148
21
-121.856
0
LINE
8
BLACK
6
CONTINUOUS
10
154.148
20
-121.856
11
154.148
21
-121.856
0
LINE
8
BLACK
6
CONTINUOUS
10
154.148
20
-121.856
11
154.148
21
-121.856
0
LINE
8
BLACK
6
CONTINUOUS
10
154.148
20
-121.856
11
154.039
21
-121.786
0
LINE
8
BLACK
6
CONTINUOUS
10
154.039
20
-121.786
11
154.039
21
-121.786
0
LINE
8
BLACK
6
CONTINUOUS
10
154.039
20
-121.786
11
154.039
21
-121.786
0
LINE
8
BLACK
6
CONTINUOUS
10
154.039
20
-121.786
11
154.039
21
-121.786
0
LINE
8
BLACK
6
CONTINUOUS
10
154.039
20
-121.786
11
153.915
21
-121.749
0
LINE
8
BLACK
6
CONTINUOUS
10
153.915
20
-121.749
11
153.915
21
-121.749
0
LINE
8
BLACK
6
CONTINUOUS
10
153.915
20
-121.749
11
153.785
21
-121.749
0
LINE
8
BLACK
6
CONTINUOUS
10
153.785
20
-121.749
11
153.785
21
-121.749
0
LINE
8
BLACK
6
CONTINUOUS
10
153.785
20
-121.749
11
153.661
21
-121.786
0
LINE
8
BLACK
6
CONTINUOUS
10
153.661
20
-121.786
11
153.661
21
-121.786
0
LINE
8
BLACK
6
CONTINUOUS
10
153.661
20
-121.786
11
153.552
21
-121.856
0
LINE
8
BLACK
6
CONTINUOUS
10
153.552
20
-121.856
11
153.467
21
-121.954
0
LINE
8
BLACK
6
CONTINUOUS
10
153.467
20
-121.954
11
153.413
21
-122.072
0
LINE
8
BLACK
6
CONTINUOUS
10
153.413
20
-122.072
11
153.395
21
-122.2
0
LINE
8
BLACK
6
CONTINUOUS
10
153.395
20
-122.2
11
153.395
21
-122.2
0
LINE
8
BLACK
6
CONTINUOUS
10
153.395
20
-122.2
11
153.413
21
-122.328
0
LINE
8
BLACK
6
CONTINUOUS
10
125.045
20
-122.369
11
125.105
21
-122.528
0
LINE
8
BLACK
6
CONTINUOUS
10
125.105
20
-122.528
11
125.19
21
-122.65
0
LINE
8
BLACK
6
CONTINUOUS
10
125.19
20
-122.65
11
125.202
21
-122.668
0
LINE
8
BLACK
6
CONTINUOUS
10
125.202
20
-122.668
11
125.202
21
-122.668
0
LINE
8
BLACK
6
CONTINUOUS
10
125.202
20
-122.668
11
125.234
21
-122.696
0
LINE
8
BLACK
6
CONTINUOUS
10
125.234
20
-122.696
11
125.329
21
-122.781
0
LINE
8
BLACK
6
CONTINUOUS
10
125.329
20
-122.781
11
125.48
21
-122.86
0
LINE
8
BLACK
6
CONTINUOUS
10
125.48
20
-122.86
11
125.645
21
-122.9
0
LINE
8
BLACK
6
CONTINUOUS
10
125.645
20
-122.9
11
125.645
21
-122.9
0
LINE
8
BLACK
6
CONTINUOUS
10
125.645
20
-122.9
11
125.815
21
-122.9
0
LINE
8
BLACK
6
CONTINUOUS
10
125.815
20
-122.9
11
125.815
21
-122.9
0
LINE
8
BLACK
6
CONTINUOUS
10
125.815
20
-122.9
11
125.98
21
-122.86
0
LINE
8
BLACK
6
CONTINUOUS
10
125.98
20
-122.86
11
126.131
21
-122.781
0
LINE
8
BLACK
6
CONTINUOUS
10
126.131
20
-122.781
11
126.258
21
-122.668
0
LINE
8
BLACK
6
CONTINUOUS
10
126.258
20
-122.668
11
126.355
21
-122.528
0
LINE
8
BLACK
6
CONTINUOUS
10
126.355
20
-122.528
11
126.415
21
-122.369
0
LINE
8
BLACK
6
CONTINUOUS
10
126.415
20
-122.369
11
126.432
21
-122.23
0
LINE
8
BLACK
6
CONTINUOUS
10
126.432
20
-122.23
11
126.436
21
-122.2
0
LINE
8
BLACK
6
CONTINUOUS
10
126.436
20
-122.2
11
126.415
21
-122.031
0
LINE
8
BLACK
6
CONTINUOUS
10
126.415
20
-122.031
11
126.355
21
-121.872
0
LINE
8
BLACK
6
CONTINUOUS
10
126.355
20
-121.872
11
126.258
21
-121.732
0
LINE
8
BLACK
6
CONTINUOUS
10
126.258
20
-121.732
11
126.131
21
-121.619
0
LINE
8
BLACK
6
CONTINUOUS
10
126.131
20
-121.619
11
125.98
21
-121.54
0
LINE
8
BLACK
6
CONTINUOUS
10
125.98
20
-121.54
11
125.98
21
-121.54
0
LINE
8
BLACK
6
CONTINUOUS
10
125.98
20
-121.54
11
125.98
21
-121.54
0
LINE
8
BLACK
6
CONTINUOUS
10
125.98
20
-121.54
11
125.815
21
-121.499
0
LINE
8
BLACK
6
CONTINUOUS
10
125.815
20
-121.499
11
125.815
21
-121.499
0
LINE
8
BLACK
6
CONTINUOUS
10
125.815
20
-121.499
11
125.645
21
-121.499
0
LINE
8
BLACK
6
CONTINUOUS
10
125.645
20
-121.499
11
125.645
21
-121.499
0
LINE
8
BLACK
6
CONTINUOUS
10
125.645
20
-121.499
11
125.48
21
-121.54
0
LINE
8
BLACK
6
CONTINUOUS
10
125.48
20
-121.54
11
125.329
21
-121.619
0
LINE
8
BLACK
6
CONTINUOUS
10
125.329
20
-121.619
11
125.202
21
-121.732
0
LINE
8
BLACK
6
CONTINUOUS
10
125.202
20
-121.732
11
125.202
21
-121.732
0
LINE
8
BLACK
6
CONTINUOUS
10
125.202
20
-121.732
11
125.162
21
-121.789
0
LINE
8
BLACK
6
CONTINUOUS
10
125.162
20
-121.789
11
125.105
21
-121.872
0
LINE
8
BLACK
6
CONTINUOUS
10
125.105
20
-121.872
11
125.045
21
-122.031
0
LINE
8
BLACK
6
CONTINUOUS
10
125.045
20
-122.031
11
125.024
21
-122.2
0
LINE
8
BLACK
6
CONTINUOUS
10
125.024
20
-122.2
11
125.045
21
-122.369
0
LINE
8
BLACK
6
CONTINUOUS
10
135.425
20
-122.369
11
135.485
21
-122.528
0
LINE
8
BLACK
6
CONTINUOUS
10
135.485
20
-122.528
11
135.57
21
-122.65
0
LINE
8
BLACK
6
CONTINUOUS
10
135.57
20
-122.65
11
135.582
21
-122.668
0
LINE
8
BLACK
6
CONTINUOUS
10
135.582
20
-122.668
11
135.582
21
-122.668
0
LINE
8
BLACK
6
CONTINUOUS
10
135.582
20
-122.668
11
135.614
21
-122.696
0
LINE
8
BLACK
6
CONTINUOUS
10
135.614
20
-122.696
11
135.709
21
-122.781
0
LINE
8
BLACK
6
CONTINUOUS
10
135.709
20
-122.781
11
135.86
21
-122.86
0
LINE
8
BLACK
6
CONTINUOUS
10
135.86
20
-122.86
11
136.025
21
-122.9
0
LINE
8
BLACK
6
CONTINUOUS
10
136.025
20
-122.9
11
136.025
21
-122.9
0
LINE
8
BLACK
6
CONTINUOUS
10
136.025
20
-122.9
11
136.195
21
-122.9
0
LINE
8
BLACK
6
CONTINUOUS
10
136.195
20
-122.9
11
136.195
21
-122.9
0
LINE
8
BLACK
6
CONTINUOUS
10
136.195
20
-122.9
11
136.36
21
-122.86
0
LINE
8
BLACK
6
CONTINUOUS
10
136.36
20
-122.86
11
136.511
21
-122.781
0
LINE
8
BLACK
6
CONTINUOUS
10
136.511
20
-122.781
11
136.638
21
-122.668
0
LINE
8
BLACK
6
CONTINUOUS
10
136.638
20
-122.668
11
136.735
21
-122.528
0
LINE
8
BLACK
6
CONTINUOUS
10
136.735
20
-122.528
11
136.795
21
-122.369
0
LINE
8
BLACK
6
CONTINUOUS
10
136.795
20
-122.369
11
136.814
21
-122.21
0
LINE
8
BLACK
6
CONTINUOUS
10
136.814
20
-122.21
11
136.816
21
-122.2
0
LINE
8
BLACK
6
CONTINUOUS
10
136.816
20
-122.2
11
136.795
21
-122.031
0
LINE
8
BLACK
6
CONTINUOUS
10
136.795
20
-122.031
11
136.735
21
-121.872
0
LINE
8
BLACK
6
CONTINUOUS
10
136.735
20
-121.872
11
136.638
21
-121.732
0
LINE
8
BLACK
6
CONTINUOUS
10
136.638
20
-121.732
11
136.511
21
-121.619
0
LINE
8
BLACK
6
CONTINUOUS
10
136.511
20
-121.619
11
136.36
21
-121.54
0
LINE
8
BLACK
6
CONTINUOUS
10
136.36
20
-121.54
11
136.36
21
-121.54
0
LINE
8
BLACK
6
CONTINUOUS
10
136.36
20
-121.54
11
136.36
21
-121.54
0
LINE
8
BLACK
6
CONTINUOUS
10
136.36
20
-121.54
11
136.195
21
-121.499
0
LINE
8
BLACK
6
CONTINUOUS
10
136.195
20
-121.499
11
136.195
21
-121.499
0
LINE
8
BLACK
6
CONTINUOUS
10
136.195
20
-121.499
11
136.025
21
-121.499
0
LINE
8
BLACK
6
CONTINUOUS
10
136.025
20
-121.499
11
136.025
21
-121.499
0
LINE
8
BLACK
6
CONTINUOUS
10
136.025
20
-121.499
11
135.86
21
-121.54
0
LINE
8
BLACK
6
CONTINUOUS
10
135.86
20
-121.54
11
135.709
21
-121.619
0
LINE
8
BLACK
6
CONTINUOUS
10
135.709
20
-121.619
11
135.582
21
-121.732
0
LINE
8
BLACK
6
CONTINUOUS
10
135.582
20
-121.732
11
135.582
21
-121.732
0
LINE
8
BLACK
6
CONTINUOUS
10
135.582
20
-121.732
11
135.542
21
-121.789
0
LINE
8
BLACK
6
CONTINUOUS
10
135.542
20
-121.789
11
135.485
21
-121.872
0
LINE
8
BLACK
6
CONTINUOUS
10
135.485
20
-121.872
11
135.425
21
-122.031
0
LINE
8
BLACK
6
CONTINUOUS
10
135.425
20
-122.031
11
135.404
21
-122.2
0
LINE
8
BLACK
6
CONTINUOUS
10
135.404
20
-122.2
11
135.425
21
-122.369
0
LINE
8
BLACK
6
CONTINUOUS
10
106.109
20
-120.196
11
106.109
21
-120.196
0
LINE
8
BLACK
6
CONTINUOUS
10
106.109
20
-120.196
11
106.167
21
-120.385
0
LINE
8
BLACK
6
CONTINUOUS
10
106.167
20
-120.385
11
106.167
21
-120.385
0
LINE
8
BLACK
6
CONTINUOUS
10
106.167
20
-120.385
11
106.26
21
-120.559
0
LINE
8
BLACK
6
CONTINUOUS
10
106.26
20
-120.559
11
106.26
21
-120.559
0
LINE
8
BLACK
6
CONTINUOUS
10
106.26
20
-120.559
11
106.26
21
-120.559
0
LINE
8
BLACK
6
CONTINUOUS
10
106.26
20
-120.559
11
106.312
21
-120.622
0
LINE
8
BLACK
6
CONTINUOUS
10
106.312
20
-120.622
11
106.385
21
-120.711
0
LINE
8
BLACK
6
CONTINUOUS
10
106.385
20
-120.711
11
106.385
21
-120.711
0
LINE
8
BLACK
6
CONTINUOUS
10
106.385
20
-120.711
11
106.456
21
-120.769
0
LINE
8
BLACK
6
CONTINUOUS
10
106.456
20
-120.769
11
106.537
21
-120.836
0
LINE
8
BLACK
6
CONTINUOUS
10
106.537
20
-120.836
11
106.537
21
-120.836
0
LINE
8
BLACK
6
CONTINUOUS
10
106.537
20
-120.836
11
106.537
21
-120.836
0
LINE
8
BLACK
6
CONTINUOUS
10
106.537
20
-120.836
11
106.61
21
-120.875
0
LINE
8
BLACK
6
CONTINUOUS
10
106.61
20
-120.875
11
106.711
21
-120.929
0
LINE
8
BLACK
6
CONTINUOUS
10
106.711
20
-120.929
11
106.899
21
-120.986
0
LINE
8
BLACK
6
CONTINUOUS
10
106.899
20
-120.986
11
106.899
21
-120.986
0
LINE
8
BLACK
6
CONTINUOUS
10
106.899
20
-120.986
11
106.899
21
-120.986
0
LINE
8
BLACK
6
CONTINUOUS
10
106.899
20
-120.986
11
107.096
21
-121.005
0
LINE
8
BLACK
6
CONTINUOUS
10
107.096
20
-121.005
11
107.096
21
-121.005
0
LINE
8
BLACK
6
CONTINUOUS
10
107.096
20
-121.005
11
107.096
21
-121.005
0
LINE
8
BLACK
6
CONTINUOUS
10
107.096
20
-121.005
11
107.292
21
-120.986
0
LINE
8
BLACK
6
CONTINUOUS
10
107.292
20
-120.986
11
107.292
21
-120.986
0
LINE
8
BLACK
6
CONTINUOUS
10
107.292
20
-120.986
11
107.292
21
-120.986
0
LINE
8
BLACK
6
CONTINUOUS
10
107.292
20
-120.986
11
107.48
21
-120.929
0
LINE
8
BLACK
6
CONTINUOUS
10
107.48
20
-120.929
11
107.654
21
-120.836
0
LINE
8
BLACK
6
CONTINUOUS
10
107.654
20
-120.836
11
107.807
21
-120.711
0
LINE
8
BLACK
6
CONTINUOUS
10
107.807
20
-120.711
11
107.932
21
-120.559
0
LINE
8
BLACK
6
CONTINUOUS
10
107.932
20
-120.559
11
108.024
21
-120.385
0
LINE
8
BLACK
6
CONTINUOUS
10
108.024
20
-120.385
11
108.082
21
-120.196
0
LINE
8
BLACK
6
CONTINUOUS
10
108.082
20
-120.196
11
108.086
21
-120.153
0
LINE
8
BLACK
6
CONTINUOUS
10
108.086
20
-120.153
11
108.101
21
-120
0
LINE
8
BLACK
6
CONTINUOUS
10
108.101
20
-120
11
108.101
21
-120
0
LINE
8
BLACK
6
CONTINUOUS
10
108.101
20
-120
11
108.082
21
-119.804
0
LINE
8
BLACK
6
CONTINUOUS
10
108.082
20
-119.804
11
108.082
21
-119.804
0
LINE
8
BLACK
6
CONTINUOUS
10
108.082
20
-119.804
11
108.082
21
-119.804
0
LINE
8
BLACK
6
CONTINUOUS
10
108.082
20
-119.804
11
108.024
21
-119.615
0
LINE
8
BLACK
6
CONTINUOUS
10
108.024
20
-119.615
11
107.938
21
-119.454
0
LINE
8
BLACK
6
CONTINUOUS
10
107.938
20
-119.454
11
107.932
21
-119.441
0
LINE
8
BLACK
6
CONTINUOUS
10
107.932
20
-119.441
11
107.932
21
-119.441
0
LINE
8
BLACK
6
CONTINUOUS
10
107.932
20
-119.441
11
107.932
21
-119.441
0
LINE
8
BLACK
6
CONTINUOUS
10
107.932
20
-119.441
11
107.861
21
-119.356
0
LINE
8
BLACK
6
CONTINUOUS
10
107.861
20
-119.356
11
107.807
21
-119.289
0
LINE
8
BLACK
6
CONTINUOUS
10
107.807
20
-119.289
11
107.807
21
-119.289
0
LINE
8
BLACK
6
CONTINUOUS
10
107.807
20
-119.289
11
107.712
21
-119.212
0
LINE
8
BLACK
6
CONTINUOUS
10
107.712
20
-119.212
11
107.654
21
-119.164
0
LINE
8
BLACK
6
CONTINUOUS
10
107.654
20
-119.164
11
107.654
21
-119.164
0
LINE
8
BLACK
6
CONTINUOUS
10
107.654
20
-119.164
11
107.654
21
-119.164
0
LINE
8
BLACK
6
CONTINUOUS
10
107.654
20
-119.164
11
107.48
21
-119.071
0
LINE
8
BLACK
6
CONTINUOUS
10
107.48
20
-119.071
11
107.48
21
-119.071
0
LINE
8
BLACK
6
CONTINUOUS
10
107.48
20
-119.071
11
107.292
21
-119.014
0
LINE
8
BLACK
6
CONTINUOUS
10
107.292
20
-119.014
11
107.292
21
-119.014
0
LINE
8
BLACK
6
CONTINUOUS
10
107.292
20
-119.014
11
107.096
21
-118.995
0
LINE
8
BLACK
6
CONTINUOUS
10
107.096
20
-118.995
11
107.096
21
-118.995
0
LINE
8
BLACK
6
CONTINUOUS
10
107.096
20
-118.995
11
106.899
21
-119.014
0
LINE
8
BLACK
6
CONTINUOUS
10
106.899
20
-119.014
11
106.899
21
-119.014
0
LINE
8
BLACK
6
CONTINUOUS
10
106.899
20
-119.014
11
106.711
21
-119.071
0
LINE
8
BLACK
6
CONTINUOUS
10
106.711
20
-119.071
11
106.711
21
-119.071
0
LINE
8
BLACK
6
CONTINUOUS
10
106.711
20
-119.071
11
106.537
21
-119.164
0
LINE
8
BLACK
6
CONTINUOUS
10
106.537
20
-119.164
11
106.537
21
-119.164
0
LINE
8
BLACK
6
CONTINUOUS
10
106.537
20
-119.164
11
106.385
21
-119.289
0
LINE
8
BLACK
6
CONTINUOUS
10
106.385
20
-119.289
11
106.385
21
-119.289
0
LINE
8
BLACK
6
CONTINUOUS
10
106.385
20
-119.289
11
106.26
21
-119.441
0
LINE
8
BLACK
6
CONTINUOUS
10
106.26
20
-119.441
11
106.26
21
-119.441
0
LINE
8
BLACK
6
CONTINUOUS
10
106.26
20
-119.441
11
106.167
21
-119.615
0
LINE
8
BLACK
6
CONTINUOUS
10
106.167
20
-119.615
11
106.167
21
-119.615
0
LINE
8
BLACK
6
CONTINUOUS
10
106.167
20
-119.615
11
106.109
21
-119.804
0
LINE
8
BLACK
6
CONTINUOUS
10
106.109
20
-119.804
11
106.109
21
-119.804
0
LINE
8
BLACK
6
CONTINUOUS
10
106.109
20
-119.804
11
106.09
21
-120
0
LINE
8
BLACK
6
CONTINUOUS
10
106.09
20
-120
11
106.09
21
-120
0
LINE
8
BLACK
6
CONTINUOUS
10
106.09
20
-120
11
106.109
21
-120.196
0
LINE
8
BLACK
6
CONTINUOUS
10
109.109
20
-120.196
11
109.109
21
-120.196
0
LINE
8
BLACK
6
CONTINUOUS
10
109.109
20
-120.196
11
109.167
21
-120.385
0
LINE
8
BLACK
6
CONTINUOUS
10
109.167
20
-120.385
11
109.167
21
-120.385
0
LINE
8
BLACK
6
CONTINUOUS
10
109.167
20
-120.385
11
109.26
21
-120.559
0
LINE
8
BLACK
6
CONTINUOUS
10
109.26
20
-120.559
11
109.26
21
-120.559
0
LINE
8
BLACK
6
CONTINUOUS
10
109.26
20
-120.559
11
109.26
21
-120.559
0
LINE
8
BLACK
6
CONTINUOUS
10
109.26
20
-120.559
11
109.312
21
-120.622
0
LINE
8
BLACK
6
CONTINUOUS
10
109.312
20
-120.622
11
109.385
21
-120.711
0
LINE
8
BLACK
6
CONTINUOUS
10
109.385
20
-120.711
11
109.385
21
-120.711
0
LINE
8
BLACK
6
CONTINUOUS
10
109.385
20
-120.711
11
109.456
21
-120.769
0
LINE
8
BLACK
6
CONTINUOUS
10
109.456
20
-120.769
11
109.537
21
-120.836
0
LINE
8
BLACK
6
CONTINUOUS
10
109.537
20
-120.836
11
109.537
21
-120.836
0
LINE
8
BLACK
6
CONTINUOUS
10
109.537
20
-120.836
11
109.537
21
-120.836
0
LINE
8
BLACK
6
CONTINUOUS
10
109.537
20
-120.836
11
109.61
21
-120.875
0
LINE
8
BLACK
6
CONTINUOUS
10
109.61
20
-120.875
11
109.711
21
-120.929
0
LINE
8
BLACK
6
CONTINUOUS
10
109.711
20
-120.929
11
109.899
21
-120.986
0
LINE
8
BLACK
6
CONTINUOUS
10
109.899
20
-120.986
11
109.899
21
-120.986
0
LINE
8
BLACK
6
CONTINUOUS
10
109.899
20
-120.986
11
109.899
21
-120.986
0
LINE
8
BLACK
6
CONTINUOUS
10
109.899
20
-120.986
11
110.096
21
-121.005
0
LINE
8
BLACK
6
CONTINUOUS
10
110.096
20
-121.005
11
110.096
21
-121.005
0
LINE
8
BLACK
6
CONTINUOUS
10
110.096
20
-121.005
11
110.096
21
-121.005
0
LINE
8
BLACK
6
CONTINUOUS
10
110.096
20
-121.005
11
110.292
21
-120.986
0
LINE
8
BLACK
6
CONTINUOUS
10
110.292
20
-120.986
11
110.292
21
-120.986
0
LINE
8
BLACK
6
CONTINUOUS
10
110.292
20
-120.986
11
110.292
21
-120.986
0
LINE
8
BLACK
6
CONTINUOUS
10
110.292
20
-120.986
11
110.48
21
-120.929
0
LINE
8
BLACK
6
CONTINUOUS
10
110.48
20
-120.929
11
110.581
21
-120.875
0
LINE
8
BLACK
6
CONTINUOUS
10
110.581
20
-120.875
11
110.654
21
-120.836
0
LINE
8
BLACK
6
CONTINUOUS
10
110.654
20
-120.836
11
110.807
21
-120.711
0
LINE
8
BLACK
6
CONTINUOUS
10
110.807
20
-120.711
11
110.932
21
-120.559
0
LINE
8
BLACK
6
CONTINUOUS
10
110.932
20
-120.559
11
111.024
21
-120.385
0
LINE
8
BLACK
6
CONTINUOUS
10
111.024
20
-120.385
11
111.082
21
-120.196
0
LINE
8
BLACK
6
CONTINUOUS
10
111.082
20
-120.196
11
111.086
21
-120.153
0
LINE
8
BLACK
6
CONTINUOUS
10
111.086
20
-120.153
11
111.101
21
-120
0
LINE
8
BLACK
6
CONTINUOUS
10
111.101
20
-120
11
111.101
21
-120
0
LINE
8
BLACK
6
CONTINUOUS
10
111.101
20
-120
11
111.082
21
-119.804
0
LINE
8
BLACK
6
CONTINUOUS
10
111.082
20
-119.804
11
111.082
21
-119.804
0
LINE
8
BLACK
6
CONTINUOUS
10
111.082
20
-119.804
11
111.082
21
-119.804
0
LINE
8
BLACK
6
CONTINUOUS
10
111.082
20
-119.804
11
111.05
21
-119.7
0
LINE
8
BLACK
6
CONTINUOUS
10
111.05
20
-119.7
11
111.024
21
-119.615
0
LINE
8
BLACK
6
CONTINUOUS
10
111.024
20
-119.615
11
110.938
21
-119.454
0
LINE
8
BLACK
6
CONTINUOUS
10
110.938
20
-119.454
11
110.932
21
-119.441
0
LINE
8
BLACK
6
CONTINUOUS
10
110.932
20
-119.441
11
110.932
21
-119.441
0
LINE
8
BLACK
6
CONTINUOUS
10
110.932
20
-119.441
11
110.932
21
-119.441
0
LINE
8
BLACK
6
CONTINUOUS
10
110.932
20
-119.441
11
110.861
21
-119.356
0
LINE
8
BLACK
6
CONTINUOUS
10
110.861
20
-119.356
11
110.807
21
-119.289
0
LINE
8
BLACK
6
CONTINUOUS
10
110.807
20
-119.289
11
110.807
21
-119.289
0
LINE
8
BLACK
6
CONTINUOUS
10
110.807
20
-119.289
11
110.712
21
-119.212
0
LINE
8
BLACK
6
CONTINUOUS
10
110.712
20
-119.212
11
110.654
21
-119.164
0
LINE
8
BLACK
6
CONTINUOUS
10
110.654
20
-119.164
11
110.654
21
-119.164
0
LINE
8
BLACK
6
CONTINUOUS
10
110.654
20
-119.164
11
110.654
21
-119.164
0
LINE
8
BLACK
6
CONTINUOUS
10
110.654
20
-119.164
11
110.48
21
-119.071
0
LINE
8
BLACK
6
CONTINUOUS
10
110.48
20
-119.071
11
110.48
21
-119.071
0
LINE
8
BLACK
6
CONTINUOUS
10
110.48
20
-119.071
11
110.292
21
-119.014
0
LINE
8
BLACK
6
CONTINUOUS
10
110.292
20
-119.014
11
110.292
21
-119.014
0
LINE
8
BLACK
6
CONTINUOUS
10
110.292
20
-119.014
11
110.096
21
-118.995
0
LINE
8
BLACK
6
CONTINUOUS
10
110.096
20
-118.995
11
110.096
21
-118.995
0
LINE
8
BLACK
6
CONTINUOUS
10
110.096
20
-118.995
11
109.899
21
-119.014
0
LINE
8
BLACK
6
CONTINUOUS
10
109.899
20
-119.014
11
109.899
21
-119.014
0
LINE
8
BLACK
6
CONTINUOUS
10
109.899
20
-119.014
11
109.711
21
-119.071
0
LINE
8
BLACK
6
CONTINUOUS
10
109.711
20
-119.071
11
109.711
21
-119.071
0
LINE
8
BLACK
6
CONTINUOUS
10
109.711
20
-119.071
11
109.537
21
-119.164
0
LINE
8
BLACK
6
CONTINUOUS
10
109.537
20
-119.164
11
109.537
21
-119.164
0
LINE
8
BLACK
6
CONTINUOUS
10
109.537
20
-119.164
11
109.385
21
-119.289
0
LINE
8
BLACK
6
CONTINUOUS
10
109.385
20
-119.289
11
109.385
21
-119.289
0
LINE
8
BLACK
6
CONTINUOUS
10
109.385
20
-119.289
11
109.26
21
-119.441
0
LINE
8
BLACK
6
CONTINUOUS
10
109.26
20
-119.441
11
109.26
21
-119.441
0
LINE
8
BLACK
6
CONTINUOUS
10
109.26
20
-119.441
11
109.167
21
-119.615
0
LINE
8
BLACK
6
CONTINUOUS
10
109.167
20
-119.615
11
109.167
21
-119.615
0
LINE
8
BLACK
6
CONTINUOUS
10
109.167
20
-119.615
11
109.109
21
-119.804
0
LINE
8
BLACK
6
CONTINUOUS
10
109.109
20
-119.804
11
109.109
21
-119.804
0
LINE
8
BLACK
6
CONTINUOUS
10
109.109
20
-119.804
11
109.09
21
-120
0
LINE
8
BLACK
6
CONTINUOUS
10
109.09
20
-120
11
109.09
21
-120
0
LINE
8
BLACK
6
CONTINUOUS
10
109.09
20
-120
11
109.109
21
-120.196
0
LINE
8
BLACK
6
CONTINUOUS
10
152.913
20
-119.828
11
152.93
21
-119.864
0
LINE
8
BLACK
6
CONTINUOUS
10
152.93
20
-119.864
11
152.967
21
-119.946
0
LINE
8
BLACK
6
CONTINUOUS
10
152.967
20
-119.946
11
153.048
21
-120.04
0
LINE
8
BLACK
6
CONTINUOUS
10
153.048
20
-120.04
11
153.052
21
-120.044
0
LINE
8
BLACK
6
CONTINUOUS
10
153.052
20
-120.044
11
153.13
21
-120.094
0
LINE
8
BLACK
6
CONTINUOUS
10
153.13
20
-120.094
11
153.161
21
-120.114
0
LINE
8
BLACK
6
CONTINUOUS
10
153.161
20
-120.114
11
153.285
21
-120.15
0
LINE
8
BLACK
6
CONTINUOUS
10
153.285
20
-120.15
11
153.285
21
-120.15
0
LINE
8
BLACK
6
CONTINUOUS
10
153.285
20
-120.15
11
153.415
21
-120.15
0
LINE
8
BLACK
6
CONTINUOUS
10
153.415
20
-120.15
11
153.415
21
-120.15
0
LINE
8
BLACK
6
CONTINUOUS
10
153.415
20
-120.15
11
153.539
21
-120.114
0
LINE
8
BLACK
6
CONTINUOUS
10
153.539
20
-120.114
11
153.648
21
-120.044
0
LINE
8
BLACK
6
CONTINUOUS
10
153.648
20
-120.044
11
153.733
21
-119.946
0
LINE
8
BLACK
6
CONTINUOUS
10
153.733
20
-119.946
11
153.787
21
-119.828
0
LINE
8
BLACK
6
CONTINUOUS
10
153.787
20
-119.828
11
153.805
21
-119.7
0
LINE
8
BLACK
6
CONTINUOUS
10
153.805
20
-119.7
11
153.802
21
-119.68
0
LINE
8
BLACK
6
CONTINUOUS
10
153.802
20
-119.68
11
153.787
21
-119.572
0
LINE
8
BLACK
6
CONTINUOUS
10
153.787
20
-119.572
11
153.765
21
-119.524
0
LINE
8
BLACK
6
CONTINUOUS
10
153.765
20
-119.524
11
153.733
21
-119.454
0
LINE
8
BLACK
6
CONTINUOUS
10
153.733
20
-119.454
11
153.648
21
-119.356
0
LINE
8
BLACK
6
CONTINUOUS
10
153.648
20
-119.356
11
153.648
21
-119.356
0
LINE
8
BLACK
6
CONTINUOUS
10
153.648
20
-119.356
11
153.648
21
-119.356
0
LINE
8
BLACK
6
CONTINUOUS
10
153.648
20
-119.356
11
153.539
21
-119.286
0
LINE
8
BLACK
6
CONTINUOUS
10
153.539
20
-119.286
11
153.539
21
-119.286
0
LINE
8
BLACK
6
CONTINUOUS
10
153.539
20
-119.286
11
153.539
21
-119.286
0
LINE
8
BLACK
6
CONTINUOUS
10
153.539
20
-119.286
11
153.539
21
-119.286
0
LINE
8
BLACK
6
CONTINUOUS
10
153.539
20
-119.286
11
153.415
21
-119.249
0
LINE
8
BLACK
6
CONTINUOUS
10
153.415
20
-119.249
11
153.415
21
-119.249
0
LINE
8
BLACK
6
CONTINUOUS
10
153.415
20
-119.249
11
153.285
21
-119.249
0
LINE
8
BLACK
6
CONTINUOUS
10
153.285
20
-119.249
11
153.285
21
-119.249
0
LINE
8
BLACK
6
CONTINUOUS
10
153.285
20
-119.249
11
153.161
21
-119.286
0
LINE
8
BLACK
6
CONTINUOUS
10
153.161
20
-119.286
11
153.161
21
-119.286
0
LINE
8
BLACK
6
CONTINUOUS
10
153.161
20
-119.286
11
153.052
21
-119.356
0
LINE
8
BLACK
6
CONTINUOUS
10
153.052
20
-119.356
11
152.967
21
-119.454
0
LINE
8
BLACK
6
CONTINUOUS
10
152.967
20
-119.454
11
152.913
21
-119.572
0
LINE
8
BLACK
6
CONTINUOUS
10
152.913
20
-119.572
11
152.895
21
-119.7
0
LINE
8
BLACK
6
CONTINUOUS
10
152.895
20
-119.7
11
152.895
21
-119.7
0
LINE
8
BLACK
6
CONTINUOUS
10
152.895
20
-119.7
11
152.913
21
-119.828
0
LINE
8
BLACK
6
CONTINUOUS
10
101.643
20
-119.238
11
101.688
21
-119.336
0
LINE
8
BLACK
6
CONTINUOUS
10
101.688
20
-119.336
11
101.697
21
-119.356
0
LINE
8
BLACK
6
CONTINUOUS
10
101.697
20
-119.356
11
101.765
21
-119.434
0
LINE
8
BLACK
6
CONTINUOUS
10
101.765
20
-119.434
11
101.782
21
-119.454
0
LINE
8
BLACK
6
CONTINUOUS
10
101.782
20
-119.454
11
101.891
21
-119.524
0
LINE
8
BLACK
6
CONTINUOUS
10
101.891
20
-119.524
11
101.891
21
-119.524
0
LINE
8
BLACK
6
CONTINUOUS
10
101.891
20
-119.524
11
102.015
21
-119.56
0
LINE
8
BLACK
6
CONTINUOUS
10
102.015
20
-119.56
11
102.015
21
-119.56
0
LINE
8
BLACK
6
CONTINUOUS
10
102.015
20
-119.56
11
102.145
21
-119.56
0
LINE
8
BLACK
6
CONTINUOUS
10
102.145
20
-119.56
11
102.145
21
-119.56
0
LINE
8
BLACK
6
CONTINUOUS
10
102.145
20
-119.56
11
102.269
21
-119.524
0
LINE
8
BLACK
6
CONTINUOUS
10
102.269
20
-119.524
11
102.378
21
-119.454
0
LINE
8
BLACK
6
CONTINUOUS
10
102.378
20
-119.454
11
102.463
21
-119.356
0
LINE
8
BLACK
6
CONTINUOUS
10
102.463
20
-119.356
11
102.517
21
-119.238
0
LINE
8
BLACK
6
CONTINUOUS
10
102.517
20
-119.238
11
102.535
21
-119.11
0
LINE
8
BLACK
6
CONTINUOUS
10
102.535
20
-119.11
11
102.535
21
-119.106
0
LINE
8
BLACK
6
CONTINUOUS
10
102.535
20
-119.106
11
102.517
21
-118.982
0
LINE
8
BLACK
6
CONTINUOUS
10
102.517
20
-118.982
11
102.492
21
-118.928
0
LINE
8
BLACK
6
CONTINUOUS
10
102.492
20
-118.928
11
102.463
21
-118.864
0
LINE
8
BLACK
6
CONTINUOUS
10
102.463
20
-118.864
11
102.407
21
-118.8
0
LINE
8
BLACK
6
CONTINUOUS
10
102.407
20
-118.8
11
102.378
21
-118.766
0
LINE
8
BLACK
6
CONTINUOUS
10
102.378
20
-118.766
11
102.378
21
-118.766
0
LINE
8
BLACK
6
CONTINUOUS
10
102.378
20
-118.766
11
102.378
21
-118.766
0
LINE
8
BLACK
6
CONTINUOUS
10
102.378
20
-118.766
11
102.269
21
-118.696
0
LINE
8
BLACK
6
CONTINUOUS
10
102.269
20
-118.696
11
102.269
21
-118.696
0
LINE
8
BLACK
6
CONTINUOUS
10
102.269
20
-118.696
11
102.269
21
-118.696
0
LINE
8
BLACK
6
CONTINUOUS
10
102.269
20
-118.696
11
102.269
21
-118.696
0
LINE
8
BLACK
6
CONTINUOUS
10
102.269
20
-118.696
11
102.145
21
-118.659
0
LINE
8
BLACK
6
CONTINUOUS
10
102.145
20
-118.659
11
102.145
21
-118.659
0
LINE
8
BLACK
6
CONTINUOUS
10
102.145
20
-118.659
11
102.015
21
-118.659
0
LINE
8
BLACK
6
CONTINUOUS
10
102.015
20
-118.659
11
102.015
21
-118.659
0
LINE
8
BLACK
6
CONTINUOUS
10
102.015
20
-118.659
11
101.891
21
-118.696
0
LINE
8
BLACK
6
CONTINUOUS
10
101.891
20
-118.696
11
101.891
21
-118.696
0
LINE
8
BLACK
6
CONTINUOUS
10
101.891
20
-118.696
11
101.782
21
-118.766
0
LINE
8
BLACK
6
CONTINUOUS
10
101.782
20
-118.766
11
101.697
21
-118.864
0
LINE
8
BLACK
6
CONTINUOUS
10
101.697
20
-118.864
11
101.643
21
-118.982
0
LINE
8
BLACK
6
CONTINUOUS
10
101.643
20
-118.982
11
101.625
21
-119.11
0
LINE
8
BLACK
6
CONTINUOUS
10
101.625
20
-119.11
11
101.625
21
-119.11
0
LINE
8
BLACK
6
CONTINUOUS
10
101.625
20
-119.11
11
101.643
21
-119.238
0
LINE
8
BLACK
6
CONTINUOUS
10
106.109
20
-117.696
11
106.109
21
-117.696
0
LINE
8
BLACK
6
CONTINUOUS
10
106.109
20
-117.696
11
106.109
21
-117.696
0
LINE
8
BLACK
6
CONTINUOUS
10
106.109
20
-117.696
11
106.141
21
-117.802
0
LINE
8
BLACK
6
CONTINUOUS
10
106.141
20
-117.802
11
106.167
21
-117.885
0
LINE
8
BLACK
6
CONTINUOUS
10
106.167
20
-117.885
11
106.167
21
-117.885
0
LINE
8
BLACK
6
CONTINUOUS
10
106.167
20
-117.885
11
106.26
21
-118.059
0
LINE
8
BLACK
6
CONTINUOUS
10
106.26
20
-118.059
11
106.26
21
-118.059
0
LINE
8
BLACK
6
CONTINUOUS
10
106.26
20
-118.059
11
106.26
21
-118.059
0
LINE
8
BLACK
6
CONTINUOUS
10
106.26
20
-118.059
11
106.309
21
-118.119
0
LINE
8
BLACK
6
CONTINUOUS
10
106.309
20
-118.119
11
106.385
21
-118.211
0
LINE
8
BLACK
6
CONTINUOUS
10
106.385
20
-118.211
11
106.385
21
-118.211
0
LINE
8
BLACK
6
CONTINUOUS
10
106.385
20
-118.211
11
106.456
21
-118.269
0
LINE
8
BLACK
6
CONTINUOUS
10
106.456
20
-118.269
11
106.537
21
-118.336
0
LINE
8
BLACK
6
CONTINUOUS
10
106.537
20
-118.336
11
106.537
21
-118.336
0
LINE
8
BLACK
6
CONTINUOUS
10
106.537
20
-118.336
11
106.537
21
-118.336
0
LINE
8
BLACK
6
CONTINUOUS
10
106.537
20
-118.336
11
106.69
21
-118.418
0
LINE
8
BLACK
6
CONTINUOUS
10
106.69
20
-118.418
11
106.711
21
-118.429
0
LINE
8
BLACK
6
CONTINUOUS
10
106.711
20
-118.429
11
106.899
21
-118.486
0
LINE
8
BLACK
6
CONTINUOUS
10
106.899
20
-118.486
11
106.899
21
-118.486
0
LINE
8
BLACK
6
CONTINUOUS
10
106.899
20
-118.486
11
106.899
21
-118.486
0
LINE
8
BLACK
6
CONTINUOUS
10
106.899
20
-118.486
11
107.096
21
-118.505
0
LINE
8
BLACK
6
CONTINUOUS
10
107.096
20
-118.505
11
107.096
21
-118.505
0
LINE
8
BLACK
6
CONTINUOUS
10
107.096
20
-118.505
11
107.096
21
-118.505
0
LINE
8
BLACK
6
CONTINUOUS
10
107.096
20
-118.505
11
107.292
21
-118.486
0
LINE
8
BLACK
6
CONTINUOUS
10
107.292
20
-118.486
11
107.292
21
-118.486
0
LINE
8
BLACK
6
CONTINUOUS
10
107.292
20
-118.486
11
107.292
21
-118.486
0
LINE
8
BLACK
6
CONTINUOUS
10
107.292
20
-118.486
11
107.48
21
-118.429
0
LINE
8
BLACK
6
CONTINUOUS
10
107.48
20
-118.429
11
107.654
21
-118.336
0
LINE
8
BLACK
6
CONTINUOUS
10
107.654
20
-118.336
11
107.807
21
-118.211
0
LINE
8
BLACK
6
CONTINUOUS
10
107.807
20
-118.211
11
107.932
21
-118.059
0
LINE
8
BLACK
6
CONTINUOUS
10
107.932
20
-118.059
11
108.024
21
-117.885
0
LINE
8
BLACK
6
CONTINUOUS
10
108.024
20
-117.885
11
108.082
21
-117.696
0
LINE
8
BLACK
6
CONTINUOUS
10
108.082
20
-117.696
11
108.086
21
-117.65
0
LINE
8
BLACK
6
CONTINUOUS
10
108.086
20
-117.65
11
108.101
21
-117.5
0
LINE
8
BLACK
6
CONTINUOUS
10
108.101
20
-117.5
11
108.101
21
-117.5
0
LINE
8
BLACK
6
CONTINUOUS
10
108.101
20
-117.5
11
108.082
21
-117.304
0
LINE
8
BLACK
6
CONTINUOUS
10
108.082
20
-117.304
11
108.082
21
-117.304
0
LINE
8
BLACK
6
CONTINUOUS
10
108.082
20
-117.304
11
108.082
21
-117.304
0
LINE
8
BLACK
6
CONTINUOUS
10
108.082
20
-117.304
11
108.024
21
-117.115
0
LINE
8
BLACK
6
CONTINUOUS
10
108.024
20
-117.115
11
108.024
21
-117.115
0
LINE
8
BLACK
6
CONTINUOUS
10
108.024
20
-117.115
11
107.932
21
-116.941
0
LINE
8
BLACK
6
CONTINUOUS
10
107.932
20
-116.941
11
107.932
21
-116.941
0
LINE
8
BLACK
6
CONTINUOUS
10
107.932
20
-116.941
11
107.932
21
-116.941
0
LINE
8
BLACK
6
CONTINUOUS
10
107.932
20
-116.941
11
107.82
21
-116.806
0
LINE
8
BLACK
6
CONTINUOUS
10
107.82
20
-116.806
11
107.807
21
-116.789
0
LINE
8
BLACK
6
CONTINUOUS
10
107.807
20
-116.789
11
107.807
21
-116.789
0
LINE
8
BLACK
6
CONTINUOUS
10
107.807
20
-116.789
11
107.697
21
-116.7
0
LINE
8
BLACK
6
CONTINUOUS
10
107.697
20
-116.7
11
107.654
21
-116.664
0
LINE
8
BLACK
6
CONTINUOUS
10
107.654
20
-116.664
11
107.654
21
-116.664
0
LINE
8
BLACK
6
CONTINUOUS
10
107.654
20
-116.664
11
107.654
21
-116.664
0
LINE
8
BLACK
6
CONTINUOUS
10
107.654
20
-116.664
11
107.48
21
-116.571
0
LINE
8
BLACK
6
CONTINUOUS
10
107.48
20
-116.571
11
107.48
21
-116.571
0
LINE
8
BLACK
6
CONTINUOUS
10
107.48
20
-116.571
11
107.473
21
-116.569
0
LINE
8
BLACK
6
CONTINUOUS
10
107.473
20
-116.569
11
107.292
21
-116.514
0
LINE
8
BLACK
6
CONTINUOUS
10
107.292
20
-116.514
11
107.292
21
-116.514
0
LINE
8
BLACK
6
CONTINUOUS
10
107.292
20
-116.514
11
107.292
21
-116.514
0
LINE
8
BLACK
6
CONTINUOUS
10
107.292
20
-116.514
11
107.096
21
-116.495
0
LINE
8
BLACK
6
CONTINUOUS
10
107.096
20
-116.495
11
107.096
21
-116.495
0
LINE
8
BLACK
6
CONTINUOUS
10
107.096
20
-116.495
11
106.899
21
-116.514
0
LINE
8
BLACK
6
CONTINUOUS
10
106.899
20
-116.514
11
106.899
21
-116.514
0
LINE
8
BLACK
6
CONTINUOUS
10
106.899
20
-116.514
11
106.711
21
-116.571
0
LINE
8
BLACK
6
CONTINUOUS
10
106.711
20
-116.571
11
106.711
21
-116.571
0
LINE
8
BLACK
6
CONTINUOUS
10
106.711
20
-116.571
11
106.537
21
-116.664
0
LINE
8
BLACK
6
CONTINUOUS
10
106.537
20
-116.664
11
106.537
21
-116.664
0
LINE
8
BLACK
6
CONTINUOUS
10
106.537
20
-116.664
11
106.385
21
-116.789
0
LINE
8
BLACK
6
CONTINUOUS
10
106.385
20
-116.789
11
106.385
21
-116.789
0
LINE
8
BLACK
6
CONTINUOUS
10
106.385
20
-116.789
11
106.26
21
-116.941
0
LINE
8
BLACK
6
CONTINUOUS
10
106.26
20
-116.941
11
106.26
21
-116.941
0
LINE
8
BLACK
6
CONTINUOUS
10
106.26
20
-116.941
11
106.167
21
-117.115
0
LINE
8
BLACK
6
CONTINUOUS
10
106.167
20
-117.115
11
106.167
21
-117.115
0
LINE
8
BLACK
6
CONTINUOUS
10
106.167
20
-117.115
11
106.109
21
-117.304
0
LINE
8
BLACK
6
CONTINUOUS
10
106.109
20
-117.304
11
106.109
21
-117.304
0
LINE
8
BLACK
6
CONTINUOUS
10
106.109
20
-117.304
11
106.09
21
-117.5
0
LINE
8
BLACK
6
CONTINUOUS
10
106.09
20
-117.5
11
106.09
21
-117.5
0
LINE
8
BLACK
6
CONTINUOUS
10
106.09
20
-117.5
11
106.109
21
-117.696
0
LINE
8
BLACK
6
CONTINUOUS
10
109.109
20
-117.696
11
109.109
21
-117.696
0
LINE
8
BLACK
6
CONTINUOUS
10
109.109
20
-117.696
11
109.109
21
-117.696
0
LINE
8
BLACK
6
CONTINUOUS
10
109.109
20
-117.696
11
109.141
21
-117.802
0
LINE
8
BLACK
6
CONTINUOUS
10
109.141
20
-117.802
11
109.167
21
-117.885
0
LINE
8
BLACK
6
CONTINUOUS
10
109.167
20
-117.885
11
109.167
21
-117.885
0
LINE
8
BLACK
6
CONTINUOUS
10
109.167
20
-117.885
11
109.26
21
-118.059
0
LINE
8
BLACK
6
CONTINUOUS
10
109.26
20
-118.059
11
109.26
21
-118.059
0
LINE
8
BLACK
6
CONTINUOUS
10
109.26
20
-118.059
11
109.26
21
-118.059
0
LINE
8
BLACK
6
CONTINUOUS
10
109.26
20
-118.059
11
109.309
21
-118.119
0
LINE
8
BLACK
6
CONTINUOUS
10
109.309
20
-118.119
11
109.385
21
-118.211
0
LINE
8
BLACK
6
CONTINUOUS
10
109.385
20
-118.211
11
109.385
21
-118.211
0
LINE
8
BLACK
6
CONTINUOUS
10
109.385
20
-118.211
11
109.456
21
-118.269
0
LINE
8
BLACK
6
CONTINUOUS
10
109.456
20
-118.269
11
109.537
21
-118.336
0
LINE
8
BLACK
6
CONTINUOUS
10
109.537
20
-118.336
11
109.537
21
-118.336
0
LINE
8
BLACK
6
CONTINUOUS
10
109.537
20
-118.336
11
109.537
21
-118.336
0
LINE
8
BLACK
6
CONTINUOUS
10
109.537
20
-118.336
11
109.69
21
-118.418
0
LINE
8
BLACK
6
CONTINUOUS
10
109.69
20
-118.418
11
109.711
21
-118.429
0
LINE
8
BLACK
6
CONTINUOUS
10
109.711
20
-118.429
11
109.899
21
-118.486
0
LINE
8
BLACK
6
CONTINUOUS
10
109.899
20
-118.486
11
109.899
21
-118.486
0
LINE
8
BLACK
6
CONTINUOUS
10
109.899
20
-118.486
11
109.899
21
-118.486
0
LINE
8
BLACK
6
CONTINUOUS
10
109.899
20
-118.486
11
110.096
21
-118.505
0
LINE
8
BLACK
6
CONTINUOUS
10
110.096
20
-118.505
11
110.096
21
-118.505
0
LINE
8
BLACK
6
CONTINUOUS
10
110.096
20
-118.505
11
110.096
21
-118.505
0
LINE
8
BLACK
6
CONTINUOUS
10
110.096
20
-118.505
11
110.292
21
-118.486
0
LINE
8
BLACK
6
CONTINUOUS
10
110.292
20
-118.486
11
110.292
21
-118.486
0
LINE
8
BLACK
6
CONTINUOUS
10
110.292
20
-118.486
11
110.292
21
-118.486
0
LINE
8
BLACK
6
CONTINUOUS
10
110.292
20
-118.486
11
110.48
21
-118.429
0
LINE
8
BLACK
6
CONTINUOUS
10
110.48
20
-118.429
11
110.654
21
-118.336
0
LINE
8
BLACK
6
CONTINUOUS
10
110.654
20
-118.336
11
110.807
21
-118.211
0
LINE
8
BLACK
6
CONTINUOUS
10
110.807
20
-118.211
11
110.932
21
-118.059
0
LINE
8
BLACK
6
CONTINUOUS
10
110.932
20
-118.059
11
110.99
21
-117.95
0
LINE
8
BLACK
6
CONTINUOUS
10
110.99
20
-117.95
11
111.024
21
-117.885
0
LINE
8
BLACK
6
CONTINUOUS
10
111.024
20
-117.885
11
111.082
21
-117.696
0
LINE
8
BLACK
6
CONTINUOUS
10
111.082
20
-117.696
11
111.086
21
-117.65
0
LINE
8
BLACK
6
CONTINUOUS
10
111.086
20
-117.65
11
111.101
21
-117.5
0
LINE
8
BLACK
6
CONTINUOUS
10
111.101
20
-117.5
11
111.101
21
-117.5
0
LINE
8
BLACK
6
CONTINUOUS
10
111.101
20
-117.5
11
111.09
21
-117.388
0
LINE
8
BLACK
6
CONTINUOUS
10
111.09
20
-117.388
11
111.082
21
-117.304
0
LINE
8
BLACK
6
CONTINUOUS
10
111.082
20
-117.304
11
111.082
21
-117.304
0
LINE
8
BLACK
6
CONTINUOUS
10
111.082
20
-117.304
11
111.082
21
-117.304
0
LINE
8
BLACK
6
CONTINUOUS
10
111.082
20
-117.304
11
111.024
21
-117.115
0
LINE
8
BLACK
6
CONTINUOUS
10
111.024
20
-117.115
11
111.024
21
-117.115
0
LINE
8
BLACK
6
CONTINUOUS
10
111.024
20
-117.115
11
110.932
21
-116.941
0
LINE
8
BLACK
6
CONTINUOUS
10
110.932
20
-116.941
11
110.932
21
-116.941
0
LINE
8
BLACK
6
CONTINUOUS
10
110.932
20
-116.941
11
110.932
21
-116.941
0
LINE
8
BLACK
6
CONTINUOUS
10
110.932
20
-116.941
11
110.82
21
-116.806
0
LINE
8
BLACK
6
CONTINUOUS
10
110.82
20
-116.806
11
110.807
21
-116.789
0
LINE
8
BLACK
6
CONTINUOUS
10
110.807
20
-116.789
11
110.807
21
-116.789
0
LINE
8
BLACK
6
CONTINUOUS
10
110.807
20
-116.789
11
110.697
21
-116.7
0
LINE
8
BLACK
6
CONTINUOUS
10
110.697
20
-116.7
11
110.654
21
-116.664
0
LINE
8
BLACK
6
CONTINUOUS
10
110.654
20
-116.664
11
110.654
21
-116.664
0
LINE
8
BLACK
6
CONTINUOUS
10
110.654
20
-116.664
11
110.654
21
-116.664
0
LINE
8
BLACK
6
CONTINUOUS
10
110.654
20
-116.664
11
110.48
21
-116.571
0
LINE
8
BLACK
6
CONTINUOUS
10
110.48
20
-116.571
11
110.48
21
-116.571
0
LINE
8
BLACK
6
CONTINUOUS
10
110.48
20
-116.571
11
110.473
21
-116.569
0
LINE
8
BLACK
6
CONTINUOUS
10
110.473
20
-116.569
11
110.292
21
-116.514
0
LINE
8
BLACK
6
CONTINUOUS
10
110.292
20
-116.514
11
110.292
21
-116.514
0
LINE
8
BLACK
6
CONTINUOUS
10
110.292
20
-116.514
11
110.292
21
-116.514
0
LINE
8
BLACK
6
CONTINUOUS
10
110.292
20
-116.514
11
110.096
21
-116.495
0
LINE
8
BLACK
6
CONTINUOUS
10
110.096
20
-116.495
11
110.096
21
-116.495
0
LINE
8
BLACK
6
CONTINUOUS
10
110.096
20
-116.495
11
109.899
21
-116.514
0
LINE
8
BLACK
6
CONTINUOUS
10
109.899
20
-116.514
11
109.899
21
-116.514
0
LINE
8
BLACK
6
CONTINUOUS
10
109.899
20
-116.514
11
109.711
21
-116.571
0
LINE
8
BLACK
6
CONTINUOUS
10
109.711
20
-116.571
11
109.711
21
-116.571
0
LINE
8
BLACK
6
CONTINUOUS
10
109.711
20
-116.571
11
109.537
21
-116.664
0
LINE
8
BLACK
6
CONTINUOUS
10
109.537
20
-116.664
11
109.537
21
-116.664
0
LINE
8
BLACK
6
CONTINUOUS
10
109.537
20
-116.664
11
109.385
21
-116.789
0
LINE
8
BLACK
6
CONTINUOUS
10
109.385
20
-116.789
11
109.385
21
-116.789
0
LINE
8
BLACK
6
CONTINUOUS
10
109.385
20
-116.789
11
109.26
21
-116.941
0
LINE
8
BLACK
6
CONTINUOUS
10
109.26
20
-116.941
11
109.26
21
-116.941
0
LINE
8
BLACK
6
CONTINUOUS
10
109.26
20
-116.941
11
109.167
21
-117.115
0
LINE
8
BLACK
6
CONTINUOUS
10
109.167
20
-117.115
11
109.167
21
-117.115
0
LINE
8
BLACK
6
CONTINUOUS
10
109.167
20
-117.115
11
109.109
21
-117.304
0
LINE
8
BLACK
6
CONTINUOUS
10
109.109
20
-117.304
11
109.109
21
-117.304
0
LINE
8
BLACK
6
CONTINUOUS
10
109.109
20
-117.304
11
109.09
21
-117.5
0
LINE
8
BLACK
6
CONTINUOUS
10
109.09
20
-117.5
11
109.09
21
-117.5
0
LINE
8
BLACK
6
CONTINUOUS
10
109.09
20
-117.5
11
109.109
21
-117.696
0
LINE
8
BLACK
6
CONTINUOUS
10
116.213
20
-117.516
11
116.262
21
-117.622
0
LINE
8
BLACK
6
CONTINUOUS
10
116.262
20
-117.622
11
116.267
21
-117.634
0
LINE
8
BLACK
6
CONTINUOUS
10
116.267
20
-117.634
11
116.321
21
-117.696
0
LINE
8
BLACK
6
CONTINUOUS
10
116.321
20
-117.696
11
116.352
21
-117.731
0
LINE
8
BLACK
6
CONTINUOUS
10
116.352
20
-117.731
11
116.461
21
-117.802
0
LINE
8
BLACK
6
CONTINUOUS
10
116.461
20
-117.802
11
116.461
21
-117.802
0
LINE
8
BLACK
6
CONTINUOUS
10
116.461
20
-117.802
11
116.585
21
-117.838
0
LINE
8
BLACK
6
CONTINUOUS
10
116.585
20
-117.838
11
116.585
21
-117.838
0
LINE
8
BLACK
6
CONTINUOUS
10
116.585
20
-117.838
11
116.715
21
-117.838
0
LINE
8
BLACK
6
CONTINUOUS
10
116.715
20
-117.838
11
116.715
21
-117.838
0
LINE
8
BLACK
6
CONTINUOUS
10
116.715
20
-117.838
11
116.839
21
-117.802
0
LINE
8
BLACK
6
CONTINUOUS
10
116.839
20
-117.802
11
116.948
21
-117.731
0
LINE
8
BLACK
6
CONTINUOUS
10
116.948
20
-117.731
11
117.033
21
-117.634
0
LINE
8
BLACK
6
CONTINUOUS
10
117.033
20
-117.634
11
117.087
21
-117.516
0
LINE
8
BLACK
6
CONTINUOUS
10
117.087
20
-117.516
11
117.105
21
-117.387
0
LINE
8
BLACK
6
CONTINUOUS
10
117.105
20
-117.387
11
117.103
21
-117.369
0
LINE
8
BLACK
6
CONTINUOUS
10
117.103
20
-117.369
11
117.087
21
-117.259
0
LINE
8
BLACK
6
CONTINUOUS
10
117.087
20
-117.259
11
117.077
21
-117.239
0
LINE
8
BLACK
6
CONTINUOUS
10
117.077
20
-117.239
11
117.06
21
-117.2
0
LINE
8
BLACK
6
CONTINUOUS
10
117.06
20
-117.2
11
117.033
21
-117.141
0
LINE
8
BLACK
6
CONTINUOUS
10
117.033
20
-117.141
11
116.948
21
-117.044
0
LINE
8
BLACK
6
CONTINUOUS
10
116.948
20
-117.044
11
116.948
21
-117.044
0
LINE
8
BLACK
6
CONTINUOUS
10
116.948
20
-117.044
11
116.948
21
-117.044
0
LINE
8
BLACK
6
CONTINUOUS
10
116.948
20
-117.044
11
116.839
21
-116.973
0
LINE
8
BLACK
6
CONTINUOUS
10
116.839
20
-116.973
11
116.839
21
-116.973
0
LINE
8
BLACK
6
CONTINUOUS
10
116.839
20
-116.973
11
116.839
21
-116.973
0
LINE
8
BLACK
6
CONTINUOUS
10
116.839
20
-116.973
11
116.8
21
-116.962
0
LINE
8
BLACK
6
CONTINUOUS
10
116.8
20
-116.962
11
116.715
21
-116.937
0
LINE
8
BLACK
6
CONTINUOUS
10
116.715
20
-116.937
11
116.715
21
-116.937
0
LINE
8
BLACK
6
CONTINUOUS
10
116.715
20
-116.937
11
116.585
21
-116.937
0
LINE
8
BLACK
6
CONTINUOUS
10
116.585
20
-116.937
11
116.585
21
-116.937
0
LINE
8
BLACK
6
CONTINUOUS
10
116.585
20
-116.937
11
116.461
21
-116.973
0
LINE
8
BLACK
6
CONTINUOUS
10
116.461
20
-116.973
11
116.461
21
-116.973
0
LINE
8
BLACK
6
CONTINUOUS
10
116.461
20
-116.973
11
116.352
21
-117.044
0
LINE
8
BLACK
6
CONTINUOUS
10
116.352
20
-117.044
11
116.267
21
-117.141
0
LINE
8
BLACK
6
CONTINUOUS
10
116.267
20
-117.141
11
116.213
21
-117.259
0
LINE
8
BLACK
6
CONTINUOUS
10
116.213
20
-117.259
11
116.195
21
-117.387
0
LINE
8
BLACK
6
CONTINUOUS
10
116.195
20
-117.387
11
116.195
21
-117.388
0
LINE
8
BLACK
6
CONTINUOUS
10
116.195
20
-117.388
11
116.213
21
-117.516
0
LINE
8
BLACK
6
CONTINUOUS
10
127.363
20
-117.328
11
127.394
21
-117.396
0
LINE
8
BLACK
6
CONTINUOUS
10
127.394
20
-117.396
11
127.417
21
-117.446
0
LINE
8
BLACK
6
CONTINUOUS
10
127.417
20
-117.446
11
127.502
21
-117.544
0
LINE
8
BLACK
6
CONTINUOUS
10
127.502
20
-117.544
11
127.502
21
-117.544
0
LINE
8
BLACK
6
CONTINUOUS
10
127.502
20
-117.544
11
127.59
21
-117.6
0
LINE
8
BLACK
6
CONTINUOUS
10
127.59
20
-117.6
11
127.611
21
-117.614
0
LINE
8
BLACK
6
CONTINUOUS
10
127.611
20
-117.614
11
127.735
21
-117.65
0
LINE
8
BLACK
6
CONTINUOUS
10
127.735
20
-117.65
11
127.735
21
-117.65
0
LINE
8
BLACK
6
CONTINUOUS
10
127.735
20
-117.65
11
127.865
21
-117.65
0
LINE
8
BLACK
6
CONTINUOUS
10
127.865
20
-117.65
11
127.865
21
-117.65
0
LINE
8
BLACK
6
CONTINUOUS
10
127.865
20
-117.65
11
127.989
21
-117.614
0
LINE
8
BLACK
6
CONTINUOUS
10
127.989
20
-117.614
11
128.098
21
-117.544
0
LINE
8
BLACK
6
CONTINUOUS
10
128.098
20
-117.544
11
128.183
21
-117.446
0
LINE
8
BLACK
6
CONTINUOUS
10
128.183
20
-117.446
11
128.237
21
-117.328
0
LINE
8
BLACK
6
CONTINUOUS
10
128.237
20
-117.328
11
128.255
21
-117.2
0
LINE
8
BLACK
6
CONTINUOUS
10
128.255
20
-117.2
11
128.248
21
-117.15
0
LINE
8
BLACK
6
CONTINUOUS
10
128.248
20
-117.15
11
128.237
21
-117.072
0
LINE
8
BLACK
6
CONTINUOUS
10
128.237
20
-117.072
11
128.192
21
-116.973
0
LINE
8
BLACK
6
CONTINUOUS
10
128.192
20
-116.973
11
128.183
21
-116.954
0
LINE
8
BLACK
6
CONTINUOUS
10
128.183
20
-116.954
11
128.098
21
-116.856
0
LINE
8
BLACK
6
CONTINUOUS
10
128.098
20
-116.856
11
128.098
21
-116.856
0
LINE
8
BLACK
6
CONTINUOUS
10
128.098
20
-116.856
11
128.098
21
-116.856
0
LINE
8
BLACK
6
CONTINUOUS
10
128.098
20
-116.856
11
127.989
21
-116.786
0
LINE
8
BLACK
6
CONTINUOUS
10
127.989
20
-116.786
11
127.989
21
-116.786
0
LINE
8
BLACK
6
CONTINUOUS
10
127.989
20
-116.786
11
127.989
21
-116.786
0
LINE
8
BLACK
6
CONTINUOUS
10
127.989
20
-116.786
11
127.989
21
-116.786
0
LINE
8
BLACK
6
CONTINUOUS
10
127.989
20
-116.786
11
127.865
21
-116.749
0
LINE
8
BLACK
6
CONTINUOUS
10
127.865
20
-116.749
11
127.865
21
-116.749
0
LINE
8
BLACK
6
CONTINUOUS
10
127.865
20
-116.749
11
127.735
21
-116.749
0
LINE
8
BLACK
6
CONTINUOUS
10
127.735
20
-116.749
11
127.735
21
-116.749
0
LINE
8
BLACK
6
CONTINUOUS
10
127.735
20
-116.749
11
127.611
21
-116.786
0
LINE
8
BLACK
6
CONTINUOUS
10
127.611
20
-116.786
11
127.611
21
-116.786
0
LINE
8
BLACK
6
CONTINUOUS
10
127.611
20
-116.786
11
127.502
21
-116.856
0
LINE
8
BLACK
6
CONTINUOUS
10
127.502
20
-116.856
11
127.417
21
-116.954
0
LINE
8
BLACK
6
CONTINUOUS
10
127.417
20
-116.954
11
127.363
21
-117.072
0
LINE
8
BLACK
6
CONTINUOUS
10
127.363
20
-117.072
11
127.345
21
-117.2
0
LINE
8
BLACK
6
CONTINUOUS
10
127.345
20
-117.2
11
127.345
21
-117.2
0
LINE
8
BLACK
6
CONTINUOUS
10
127.345
20
-117.2
11
127.363
21
-117.328
0
LINE
8
BLACK
6
CONTINUOUS
10
106.109
20
-115.196
11
106.109
21
-115.196
0
LINE
8
BLACK
6
CONTINUOUS
10
106.109
20
-115.196
11
106.109
21
-115.196
0
LINE
8
BLACK
6
CONTINUOUS
10
106.109
20
-115.196
11
106.161
21
-115.365
0
LINE
8
BLACK
6
CONTINUOUS
10
106.161
20
-115.365
11
106.167
21
-115.385
0
LINE
8
BLACK
6
CONTINUOUS
10
106.167
20
-115.385
11
106.167
21
-115.385
0
LINE
8
BLACK
6
CONTINUOUS
10
106.167
20
-115.385
11
106.26
21
-115.559
0
LINE
8
BLACK
6
CONTINUOUS
10
106.26
20
-115.559
11
106.26
21
-115.559
0
LINE
8
BLACK
6
CONTINUOUS
10
106.26
20
-115.559
11
106.26
21
-115.559
0
LINE
8
BLACK
6
CONTINUOUS
10
106.26
20
-115.559
11
106.264
21
-115.564
0
LINE
8
BLACK
6
CONTINUOUS
10
106.264
20
-115.564
11
106.385
21
-115.711
0
LINE
8
BLACK
6
CONTINUOUS
10
106.385
20
-115.711
11
106.385
21
-115.711
0
LINE
8
BLACK
6
CONTINUOUS
10
106.385
20
-115.711
11
106.42
21
-115.74
0
LINE
8
BLACK
6
CONTINUOUS
10
106.42
20
-115.74
11
106.537
21
-115.836
0
LINE
8
BLACK
6
CONTINUOUS
10
106.537
20
-115.836
11
106.711
21
-115.929
0
LINE
8
BLACK
6
CONTINUOUS
10
106.711
20
-115.929
11
106.899
21
-115.986
0
LINE
8
BLACK
6
CONTINUOUS
10
106.899
20
-115.986
11
106.899
21
-115.986
0
LINE
8
BLACK
6
CONTINUOUS
10
106.899
20
-115.986
11
106.899
21
-115.986
0
LINE
8
BLACK
6
CONTINUOUS
10
106.899
20
-115.986
11
107.096
21
-116.005
0
LINE
8
BLACK
6
CONTINUOUS
10
107.096
20
-116.005
11
107.096
21
-116.005
0
LINE
8
BLACK
6
CONTINUOUS
10
107.096
20
-116.005
11
107.096
21
-116.005
0
LINE
8
BLACK
6
CONTINUOUS
10
107.096
20
-116.005
11
107.292
21
-115.986
0
LINE
8
BLACK
6
CONTINUOUS
10
107.292
20
-115.986
11
107.292
21
-115.986
0
LINE
8
BLACK
6
CONTINUOUS
10
107.292
20
-115.986
11
107.292
21
-115.986
0
LINE
8
BLACK
6
CONTINUOUS
10
107.292
20
-115.986
11
107.48
21
-115.929
0
LINE
8
BLACK
6
CONTINUOUS
10
107.48
20
-115.929
11
107.654
21
-115.836
0
LINE
8
BLACK
6
CONTINUOUS
10
107.654
20
-115.836
11
107.807
21
-115.711
0
LINE
8
BLACK
6
CONTINUOUS
10
107.807
20
-115.711
11
107.932
21
-115.559
0
LINE
8
BLACK
6
CONTINUOUS
10
107.932
20
-115.559
11
108.024
21
-115.385
0
LINE
8
BLACK
6
CONTINUOUS
10
108.024
20
-115.385
11
108.082
21
-115.196
0
LINE
8
BLACK
6
CONTINUOUS
10
108.082
20
-115.196
11
108.083
21
-115.188
0
LINE
8
BLACK
6
CONTINUOUS
10
108.083
20
-115.188
11
108.101
21
-115
0
LINE
8
BLACK
6
CONTINUOUS
10
108.101
20
-115
11
108.101
21
-115
0
LINE
8
BLACK
6
CONTINUOUS
10
108.101
20
-115
11
108.082
21
-114.804
0
LINE
8
BLACK
6
CONTINUOUS
10
108.082
20
-114.804
11
108.082
21
-114.804
0
LINE
8
BLACK
6
CONTINUOUS
10
108.082
20
-114.804
11
108.082
21
-114.804
0
LINE
8
BLACK
6
CONTINUOUS
10
108.082
20
-114.804
11
108.024
21
-114.615
0
LINE
8
BLACK
6
CONTINUOUS
10
108.024
20
-114.615
11
107.987
21
-114.546
0
LINE
8
BLACK
6
CONTINUOUS
10
107.987
20
-114.546
11
107.932
21
-114.441
0
LINE
8
BLACK
6
CONTINUOUS
10
107.932
20
-114.441
11
107.932
21
-114.441
0
LINE
8
BLACK
6
CONTINUOUS
10
107.932
20
-114.441
11
107.932
21
-114.441
0
LINE
8
BLACK
6
CONTINUOUS
10
107.932
20
-114.441
11
107.857
21
-114.35
0
LINE
8
BLACK
6
CONTINUOUS
10
107.857
20
-114.35
11
107.807
21
-114.289
0
LINE
8
BLACK
6
CONTINUOUS
10
107.807
20
-114.289
11
107.807
21
-114.289
0
LINE
8
BLACK
6
CONTINUOUS
10
107.807
20
-114.289
11
107.698
21
-114.2
0
LINE
8
BLACK
6
CONTINUOUS
10
107.698
20
-114.2
11
107.654
21
-114.164
0
LINE
8
BLACK
6
CONTINUOUS
10
107.654
20
-114.164
11
107.654
21
-114.164
0
LINE
8
BLACK
6
CONTINUOUS
10
107.654
20
-114.164
11
107.654
21
-114.164
0
LINE
8
BLACK
6
CONTINUOUS
10
107.654
20
-114.164
11
107.48
21
-114.071
0
LINE
8
BLACK
6
CONTINUOUS
10
107.48
20
-114.071
11
107.48
21
-114.071
0
LINE
8
BLACK
6
CONTINUOUS
10
107.48
20
-114.071
11
107.424
21
-114.054
0
LINE
8
BLACK
6
CONTINUOUS
10
107.424
20
-114.054
11
107.292
21
-114.014
0
LINE
8
BLACK
6
CONTINUOUS
10
107.292
20
-114.014
11
107.292
21
-114.014
0
LINE
8
BLACK
6
CONTINUOUS
10
107.292
20
-114.014
11
107.292
21
-114.014
0
LINE
8
BLACK
6
CONTINUOUS
10
107.292
20
-114.014
11
107.096
21
-113.995
0
LINE
8
BLACK
6
CONTINUOUS
10
107.096
20
-113.995
11
107.096
21
-113.995
0
LINE
8
BLACK
6
CONTINUOUS
10
107.096
20
-113.995
11
106.899
21
-114.014
0
LINE
8
BLACK
6
CONTINUOUS
10
106.899
20
-114.014
11
106.899
21
-114.014
0
LINE
8
BLACK
6
CONTINUOUS
10
106.899
20
-114.014
11
106.711
21
-114.071
0
LINE
8
BLACK
6
CONTINUOUS
10
106.711
20
-114.071
11
106.711
21
-114.071
0
LINE
8
BLACK
6
CONTINUOUS
10
106.711
20
-114.071
11
106.537
21
-114.164
0
LINE
8
BLACK
6
CONTINUOUS
10
106.537
20
-114.164
11
106.537
21
-114.164
0
LINE
8
BLACK
6
CONTINUOUS
10
106.537
20
-114.164
11
106.385
21
-114.289
0
LINE
8
BLACK
6
CONTINUOUS
10
106.385
20
-114.289
11
106.385
21
-114.289
0
LINE
8
BLACK
6
CONTINUOUS
10
106.385
20
-114.289
11
106.26
21
-114.441
0
LINE
8
BLACK
6
CONTINUOUS
10
106.26
20
-114.441
11
106.26
21
-114.441
0
LINE
8
BLACK
6
CONTINUOUS
10
106.26
20
-114.441
11
106.167
21
-114.615
0
LINE
8
BLACK
6
CONTINUOUS
10
106.167
20
-114.615
11
106.167
21
-114.615
0
LINE
8
BLACK
6
CONTINUOUS
10
106.167
20
-114.615
11
106.109
21
-114.804
0
LINE
8
BLACK
6
CONTINUOUS
10
106.109
20
-114.804
11
106.109
21
-114.804
0
LINE
8
BLACK
6
CONTINUOUS
10
106.109
20
-114.804
11
106.09
21
-115
0
LINE
8
BLACK
6
CONTINUOUS
10
106.09
20
-115
11
106.09
21
-115
0
LINE
8
BLACK
6
CONTINUOUS
10
106.09
20
-115
11
106.109
21
-115.196
0
LINE
8
BLACK
6
CONTINUOUS
10
109.109
20
-115.196
11
109.109
21
-115.196
0
LINE
8
BLACK
6
CONTINUOUS
10
109.109
20
-115.196
11
109.109
21
-115.196
0
LINE
8
BLACK
6
CONTINUOUS
10
109.109
20
-115.196
11
109.161
21
-115.365
0
LINE
8
BLACK
6
CONTINUOUS
10
109.161
20
-115.365
11
109.167
21
-115.385
0
LINE
8
BLACK
6
CONTINUOUS
10
109.167
20
-115.385
11
109.167
21
-115.385
0
LINE
8
BLACK
6
CONTINUOUS
10
109.167
20
-115.385
11
109.26
21
-115.559
0
LINE
8
BLACK
6
CONTINUOUS
10
109.26
20
-115.559
11
109.26
21
-115.559
0
LINE
8
BLACK
6
CONTINUOUS
10
109.26
20
-115.559
11
109.26
21
-115.559
0
LINE
8
BLACK
6
CONTINUOUS
10
109.26
20
-115.559
11
109.264
21
-115.564
0
LINE
8
BLACK
6
CONTINUOUS
10
109.264
20
-115.564
11
109.385
21
-115.711
0
LINE
8
BLACK
6
CONTINUOUS
10
109.385
20
-115.711
11
109.385
21
-115.711
0
LINE
8
BLACK
6
CONTINUOUS
10
109.385
20
-115.711
11
109.42
21
-115.74
0
LINE
8
BLACK
6
CONTINUOUS
10
109.42
20
-115.74
11
109.537
21
-115.836
0
LINE
8
BLACK
6
CONTINUOUS
10
109.537
20
-115.836
11
109.711
21
-115.929
0
LINE
8
BLACK
6
CONTINUOUS
10
109.711
20
-115.929
11
109.899
21
-115.986
0
LINE
8
BLACK
6
CONTINUOUS
10
109.899
20
-115.986
11
109.899
21
-115.986
0
LINE
8
BLACK
6
CONTINUOUS
10
109.899
20
-115.986
11
109.899
21
-115.986
0
LINE
8
BLACK
6
CONTINUOUS
10
109.899
20
-115.986
11
110.096
21
-116.005
0
LINE
8
BLACK
6
CONTINUOUS
10
110.096
20
-116.005
11
110.096
21
-116.005
0
LINE
8
BLACK
6
CONTINUOUS
10
110.096
20
-116.005
11
110.096
21
-116.005
0
LINE
8
BLACK
6
CONTINUOUS
10
110.096
20
-116.005
11
110.292
21
-115.986
0
LINE
8
BLACK
6
CONTINUOUS
10
110.292
20
-115.986
11
110.292
21
-115.986
0
LINE
8
BLACK
6
CONTINUOUS
10
110.292
20
-115.986
11
110.292
21
-115.986
0
LINE
8
BLACK
6
CONTINUOUS
10
110.292
20
-115.986
11
110.48
21
-115.929
0
LINE
8
BLACK
6
CONTINUOUS
10
110.48
20
-115.929
11
110.654
21
-115.836
0
LINE
8
BLACK
6
CONTINUOUS
10
110.654
20
-115.836
11
110.807
21
-115.711
0
LINE
8
BLACK
6
CONTINUOUS
10
110.807
20
-115.711
11
110.932
21
-115.559
0
LINE
8
BLACK
6
CONTINUOUS
10
110.932
20
-115.559
11
111.024
21
-115.385
0
LINE
8
BLACK
6
CONTINUOUS
10
111.024
20
-115.385
11
111.082
21
-115.196
0
LINE
8
BLACK
6
CONTINUOUS
10
111.082
20
-115.196
11
111.083
21
-115.188
0
LINE
8
BLACK
6
CONTINUOUS
10
111.083
20
-115.188
11
111.101
21
-115
0
LINE
8
BLACK
6
CONTINUOUS
10
111.101
20
-115
11
111.101
21
-115
0
LINE
8
BLACK
6
CONTINUOUS
10
111.101
20
-115
11
111.082
21
-114.804
0
LINE
8
BLACK
6
CONTINUOUS
10
111.082
20
-114.804
11
111.082
21
-114.804
0
LINE
8
BLACK
6
CONTINUOUS
10
111.082
20
-114.804
11
111.082
21
-114.804
0
LINE
8
BLACK
6
CONTINUOUS
10
111.082
20
-114.804
11
111.024
21
-114.615
0
LINE
8
BLACK
6
CONTINUOUS
10
111.024
20
-114.615
11
110.987
21
-114.546
0
LINE
8
BLACK
6
CONTINUOUS
10
110.987
20
-114.546
11
110.932
21
-114.441
0
LINE
8
BLACK
6
CONTINUOUS
10
110.932
20
-114.441
11
110.932
21
-114.441
0
LINE
8
BLACK
6
CONTINUOUS
10
110.932
20
-114.441
11
110.932
21
-114.441
0
LINE
8
BLACK
6
CONTINUOUS
10
110.932
20
-114.441
11
110.857
21
-114.35
0
LINE
8
BLACK
6
CONTINUOUS
10
110.857
20
-114.35
11
110.807
21
-114.289
0
LINE
8
BLACK
6
CONTINUOUS
10
110.807
20
-114.289
11
110.807
21
-114.289
0
LINE
8
BLACK
6
CONTINUOUS
10
110.807
20
-114.289
11
110.698
21
-114.2
0
LINE
8
BLACK
6
CONTINUOUS
10
110.698
20
-114.2
11
110.654
21
-114.164
0
LINE
8
BLACK
6
CONTINUOUS
10
110.654
20
-114.164
11
110.654
21
-114.164
0
LINE
8
BLACK
6
CONTINUOUS
10
110.654
20
-114.164
11
110.654
21
-114.164
0
LINE
8
BLACK
6
CONTINUOUS
10
110.654
20
-114.164
11
110.48
21
-114.071
0
LINE
8
BLACK
6
CONTINUOUS
10
110.48
20
-114.071
11
110.48
21
-114.071
0
LINE
8
BLACK
6
CONTINUOUS
10
110.48
20
-114.071
11
110.424
21
-114.054
0
LINE
8
BLACK
6
CONTINUOUS
10
110.424
20
-114.054
11
110.292
21
-114.014
0
LINE
8
BLACK
6
CONTINUOUS
10
110.292
20
-114.014
11
110.292
21
-114.014
0
LINE
8
BLACK
6
CONTINUOUS
10
110.292
20
-114.014
11
110.292
21
-114.014
0
LINE
8
BLACK
6
CONTINUOUS
10
110.292
20
-114.014
11
110.096
21
-113.995
0
LINE
8
BLACK
6
CONTINUOUS
10
110.096
20
-113.995
11
110.096
21
-113.995
0
LINE
8
BLACK
6
CONTINUOUS
10
110.096
20
-113.995
11
109.899
21
-114.014
0
LINE
8
BLACK
6
CONTINUOUS
10
109.899
20
-114.014
11
109.899
21
-114.014
0
LINE
8
BLACK
6
CONTINUOUS
10
109.899
20
-114.014
11
109.711
21
-114.071
0
LINE
8
BLACK
6
CONTINUOUS
10
109.711
20
-114.071
11
109.711
21
-114.071
0
LINE
8
BLACK
6
CONTINUOUS
10
109.711
20
-114.071
11
109.537
21
-114.164
0
LINE
8
BLACK
6
CONTINUOUS
10
109.537
20
-114.164
11
109.537
21
-114.164
0
LINE
8
BLACK
6
CONTINUOUS
10
109.537
20
-114.164
11
109.385
21
-114.289
0
LINE
8
BLACK
6
CONTINUOUS
10
109.385
20
-114.289
11
109.385
21
-114.289
0
LINE
8
BLACK
6
CONTINUOUS
10
109.385
20
-114.289
11
109.26
21
-114.441
0
LINE
8
BLACK
6
CONTINUOUS
10
109.26
20
-114.441
11
109.26
21
-114.441
0
LINE
8
BLACK
6
CONTINUOUS
10
109.26
20
-114.441
11
109.167
21
-114.615
0
LINE
8
BLACK
6
CONTINUOUS
10
109.167
20
-114.615
11
109.167
21
-114.615
0
LINE
8
BLACK
6
CONTINUOUS
10
109.167
20
-114.615
11
109.109
21
-114.804
0
LINE
8
BLACK
6
CONTINUOUS
10
109.109
20
-114.804
11
109.109
21
-114.804
0
LINE
8
BLACK
6
CONTINUOUS
10
109.109
20
-114.804
11
109.09
21
-115
0
LINE
8
BLACK
6
CONTINUOUS
10
109.09
20
-115
11
109.09
21
-115
0
LINE
8
BLACK
6
CONTINUOUS
10
109.09
20
-115
11
109.109
21
-115.196
0
LINE
8
BLACK
6
CONTINUOUS
10
116.563
20
-114.428
11
116.594
21
-114.496
0
LINE
8
BLACK
6
CONTINUOUS
10
116.594
20
-114.496
11
116.617
21
-114.546
0
LINE
8
BLACK
6
CONTINUOUS
10
116.617
20
-114.546
11
116.677
21
-114.615
0
LINE
8
BLACK
6
CONTINUOUS
10
116.677
20
-114.615
11
116.702
21
-114.644
0
LINE
8
BLACK
6
CONTINUOUS
10
116.702
20
-114.644
11
116.79
21
-114.7
0
LINE
8
BLACK
6
CONTINUOUS
10
116.79
20
-114.7
11
116.811
21
-114.714
0
LINE
8
BLACK
6
CONTINUOUS
10
116.811
20
-114.714
11
116.935
21
-114.75
0
LINE
8
BLACK
6
CONTINUOUS
10
116.935
20
-114.75
11
116.935
21
-114.75
0
LINE
8
BLACK
6
CONTINUOUS
10
116.935
20
-114.75
11
117.065
21
-114.75
0
LINE
8
BLACK
6
CONTINUOUS
10
117.065
20
-114.75
11
117.065
21
-114.75
0
LINE
8
BLACK
6
CONTINUOUS
10
117.065
20
-114.75
11
117.189
21
-114.714
0
LINE
8
BLACK
6
CONTINUOUS
10
117.189
20
-114.714
11
117.298
21
-114.644
0
LINE
8
BLACK
6
CONTINUOUS
10
117.298
20
-114.644
11
117.383
21
-114.546
0
LINE
8
BLACK
6
CONTINUOUS
10
117.383
20
-114.546
11
117.437
21
-114.428
0
LINE
8
BLACK
6
CONTINUOUS
10
117.437
20
-114.428
11
117.448
21
-114.35
0
LINE
8
BLACK
6
CONTINUOUS
10
117.448
20
-114.35
11
117.455
21
-114.3
0
LINE
8
BLACK
6
CONTINUOUS
10
117.455
20
-114.3
11
117.455
21
-114.3
0
LINE
8
BLACK
6
CONTINUOUS
10
117.455
20
-114.3
11
117.448
21
-114.25
0
LINE
8
BLACK
6
CONTINUOUS
10
117.448
20
-114.25
11
117.437
21
-114.172
0
LINE
8
BLACK
6
CONTINUOUS
10
117.437
20
-114.172
11
117.391
21
-114.071
0
LINE
8
BLACK
6
CONTINUOUS
10
117.391
20
-114.071
11
117.383
21
-114.054
0
LINE
8
BLACK
6
CONTINUOUS
10
117.383
20
-114.054
11
117.298
21
-113.956
0
LINE
8
BLACK
6
CONTINUOUS
10
117.298
20
-113.956
11
117.298
21
-113.956
0
LINE
8
BLACK
6
CONTINUOUS
10
117.298
20
-113.956
11
117.298
21
-113.956
0
LINE
8
BLACK
6
CONTINUOUS
10
117.298
20
-113.956
11
117.189
21
-113.886
0
LINE
8
BLACK
6
CONTINUOUS
10
117.189
20
-113.886
11
117.189
21
-113.886
0
LINE
8
BLACK
6
CONTINUOUS
10
117.189
20
-113.886
11
117.189
21
-113.886
0
LINE
8
BLACK
6
CONTINUOUS
10
117.189
20
-113.886
11
117.189
21
-113.886
0
LINE
8
BLACK
6
CONTINUOUS
10
117.189
20
-113.886
11
117.065
21
-113.849
0
LINE
8
BLACK
6
CONTINUOUS
10
117.065
20
-113.849
11
117.065
21
-113.849
0
LINE
8
BLACK
6
CONTINUOUS
10
117.065
20
-113.849
11
116.935
21
-113.849
0
LINE
8
BLACK
6
CONTINUOUS
10
116.935
20
-113.849
11
116.935
21
-113.849
0
LINE
8
BLACK
6
CONTINUOUS
10
116.935
20
-113.849
11
116.811
21
-113.886
0
LINE
8
BLACK
6
CONTINUOUS
10
116.811
20
-113.886
11
116.811
21
-113.886
0
LINE
8
BLACK
6
CONTINUOUS
10
116.811
20
-113.886
11
116.702
21
-113.956
0
LINE
8
BLACK
6
CONTINUOUS
10
116.702
20
-113.956
11
116.617
21
-114.054
0
LINE
8
BLACK
6
CONTINUOUS
10
116.617
20
-114.054
11
116.563
21
-114.172
0
LINE
8
BLACK
6
CONTINUOUS
10
116.563
20
-114.172
11
116.545
21
-114.3
0
LINE
8
BLACK
6
CONTINUOUS
10
116.545
20
-114.3
11
116.545
21
-114.3
0
LINE
8
BLACK
6
CONTINUOUS
10
116.545
20
-114.3
11
116.563
21
-114.428
0
LINE
8
BLACK
6
CONTINUOUS
10
113.663
20
-114.328
11
113.709
21
-114.428
0
LINE
8
BLACK
6
CONTINUOUS
10
113.709
20
-114.428
11
113.717
21
-114.446
0
LINE
8
BLACK
6
CONTINUOUS
10
113.717
20
-114.446
11
113.76
21
-114.496
0
LINE
8
BLACK
6
CONTINUOUS
10
113.76
20
-114.496
11
113.802
21
-114.544
0
LINE
8
BLACK
6
CONTINUOUS
10
113.802
20
-114.544
11
113.88
21
-114.594
0
LINE
8
BLACK
6
CONTINUOUS
10
113.88
20
-114.594
11
113.911
21
-114.614
0
LINE
8
BLACK
6
CONTINUOUS
10
113.911
20
-114.614
11
114.035
21
-114.65
0
LINE
8
BLACK
6
CONTINUOUS
10
114.035
20
-114.65
11
114.035
21
-114.65
0
LINE
8
BLACK
6
CONTINUOUS
10
114.035
20
-114.65
11
114.165
21
-114.65
0
LINE
8
BLACK
6
CONTINUOUS
10
114.165
20
-114.65
11
114.165
21
-114.65
0
LINE
8
BLACK
6
CONTINUOUS
10
114.165
20
-114.65
11
114.289
21
-114.614
0
LINE
8
BLACK
6
CONTINUOUS
10
114.289
20
-114.614
11
114.398
21
-114.544
0
LINE
8
BLACK
6
CONTINUOUS
10
114.398
20
-114.544
11
114.483
21
-114.446
0
LINE
8
BLACK
6
CONTINUOUS
10
114.483
20
-114.446
11
114.537
21
-114.328
0
LINE
8
BLACK
6
CONTINUOUS
10
114.537
20
-114.328
11
114.541
21
-114.3
0
LINE
8
BLACK
6
CONTINUOUS
10
114.541
20
-114.3
11
114.548
21
-114.25
0
LINE
8
BLACK
6
CONTINUOUS
10
114.548
20
-114.25
11
114.555
21
-114.2
0
LINE
8
BLACK
6
CONTINUOUS
10
114.555
20
-114.2
11
114.555
21
-114.2
0
LINE
8
BLACK
6
CONTINUOUS
10
114.555
20
-114.2
11
114.537
21
-114.072
0
LINE
8
BLACK
6
CONTINUOUS
10
114.537
20
-114.072
11
114.517
21
-114.028
0
LINE
8
BLACK
6
CONTINUOUS
10
114.517
20
-114.028
11
114.483
21
-113.954
0
LINE
8
BLACK
6
CONTINUOUS
10
114.483
20
-113.954
11
114.398
21
-113.856
0
LINE
8
BLACK
6
CONTINUOUS
10
114.398
20
-113.856
11
114.398
21
-113.856
0
LINE
8
BLACK
6
CONTINUOUS
10
114.398
20
-113.856
11
114.398
21
-113.856
0
LINE
8
BLACK
6
CONTINUOUS
10
114.398
20
-113.856
11
114.289
21
-113.786
0
LINE
8
BLACK
6
CONTINUOUS
10
114.289
20
-113.786
11
114.289
21
-113.786
0
LINE
8
BLACK
6
CONTINUOUS
10
114.289
20
-113.786
11
114.289
21
-113.786
0
LINE
8
BLACK
6
CONTINUOUS
10
114.289
20
-113.786
11
114.289
21
-113.786
0
LINE
8
BLACK
6
CONTINUOUS
10
114.289
20
-113.786
11
114.165
21
-113.749
0
LINE
8
BLACK
6
CONTINUOUS
10
114.165
20
-113.749
11
114.165
21
-113.749
0
LINE
8
BLACK
6
CONTINUOUS
10
114.165
20
-113.749
11
114.035
21
-113.749
0
LINE
8
BLACK
6
CONTINUOUS
10
114.035
20
-113.749
11
114.035
21
-113.749
0
LINE
8
BLACK
6
CONTINUOUS
10
114.035
20
-113.749
11
113.911
21
-113.786
0
LINE
8
BLACK
6
CONTINUOUS
10
113.911
20
-113.786
11
113.911
21
-113.786
0
LINE
8
BLACK
6
CONTINUOUS
10
113.911
20
-113.786
11
113.802
21
-113.856
0
LINE
8
BLACK
6
CONTINUOUS
10
113.802
20
-113.856
11
113.717
21
-113.954
0
LINE
8
BLACK
6
CONTINUOUS
10
113.717
20
-113.954
11
113.663
21
-114.072
0
LINE
8
BLACK
6
CONTINUOUS
10
113.663
20
-114.072
11
113.645
21
-114.2
0
LINE
8
BLACK
6
CONTINUOUS
10
113.645
20
-114.2
11
113.645
21
-114.2
0
LINE
8
BLACK
6
CONTINUOUS
10
113.645
20
-114.2
11
113.663
21
-114.328
0
LINE
8
BLACK
6
CONTINUOUS
10
132.363
20
-114.028
11
132.383
21
-114.071
0
LINE
8
BLACK
6
CONTINUOUS
10
132.383
20
-114.071
11
132.417
21
-114.146
0
LINE
8
BLACK
6
CONTINUOUS
10
132.417
20
-114.146
11
132.464
21
-114.2
0
LINE
8
BLACK
6
CONTINUOUS
10
132.464
20
-114.2
11
132.502
21
-114.244
0
LINE
8
BLACK
6
CONTINUOUS
10
132.502
20
-114.244
11
132.589
21
-114.3
0
LINE
8
BLACK
6
CONTINUOUS
10
132.589
20
-114.3
11
132.611
21
-114.314
0
LINE
8
BLACK
6
CONTINUOUS
10
132.611
20
-114.314
11
132.735
21
-114.35
0
LINE
8
BLACK
6
CONTINUOUS
10
132.735
20
-114.35
11
132.735
21
-114.35
0
LINE
8
BLACK
6
CONTINUOUS
10
132.735
20
-114.35
11
132.865
21
-114.35
0
LINE
8
BLACK
6
CONTINUOUS
10
132.865
20
-114.35
11
132.865
21
-114.35
0
LINE
8
BLACK
6
CONTINUOUS
10
132.865
20
-114.35
11
132.989
21
-114.314
0
LINE
8
BLACK
6
CONTINUOUS
10
132.989
20
-114.314
11
133.098
21
-114.244
0
LINE
8
BLACK
6
CONTINUOUS
10
133.098
20
-114.244
11
133.183
21
-114.146
0
LINE
8
BLACK
6
CONTINUOUS
10
133.183
20
-114.146
11
133.237
21
-114.028
0
LINE
8
BLACK
6
CONTINUOUS
10
133.237
20
-114.028
11
133.255
21
-113.9
0
LINE
8
BLACK
6
CONTINUOUS
10
133.255
20
-113.9
11
133.253
21
-113.886
0
LINE
8
BLACK
6
CONTINUOUS
10
133.253
20
-113.886
11
133.237
21
-113.772
0
LINE
8
BLACK
6
CONTINUOUS
10
133.237
20
-113.772
11
133.183
21
-113.654
0
LINE
8
BLACK
6
CONTINUOUS
10
133.183
20
-113.654
11
133.183
21
-113.654
0
LINE
8
BLACK
6
CONTINUOUS
10
133.183
20
-113.654
11
133.098
21
-113.556
0
LINE
8
BLACK
6
CONTINUOUS
10
133.098
20
-113.556
11
133.098
21
-113.556
0
LINE
8
BLACK
6
CONTINUOUS
10
133.098
20
-113.556
11
133.098
21
-113.556
0
LINE
8
BLACK
6
CONTINUOUS
10
133.098
20
-113.556
11
132.989
21
-113.486
0
LINE
8
BLACK
6
CONTINUOUS
10
132.989
20
-113.486
11
132.989
21
-113.486
0
LINE
8
BLACK
6
CONTINUOUS
10
132.989
20
-113.486
11
132.989
21
-113.486
0
LINE
8
BLACK
6
CONTINUOUS
10
132.989
20
-113.486
11
132.989
21
-113.486
0
LINE
8
BLACK
6
CONTINUOUS
10
132.989
20
-113.486
11
132.865
21
-113.45
0
LINE
8
BLACK
6
CONTINUOUS
10
132.865
20
-113.45
11
132.865
21
-113.45
0
LINE
8
BLACK
6
CONTINUOUS
10
132.865
20
-113.45
11
132.735
21
-113.45
0
LINE
8
BLACK
6
CONTINUOUS
10
132.735
20
-113.45
11
132.735
21
-113.45
0
LINE
8
BLACK
6
CONTINUOUS
10
132.735
20
-113.45
11
132.611
21
-113.486
0
LINE
8
BLACK
6
CONTINUOUS
10
132.611
20
-113.486
11
132.611
21
-113.486
0
LINE
8
BLACK
6
CONTINUOUS
10
132.611
20
-113.486
11
132.502
21
-113.556
0
LINE
8
BLACK
6
CONTINUOUS
10
132.502
20
-113.556
11
132.417
21
-113.654
0
LINE
8
BLACK
6
CONTINUOUS
10
132.417
20
-113.654
11
132.363
21
-113.772
0
LINE
8
BLACK
6
CONTINUOUS
10
132.363
20
-113.772
11
132.345
21
-113.9
0
LINE
8
BLACK
6
CONTINUOUS
10
132.345
20
-113.9
11
132.345
21
-113.9
0
LINE
8
BLACK
6
CONTINUOUS
10
132.345
20
-113.9
11
132.363
21
-114.028
0
LINE
8
BLACK
6
CONTINUOUS
10
106.109
20
-112.696
11
106.109
21
-112.696
0
LINE
8
BLACK
6
CONTINUOUS
10
106.109
20
-112.696
11
106.167
21
-112.885
0
LINE
8
BLACK
6
CONTINUOUS
10
106.167
20
-112.885
11
106.167
21
-112.885
0
LINE
8
BLACK
6
CONTINUOUS
10
106.167
20
-112.885
11
106.26
21
-113.059
0
LINE
8
BLACK
6
CONTINUOUS
10
106.26
20
-113.059
11
106.26
21
-113.059
0
LINE
8
BLACK
6
CONTINUOUS
10
106.26
20
-113.059
11
106.26
21
-113.059
0
LINE
8
BLACK
6
CONTINUOUS
10
106.26
20
-113.059
11
106.312
21
-113.122
0
LINE
8
BLACK
6
CONTINUOUS
10
106.312
20
-113.122
11
106.385
21
-113.211
0
LINE
8
BLACK
6
CONTINUOUS
10
106.385
20
-113.211
11
106.385
21
-113.211
0
LINE
8
BLACK
6
CONTINUOUS
10
106.385
20
-113.211
11
106.456
21
-113.269
0
LINE
8
BLACK
6
CONTINUOUS
10
106.456
20
-113.269
11
106.537
21
-113.336
0
LINE
8
BLACK
6
CONTINUOUS
10
106.537
20
-113.336
11
106.711
21
-113.429
0
LINE
8
BLACK
6
CONTINUOUS
10
106.711
20
-113.429
11
106.899
21
-113.486
0
LINE
8
BLACK
6
CONTINUOUS
10
106.899
20
-113.486
11
106.899
21
-113.486
0
LINE
8
BLACK
6
CONTINUOUS
10
106.899
20
-113.486
11
106.899
21
-113.486
0
LINE
8
BLACK
6
CONTINUOUS
10
106.899
20
-113.486
11
107.096
21
-113.505
0
LINE
8
BLACK
6
CONTINUOUS
10
107.096
20
-113.505
11
107.096
21
-113.505
0
LINE
8
BLACK
6
CONTINUOUS
10
107.096
20
-113.505
11
107.096
21
-113.505
0
LINE
8
BLACK
6
CONTINUOUS
10
107.096
20
-113.505
11
107.292
21
-113.486
0
LINE
8
BLACK
6
CONTINUOUS
10
107.292
20
-113.486
11
107.292
21
-113.486
0
LINE
8
BLACK
6
CONTINUOUS
10
107.292
20
-113.486
11
107.292
21
-113.486
0
LINE
8
BLACK
6
CONTINUOUS
10
107.292
20
-113.486
11
107.48
21
-113.429
0
LINE
8
BLACK
6
CONTINUOUS
10
107.48
20
-113.429
11
107.654
21
-113.336
0
LINE
8
BLACK
6
CONTINUOUS
10
107.654
20
-113.336
11
107.807
21
-113.211
0
LINE
8
BLACK
6
CONTINUOUS
10
107.807
20
-113.211
11
107.932
21
-113.059
0
LINE
8
BLACK
6
CONTINUOUS
10
107.932
20
-113.059
11
108.024
21
-112.885
0
LINE
8
BLACK
6
CONTINUOUS
10
108.024
20
-112.885
11
108.082
21
-112.696
0
LINE
8
BLACK
6
CONTINUOUS
10
108.082
20
-112.696
11
108.101
21
-112.5
0
LINE
8
BLACK
6
CONTINUOUS
10
108.101
20
-112.5
11
108.101
21
-112.5
0
LINE
8
BLACK
6
CONTINUOUS
10
108.101
20
-112.5
11
108.101
21
-112.5
0
LINE
8
BLACK
6
CONTINUOUS
10
108.101
20
-112.5
11
108.082
21
-112.304
0
LINE
8
BLACK
6
CONTINUOUS
10
108.082
20
-112.304
11
108.082
21
-112.304
0
LINE
8
BLACK
6
CONTINUOUS
10
108.082
20
-112.304
11
108.082
21
-112.304
0
LINE
8
BLACK
6
CONTINUOUS
10
108.082
20
-112.304
11
108.024
21
-112.115
0
LINE
8
BLACK
6
CONTINUOUS
10
108.024
20
-112.115
11
107.932
21
-111.941
0
LINE
8
BLACK
6
CONTINUOUS
10
107.932
20
-111.941
11
107.865
21
-111.86
0
LINE
8
BLACK
6
CONTINUOUS
10
107.865
20
-111.86
11
107.807
21
-111.789
0
LINE
8
BLACK
6
CONTINUOUS
10
107.807
20
-111.789
11
107.807
21
-111.789
0
LINE
8
BLACK
6
CONTINUOUS
10
107.807
20
-111.789
11
107.691
21
-111.694
0
LINE
8
BLACK
6
CONTINUOUS
10
107.691
20
-111.694
11
107.654
21
-111.664
0
LINE
8
BLACK
6
CONTINUOUS
10
107.654
20
-111.664
11
107.654
21
-111.664
0
LINE
8
BLACK
6
CONTINUOUS
10
107.654
20
-111.664
11
107.654
21
-111.664
0
LINE
8
BLACK
6
CONTINUOUS
10
107.654
20
-111.664
11
107.48
21
-111.571
0
LINE
8
BLACK
6
CONTINUOUS
10
107.48
20
-111.571
11
107.48
21
-111.571
0
LINE
8
BLACK
6
CONTINUOUS
10
107.48
20
-111.571
11
107.292
21
-111.514
0
LINE
8
BLACK
6
CONTINUOUS
10
107.292
20
-111.514
11
107.292
21
-111.514
0
LINE
8
BLACK
6
CONTINUOUS
10
107.292
20
-111.514
11
107.096
21
-111.495
0
LINE
8
BLACK
6
CONTINUOUS
10
107.096
20
-111.495
11
107.096
21
-111.495
0
LINE
8
BLACK
6
CONTINUOUS
10
107.096
20
-111.495
11
106.899
21
-111.514
0
LINE
8
BLACK
6
CONTINUOUS
10
106.899
20
-111.514
11
106.899
21
-111.514
0
LINE
8
BLACK
6
CONTINUOUS
10
106.899
20
-111.514
11
106.711
21
-111.571
0
LINE
8
BLACK
6
CONTINUOUS
10
106.711
20
-111.571
11
106.711
21
-111.571
0
LINE
8
BLACK
6
CONTINUOUS
10
106.711
20
-111.571
11
106.537
21
-111.664
0
LINE
8
BLACK
6
CONTINUOUS
10
106.537
20
-111.664
11
106.537
21
-111.664
0
LINE
8
BLACK
6
CONTINUOUS
10
106.537
20
-111.664
11
106.385
21
-111.789
0
LINE
8
BLACK
6
CONTINUOUS
10
106.385
20
-111.789
11
106.385
21
-111.789
0
LINE
8
BLACK
6
CONTINUOUS
10
106.385
20
-111.789
11
106.26
21
-111.941
0
LINE
8
BLACK
6
CONTINUOUS
10
106.26
20
-111.941
11
106.26
21
-111.941
0
LINE
8
BLACK
6
CONTINUOUS
10
106.26
20
-111.941
11
106.167
21
-112.115
0
LINE
8
BLACK
6
CONTINUOUS
10
106.167
20
-112.115
11
106.167
21
-112.115
0
LINE
8
BLACK
6
CONTINUOUS
10
106.167
20
-112.115
11
106.109
21
-112.304
0
LINE
8
BLACK
6
CONTINUOUS
10
106.109
20
-112.304
11
106.109
21
-112.304
0
LINE
8
BLACK
6
CONTINUOUS
10
106.109
20
-112.304
11
106.09
21
-112.5
0
LINE
8
BLACK
6
CONTINUOUS
10
106.09
20
-112.5
11
106.09
21
-112.5
0
LINE
8
BLACK
6
CONTINUOUS
10
106.09
20
-112.5
11
106.109
21
-112.696
0
LINE
8
BLACK
6
CONTINUOUS
10
109.109
20
-112.696
11
109.109
21
-112.696
0
LINE
8
BLACK
6
CONTINUOUS
10
109.109
20
-112.696
11
109.167
21
-112.885
0
LINE
8
BLACK
6
CONTINUOUS
10
109.167
20
-112.885
11
109.167
21
-112.885
0
LINE
8
BLACK
6
CONTINUOUS
10
109.167
20
-112.885
11
109.26
21
-113.059
0
LINE
8
BLACK
6
CONTINUOUS
10
109.26
20
-113.059
11
109.26
21
-113.059
0
LINE
8
BLACK
6
CONTINUOUS
10
109.26
20
-113.059
11
109.26
21
-113.059
0
LINE
8
BLACK
6
CONTINUOUS
10
109.26
20
-113.059
11
109.312
21
-113.122
0
LINE
8
BLACK
6
CONTINUOUS
10
109.312
20
-113.122
11
109.385
21
-113.211
0
LINE
8
BLACK
6
CONTINUOUS
10
109.385
20
-113.211
11
109.385
21
-113.211
0
LINE
8
BLACK
6
CONTINUOUS
10
109.385
20
-113.211
11
109.456
21
-113.269
0
LINE
8
BLACK
6
CONTINUOUS
10
109.456
20
-113.269
11
109.537
21
-113.336
0
LINE
8
BLACK
6
CONTINUOUS
10
109.537
20
-113.336
11
109.711
21
-113.429
0
LINE
8
BLACK
6
CONTINUOUS
10
109.711
20
-113.429
11
109.899
21
-113.486
0
LINE
8
BLACK
6
CONTINUOUS
10
109.899
20
-113.486
11
109.899
21
-113.486
0
LINE
8
BLACK
6
CONTINUOUS
10
109.899
20
-113.486
11
109.899
21
-113.486
0
LINE
8
BLACK
6
CONTINUOUS
10
109.899
20
-113.486
11
110.096
21
-113.505
0
LINE
8
BLACK
6
CONTINUOUS
10
110.096
20
-113.505
11
110.096
21
-113.505
0
LINE
8
BLACK
6
CONTINUOUS
10
110.096
20
-113.505
11
110.096
21
-113.505
0
LINE
8
BLACK
6
CONTINUOUS
10
110.096
20
-113.505
11
110.292
21
-113.486
0
LINE
8
BLACK
6
CONTINUOUS
10
110.292
20
-113.486
11
110.292
21
-113.486
0
LINE
8
BLACK
6
CONTINUOUS
10
110.292
20
-113.486
11
110.292
21
-113.486
0
LINE
8
BLACK
6
CONTINUOUS
10
110.292
20
-113.486
11
110.48
21
-113.429
0
LINE
8
BLACK
6
CONTINUOUS
10
110.48
20
-113.429
11
110.654
21
-113.336
0
LINE
8
BLACK
6
CONTINUOUS
10
110.654
20
-113.336
11
110.807
21
-113.211
0
LINE
8
BLACK
6
CONTINUOUS
10
110.807
20
-113.211
11
110.932
21
-113.059
0
LINE
8
BLACK
6
CONTINUOUS
10
110.932
20
-113.059
11
111.024
21
-112.885
0
LINE
8
BLACK
6
CONTINUOUS
10
111.024
20
-112.885
11
111.082
21
-112.696
0
LINE
8
BLACK
6
CONTINUOUS
10
111.082
20
-112.696
11
111.101
21
-112.5
0
LINE
8
BLACK
6
CONTINUOUS
10
111.101
20
-112.5
11
111.101
21
-112.5
0
LINE
8
BLACK
6
CONTINUOUS
10
111.101
20
-112.5
11
111.082
21
-112.304
0
LINE
8
BLACK
6
CONTINUOUS
10
111.082
20
-112.304
11
111.082
21
-112.304
0
LINE
8
BLACK
6
CONTINUOUS
10
111.082
20
-112.304
11
111.082
21
-112.304
0
LINE
8
BLACK
6
CONTINUOUS
10
111.082
20
-112.304
11
111.024
21
-112.115
0
LINE
8
BLACK
6
CONTINUOUS
10
111.024
20
-112.115
11
110.932
21
-111.941
0
LINE
8
BLACK
6
CONTINUOUS
10
110.932
20
-111.941
11
110.931
21
-111.94
0
LINE
8
BLACK
6
CONTINUOUS
10
110.931
20
-111.94
11
110.865
21
-111.86
0
LINE
8
BLACK
6
CONTINUOUS
10
110.865
20
-111.86
11
110.807
21
-111.789
0
LINE
8
BLACK
6
CONTINUOUS
10
110.807
20
-111.789
11
110.807
21
-111.789
0
LINE
8
BLACK
6
CONTINUOUS
10
110.807
20
-111.789
11
110.691
21
-111.694
0
LINE
8
BLACK
6
CONTINUOUS
10
110.691
20
-111.694
11
110.654
21
-111.664
0
LINE
8
BLACK
6
CONTINUOUS
10
110.654
20
-111.664
11
110.654
21
-111.664
0
LINE
8
BLACK
6
CONTINUOUS
10
110.654
20
-111.664
11
110.654
21
-111.664
0
LINE
8
BLACK
6
CONTINUOUS
10
110.654
20
-111.664
11
110.48
21
-111.571
0
LINE
8
BLACK
6
CONTINUOUS
10
110.48
20
-111.571
11
110.48
21
-111.571
0
LINE
8
BLACK
6
CONTINUOUS
10
110.48
20
-111.571
11
110.292
21
-111.514
0
LINE
8
BLACK
6
CONTINUOUS
10
110.292
20
-111.514
11
110.292
21
-111.514
0
LINE
8
BLACK
6
CONTINUOUS
10
110.292
20
-111.514
11
110.096
21
-111.495
0
LINE
8
BLACK
6
CONTINUOUS
10
110.096
20
-111.495
11
110.096
21
-111.495
0
LINE
8
BLACK
6
CONTINUOUS
10
110.096
20
-111.495
11
109.899
21
-111.514
0
LINE
8
BLACK
6
CONTINUOUS
10
109.899
20
-111.514
11
109.899
21
-111.514
0
LINE
8
BLACK
6
CONTINUOUS
10
109.899
20
-111.514
11
109.711
21
-111.571
0
LINE
8
BLACK
6
CONTINUOUS
10
109.711
20
-111.571
11
109.711
21
-111.571
0
LINE
8
BLACK
6
CONTINUOUS
10
109.711
20
-111.571
11
109.537
21
-111.664
0
LINE
8
BLACK
6
CONTINUOUS
10
109.537
20
-111.664
11
109.537
21
-111.664
0
LINE
8
BLACK
6
CONTINUOUS
10
109.537
20
-111.664
11
109.385
21
-111.789
0
LINE
8
BLACK
6
CONTINUOUS
10
109.385
20
-111.789
11
109.385
21
-111.789
0
LINE
8
BLACK
6
CONTINUOUS
10
109.385
20
-111.789
11
109.26
21
-111.941
0
LINE
8
BLACK
6
CONTINUOUS
10
109.26
20
-111.941
11
109.26
21
-111.941
0
LINE
8
BLACK
6
CONTINUOUS
10
109.26
20
-111.941
11
109.167
21
-112.115
0
LINE
8
BLACK
6
CONTINUOUS
10
109.167
20
-112.115
11
109.167
21
-112.115
0
LINE
8
BLACK
6
CONTINUOUS
10
109.167
20
-112.115
11
109.109
21
-112.304
0
LINE
8
BLACK
6
CONTINUOUS
10
109.109
20
-112.304
11
109.109
21
-112.304
0
LINE
8
BLACK
6
CONTINUOUS
10
109.109
20
-112.304
11
109.09
21
-112.5
0
LINE
8
BLACK
6
CONTINUOUS
10
109.09
20
-112.5
11
109.09
21
-112.5
0
LINE
8
BLACK
6
CONTINUOUS
10
109.09
20
-112.5
11
109.109
21
-112.696
0
LINE
8
BLACK
6
CONTINUOUS
10
106.109
20
-110.196
11
106.109
21
-110.196
0
LINE
8
BLACK
6
CONTINUOUS
10
106.109
20
-110.196
11
106.167
21
-110.385
0
LINE
8
BLACK
6
CONTINUOUS
10
106.167
20
-110.385
11
106.167
21
-110.385
0
LINE
8
BLACK
6
CONTINUOUS
10
106.167
20
-110.385
11
106.26
21
-110.559
0
LINE
8
BLACK
6
CONTINUOUS
10
106.26
20
-110.559
11
106.26
21
-110.559
0
LINE
8
BLACK
6
CONTINUOUS
10
106.26
20
-110.559
11
106.26
21
-110.559
0
LINE
8
BLACK
6
CONTINUOUS
10
106.26
20
-110.559
11
106.312
21
-110.622
0
LINE
8
BLACK
6
CONTINUOUS
10
106.312
20
-110.622
11
106.385
21
-110.711
0
LINE
8
BLACK
6
CONTINUOUS
10
106.385
20
-110.711
11
106.385
21
-110.711
0
LINE
8
BLACK
6
CONTINUOUS
10
106.385
20
-110.711
11
106.456
21
-110.769
0
LINE
8
BLACK
6
CONTINUOUS
10
106.456
20
-110.769
11
106.537
21
-110.836
0
LINE
8
BLACK
6
CONTINUOUS
10
106.537
20
-110.836
11
106.537
21
-110.836
0
LINE
8
BLACK
6
CONTINUOUS
10
106.537
20
-110.836
11
106.537
21
-110.836
0
LINE
8
BLACK
6
CONTINUOUS
10
106.537
20
-110.836
11
106.711
21
-110.929
0
LINE
8
BLACK
6
CONTINUOUS
10
106.711
20
-110.929
11
106.711
21
-110.929
0
LINE
8
BLACK
6
CONTINUOUS
10
106.711
20
-110.929
11
106.899
21
-110.986
0
LINE
8
BLACK
6
CONTINUOUS
10
106.899
20
-110.986
11
106.899
21
-110.986
0
LINE
8
BLACK
6
CONTINUOUS
10
106.899
20
-110.986
11
106.899
21
-110.986
0
LINE
8
BLACK
6
CONTINUOUS
10
106.899
20
-110.986
11
107.096
21
-111.005
0
LINE
8
BLACK
6
CONTINUOUS
10
107.096
20
-111.005
11
107.096
21
-111.005
0
LINE
8
BLACK
6
CONTINUOUS
10
107.096
20
-111.005
11
107.096
21
-111.005
0
LINE
8
BLACK
6
CONTINUOUS
10
107.096
20
-111.005
11
107.292
21
-110.986
0
LINE
8
BLACK
6
CONTINUOUS
10
107.292
20
-110.986
11
107.292
21
-110.986
0
LINE
8
BLACK
6
CONTINUOUS
10
107.292
20
-110.986
11
107.292
21
-110.986
0
LINE
8
BLACK
6
CONTINUOUS
10
107.292
20
-110.986
11
107.48
21
-110.929
0
LINE
8
BLACK
6
CONTINUOUS
10
107.48
20
-110.929
11
107.654
21
-110.836
0
LINE
8
BLACK
6
CONTINUOUS
10
107.654
20
-110.836
11
107.807
21
-110.711
0
LINE
8
BLACK
6
CONTINUOUS
10
107.807
20
-110.711
11
107.932
21
-110.559
0
LINE
8
BLACK
6
CONTINUOUS
10
107.932
20
-110.559
11
108.024
21
-110.385
0
LINE
8
BLACK
6
CONTINUOUS
10
108.024
20
-110.385
11
108.082
21
-110.196
0
LINE
8
BLACK
6
CONTINUOUS
10
108.082
20
-110.196
11
108.089
21
-110.122
0
LINE
8
BLACK
6
CONTINUOUS
10
108.089
20
-110.122
11
108.101
21
-110
0
LINE
8
BLACK
6
CONTINUOUS
10
108.101
20
-110
11
108.101
21
-110
0
LINE
8
BLACK
6
CONTINUOUS
10
108.101
20
-110
11
108.082
21
-109.804
0
LINE
8
BLACK
6
CONTINUOUS
10
108.082
20
-109.804
11
108.082
21
-109.804
0
LINE
8
BLACK
6
CONTINUOUS
10
108.082
20
-109.804
11
108.082
21
-109.804
0
LINE
8
BLACK
6
CONTINUOUS
10
108.082
20
-109.804
11
108.024
21
-109.615
0
LINE
8
BLACK
6
CONTINUOUS
10
108.024
20
-109.615
11
107.932
21
-109.441
0
LINE
8
BLACK
6
CONTINUOUS
10
107.932
20
-109.441
11
107.865
21
-109.36
0
LINE
8
BLACK
6
CONTINUOUS
10
107.865
20
-109.36
11
107.807
21
-109.289
0
LINE
8
BLACK
6
CONTINUOUS
10
107.807
20
-109.289
11
107.807
21
-109.289
0
LINE
8
BLACK
6
CONTINUOUS
10
107.807
20
-109.289
11
107.718
21
-109.216
0
LINE
8
BLACK
6
CONTINUOUS
10
107.718
20
-109.216
11
107.654
21
-109.164
0
LINE
8
BLACK
6
CONTINUOUS
10
107.654
20
-109.164
11
107.654
21
-109.164
0
LINE
8
BLACK
6
CONTINUOUS
10
107.654
20
-109.164
11
107.654
21
-109.164
0
LINE
8
BLACK
6
CONTINUOUS
10
107.654
20
-109.164
11
107.48
21
-109.071
0
LINE
8
BLACK
6
CONTINUOUS
10
107.48
20
-109.071
11
107.48
21
-109.071
0
LINE
8
BLACK
6
CONTINUOUS
10
107.48
20
-109.071
11
107.292
21
-109.014
0
LINE
8
BLACK
6
CONTINUOUS
10
107.292
20
-109.014
11
107.292
21
-109.014
0
LINE
8
BLACK
6
CONTINUOUS
10
107.292
20
-109.014
11
107.096
21
-108.995
0
LINE
8
BLACK
6
CONTINUOUS
10
107.096
20
-108.995
11
107.096
21
-108.995
0
LINE
8
BLACK
6
CONTINUOUS
10
107.096
20
-108.995
11
106.899
21
-109.014
0
LINE
8
BLACK
6
CONTINUOUS
10
106.899
20
-109.014
11
106.899
21
-109.014
0
LINE
8
BLACK
6
CONTINUOUS
10
106.899
20
-109.014
11
106.711
21
-109.071
0
LINE
8
BLACK
6
CONTINUOUS
10
106.711
20
-109.071
11
106.711
21
-109.071
0
LINE
8
BLACK
6
CONTINUOUS
10
106.711
20
-109.071
11
106.537
21
-109.164
0
LINE
8
BLACK
6
CONTINUOUS
10
106.537
20
-109.164
11
106.537
21
-109.164
0
LINE
8
BLACK
6
CONTINUOUS
10
106.537
20
-109.164
11
106.385
21
-109.289
0
LINE
8
BLACK
6
CONTINUOUS
10
106.385
20
-109.289
11
106.385
21
-109.289
0
LINE
8
BLACK
6
CONTINUOUS
10
106.385
20
-109.289
11
106.26
21
-109.441
0
LINE
8
BLACK
6
CONTINUOUS
10
106.26
20
-109.441
11
106.26
21
-109.441
0
LINE
8
BLACK
6
CONTINUOUS
10
106.26
20
-109.441
11
106.167
21
-109.615
0
LINE
8
BLACK
6
CONTINUOUS
10
106.167
20
-109.615
11
106.167
21
-109.615
0
LINE
8
BLACK
6
CONTINUOUS
10
106.167
20
-109.615
11
106.109
21
-109.804
0
LINE
8
BLACK
6
CONTINUOUS
10
106.109
20
-109.804
11
106.109
21
-109.804
0
LINE
8
BLACK
6
CONTINUOUS
10
106.109
20
-109.804
11
106.09
21
-110
0
LINE
8
BLACK
6
CONTINUOUS
10
106.09
20
-110
11
106.09
21
-110
0
LINE
8
BLACK
6
CONTINUOUS
10
106.09
20
-110
11
106.109
21
-110.196
0
LINE
8
BLACK
6
CONTINUOUS
10
109.109
20
-110.196
11
109.109
21
-110.196
0
LINE
8
BLACK
6
CONTINUOUS
10
109.109
20
-110.196
11
109.167
21
-110.385
0
LINE
8
BLACK
6
CONTINUOUS
10
109.167
20
-110.385
11
109.167
21
-110.385
0
LINE
8
BLACK
6
CONTINUOUS
10
109.167
20
-110.385
11
109.26
21
-110.559
0
LINE
8
BLACK
6
CONTINUOUS
10
109.26
20
-110.559
11
109.26
21
-110.559
0
LINE
8
BLACK
6
CONTINUOUS
10
109.26
20
-110.559
11
109.26
21
-110.559
0
LINE
8
BLACK
6
CONTINUOUS
10
109.26
20
-110.559
11
109.312
21
-110.622
0
LINE
8
BLACK
6
CONTINUOUS
10
109.312
20
-110.622
11
109.385
21
-110.711
0
LINE
8
BLACK
6
CONTINUOUS
10
109.385
20
-110.711
11
109.385
21
-110.711
0
LINE
8
BLACK
6
CONTINUOUS
10
109.385
20
-110.711
11
109.456
21
-110.769
0
LINE
8
BLACK
6
CONTINUOUS
10
109.456
20
-110.769
11
109.537
21
-110.836
0
LINE
8
BLACK
6
CONTINUOUS
10
109.537
20
-110.836
11
109.537
21
-110.836
0
LINE
8
BLACK
6
CONTINUOUS
10
109.537
20
-110.836
11
109.537
21
-110.836
0
LINE
8
BLACK
6
CONTINUOUS
10
109.537
20
-110.836
11
109.711
21
-110.929
0
LINE
8
BLACK
6
CONTINUOUS
10
109.711
20
-110.929
11
109.711
21
-110.929
0
LINE
8
BLACK
6
CONTINUOUS
10
109.711
20
-110.929
11
109.899
21
-110.986
0
LINE
8
BLACK
6
CONTINUOUS
10
109.899
20
-110.986
11
109.899
21
-110.986
0
LINE
8
BLACK
6
CONTINUOUS
10
109.899
20
-110.986
11
109.899
21
-110.986
0
LINE
8
BLACK
6
CONTINUOUS
10
109.899
20
-110.986
11
110.096
21
-111.005
0
LINE
8
BLACK
6
CONTINUOUS
10
110.096
20
-111.005
11
110.096
21
-111.005
0
LINE
8
BLACK
6
CONTINUOUS
10
110.096
20
-111.005
11
110.096
21
-111.005
0
LINE
8
BLACK
6
CONTINUOUS
10
110.096
20
-111.005
11
110.292
21
-110.986
0
LINE
8
BLACK
6
CONTINUOUS
10
110.292
20
-110.986
11
110.292
21
-110.986
0
LINE
8
BLACK
6
CONTINUOUS
10
110.292
20
-110.986
11
110.292
21
-110.986
0
LINE
8
BLACK
6
CONTINUOUS
10
110.292
20
-110.986
11
110.48
21
-110.929
0
LINE
8
BLACK
6
CONTINUOUS
10
110.48
20
-110.929
11
110.654
21
-110.836
0
LINE
8
BLACK
6
CONTINUOUS
10
110.654
20
-110.836
11
110.807
21
-110.711
0
LINE
8
BLACK
6
CONTINUOUS
10
110.807
20
-110.711
11
110.932
21
-110.559
0
LINE
8
BLACK
6
CONTINUOUS
10
110.932
20
-110.559
11
111.024
21
-110.385
0
LINE
8
BLACK
6
CONTINUOUS
10
111.024
20
-110.385
11
111.065
21
-110.25
0
LINE
8
BLACK
6
CONTINUOUS
10
111.065
20
-110.25
11
111.082
21
-110.196
0
LINE
8
BLACK
6
CONTINUOUS
10
111.082
20
-110.196
11
111.089
21
-110.122
0
LINE
8
BLACK
6
CONTINUOUS
10
111.089
20
-110.122
11
111.101
21
-110
0
LINE
8
BLACK
6
CONTINUOUS
10
111.101
20
-110
11
111.101
21
-110
0
LINE
8
BLACK
6
CONTINUOUS
10
111.101
20
-110
11
111.082
21
-109.804
0
LINE
8
BLACK
6
CONTINUOUS
10
111.082
20
-109.804
11
111.082
21
-109.804
0
LINE
8
BLACK
6
CONTINUOUS
10
111.082
20
-109.804
11
111.082
21
-109.804
0
LINE
8
BLACK
6
CONTINUOUS
10
111.082
20
-109.804
11
111.024
21
-109.615
0
LINE
8
BLACK
6
CONTINUOUS
10
111.024
20
-109.615
11
110.932
21
-109.441
0
LINE
8
BLACK
6
CONTINUOUS
10
110.932
20
-109.441
11
110.865
21
-109.36
0
LINE
8
BLACK
6
CONTINUOUS
10
110.865
20
-109.36
11
110.815
21
-109.3
0
LINE
8
BLACK
6
CONTINUOUS
10
110.815
20
-109.3
11
110.807
21
-109.289
0
LINE
8
BLACK
6
CONTINUOUS
10
110.807
20
-109.289
11
110.807
21
-109.289
0
LINE
8
BLACK
6
CONTINUOUS
10
110.807
20
-109.289
11
110.718
21
-109.216
0
LINE
8
BLACK
6
CONTINUOUS
10
110.718
20
-109.216
11
110.654
21
-109.164
0
LINE
8
BLACK
6
CONTINUOUS
10
110.654
20
-109.164
11
110.654
21
-109.164
0
LINE
8
BLACK
6
CONTINUOUS
10
110.654
20
-109.164
11
110.654
21
-109.164
0
LINE
8
BLACK
6
CONTINUOUS
10
110.654
20
-109.164
11
110.48
21
-109.071
0
LINE
8
BLACK
6
CONTINUOUS
10
110.48
20
-109.071
11
110.48
21
-109.071
0
LINE
8
BLACK
6
CONTINUOUS
10
110.48
20
-109.071
11
110.292
21
-109.014
0
LINE
8
BLACK
6
CONTINUOUS
10
110.292
20
-109.014
11
110.292
21
-109.014
0
LINE
8
BLACK
6
CONTINUOUS
10
110.292
20
-109.014
11
110.096
21
-108.995
0
LINE
8
BLACK
6
CONTINUOUS
10
110.096
20
-108.995
11
110.096
21
-108.995
0
LINE
8
BLACK
6
CONTINUOUS
10
110.096
20
-108.995
11
109.899
21
-109.014
0
LINE
8
BLACK
6
CONTINUOUS
10
109.899
20
-109.014
11
109.899
21
-109.014
0
LINE
8
BLACK
6
CONTINUOUS
10
109.899
20
-109.014
11
109.711
21
-109.071
0
LINE
8
BLACK
6
CONTINUOUS
10
109.711
20
-109.071
11
109.711
21
-109.071
0
LINE
8
BLACK
6
CONTINUOUS
10
109.711
20
-109.071
11
109.537
21
-109.164
0
LINE
8
BLACK
6
CONTINUOUS
10
109.537
20
-109.164
11
109.537
21
-109.164
0
LINE
8
BLACK
6
CONTINUOUS
10
109.537
20
-109.164
11
109.385
21
-109.289
0
LINE
8
BLACK
6
CONTINUOUS
10
109.385
20
-109.289
11
109.385
21
-109.289
0
LINE
8
BLACK
6
CONTINUOUS
10
109.385
20
-109.289
11
109.26
21
-109.441
0
LINE
8
BLACK
6
CONTINUOUS
10
109.26
20
-109.441
11
109.26
21
-109.441
0
LINE
8
BLACK
6
CONTINUOUS
10
109.26
20
-109.441
11
109.167
21
-109.615
0
LINE
8
BLACK
6
CONTINUOUS
10
109.167
20
-109.615
11
109.167
21
-109.615
0
LINE
8
BLACK
6
CONTINUOUS
10
109.167
20
-109.615
11
109.109
21
-109.804
0
LINE
8
BLACK
6
CONTINUOUS
10
109.109
20
-109.804
11
109.109
21
-109.804
0
LINE
8
BLACK
6
CONTINUOUS
10
109.109
20
-109.804
11
109.09
21
-110
0
LINE
8
BLACK
6
CONTINUOUS
10
109.09
20
-110
11
109.09
21
-110
0
LINE
8
BLACK
6
CONTINUOUS
10
109.09
20
-110
11
109.109
21
-110.196
0
LINE
8
BLACK
6
CONTINUOUS
10
135.763
20
-109.428
11
135.769
21
-109.441
0
LINE
8
BLACK
6
CONTINUOUS
10
135.769
20
-109.441
11
135.817
21
-109.546
0
LINE
8
BLACK
6
CONTINUOUS
10
135.817
20
-109.546
11
135.902
21
-109.644
0
LINE
8
BLACK
6
CONTINUOUS
10
135.902
20
-109.644
11
135.902
21
-109.644
0
LINE
8
BLACK
6
CONTINUOUS
10
135.902
20
-109.644
11
136.011
21
-109.714
0
LINE
8
BLACK
6
CONTINUOUS
10
136.011
20
-109.714
11
136.011
21
-109.714
0
LINE
8
BLACK
6
CONTINUOUS
10
136.011
20
-109.714
11
136.135
21
-109.75
0
LINE
8
BLACK
6
CONTINUOUS
10
136.135
20
-109.75
11
136.135
21
-109.75
0
LINE
8
BLACK
6
CONTINUOUS
10
136.135
20
-109.75
11
136.265
21
-109.75
0
LINE
8
BLACK
6
CONTINUOUS
10
136.265
20
-109.75
11
136.265
21
-109.75
0
LINE
8
BLACK
6
CONTINUOUS
10
136.265
20
-109.75
11
136.389
21
-109.714
0
LINE
8
BLACK
6
CONTINUOUS
10
136.389
20
-109.714
11
136.498
21
-109.644
0
LINE
8
BLACK
6
CONTINUOUS
10
136.498
20
-109.644
11
136.583
21
-109.546
0
LINE
8
BLACK
6
CONTINUOUS
10
136.583
20
-109.546
11
136.637
21
-109.428
0
LINE
8
BLACK
6
CONTINUOUS
10
136.637
20
-109.428
11
136.655
21
-109.3
0
LINE
8
BLACK
6
CONTINUOUS
10
136.655
20
-109.3
11
136.655
21
-109.3
0
LINE
8
BLACK
6
CONTINUOUS
10
136.655
20
-109.3
11
136.636
21
-109.165
0
LINE
8
BLACK
6
CONTINUOUS
10
136.636
20
-109.165
11
136.639
21
-109.164
0
LINE
8
BLACK
6
CONTINUOUS
10
136.639
20
-109.164
11
136.64
21
-109.116
0
LINE
8
BLACK
6
CONTINUOUS
10
136.64
20
-109.116
11
136.677
21
-109.068
0
LINE
8
BLACK
6
CONTINUOUS
10
136.677
20
-109.068
11
136.733
21
-109.05
0
LINE
8
BLACK
6
CONTINUOUS
10
136.733
20
-109.05
11
136.865
21
-109.05
0
LINE
8
BLACK
6
CONTINUOUS
10
136.865
20
-109.05
11
136.865
21
-109.05
0
LINE
8
BLACK
6
CONTINUOUS
10
136.865
20
-109.05
11
136.989
21
-109.014
0
LINE
8
BLACK
6
CONTINUOUS
10
136.989
20
-109.014
11
137.098
21
-108.944
0
LINE
8
BLACK
6
CONTINUOUS
10
137.098
20
-108.944
11
137.183
21
-108.846
0
LINE
8
BLACK
6
CONTINUOUS
10
137.183
20
-108.846
11
137.237
21
-108.728
0
LINE
8
BLACK
6
CONTINUOUS
10
137.237
20
-108.728
11
137.255
21
-108.6
0
LINE
8
BLACK
6
CONTINUOUS
10
137.255
20
-108.6
11
137.242
21
-108.505
0
LINE
8
BLACK
6
CONTINUOUS
10
137.242
20
-108.505
11
137.237
21
-108.472
0
LINE
8
BLACK
6
CONTINUOUS
10
137.237
20
-108.472
11
137.183
21
-108.354
0
LINE
8
BLACK
6
CONTINUOUS
10
137.183
20
-108.354
11
137.183
21
-108.354
0
LINE
8
BLACK
6
CONTINUOUS
10
137.183
20
-108.354
11
137.098
21
-108.256
0
LINE
8
BLACK
6
CONTINUOUS
10
137.098
20
-108.256
11
137.098
21
-108.256
0
LINE
8
BLACK
6
CONTINUOUS
10
137.098
20
-108.256
11
137.098
21
-108.256
0
LINE
8
BLACK
6
CONTINUOUS
10
137.098
20
-108.256
11
136.989
21
-108.186
0
LINE
8
BLACK
6
CONTINUOUS
10
136.989
20
-108.186
11
136.989
21
-108.186
0
LINE
8
BLACK
6
CONTINUOUS
10
136.989
20
-108.186
11
136.989
21
-108.186
0
LINE
8
BLACK
6
CONTINUOUS
10
136.989
20
-108.186
11
136.989
21
-108.186
0
LINE
8
BLACK
6
CONTINUOUS
10
136.989
20
-108.186
11
136.865
21
-108.149
0
LINE
8
BLACK
6
CONTINUOUS
10
136.865
20
-108.149
11
136.865
21
-108.149
0
LINE
8
BLACK
6
CONTINUOUS
10
136.865
20
-108.149
11
136.735
21
-108.149
0
LINE
8
BLACK
6
CONTINUOUS
10
136.735
20
-108.149
11
136.735
21
-108.149
0
LINE
8
BLACK
6
CONTINUOUS
10
136.735
20
-108.149
11
136.611
21
-108.186
0
LINE
8
BLACK
6
CONTINUOUS
10
136.611
20
-108.186
11
136.611
21
-108.186
0
LINE
8
BLACK
6
CONTINUOUS
10
136.611
20
-108.186
11
136.502
21
-108.256
0
LINE
8
BLACK
6
CONTINUOUS
10
136.502
20
-108.256
11
136.417
21
-108.354
0
LINE
8
BLACK
6
CONTINUOUS
10
136.417
20
-108.354
11
136.363
21
-108.472
0
LINE
8
BLACK
6
CONTINUOUS
10
136.363
20
-108.472
11
136.345
21
-108.6
0
LINE
8
BLACK
6
CONTINUOUS
10
136.345
20
-108.6
11
136.345
21
-108.6
0
LINE
8
BLACK
6
CONTINUOUS
10
136.345
20
-108.6
11
136.364
21
-108.735
0
LINE
8
BLACK
6
CONTINUOUS
10
136.364
20
-108.735
11
136.361
21
-108.736
0
LINE
8
BLACK
6
CONTINUOUS
10
136.361
20
-108.736
11
136.36
21
-108.784
0
LINE
8
BLACK
6
CONTINUOUS
10
136.36
20
-108.784
11
136.323
21
-108.832
0
LINE
8
BLACK
6
CONTINUOUS
10
136.323
20
-108.832
11
136.267
21
-108.849
0
LINE
8
BLACK
6
CONTINUOUS
10
136.267
20
-108.849
11
136.135
21
-108.849
0
LINE
8
BLACK
6
CONTINUOUS
10
136.135
20
-108.849
11
136.011
21
-108.886
0
LINE
8
BLACK
6
CONTINUOUS
10
136.011
20
-108.886
11
136.011
21
-108.886
0
LINE
8
BLACK
6
CONTINUOUS
10
136.011
20
-108.886
11
135.902
21
-108.956
0
LINE
8
BLACK
6
CONTINUOUS
10
135.902
20
-108.956
11
135.817
21
-109.054
0
LINE
8
BLACK
6
CONTINUOUS
10
135.817
20
-109.054
11
135.763
21
-109.172
0
LINE
8
BLACK
6
CONTINUOUS
10
135.763
20
-109.172
11
135.745
21
-109.3
0
LINE
8
BLACK
6
CONTINUOUS
10
135.745
20
-109.3
11
135.745
21
-109.3
0
LINE
8
BLACK
6
CONTINUOUS
10
135.745
20
-109.3
11
135.763
21
-109.428
0
LINE
8
BLACK
6
CONTINUOUS
10
129.514
20
-107.928
11
129.568
21
-108.046
0
LINE
8
BLACK
6
CONTINUOUS
10
129.568
20
-108.046
11
129.568
21
-108.046
0
LINE
8
BLACK
6
CONTINUOUS
10
129.568
20
-108.046
11
129.652
21
-108.144
0
LINE
8
BLACK
6
CONTINUOUS
10
129.652
20
-108.144
11
129.652
21
-108.144
0
LINE
8
BLACK
6
CONTINUOUS
10
129.652
20
-108.144
11
129.761
21
-108.214
0
LINE
8
BLACK
6
CONTINUOUS
10
129.761
20
-108.214
11
129.761
21
-108.214
0
LINE
8
BLACK
6
CONTINUOUS
10
129.761
20
-108.214
11
129.886
21
-108.25
0
LINE
8
BLACK
6
CONTINUOUS
10
129.886
20
-108.25
11
129.886
21
-108.25
0
LINE
8
BLACK
6
CONTINUOUS
10
129.886
20
-108.25
11
130.015
21
-108.25
0
LINE
8
BLACK
6
CONTINUOUS
10
130.015
20
-108.25
11
130.015
21
-108.25
0
LINE
8
BLACK
6
CONTINUOUS
10
130.015
20
-108.25
11
130.14
21
-108.214
0
LINE
8
BLACK
6
CONTINUOUS
10
130.14
20
-108.214
11
130.249
21
-108.144
0
LINE
8
BLACK
6
CONTINUOUS
10
130.249
20
-108.144
11
130.333
21
-108.046
0
LINE
8
BLACK
6
CONTINUOUS
10
130.333
20
-108.046
11
130.387
21
-107.928
0
LINE
8
BLACK
6
CONTINUOUS
10
130.387
20
-107.928
11
130.398
21
-107.85
0
LINE
8
BLACK
6
CONTINUOUS
10
130.398
20
-107.85
11
130.406
21
-107.8
0
LINE
8
BLACK
6
CONTINUOUS
10
130.406
20
-107.8
11
130.406
21
-107.8
0
LINE
8
BLACK
6
CONTINUOUS
10
130.406
20
-107.8
11
130.387
21
-107.672
0
LINE
8
BLACK
6
CONTINUOUS
10
130.387
20
-107.672
11
130.333
21
-107.554
0
LINE
8
BLACK
6
CONTINUOUS
10
130.333
20
-107.554
11
130.333
21
-107.554
0
LINE
8
BLACK
6
CONTINUOUS
10
130.333
20
-107.554
11
130.249
21
-107.456
0
LINE
8
BLACK
6
CONTINUOUS
10
130.249
20
-107.456
11
130.249
21
-107.456
0
LINE
8
BLACK
6
CONTINUOUS
10
130.249
20
-107.456
11
130.249
21
-107.456
0
LINE
8
BLACK
6
CONTINUOUS
10
130.249
20
-107.456
11
130.161
21
-107.4
0
LINE
8
BLACK
6
CONTINUOUS
10
130.161
20
-107.4
11
130.14
21
-107.386
0
LINE
8
BLACK
6
CONTINUOUS
10
130.14
20
-107.386
11
130.14
21
-107.386
0
LINE
8
BLACK
6
CONTINUOUS
10
130.14
20
-107.386
11
130.14
21
-107.386
0
LINE
8
BLACK
6
CONTINUOUS
10
130.14
20
-107.386
11
130.14
21
-107.386
0
LINE
8
BLACK
6
CONTINUOUS
10
130.14
20
-107.386
11
130.015
21
-107.349
0
LINE
8
BLACK
6
CONTINUOUS
10
130.015
20
-107.349
11
130.015
21
-107.349
0
LINE
8
BLACK
6
CONTINUOUS
10
130.015
20
-107.349
11
129.886
21
-107.349
0
LINE
8
BLACK
6
CONTINUOUS
10
129.886
20
-107.349
11
129.886
21
-107.349
0
LINE
8
BLACK
6
CONTINUOUS
10
129.886
20
-107.349
11
129.761
21
-107.386
0
LINE
8
BLACK
6
CONTINUOUS
10
129.761
20
-107.386
11
129.761
21
-107.386
0
LINE
8
BLACK
6
CONTINUOUS
10
129.761
20
-107.386
11
129.652
21
-107.456
0
LINE
8
BLACK
6
CONTINUOUS
10
129.652
20
-107.456
11
129.568
21
-107.554
0
LINE
8
BLACK
6
CONTINUOUS
10
129.568
20
-107.554
11
129.514
21
-107.672
0
LINE
8
BLACK
6
CONTINUOUS
10
129.514
20
-107.672
11
129.495
21
-107.8
0
LINE
8
BLACK
6
CONTINUOUS
10
129.495
20
-107.8
11
129.495
21
-107.8
0
LINE
8
BLACK
6
CONTINUOUS
10
129.495
20
-107.8
11
129.514
21
-107.928
0
LINE
8
BLACK
6
CONTINUOUS
10
106.109
20
-107.696
11
106.109
21
-107.696
0
LINE
8
BLACK
6
CONTINUOUS
10
106.109
20
-107.696
11
106.167
21
-107.885
0
LINE
8
BLACK
6
CONTINUOUS
10
106.167
20
-107.885
11
106.167
21
-107.885
0
LINE
8
BLACK
6
CONTINUOUS
10
106.167
20
-107.885
11
106.26
21
-108.059
0
LINE
8
BLACK
6
CONTINUOUS
10
106.26
20
-108.059
11
106.26
21
-108.059
0
LINE
8
BLACK
6
CONTINUOUS
10
106.26
20
-108.059
11
106.26
21
-108.059
0
LINE
8
BLACK
6
CONTINUOUS
10
106.26
20
-108.059
11
106.312
21
-108.122
0
LINE
8
BLACK
6
CONTINUOUS
10
106.312
20
-108.122
11
106.385
21
-108.211
0
LINE
8
BLACK
6
CONTINUOUS
10
106.385
20
-108.211
11
106.385
21
-108.211
0
LINE
8
BLACK
6
CONTINUOUS
10
106.385
20
-108.211
11
106.433
21
-108.25
0
LINE
8
BLACK
6
CONTINUOUS
10
106.433
20
-108.25
11
106.537
21
-108.336
0
LINE
8
BLACK
6
CONTINUOUS
10
106.537
20
-108.336
11
106.537
21
-108.336
0
LINE
8
BLACK
6
CONTINUOUS
10
106.537
20
-108.336
11
106.537
21
-108.336
0
LINE
8
BLACK
6
CONTINUOUS
10
106.537
20
-108.336
11
106.711
21
-108.429
0
LINE
8
BLACK
6
CONTINUOUS
10
106.711
20
-108.429
11
106.711
21
-108.429
0
LINE
8
BLACK
6
CONTINUOUS
10
106.711
20
-108.429
11
106.899
21
-108.486
0
LINE
8
BLACK
6
CONTINUOUS
10
106.899
20
-108.486
11
106.899
21
-108.486
0
LINE
8
BLACK
6
CONTINUOUS
10
106.899
20
-108.486
11
106.899
21
-108.486
0
LINE
8
BLACK
6
CONTINUOUS
10
106.899
20
-108.486
11
107.096
21
-108.505
0
LINE
8
BLACK
6
CONTINUOUS
10
107.096
20
-108.505
11
107.096
21
-108.505
0
LINE
8
BLACK
6
CONTINUOUS
10
107.096
20
-108.505
11
107.096
21
-108.505
0
LINE
8
BLACK
6
CONTINUOUS
10
107.096
20
-108.505
11
107.292
21
-108.486
0
LINE
8
BLACK
6
CONTINUOUS
10
107.292
20
-108.486
11
107.292
21
-108.486
0
LINE
8
BLACK
6
CONTINUOUS
10
107.292
20
-108.486
11
107.292
21
-108.486
0
LINE
8
BLACK
6
CONTINUOUS
10
107.292
20
-108.486
11
107.48
21
-108.429
0
LINE
8
BLACK
6
CONTINUOUS
10
107.48
20
-108.429
11
107.654
21
-108.336
0
LINE
8
BLACK
6
CONTINUOUS
10
107.654
20
-108.336
11
107.807
21
-108.211
0
LINE
8
BLACK
6
CONTINUOUS
10
107.807
20
-108.211
11
107.932
21
-108.059
0
LINE
8
BLACK
6
CONTINUOUS
10
107.932
20
-108.059
11
108.024
21
-107.885
0
LINE
8
BLACK
6
CONTINUOUS
10
108.024
20
-107.885
11
108.082
21
-107.696
0
LINE
8
BLACK
6
CONTINUOUS
10
108.082
20
-107.696
11
108.084
21
-107.669
0
LINE
8
BLACK
6
CONTINUOUS
10
108.084
20
-107.669
11
108.101
21
-107.5
0
LINE
8
BLACK
6
CONTINUOUS
10
108.101
20
-107.5
11
108.101
21
-107.5
0
LINE
8
BLACK
6
CONTINUOUS
10
108.101
20
-107.5
11
108.082
21
-107.304
0
LINE
8
BLACK
6
CONTINUOUS
10
108.082
20
-107.304
11
108.082
21
-107.304
0
LINE
8
BLACK
6
CONTINUOUS
10
108.082
20
-107.304
11
108.082
21
-107.304
0
LINE
8
BLACK
6
CONTINUOUS
10
108.082
20
-107.304
11
108.024
21
-107.115
0
LINE
8
BLACK
6
CONTINUOUS
10
108.024
20
-107.115
11
108.005
21
-107.079
0
LINE
8
BLACK
6
CONTINUOUS
10
108.005
20
-107.079
11
107.932
21
-106.941
0
LINE
8
BLACK
6
CONTINUOUS
10
107.932
20
-106.941
11
107.932
21
-106.941
0
LINE
8
BLACK
6
CONTINUOUS
10
107.932
20
-106.941
11
107.932
21
-106.941
0
LINE
8
BLACK
6
CONTINUOUS
10
107.932
20
-106.941
11
107.827
21
-106.814
0
LINE
8
BLACK
6
CONTINUOUS
10
107.827
20
-106.814
11
107.807
21
-106.789
0
LINE
8
BLACK
6
CONTINUOUS
10
107.807
20
-106.789
11
107.807
21
-106.789
0
LINE
8
BLACK
6
CONTINUOUS
10
107.807
20
-106.789
11
107.718
21
-106.716
0
LINE
8
BLACK
6
CONTINUOUS
10
107.718
20
-106.716
11
107.654
21
-106.664
0
LINE
8
BLACK
6
CONTINUOUS
10
107.654
20
-106.664
11
107.654
21
-106.664
0
LINE
8
BLACK
6
CONTINUOUS
10
107.654
20
-106.664
11
107.654
21
-106.664
0
LINE
8
BLACK
6
CONTINUOUS
10
107.654
20
-106.664
11
107.48
21
-106.571
0
LINE
8
BLACK
6
CONTINUOUS
10
107.48
20
-106.571
11
107.48
21
-106.571
0
LINE
8
BLACK
6
CONTINUOUS
10
107.48
20
-106.571
11
107.292
21
-106.514
0
LINE
8
BLACK
6
CONTINUOUS
10
107.292
20
-106.514
11
107.292
21
-106.514
0
LINE
8
BLACK
6
CONTINUOUS
10
107.292
20
-106.514
11
107.096
21
-106.495
0
LINE
8
BLACK
6
CONTINUOUS
10
107.096
20
-106.495
11
107.096
21
-106.495
0
LINE
8
BLACK
6
CONTINUOUS
10
107.096
20
-106.495
11
106.899
21
-106.514
0
LINE
8
BLACK
6
CONTINUOUS
10
106.899
20
-106.514
11
106.899
21
-106.514
0
LINE
8
BLACK
6
CONTINUOUS
10
106.899
20
-106.514
11
106.711
21
-106.571
0
LINE
8
BLACK
6
CONTINUOUS
10
106.711
20
-106.571
11
106.711
21
-106.571
0
LINE
8
BLACK
6
CONTINUOUS
10
106.711
20
-106.571
11
106.537
21
-106.664
0
LINE
8
BLACK
6
CONTINUOUS
10
106.537
20
-106.664
11
106.537
21
-106.664
0
LINE
8
BLACK
6
CONTINUOUS
10
106.537
20
-106.664
11
106.385
21
-106.789
0
LINE
8
BLACK
6
CONTINUOUS
10
106.385
20
-106.789
11
106.385
21
-106.789
0
LINE
8
BLACK
6
CONTINUOUS
10
106.385
20
-106.789
11
106.26
21
-106.941
0
LINE
8
BLACK
6
CONTINUOUS
10
106.26
20
-106.941
11
106.26
21
-106.941
0
LINE
8
BLACK
6
CONTINUOUS
10
106.26
20
-106.941
11
106.167
21
-107.115
0
LINE
8
BLACK
6
CONTINUOUS
10
106.167
20
-107.115
11
106.167
21
-107.115
0
LINE
8
BLACK
6
CONTINUOUS
10
106.167
20
-107.115
11
106.109
21
-107.304
0
LINE
8
BLACK
6
CONTINUOUS
10
106.109
20
-107.304
11
106.109
21
-107.304
0
LINE
8
BLACK
6
CONTINUOUS
10
106.109
20
-107.304
11
106.09
21
-107.5
0
LINE
8
BLACK
6
CONTINUOUS
10
106.09
20
-107.5
11
106.09
21
-107.5
0
LINE
8
BLACK
6
CONTINUOUS
10
106.09
20
-107.5
11
106.109
21
-107.696
0
LINE
8
BLACK
6
CONTINUOUS
10
109.109
20
-107.696
11
109.109
21
-107.696
0
LINE
8
BLACK
6
CONTINUOUS
10
109.109
20
-107.696
11
109.167
21
-107.885
0
LINE
8
BLACK
6
CONTINUOUS
10
109.167
20
-107.885
11
109.167
21
-107.885
0
LINE
8
BLACK
6
CONTINUOUS
10
109.167
20
-107.885
11
109.26
21
-108.059
0
LINE
8
BLACK
6
CONTINUOUS
10
109.26
20
-108.059
11
109.26
21
-108.059
0
LINE
8
BLACK
6
CONTINUOUS
10
109.26
20
-108.059
11
109.26
21
-108.059
0
LINE
8
BLACK
6
CONTINUOUS
10
109.26
20
-108.059
11
109.312
21
-108.122
0
LINE
8
BLACK
6
CONTINUOUS
10
109.312
20
-108.122
11
109.385
21
-108.211
0
LINE
8
BLACK
6
CONTINUOUS
10
109.385
20
-108.211
11
109.385
21
-108.211
0
LINE
8
BLACK
6
CONTINUOUS
10
109.385
20
-108.211
11
109.433
21
-108.25
0
LINE
8
BLACK
6
CONTINUOUS
10
109.433
20
-108.25
11
109.537
21
-108.336
0
LINE
8
BLACK
6
CONTINUOUS
10
109.537
20
-108.336
11
109.537
21
-108.336
0
LINE
8
BLACK
6
CONTINUOUS
10
109.537
20
-108.336
11
109.537
21
-108.336
0
LINE
8
BLACK
6
CONTINUOUS
10
109.537
20
-108.336
11
109.711
21
-108.429
0
LINE
8
BLACK
6
CONTINUOUS
10
109.711
20
-108.429
11
109.711
21
-108.429
0
LINE
8
BLACK
6
CONTINUOUS
10
109.711
20
-108.429
11
109.899
21
-108.486
0
LINE
8
BLACK
6
CONTINUOUS
10
109.899
20
-108.486
11
109.899
21
-108.486
0
LINE
8
BLACK
6
CONTINUOUS
10
109.899
20
-108.486
11
109.899
21
-108.486
0
LINE
8
BLACK
6
CONTINUOUS
10
109.899
20
-108.486
11
110.096
21
-108.505
0
LINE
8
BLACK
6
CONTINUOUS
10
110.096
20
-108.505
11
110.096
21
-108.505
0
LINE
8
BLACK
6
CONTINUOUS
10
110.096
20
-108.505
11
110.096
21
-108.505
0
LINE
8
BLACK
6
CONTINUOUS
10
110.096
20
-108.505
11
110.292
21
-108.486
0
LINE
8
BLACK
6
CONTINUOUS
10
110.292
20
-108.486
11
110.292
21
-108.486
0
LINE
8
BLACK
6
CONTINUOUS
10
110.292
20
-108.486
11
110.292
21
-108.486
0
LINE
8
BLACK
6
CONTINUOUS
10
110.292
20
-108.486
11
110.48
21
-108.429
0
LINE
8
BLACK
6
CONTINUOUS
10
110.48
20
-108.429
11
110.654
21
-108.336
0
LINE
8
BLACK
6
CONTINUOUS
10
110.654
20
-108.336
11
110.807
21
-108.211
0
LINE
8
BLACK
6
CONTINUOUS
10
110.807
20
-108.211
11
110.932
21
-108.059
0
LINE
8
BLACK
6
CONTINUOUS
10
110.932
20
-108.059
11
111.024
21
-107.885
0
LINE
8
BLACK
6
CONTINUOUS
10
111.024
20
-107.885
11
111.05
21
-107.8
0
LINE
8
BLACK
6
CONTINUOUS
10
111.05
20
-107.8
11
111.082
21
-107.696
0
LINE
8
BLACK
6
CONTINUOUS
10
111.082
20
-107.696
11
111.084
21
-107.669
0
LINE
8
BLACK
6
CONTINUOUS
10
111.084
20
-107.669
11
111.101
21
-107.5
0
LINE
8
BLACK
6
CONTINUOUS
10
111.101
20
-107.5
11
111.101
21
-107.5
0
LINE
8
BLACK
6
CONTINUOUS
10
111.101
20
-107.5
11
111.082
21
-107.304
0
LINE
8
BLACK
6
CONTINUOUS
10
111.082
20
-107.304
11
111.082
21
-107.304
0
LINE
8
BLACK
6
CONTINUOUS
10
111.082
20
-107.304
11
111.082
21
-107.304
0
LINE
8
BLACK
6
CONTINUOUS
10
111.082
20
-107.304
11
111.065
21
-107.25
0
LINE
8
BLACK
6
CONTINUOUS
10
111.065
20
-107.25
11
111.024
21
-107.115
0
LINE
8
BLACK
6
CONTINUOUS
10
111.024
20
-107.115
11
111.005
21
-107.079
0
LINE
8
BLACK
6
CONTINUOUS
10
111.005
20
-107.079
11
110.932
21
-106.941
0
LINE
8
BLACK
6
CONTINUOUS
10
110.932
20
-106.941
11
110.932
21
-106.941
0
LINE
8
BLACK
6
CONTINUOUS
10
110.932
20
-106.941
11
110.932
21
-106.941
0
LINE
8
BLACK
6
CONTINUOUS
10
110.932
20
-106.941
11
110.827
21
-106.814
0
LINE
8
BLACK
6
CONTINUOUS
10
110.827
20
-106.814
11
110.807
21
-106.789
0
LINE
8
BLACK
6
CONTINUOUS
10
110.807
20
-106.789
11
110.807
21
-106.789
0
LINE
8
BLACK
6
CONTINUOUS
10
110.807
20
-106.789
11
110.718
21
-106.716
0
LINE
8
BLACK
6
CONTINUOUS
10
110.718
20
-106.716
11
110.654
21
-106.664
0
LINE
8
BLACK
6
CONTINUOUS
10
110.654
20
-106.664
11
110.654
21
-106.664
0
LINE
8
BLACK
6
CONTINUOUS
10
110.654
20
-106.664
11
110.654
21
-106.664
0
LINE
8
BLACK
6
CONTINUOUS
10
110.654
20
-106.664
11
110.628
21
-106.65
0
LINE
8
BLACK
6
CONTINUOUS
10
110.628
20
-106.65
11
110.48
21
-106.571
0
LINE
8
BLACK
6
CONTINUOUS
10
110.48
20
-106.571
11
110.48
21
-106.571
0
LINE
8
BLACK
6
CONTINUOUS
10
110.48
20
-106.571
11
110.292
21
-106.514
0
LINE
8
BLACK
6
CONTINUOUS
10
110.292
20
-106.514
11
110.292
21
-106.514
0
LINE
8
BLACK
6
CONTINUOUS
10
110.292
20
-106.514
11
110.096
21
-106.495
0
LINE
8
BLACK
6
CONTINUOUS
10
110.096
20
-106.495
11
110.096
21
-106.495
0
LINE
8
BLACK
6
CONTINUOUS
10
110.096
20
-106.495
11
109.899
21
-106.514
0
LINE
8
BLACK
6
CONTINUOUS
10
109.899
20
-106.514
11
109.899
21
-106.514
0
LINE
8
BLACK
6
CONTINUOUS
10
109.899
20
-106.514
11
109.711
21
-106.571
0
LINE
8
BLACK
6
CONTINUOUS
10
109.711
20
-106.571
11
109.711
21
-106.571
0
LINE
8
BLACK
6
CONTINUOUS
10
109.711
20
-106.571
11
109.537
21
-106.664
0
LINE
8
BLACK
6
CONTINUOUS
10
109.537
20
-106.664
11
109.537
21
-106.664
0
LINE
8
BLACK
6
CONTINUOUS
10
109.537
20
-106.664
11
109.385
21
-106.789
0
LINE
8
BLACK
6
CONTINUOUS
10
109.385
20
-106.789
11
109.385
21
-106.789
0
LINE
8
BLACK
6
CONTINUOUS
10
109.385
20
-106.789
11
109.26
21
-106.941
0
LINE
8
BLACK
6
CONTINUOUS
10
109.26
20
-106.941
11
109.26
21
-106.941
0
LINE
8
BLACK
6
CONTINUOUS
10
109.26
20
-106.941
11
109.167
21
-107.115
0
LINE
8
BLACK
6
CONTINUOUS
10
109.167
20
-107.115
11
109.167
21
-107.115
0
LINE
8
BLACK
6
CONTINUOUS
10
109.167
20
-107.115
11
109.109
21
-107.304
0
LINE
8
BLACK
6
CONTINUOUS
10
109.109
20
-107.304
11
109.109
21
-107.304
0
LINE
8
BLACK
6
CONTINUOUS
10
109.109
20
-107.304
11
109.09
21
-107.5
0
LINE
8
BLACK
6
CONTINUOUS
10
109.09
20
-107.5
11
109.09
21
-107.5
0
LINE
8
BLACK
6
CONTINUOUS
10
109.09
20
-107.5
11
109.109
21
-107.696
0
LINE
8
BLACK
6
CONTINUOUS
10
146.363
20
-107.528
11
146.375
21
-107.554
0
LINE
8
BLACK
6
CONTINUOUS
10
146.375
20
-107.554
11
146.417
21
-107.646
0
LINE
8
BLACK
6
CONTINUOUS
10
146.417
20
-107.646
11
146.461
21
-107.696
0
LINE
8
BLACK
6
CONTINUOUS
10
146.461
20
-107.696
11
146.502
21
-107.744
0
LINE
8
BLACK
6
CONTINUOUS
10
146.502
20
-107.744
11
146.589
21
-107.8
0
LINE
8
BLACK
6
CONTINUOUS
10
146.589
20
-107.8
11
146.611
21
-107.814
0
LINE
8
BLACK
6
CONTINUOUS
10
146.611
20
-107.814
11
146.735
21
-107.85
0
LINE
8
BLACK
6
CONTINUOUS
10
146.735
20
-107.85
11
146.735
21
-107.85
0
LINE
8
BLACK
6
CONTINUOUS
10
146.735
20
-107.85
11
146.865
21
-107.85
0
LINE
8
BLACK
6
CONTINUOUS
10
146.865
20
-107.85
11
146.865
21
-107.85
0
LINE
8
BLACK
6
CONTINUOUS
10
146.865
20
-107.85
11
146.989
21
-107.814
0
LINE
8
BLACK
6
CONTINUOUS
10
146.989
20
-107.814
11
147.098
21
-107.744
0
LINE
8
BLACK
6
CONTINUOUS
10
147.098
20
-107.744
11
147.183
21
-107.646
0
LINE
8
BLACK
6
CONTINUOUS
10
147.183
20
-107.646
11
147.237
21
-107.528
0
LINE
8
BLACK
6
CONTINUOUS
10
147.237
20
-107.528
11
147.247
21
-107.453
0
LINE
8
BLACK
6
CONTINUOUS
10
147.247
20
-107.453
11
147.255
21
-107.4
0
LINE
8
BLACK
6
CONTINUOUS
10
147.255
20
-107.4
11
147.255
21
-107.4
0
LINE
8
BLACK
6
CONTINUOUS
10
147.255
20
-107.4
11
147.244
21
-107.325
0
LINE
8
BLACK
6
CONTINUOUS
10
147.244
20
-107.325
11
147.237
21
-107.272
0
LINE
8
BLACK
6
CONTINUOUS
10
147.237
20
-107.272
11
147.183
21
-107.154
0
LINE
8
BLACK
6
CONTINUOUS
10
147.183
20
-107.154
11
147.183
21
-107.154
0
LINE
8
BLACK
6
CONTINUOUS
10
147.183
20
-107.154
11
147.098
21
-107.056
0
LINE
8
BLACK
6
CONTINUOUS
10
147.098
20
-107.056
11
147.098
21
-107.056
0
LINE
8
BLACK
6
CONTINUOUS
10
147.098
20
-107.056
11
147.098
21
-107.056
0
LINE
8
BLACK
6
CONTINUOUS
10
147.098
20
-107.056
11
146.989
21
-106.986
0
LINE
8
BLACK
6
CONTINUOUS
10
146.989
20
-106.986
11
146.989
21
-106.986
0
LINE
8
BLACK
6
CONTINUOUS
10
146.989
20
-106.986
11
146.989
21
-106.986
0
LINE
8
BLACK
6
CONTINUOUS
10
146.989
20
-106.986
11
146.989
21
-106.986
0
LINE
8
BLACK
6
CONTINUOUS
10
146.989
20
-106.986
11
146.865
21
-106.95
0
LINE
8
BLACK
6
CONTINUOUS
10
146.865
20
-106.95
11
146.865
21
-106.95
0
LINE
8
BLACK
6
CONTINUOUS
10
146.865
20
-106.95
11
146.735
21
-106.95
0
LINE
8
BLACK
6
CONTINUOUS
10
146.735
20
-106.95
11
146.735
21
-106.95
0
LINE
8
BLACK
6
CONTINUOUS
10
146.735
20
-106.95
11
146.611
21
-106.986
0
LINE
8
BLACK
6
CONTINUOUS
10
146.611
20
-106.986
11
146.611
21
-106.986
0
LINE
8
BLACK
6
CONTINUOUS
10
146.611
20
-106.986
11
146.502
21
-107.056
0
LINE
8
BLACK
6
CONTINUOUS
10
146.502
20
-107.056
11
146.417
21
-107.154
0
LINE
8
BLACK
6
CONTINUOUS
10
146.417
20
-107.154
11
146.363
21
-107.272
0
LINE
8
BLACK
6
CONTINUOUS
10
146.363
20
-107.272
11
146.345
21
-107.4
0
LINE
8
BLACK
6
CONTINUOUS
10
146.345
20
-107.4
11
146.345
21
-107.4
0
LINE
8
BLACK
6
CONTINUOUS
10
146.345
20
-107.4
11
146.363
21
-107.528
0
LINE
8
BLACK
6
CONTINUOUS
10
122.963
20
-107.378
11
122.998
21
-107.453
0
LINE
8
BLACK
6
CONTINUOUS
10
122.998
20
-107.453
11
123.017
21
-107.496
0
LINE
8
BLACK
6
CONTINUOUS
10
123.017
20
-107.496
11
123.083
21
-107.571
0
LINE
8
BLACK
6
CONTINUOUS
10
123.083
20
-107.571
11
123.102
21
-107.593
0
LINE
8
BLACK
6
CONTINUOUS
10
123.102
20
-107.593
11
123.184
21
-107.646
0
LINE
8
BLACK
6
CONTINUOUS
10
123.184
20
-107.646
11
123.211
21
-107.664
0
LINE
8
BLACK
6
CONTINUOUS
10
123.211
20
-107.664
11
123.335
21
-107.7
0
LINE
8
BLACK
6
CONTINUOUS
10
123.335
20
-107.7
11
123.335
21
-107.7
0
LINE
8
BLACK
6
CONTINUOUS
10
123.335
20
-107.7
11
123.465
21
-107.7
0
LINE
8
BLACK
6
CONTINUOUS
10
123.465
20
-107.7
11
123.465
21
-107.7
0
LINE
8
BLACK
6
CONTINUOUS
10
123.465
20
-107.7
11
123.589
21
-107.664
0
LINE
8
BLACK
6
CONTINUOUS
10
123.589
20
-107.664
11
123.698
21
-107.593
0
LINE
8
BLACK
6
CONTINUOUS
10
123.698
20
-107.593
11
123.783
21
-107.496
0
LINE
8
BLACK
6
CONTINUOUS
10
123.783
20
-107.496
11
123.837
21
-107.378
0
LINE
8
BLACK
6
CONTINUOUS
10
123.837
20
-107.378
11
123.844
21
-107.325
0
LINE
8
BLACK
6
CONTINUOUS
10
123.844
20
-107.325
11
123.855
21
-107.25
0
LINE
8
BLACK
6
CONTINUOUS
10
123.855
20
-107.25
11
123.855
21
-107.249
0
LINE
8
BLACK
6
CONTINUOUS
10
123.855
20
-107.249
11
123.837
21
-107.121
0
LINE
8
BLACK
6
CONTINUOUS
10
123.837
20
-107.121
11
123.827
21
-107.1
0
LINE
8
BLACK
6
CONTINUOUS
10
123.827
20
-107.1
11
123.783
21
-107.003
0
LINE
8
BLACK
6
CONTINUOUS
10
123.783
20
-107.003
11
123.698
21
-106.906
0
LINE
8
BLACK
6
CONTINUOUS
10
123.698
20
-106.906
11
123.698
21
-106.906
0
LINE
8
BLACK
6
CONTINUOUS
10
123.698
20
-106.906
11
123.698
21
-106.906
0
LINE
8
BLACK
6
CONTINUOUS
10
123.698
20
-106.906
11
123.589
21
-106.835
0
LINE
8
BLACK
6
CONTINUOUS
10
123.589
20
-106.835
11
123.589
21
-106.835
0
LINE
8
BLACK
6
CONTINUOUS
10
123.589
20
-106.835
11
123.589
21
-106.835
0
LINE
8
BLACK
6
CONTINUOUS
10
123.589
20
-106.835
11
123.589
21
-106.835
0
LINE
8
BLACK
6
CONTINUOUS
10
123.589
20
-106.835
11
123.465
21
-106.799
0
LINE
8
BLACK
6
CONTINUOUS
10
123.465
20
-106.799
11
123.465
21
-106.799
0
LINE
8
BLACK
6
CONTINUOUS
10
123.465
20
-106.799
11
123.335
21
-106.799
0
LINE
8
BLACK
6
CONTINUOUS
10
123.335
20
-106.799
11
123.335
21
-106.799
0
LINE
8
BLACK
6
CONTINUOUS
10
123.335
20
-106.799
11
123.211
21
-106.835
0
LINE
8
BLACK
6
CONTINUOUS
10
123.211
20
-106.835
11
123.211
21
-106.835
0
LINE
8
BLACK
6
CONTINUOUS
10
123.211
20
-106.835
11
123.102
21
-106.906
0
LINE
8
BLACK
6
CONTINUOUS
10
123.102
20
-106.906
11
123.017
21
-107.003
0
LINE
8
BLACK
6
CONTINUOUS
10
123.017
20
-107.003
11
122.963
21
-107.121
0
LINE
8
BLACK
6
CONTINUOUS
10
122.963
20
-107.121
11
122.945
21
-107.249
0
LINE
8
BLACK
6
CONTINUOUS
10
122.945
20
-107.249
11
122.945
21
-107.25
0
LINE
8
BLACK
6
CONTINUOUS
10
122.945
20
-107.25
11
122.963
21
-107.378
0
LINE
8
BLACK
6
CONTINUOUS
10
129.613
20
-106.778
11
129.657
21
-106.874
0
LINE
8
BLACK
6
CONTINUOUS
10
129.657
20
-106.874
11
129.667
21
-106.896
0
LINE
8
BLACK
6
CONTINUOUS
10
129.667
20
-106.896
11
129.745
21
-106.986
0
LINE
8
BLACK
6
CONTINUOUS
10
129.745
20
-106.986
11
129.752
21
-106.994
0
LINE
8
BLACK
6
CONTINUOUS
10
129.752
20
-106.994
11
129.861
21
-107.064
0
LINE
8
BLACK
6
CONTINUOUS
10
129.861
20
-107.064
11
129.861
21
-107.064
0
LINE
8
BLACK
6
CONTINUOUS
10
129.861
20
-107.064
11
129.985
21
-107.1
0
LINE
8
BLACK
6
CONTINUOUS
10
129.985
20
-107.1
11
129.985
21
-107.1
0
LINE
8
BLACK
6
CONTINUOUS
10
129.985
20
-107.1
11
130.115
21
-107.1
0
LINE
8
BLACK
6
CONTINUOUS
10
130.115
20
-107.1
11
130.115
21
-107.1
0
LINE
8
BLACK
6
CONTINUOUS
10
130.115
20
-107.1
11
130.239
21
-107.064
0
LINE
8
BLACK
6
CONTINUOUS
10
130.239
20
-107.064
11
130.348
21
-106.994
0
LINE
8
BLACK
6
CONTINUOUS
10
130.348
20
-106.994
11
130.433
21
-106.896
0
LINE
8
BLACK
6
CONTINUOUS
10
130.433
20
-106.896
11
130.487
21
-106.778
0
LINE
8
BLACK
6
CONTINUOUS
10
130.487
20
-106.778
11
130.496
21
-106.716
0
LINE
8
BLACK
6
CONTINUOUS
10
130.496
20
-106.716
11
130.505
21
-106.65
0
LINE
8
BLACK
6
CONTINUOUS
10
130.505
20
-106.65
11
130.505
21
-106.65
0
LINE
8
BLACK
6
CONTINUOUS
10
130.505
20
-106.65
11
130.487
21
-106.522
0
LINE
8
BLACK
6
CONTINUOUS
10
130.487
20
-106.522
11
130.487
21
-106.522
0
LINE
8
BLACK
6
CONTINUOUS
10
130.487
20
-106.522
11
130.463
21
-106.47
0
LINE
8
BLACK
6
CONTINUOUS
10
130.463
20
-106.47
11
130.433
21
-106.404
0
LINE
8
BLACK
6
CONTINUOUS
10
130.433
20
-106.404
11
130.348
21
-106.306
0
LINE
8
BLACK
6
CONTINUOUS
10
130.348
20
-106.306
11
130.348
21
-106.306
0
LINE
8
BLACK
6
CONTINUOUS
10
130.348
20
-106.306
11
130.348
21
-106.306
0
LINE
8
BLACK
6
CONTINUOUS
10
130.348
20
-106.306
11
130.239
21
-106.236
0
LINE
8
BLACK
6
CONTINUOUS
10
130.239
20
-106.236
11
130.239
21
-106.236
0
LINE
8
BLACK
6
CONTINUOUS
10
130.239
20
-106.236
11
130.239
21
-106.236
0
LINE
8
BLACK
6
CONTINUOUS
10
130.239
20
-106.236
11
130.239
21
-106.236
0
LINE
8
BLACK
6
CONTINUOUS
10
130.239
20
-106.236
11
130.115
21
-106.2
0
LINE
8
BLACK
6
CONTINUOUS
10
130.115
20
-106.2
11
130.115
21
-106.2
0
LINE
8
BLACK
6
CONTINUOUS
10
130.115
20
-106.2
11
129.985
21
-106.2
0
LINE
8
BLACK
6
CONTINUOUS
10
129.985
20
-106.2
11
129.985
21
-106.2
0
LINE
8
BLACK
6
CONTINUOUS
10
129.985
20
-106.2
11
129.861
21
-106.236
0
LINE
8
BLACK
6
CONTINUOUS
10
129.861
20
-106.236
11
129.861
21
-106.236
0
LINE
8
BLACK
6
CONTINUOUS
10
129.861
20
-106.236
11
129.752
21
-106.306
0
LINE
8
BLACK
6
CONTINUOUS
10
129.752
20
-106.306
11
129.667
21
-106.404
0
LINE
8
BLACK
6
CONTINUOUS
10
129.667
20
-106.404
11
129.613
21
-106.522
0
LINE
8
BLACK
6
CONTINUOUS
10
129.613
20
-106.522
11
129.595
21
-106.65
0
LINE
8
BLACK
6
CONTINUOUS
10
129.595
20
-106.65
11
129.595
21
-106.65
0
LINE
8
BLACK
6
CONTINUOUS
10
129.595
20
-106.65
11
129.613
21
-106.778
0
LINE
8
BLACK
6
CONTINUOUS
10
136.543
20
-106.598
11
136.597
21
-106.716
0
LINE
8
BLACK
6
CONTINUOUS
10
136.597
20
-106.716
11
136.597
21
-106.716
0
LINE
8
BLACK
6
CONTINUOUS
10
136.597
20
-106.716
11
136.66
21
-106.789
0
LINE
8
BLACK
6
CONTINUOUS
10
136.66
20
-106.789
11
136.682
21
-106.814
0
LINE
8
BLACK
6
CONTINUOUS
10
136.682
20
-106.814
11
136.776
21
-106.874
0
LINE
8
BLACK
6
CONTINUOUS
10
136.776
20
-106.874
11
136.791
21
-106.884
0
LINE
8
BLACK
6
CONTINUOUS
10
136.791
20
-106.884
11
136.915
21
-106.92
0
LINE
8
BLACK
6
CONTINUOUS
10
136.915
20
-106.92
11
136.915
21
-106.92
0
LINE
8
BLACK
6
CONTINUOUS
10
136.915
20
-106.92
11
137.045
21
-106.92
0
LINE
8
BLACK
6
CONTINUOUS
10
137.045
20
-106.92
11
137.045
21
-106.92
0
LINE
8
BLACK
6
CONTINUOUS
10
137.045
20
-106.92
11
137.169
21
-106.884
0
LINE
8
BLACK
6
CONTINUOUS
10
137.169
20
-106.884
11
137.278
21
-106.814
0
LINE
8
BLACK
6
CONTINUOUS
10
137.278
20
-106.814
11
137.363
21
-106.716
0
LINE
8
BLACK
6
CONTINUOUS
10
137.363
20
-106.716
11
137.417
21
-106.598
0
LINE
8
BLACK
6
CONTINUOUS
10
137.417
20
-106.598
11
137.428
21
-106.522
0
LINE
8
BLACK
6
CONTINUOUS
10
137.428
20
-106.522
11
137.435
21
-106.47
0
LINE
8
BLACK
6
CONTINUOUS
10
137.435
20
-106.47
11
137.435
21
-106.47
0
LINE
8
BLACK
6
CONTINUOUS
10
137.435
20
-106.47
11
137.417
21
-106.342
0
LINE
8
BLACK
6
CONTINUOUS
10
137.417
20
-106.342
11
137.4
21
-106.306
0
LINE
8
BLACK
6
CONTINUOUS
10
137.4
20
-106.306
11
137.363
21
-106.224
0
LINE
8
BLACK
6
CONTINUOUS
10
137.363
20
-106.224
11
137.278
21
-106.126
0
LINE
8
BLACK
6
CONTINUOUS
10
137.278
20
-106.126
11
137.278
21
-106.126
0
LINE
8
BLACK
6
CONTINUOUS
10
137.278
20
-106.126
11
137.278
21
-106.126
0
LINE
8
BLACK
6
CONTINUOUS
10
137.278
20
-106.126
11
137.169
21
-106.056
0
LINE
8
BLACK
6
CONTINUOUS
10
137.169
20
-106.056
11
137.169
21
-106.056
0
LINE
8
BLACK
6
CONTINUOUS
10
137.169
20
-106.056
11
137.169
21
-106.056
0
LINE
8
BLACK
6
CONTINUOUS
10
137.169
20
-106.056
11
137.169
21
-106.056
0
LINE
8
BLACK
6
CONTINUOUS
10
137.169
20
-106.056
11
137.045
21
-106.019
0
LINE
8
BLACK
6
CONTINUOUS
10
137.045
20
-106.019
11
137.045
21
-106.019
0
LINE
8
BLACK
6
CONTINUOUS
10
137.045
20
-106.019
11
136.915
21
-106.019
0
LINE
8
BLACK
6
CONTINUOUS
10
136.915
20
-106.019
11
136.915
21
-106.019
0
LINE
8
BLACK
6
CONTINUOUS
10
136.915
20
-106.019
11
136.791
21
-106.056
0
LINE
8
BLACK
6
CONTINUOUS
10
136.791
20
-106.056
11
136.791
21
-106.056
0
LINE
8
BLACK
6
CONTINUOUS
10
136.791
20
-106.056
11
136.682
21
-106.126
0
LINE
8
BLACK
6
CONTINUOUS
10
136.682
20
-106.126
11
136.597
21
-106.224
0
LINE
8
BLACK
6
CONTINUOUS
10
136.597
20
-106.224
11
136.543
21
-106.342
0
LINE
8
BLACK
6
CONTINUOUS
10
136.543
20
-106.342
11
136.525
21
-106.47
0
LINE
8
BLACK
6
CONTINUOUS
10
136.525
20
-106.47
11
136.525
21
-106.47
0
LINE
8
BLACK
6
CONTINUOUS
10
136.525
20
-106.47
11
136.543
21
-106.598
0
LINE
8
BLACK
6
CONTINUOUS
10
106.01
20
-105.203
11
106.065
21
-105.399
0
LINE
8
BLACK
6
CONTINUOUS
10
106.065
20
-105.399
11
106.156
21
-105.582
0
LINE
8
BLACK
6
CONTINUOUS
10
106.156
20
-105.582
11
106.156
21
-105.582
0
LINE
8
BLACK
6
CONTINUOUS
10
106.156
20
-105.582
11
106.219
21
-105.665
0
LINE
8
BLACK
6
CONTINUOUS
10
106.219
20
-105.665
11
106.437
21
-105.446
0
LINE
8
BLACK
6
CONTINUOUS
10
106.437
20
-105.446
11
106.375
21
-105.347
0
LINE
8
BLACK
6
CONTINUOUS
10
106.375
20
-105.347
11
106.316
21
-105.178
0
LINE
8
BLACK
6
CONTINUOUS
10
106.316
20
-105.178
11
106.295
21
-105
0
LINE
8
BLACK
6
CONTINUOUS
10
106.295
20
-105
11
106.316
21
-104.822
0
LINE
8
BLACK
6
CONTINUOUS
10
106.316
20
-104.822
11
106.375
21
-104.653
0
LINE
8
BLACK
6
CONTINUOUS
10
106.375
20
-104.653
11
106.437
21
-104.554
0
LINE
8
BLACK
6
CONTINUOUS
10
106.437
20
-104.554
11
106.219
21
-104.335
0
LINE
8
BLACK
6
CONTINUOUS
10
106.219
20
-104.335
11
106.156
21
-104.418
0
LINE
8
BLACK
6
CONTINUOUS
10
106.156
20
-104.418
11
106.156
21
-104.418
0
LINE
8
BLACK
6
CONTINUOUS
10
106.156
20
-104.418
11
106.065
21
-104.601
0
LINE
8
BLACK
6
CONTINUOUS
10
106.065
20
-104.601
11
106.01
21
-104.797
0
LINE
8
BLACK
6
CONTINUOUS
10
106.01
20
-104.797
11
105.991
21
-105
0
LINE
8
BLACK
6
CONTINUOUS
10
105.991
20
-105
11
106.01
21
-105.203
0
LINE
8
BLACK
6
CONTINUOUS
10
136.613
20
-105.028
11
136.663
21
-105.136
0
LINE
8
BLACK
6
CONTINUOUS
10
136.663
20
-105.136
11
136.667
21
-105.146
0
LINE
8
BLACK
6
CONTINUOUS
10
136.667
20
-105.146
11
136.752
21
-105.244
0
LINE
8
BLACK
6
CONTINUOUS
10
136.752
20
-105.244
11
136.752
21
-105.244
0
LINE
8
BLACK
6
CONTINUOUS
10
136.752
20
-105.244
11
136.845
21
-105.304
0
LINE
8
BLACK
6
CONTINUOUS
10
136.845
20
-105.304
11
136.861
21
-105.314
0
LINE
8
BLACK
6
CONTINUOUS
10
136.861
20
-105.314
11
136.985
21
-105.35
0
LINE
8
BLACK
6
CONTINUOUS
10
136.985
20
-105.35
11
136.985
21
-105.35
0
LINE
8
BLACK
6
CONTINUOUS
10
136.985
20
-105.35
11
137.115
21
-105.35
0
LINE
8
BLACK
6
CONTINUOUS
10
137.115
20
-105.35
11
137.115
21
-105.35
0
LINE
8
BLACK
6
CONTINUOUS
10
137.115
20
-105.35
11
137.239
21
-105.314
0
LINE
8
BLACK
6
CONTINUOUS
10
137.239
20
-105.314
11
137.348
21
-105.244
0
LINE
8
BLACK
6
CONTINUOUS
10
137.348
20
-105.244
11
137.433
21
-105.146
0
LINE
8
BLACK
6
CONTINUOUS
10
137.433
20
-105.146
11
137.487
21
-105.028
0
LINE
8
BLACK
6
CONTINUOUS
10
137.487
20
-105.028
11
137.505
21
-104.9
0
LINE
8
BLACK
6
CONTINUOUS
10
137.505
20
-104.9
11
137.49
21
-104.797
0
LINE
8
BLACK
6
CONTINUOUS
10
137.49
20
-104.797
11
137.487
21
-104.772
0
LINE
8
BLACK
6
CONTINUOUS
10
137.487
20
-104.772
11
137.454
21
-104.7
0
LINE
8
BLACK
6
CONTINUOUS
10
137.454
20
-104.7
11
137.433
21
-104.654
0
LINE
8
BLACK
6
CONTINUOUS
10
137.433
20
-104.654
11
137.348
21
-104.556
0
LINE
8
BLACK
6
CONTINUOUS
10
137.348
20
-104.556
11
137.348
21
-104.556
0
LINE
8
BLACK
6
CONTINUOUS
10
137.348
20
-104.556
11
137.348
21
-104.556
0
LINE
8
BLACK
6
CONTINUOUS
10
137.348
20
-104.556
11
137.239
21
-104.486
0
LINE
8
BLACK
6
CONTINUOUS
10
137.239
20
-104.486
11
137.239
21
-104.486
0
LINE
8
BLACK
6
CONTINUOUS
10
137.239
20
-104.486
11
137.239
21
-104.486
0
LINE
8
BLACK
6
CONTINUOUS
10
137.239
20
-104.486
11
137.239
21
-104.486
0
LINE
8
BLACK
6
CONTINUOUS
10
137.239
20
-104.486
11
137.115
21
-104.45
0
LINE
8
BLACK
6
CONTINUOUS
10
137.115
20
-104.45
11
137.115
21
-104.45
0
LINE
8
BLACK
6
CONTINUOUS
10
137.115
20
-104.45
11
136.985
21
-104.45
0
LINE
8
BLACK
6
CONTINUOUS
10
136.985
20
-104.45
11
136.985
21
-104.45
0
LINE
8
BLACK
6
CONTINUOUS
10
136.985
20
-104.45
11
136.861
21
-104.486
0
LINE
8
BLACK
6
CONTINUOUS
10
136.861
20
-104.486
11
136.861
21
-104.486
0
LINE
8
BLACK
6
CONTINUOUS
10
136.861
20
-104.486
11
136.752
21
-104.556
0
LINE
8
BLACK
6
CONTINUOUS
10
136.752
20
-104.556
11
136.667
21
-104.654
0
LINE
8
BLACK
6
CONTINUOUS
10
136.667
20
-104.654
11
136.613
21
-104.772
0
LINE
8
BLACK
6
CONTINUOUS
10
136.613
20
-104.772
11
136.595
21
-104.9
0
LINE
8
BLACK
6
CONTINUOUS
10
136.595
20
-104.9
11
136.595
21
-104.9
0
LINE
8
BLACK
6
CONTINUOUS
10
136.595
20
-104.9
11
136.613
21
-105.028
0
LINE
8
BLACK
6
CONTINUOUS
10
160.363
20
-101.378
11
160.398
21
-101.454
0
LINE
8
BLACK
6
CONTINUOUS
10
160.398
20
-101.454
11
160.417
21
-101.496
0
LINE
8
BLACK
6
CONTINUOUS
10
160.417
20
-101.496
11
160.483
21
-101.572
0
LINE
8
BLACK
6
CONTINUOUS
10
160.483
20
-101.572
11
160.502
21
-101.594
0
LINE
8
BLACK
6
CONTINUOUS
10
160.502
20
-101.594
11
160.589
21
-101.65
0
LINE
8
BLACK
6
CONTINUOUS
10
160.589
20
-101.65
11
160.611
21
-101.664
0
LINE
8
BLACK
6
CONTINUOUS
10
160.611
20
-101.664
11
160.735
21
-101.7
0
LINE
8
BLACK
6
CONTINUOUS
10
160.735
20
-101.7
11
160.735
21
-101.7
0
LINE
8
BLACK
6
CONTINUOUS
10
160.735
20
-101.7
11
160.865
21
-101.7
0
LINE
8
BLACK
6
CONTINUOUS
10
160.865
20
-101.7
11
160.865
21
-101.7
0
LINE
8
BLACK
6
CONTINUOUS
10
160.865
20
-101.7
11
160.989
21
-101.664
0
LINE
8
BLACK
6
CONTINUOUS
10
160.989
20
-101.664
11
161.098
21
-101.594
0
LINE
8
BLACK
6
CONTINUOUS
10
161.098
20
-101.594
11
161.183
21
-101.496
0
LINE
8
BLACK
6
CONTINUOUS
10
161.183
20
-101.496
11
161.237
21
-101.378
0
LINE
8
BLACK
6
CONTINUOUS
10
161.237
20
-101.378
11
161.248
21
-101.298
0
LINE
8
BLACK
6
CONTINUOUS
10
161.248
20
-101.298
11
161.255
21
-101.25
0
LINE
8
BLACK
6
CONTINUOUS
10
161.255
20
-101.25
11
161.255
21
-101.25
0
LINE
8
BLACK
6
CONTINUOUS
10
161.255
20
-101.25
11
161.237
21
-101.122
0
LINE
8
BLACK
6
CONTINUOUS
10
161.237
20
-101.122
11
161.22
21
-101.086
0
LINE
8
BLACK
6
CONTINUOUS
10
161.22
20
-101.086
11
161.183
21
-101.004
0
LINE
8
BLACK
6
CONTINUOUS
10
161.183
20
-101.004
11
161.098
21
-100.906
0
LINE
8
BLACK
6
CONTINUOUS
10
161.098
20
-100.906
11
161.098
21
-100.906
0
LINE
8
BLACK
6
CONTINUOUS
10
161.098
20
-100.906
11
161.098
21
-100.906
0
LINE
8
BLACK
6
CONTINUOUS
10
161.098
20
-100.906
11
160.989
21
-100.836
0
LINE
8
BLACK
6
CONTINUOUS
10
160.989
20
-100.836
11
160.989
21
-100.836
0
LINE
8
BLACK
6
CONTINUOUS
10
160.989
20
-100.836
11
160.989
21
-100.836
0
LINE
8
BLACK
6
CONTINUOUS
10
160.989
20
-100.836
11
160.989
21
-100.836
0
LINE
8
BLACK
6
CONTINUOUS
10
160.989
20
-100.836
11
160.865
21
-100.799
0
LINE
8
BLACK
6
CONTINUOUS
10
160.865
20
-100.799
11
160.865
21
-100.799
0
LINE
8
BLACK
6
CONTINUOUS
10
160.865
20
-100.799
11
160.735
21
-100.799
0
LINE
8
BLACK
6
CONTINUOUS
10
160.735
20
-100.799
11
160.735
21
-100.799
0
LINE
8
BLACK
6
CONTINUOUS
10
160.735
20
-100.799
11
160.611
21
-100.836
0
LINE
8
BLACK
6
CONTINUOUS
10
160.611
20
-100.836
11
160.611
21
-100.836
0
LINE
8
BLACK
6
CONTINUOUS
10
160.611
20
-100.836
11
160.502
21
-100.906
0
LINE
8
BLACK
6
CONTINUOUS
10
160.502
20
-100.906
11
160.417
21
-101.004
0
LINE
8
BLACK
6
CONTINUOUS
10
160.417
20
-101.004
11
160.363
21
-101.122
0
LINE
8
BLACK
6
CONTINUOUS
10
160.363
20
-101.122
11
160.345
21
-101.25
0
LINE
8
BLACK
6
CONTINUOUS
10
160.345
20
-101.25
11
160.345
21
-101.25
0
LINE
8
BLACK
6
CONTINUOUS
10
160.345
20
-101.25
11
160.363
21
-101.378
0
LINE
8
BLACK
6
CONTINUOUS
10
112.763
20
-101.228
11
112.803
21
-101.315
0
LINE
8
BLACK
6
CONTINUOUS
10
112.803
20
-101.315
11
112.817
21
-101.346
0
LINE
8
BLACK
6
CONTINUOUS
10
112.817
20
-101.346
11
112.902
21
-101.444
0
LINE
8
BLACK
6
CONTINUOUS
10
112.902
20
-101.444
11
112.902
21
-101.444
0
LINE
8
BLACK
6
CONTINUOUS
10
112.902
20
-101.444
11
112.989
21
-101.5
0
LINE
8
BLACK
6
CONTINUOUS
10
112.989
20
-101.5
11
113.011
21
-101.514
0
LINE
8
BLACK
6
CONTINUOUS
10
113.011
20
-101.514
11
113.135
21
-101.55
0
LINE
8
BLACK
6
CONTINUOUS
10
113.135
20
-101.55
11
113.135
21
-101.55
0
LINE
8
BLACK
6
CONTINUOUS
10
113.135
20
-101.55
11
113.265
21
-101.55
0
LINE
8
BLACK
6
CONTINUOUS
10
113.265
20
-101.55
11
113.265
21
-101.55
0
LINE
8
BLACK
6
CONTINUOUS
10
113.265
20
-101.55
11
113.389
21
-101.514
0
LINE
8
BLACK
6
CONTINUOUS
10
113.389
20
-101.514
11
113.498
21
-101.444
0
LINE
8
BLACK
6
CONTINUOUS
10
113.498
20
-101.444
11
113.583
21
-101.346
0
LINE
8
BLACK
6
CONTINUOUS
10
113.583
20
-101.346
11
113.637
21
-101.228
0
LINE
8
BLACK
6
CONTINUOUS
10
113.637
20
-101.228
11
113.648
21
-101.15
0
LINE
8
BLACK
6
CONTINUOUS
10
113.648
20
-101.15
11
113.655
21
-101.1
0
LINE
8
BLACK
6
CONTINUOUS
10
113.655
20
-101.1
11
113.655
21
-101.1
0
LINE
8
BLACK
6
CONTINUOUS
10
113.655
20
-101.1
11
113.637
21
-100.972
0
LINE
8
BLACK
6
CONTINUOUS
10
113.637
20
-100.972
11
113.615
21
-100.924
0
LINE
8
BLACK
6
CONTINUOUS
10
113.615
20
-100.924
11
113.583
21
-100.854
0
LINE
8
BLACK
6
CONTINUOUS
10
113.583
20
-100.854
11
113.498
21
-100.756
0
LINE
8
BLACK
6
CONTINUOUS
10
113.498
20
-100.756
11
113.498
21
-100.756
0
LINE
8
BLACK
6
CONTINUOUS
10
113.498
20
-100.756
11
113.498
21
-100.756
0
LINE
8
BLACK
6
CONTINUOUS
10
113.498
20
-100.756
11
113.389
21
-100.686
0
LINE
8
BLACK
6
CONTINUOUS
10
113.389
20
-100.686
11
113.389
21
-100.686
0
LINE
8
BLACK
6
CONTINUOUS
10
113.389
20
-100.686
11
113.389
21
-100.686
0
LINE
8
BLACK
6
CONTINUOUS
10
113.389
20
-100.686
11
113.389
21
-100.686
0
LINE
8
BLACK
6
CONTINUOUS
10
113.389
20
-100.686
11
113.265
21
-100.649
0
LINE
8
BLACK
6
CONTINUOUS
10
113.265
20
-100.649
11
113.265
21
-100.649
0
LINE
8
BLACK
6
CONTINUOUS
10
113.265
20
-100.649
11
113.135
21
-100.649
0
LINE
8
BLACK
6
CONTINUOUS
10
113.135
20
-100.649
11
113.135
21
-100.649
0
LINE
8
BLACK
6
CONTINUOUS
10
113.135
20
-100.649
11
113.011
21
-100.686
0
LINE
8
BLACK
6
CONTINUOUS
10
113.011
20
-100.686
11
113.011
21
-100.686
0
LINE
8
BLACK
6
CONTINUOUS
10
113.011
20
-100.686
11
112.902
21
-100.756
0
LINE
8
BLACK
6
CONTINUOUS
10
112.902
20
-100.756
11
112.817
21
-100.854
0
LINE
8
BLACK
6
CONTINUOUS
10
112.817
20
-100.854
11
112.763
21
-100.972
0
LINE
8
BLACK
6
CONTINUOUS
10
112.763
20
-100.972
11
112.745
21
-101.1
0
LINE
8
BLACK
6
CONTINUOUS
10
112.745
20
-101.1
11
112.745
21
-101.1
0
LINE
8
BLACK
6
CONTINUOUS
10
112.745
20
-101.1
11
112.763
21
-101.228
0
LINE
8
BLACK
6
CONTINUOUS
10
141.363
20
-101.078
11
141.405
21
-101.17
0
LINE
8
BLACK
6
CONTINUOUS
10
141.405
20
-101.17
11
141.417
21
-101.196
0
LINE
8
BLACK
6
CONTINUOUS
10
141.417
20
-101.196
11
141.495
21
-101.286
0
LINE
8
BLACK
6
CONTINUOUS
10
141.495
20
-101.286
11
141.502
21
-101.294
0
LINE
8
BLACK
6
CONTINUOUS
10
141.502
20
-101.294
11
141.611
21
-101.364
0
LINE
8
BLACK
6
CONTINUOUS
10
141.611
20
-101.364
11
141.611
21
-101.364
0
LINE
8
BLACK
6
CONTINUOUS
10
141.611
20
-101.364
11
141.735
21
-101.4
0
LINE
8
BLACK
6
CONTINUOUS
10
141.735
20
-101.4
11
141.735
21
-101.4
0
LINE
8
BLACK
6
CONTINUOUS
10
141.735
20
-101.4
11
141.865
21
-101.4
0
LINE
8
BLACK
6
CONTINUOUS
10
141.865
20
-101.4
11
141.865
21
-101.4
0
LINE
8
BLACK
6
CONTINUOUS
10
141.865
20
-101.4
11
141.989
21
-101.364
0
LINE
8
BLACK
6
CONTINUOUS
10
141.989
20
-101.364
11
142.098
21
-101.294
0
LINE
8
BLACK
6
CONTINUOUS
10
142.098
20
-101.294
11
142.183
21
-101.196
0
LINE
8
BLACK
6
CONTINUOUS
10
142.183
20
-101.196
11
142.195
21
-101.17
0
LINE
8
BLACK
6
CONTINUOUS
10
142.195
20
-101.17
11
142.237
21
-101.078
0
LINE
8
BLACK
6
CONTINUOUS
10
142.237
20
-101.078
11
142.247
21
-101.004
0
LINE
8
BLACK
6
CONTINUOUS
10
142.247
20
-101.004
11
142.255
21
-100.95
0
LINE
8
BLACK
6
CONTINUOUS
10
142.255
20
-100.95
11
142.255
21
-100.95
0
LINE
8
BLACK
6
CONTINUOUS
10
142.255
20
-100.95
11
142.237
21
-100.822
0
LINE
8
BLACK
6
CONTINUOUS
10
142.237
20
-100.822
11
142.21
21
-100.764
0
LINE
8
BLACK
6
CONTINUOUS
10
142.21
20
-100.764
11
142.183
21
-100.704
0
LINE
8
BLACK
6
CONTINUOUS
10
142.183
20
-100.704
11
142.098
21
-100.606
0
LINE
8
BLACK
6
CONTINUOUS
10
142.098
20
-100.606
11
142.098
21
-100.606
0
LINE
8
BLACK
6
CONTINUOUS
10
142.098
20
-100.606
11
142.098
21
-100.606
0
LINE
8
BLACK
6
CONTINUOUS
10
142.098
20
-100.606
11
141.989
21
-100.536
0
LINE
8
BLACK
6
CONTINUOUS
10
141.989
20
-100.536
11
141.989
21
-100.536
0
LINE
8
BLACK
6
CONTINUOUS
10
141.989
20
-100.536
11
141.989
21
-100.536
0
LINE
8
BLACK
6
CONTINUOUS
10
141.989
20
-100.536
11
141.989
21
-100.536
0
LINE
8
BLACK
6
CONTINUOUS
10
141.989
20
-100.536
11
141.865
21
-100.499
0
LINE
8
BLACK
6
CONTINUOUS
10
141.865
20
-100.499
11
141.865
21
-100.499
0
LINE
8
BLACK
6
CONTINUOUS
10
141.865
20
-100.499
11
141.735
21
-100.499
0
LINE
8
BLACK
6
CONTINUOUS
10
141.735
20
-100.499
11
141.735
21
-100.499
0
LINE
8
BLACK
6
CONTINUOUS
10
141.735
20
-100.499
11
141.611
21
-100.536
0
LINE
8
BLACK
6
CONTINUOUS
10
141.611
20
-100.536
11
141.611
21
-100.536
0
LINE
8
BLACK
6
CONTINUOUS
10
141.611
20
-100.536
11
141.502
21
-100.606
0
LINE
8
BLACK
6
CONTINUOUS
10
141.502
20
-100.606
11
141.417
21
-100.704
0
LINE
8
BLACK
6
CONTINUOUS
10
141.417
20
-100.704
11
141.363
21
-100.822
0
LINE
8
BLACK
6
CONTINUOUS
10
141.363
20
-100.822
11
141.345
21
-100.95
0
LINE
8
BLACK
6
CONTINUOUS
10
141.345
20
-100.95
11
141.345
21
-100.95
0
LINE
8
BLACK
6
CONTINUOUS
10
141.345
20
-100.95
11
141.363
21
-101.078
0
LINE
8
BLACK
6
CONTINUOUS
10
103.767
20
-99.8378
11
103.835
21
-100.1
0
LINE
8
BLACK
6
CONTINUOUS
10
103.835
20
-100.1
11
103.835
21
-100.1
0
LINE
8
BLACK
6
CONTINUOUS
10
103.835
20
-100.1
11
103.942
21
-100.35
0
LINE
8
BLACK
6
CONTINUOUS
10
103.942
20
-100.35
11
103.999
21
-100.444
0
LINE
8
BLACK
6
CONTINUOUS
10
103.999
20
-100.444
11
104.055
21
-100.536
0
LINE
8
BLACK
6
CONTINUOUS
10
104.055
20
-100.536
11
104.083
21
-100.582
0
LINE
8
BLACK
6
CONTINUOUS
10
104.083
20
-100.582
11
104.083
21
-100.582
0
LINE
8
BLACK
6
CONTINUOUS
10
104.083
20
-100.582
11
104.257
21
-100.791
0
LINE
8
BLACK
6
CONTINUOUS
10
104.257
20
-100.791
11
104.257
21
-100.791
0
LINE
8
BLACK
6
CONTINUOUS
10
104.257
20
-100.791
11
104.257
21
-100.791
0
LINE
8
BLACK
6
CONTINUOUS
10
104.257
20
-100.791
11
104.257
21
-100.791
0
LINE
8
BLACK
6
CONTINUOUS
10
104.257
20
-100.791
11
104.307
21
-100.836
0
LINE
8
BLACK
6
CONTINUOUS
10
104.307
20
-100.836
11
104.435
21
-100.95
0
LINE
8
BLACK
6
CONTINUOUS
10
104.435
20
-100.95
11
104.459
21
-100.972
0
LINE
8
BLACK
6
CONTINUOUS
10
104.459
20
-100.972
11
104.685
21
-101.122
0
LINE
8
BLACK
6
CONTINUOUS
10
104.685
20
-101.122
11
104.685
21
-101.122
0
LINE
8
BLACK
6
CONTINUOUS
10
104.685
20
-101.122
11
104.685
21
-101.122
0
LINE
8
BLACK
6
CONTINUOUS
10
104.685
20
-101.122
11
104.818
21
-101.184
0
LINE
8
BLACK
6
CONTINUOUS
10
104.818
20
-101.184
11
104.931
21
-101.237
0
LINE
8
BLACK
6
CONTINUOUS
10
104.931
20
-101.237
11
105.043
21
-101.271
0
LINE
8
BLACK
6
CONTINUOUS
10
105.043
20
-101.271
11
105.191
21
-101.315
0
LINE
8
BLACK
6
CONTINUOUS
10
105.191
20
-101.315
11
105.191
21
-101.315
0
LINE
8
BLACK
6
CONTINUOUS
10
105.191
20
-101.315
11
105.191
21
-101.315
0
LINE
8
BLACK
6
CONTINUOUS
10
105.191
20
-101.315
11
105.393
21
-101.345
0
LINE
8
BLACK
6
CONTINUOUS
10
105.393
20
-101.345
11
105.46
21
-101.355
0
LINE
8
BLACK
6
CONTINUOUS
10
105.46
20
-101.355
11
105.46
21
-101.355
0
LINE
8
BLACK
6
CONTINUOUS
10
105.46
20
-101.355
11
105.663
21
-101.355
0
LINE
8
BLACK
6
CONTINUOUS
10
105.663
20
-101.355
11
105.866
21
-101.34
0
LINE
8
BLACK
6
CONTINUOUS
10
105.866
20
-101.34
11
106.131
21
-101.281
0
LINE
8
BLACK
6
CONTINUOUS
10
106.131
20
-101.281
11
106.385
21
-101.184
0
LINE
8
BLACK
6
CONTINUOUS
10
106.385
20
-101.184
11
106.534
21
-101.1
0
LINE
8
BLACK
6
CONTINUOUS
10
106.534
20
-101.1
11
106.622
21
-101.051
0
LINE
8
BLACK
6
CONTINUOUS
10
106.622
20
-101.051
11
106.837
21
-100.885
0
LINE
8
BLACK
6
CONTINUOUS
10
106.837
20
-100.885
11
107.025
21
-100.69
0
LINE
8
BLACK
6
CONTINUOUS
10
107.025
20
-100.69
11
107.183
21
-100.469
0
LINE
8
BLACK
6
CONTINUOUS
10
107.183
20
-100.469
11
107.244
21
-100.35
0
LINE
8
BLACK
6
CONTINUOUS
10
107.244
20
-100.35
11
107.307
21
-100.227
0
LINE
8
BLACK
6
CONTINUOUS
10
107.307
20
-100.227
11
107.395
21
-99.9704
0
LINE
8
BLACK
6
CONTINUOUS
10
107.395
20
-99.9704
11
107.444
21
-99.7034
0
LINE
8
BLACK
6
CONTINUOUS
10
107.444
20
-99.7034
11
107.449
21
-99.58
0
LINE
8
BLACK
6
CONTINUOUS
10
107.449
20
-99.58
11
107.454
21
-99.4321
0
LINE
8
BLACK
6
CONTINUOUS
10
107.454
20
-99.4321
11
107.424
21
-99.1622
0
LINE
8
BLACK
6
CONTINUOUS
10
107.424
20
-99.1622
11
107.356
21
-98.8996
0
LINE
8
BLACK
6
CONTINUOUS
10
107.356
20
-98.8996
11
107.249
21
-98.6497
0
LINE
8
BLACK
6
CONTINUOUS
10
107.249
20
-98.6497
11
107.158
21
-98.5
0
LINE
8
BLACK
6
CONTINUOUS
10
107.158
20
-98.5
11
107.108
21
-98.4179
0
LINE
8
BLACK
6
CONTINUOUS
10
107.108
20
-98.4179
11
107.063
21
-98.364
0
LINE
8
BLACK
6
CONTINUOUS
10
107.063
20
-98.364
11
106.934
21
-98.2093
0
LINE
8
BLACK
6
CONTINUOUS
10
106.934
20
-98.2093
11
106.934
21
-98.2093
0
LINE
8
BLACK
6
CONTINUOUS
10
106.934
20
-98.2093
11
106.732
21
-98.0281
0
LINE
8
BLACK
6
CONTINUOUS
10
106.732
20
-98.0281
11
106.732
21
-98.0281
0
LINE
8
BLACK
6
CONTINUOUS
10
106.732
20
-98.0281
11
106.732
21
-98.0281
0
LINE
8
BLACK
6
CONTINUOUS
10
106.732
20
-98.0281
11
106.614
21
-97.95
0
LINE
8
BLACK
6
CONTINUOUS
10
106.614
20
-97.95
11
106.506
21
-97.8783
0
LINE
8
BLACK
6
CONTINUOUS
10
106.506
20
-97.8783
11
106.506
21
-97.8783
0
LINE
8
BLACK
6
CONTINUOUS
10
106.506
20
-97.8783
11
106.506
21
-97.8783
0
LINE
8
BLACK
6
CONTINUOUS
10
106.506
20
-97.8783
11
106.26
21
-97.7631
0
LINE
8
BLACK
6
CONTINUOUS
10
106.26
20
-97.7631
11
106
21
-97.6848
0
LINE
8
BLACK
6
CONTINUOUS
10
106
20
-97.6848
11
106
21
-97.6848
0
LINE
8
BLACK
6
CONTINUOUS
10
106
20
-97.6848
11
105.731
21
-97.6453
0
LINE
8
BLACK
6
CONTINUOUS
10
105.731
20
-97.6453
11
105.731
21
-97.6453
0
LINE
8
BLACK
6
CONTINUOUS
10
105.731
20
-97.6453
11
105.528
21
-97.6453
0
LINE
8
BLACK
6
CONTINUOUS
10
105.528
20
-97.6453
11
105.325
21
-97.6602
0
LINE
8
BLACK
6
CONTINUOUS
10
105.325
20
-97.6602
11
105.325
21
-97.6602
0
LINE
8
BLACK
6
CONTINUOUS
10
105.325
20
-97.6602
11
105.325
21
-97.6602
0
LINE
8
BLACK
6
CONTINUOUS
10
105.325
20
-97.6602
11
105.06
21
-97.7192
0
LINE
8
BLACK
6
CONTINUOUS
10
105.06
20
-97.7192
11
104.944
21
-97.7636
0
LINE
8
BLACK
6
CONTINUOUS
10
104.944
20
-97.7636
11
104.806
21
-97.8162
0
LINE
8
BLACK
6
CONTINUOUS
10
104.806
20
-97.8162
11
104.569
21
-97.9491
0
LINE
8
BLACK
6
CONTINUOUS
10
104.569
20
-97.9491
11
104.569
21
-97.9491
0
LINE
8
BLACK
6
CONTINUOUS
10
104.569
20
-97.9491
11
104.355
21
-98.115
0
LINE
8
BLACK
6
CONTINUOUS
10
104.355
20
-98.115
11
104.355
21
-98.115
0
LINE
8
BLACK
6
CONTINUOUS
10
104.355
20
-98.115
11
104.166
21
-98.3104
0
LINE
8
BLACK
6
CONTINUOUS
10
104.166
20
-98.3104
11
104.166
21
-98.3104
0
LINE
8
BLACK
6
CONTINUOUS
10
104.166
20
-98.3104
11
104.008
21
-98.5312
0
LINE
8
BLACK
6
CONTINUOUS
10
104.008
20
-98.5312
11
103.884
21
-98.7727
0
LINE
8
BLACK
6
CONTINUOUS
10
103.884
20
-98.7727
11
103.884
21
-98.7727
0
LINE
8
BLACK
6
CONTINUOUS
10
103.884
20
-98.7727
11
103.796
21
-99.0296
0
LINE
8
BLACK
6
CONTINUOUS
10
103.796
20
-99.0296
11
103.796
21
-99.0296
0
LINE
8
BLACK
6
CONTINUOUS
10
103.796
20
-99.0296
11
103.747
21
-99.2966
0
LINE
8
BLACK
6
CONTINUOUS
10
103.747
20
-99.2966
11
103.737
21
-99.5679
0
LINE
8
BLACK
6
CONTINUOUS
10
103.737
20
-99.5679
11
103.767
21
-99.8378
0
LINE
8
BLACK
6
CONTINUOUS
10
127.563
20
-97.4282
11
127.613
21
-97.536
0
LINE
8
BLACK
6
CONTINUOUS
10
127.613
20
-97.536
11
127.617
21
-97.5461
0
LINE
8
BLACK
6
CONTINUOUS
10
127.617
20
-97.5461
11
127.669
21
-97.606
0
LINE
8
BLACK
6
CONTINUOUS
10
127.669
20
-97.606
11
127.702
21
-97.644
0
LINE
8
BLACK
6
CONTINUOUS
10
127.702
20
-97.644
11
127.783
21
-97.6961
0
LINE
8
BLACK
6
CONTINUOUS
10
127.783
20
-97.6961
11
127.811
21
-97.714
0
LINE
8
BLACK
6
CONTINUOUS
10
127.811
20
-97.714
11
127.935
21
-97.7505
0
LINE
8
BLACK
6
CONTINUOUS
10
127.935
20
-97.7505
11
127.935
21
-97.7505
0
LINE
8
BLACK
6
CONTINUOUS
10
127.935
20
-97.7505
11
128.065
21
-97.7505
0
LINE
8
BLACK
6
CONTINUOUS
10
128.065
20
-97.7505
11
128.065
21
-97.7505
0
LINE
8
BLACK
6
CONTINUOUS
10
128.065
20
-97.7505
11
128.189
21
-97.714
0
LINE
8
BLACK
6
CONTINUOUS
10
128.189
20
-97.714
11
128.298
21
-97.644
0
LINE
8
BLACK
6
CONTINUOUS
10
128.298
20
-97.644
11
128.383
21
-97.5461
0
LINE
8
BLACK
6
CONTINUOUS
10
128.383
20
-97.5461
11
128.437
21
-97.4282
0
LINE
8
BLACK
6
CONTINUOUS
10
128.437
20
-97.4282
11
128.448
21
-97.3495
0
LINE
8
BLACK
6
CONTINUOUS
10
128.448
20
-97.3495
11
128.455
21
-97.3
0
LINE
8
BLACK
6
CONTINUOUS
10
128.455
20
-97.3
11
128.455
21
-97.3
0
LINE
8
BLACK
6
CONTINUOUS
10
128.455
20
-97.3
11
128.437
21
-97.1718
0
LINE
8
BLACK
6
CONTINUOUS
10
128.437
20
-97.1718
11
128.427
21
-97.15
0
LINE
8
BLACK
6
CONTINUOUS
10
128.427
20
-97.15
11
128.383
21
-97.0539
0
LINE
8
BLACK
6
CONTINUOUS
10
128.383
20
-97.0539
11
128.298
21
-96.956
0
LINE
8
BLACK
6
CONTINUOUS
10
128.298
20
-96.956
11
128.298
21
-96.956
0
LINE
8
BLACK
6
CONTINUOUS
10
128.298
20
-96.956
11
128.298
21
-96.956
0
LINE
8
BLACK
6
CONTINUOUS
10
128.298
20
-96.956
11
128.189
21
-96.886
0
LINE
8
BLACK
6
CONTINUOUS
10
128.189
20
-96.886
11
128.189
21
-96.886
0
LINE
8
BLACK
6
CONTINUOUS
10
128.189
20
-96.886
11
128.189
21
-96.886
0
LINE
8
BLACK
6
CONTINUOUS
10
128.189
20
-96.886
11
128.189
21
-96.886
0
LINE
8
BLACK
6
CONTINUOUS
10
128.189
20
-96.886
11
128.065
21
-96.8495
0
LINE
8
BLACK
6
CONTINUOUS
10
128.065
20
-96.8495
11
128.065
21
-96.8495
0
LINE
8
BLACK
6
CONTINUOUS
10
128.065
20
-96.8495
11
127.935
21
-96.8495
0
LINE
8
BLACK
6
CONTINUOUS
10
127.935
20
-96.8495
11
127.935
21
-96.8495
0
LINE
8
BLACK
6
CONTINUOUS
10
127.935
20
-96.8495
11
127.811
21
-96.886
0
LINE
8
BLACK
6
CONTINUOUS
10
127.811
20
-96.886
11
127.811
21
-96.886
0
LINE
8
BLACK
6
CONTINUOUS
10
127.811
20
-96.886
11
127.702
21
-96.956
0
LINE
8
BLACK
6
CONTINUOUS
10
127.702
20
-96.956
11
127.617
21
-97.0539
0
LINE
8
BLACK
6
CONTINUOUS
10
127.617
20
-97.0539
11
127.563
21
-97.1718
0
LINE
8
BLACK
6
CONTINUOUS
10
127.563
20
-97.1718
11
127.545
21
-97.3
0
LINE
8
BLACK
6
CONTINUOUS
10
127.545
20
-97.3
11
127.545
21
-97.3
0
LINE
8
BLACK
6
CONTINUOUS
10
127.545
20
-97.3
11
127.563
21
-97.4282
0
LINE
8
BLACK
6
CONTINUOUS
10
116.463
20
-97.1282
11
116.513
21
-97.236
0
LINE
8
BLACK
6
CONTINUOUS
10
116.513
20
-97.236
11
116.517
21
-97.2461
0
LINE
8
BLACK
6
CONTINUOUS
10
116.517
20
-97.2461
11
116.595
21
-97.3364
0
LINE
8
BLACK
6
CONTINUOUS
10
116.595
20
-97.3364
11
116.602
21
-97.344
0
LINE
8
BLACK
6
CONTINUOUS
10
116.602
20
-97.344
11
116.674
21
-97.39
0
LINE
8
BLACK
6
CONTINUOUS
10
116.674
20
-97.39
11
116.711
21
-97.414
0
LINE
8
BLACK
6
CONTINUOUS
10
116.711
20
-97.414
11
116.835
21
-97.4505
0
LINE
8
BLACK
6
CONTINUOUS
10
116.835
20
-97.4505
11
116.835
21
-97.4505
0
LINE
8
BLACK
6
CONTINUOUS
10
116.835
20
-97.4505
11
116.965
21
-97.4505
0
LINE
8
BLACK
6
CONTINUOUS
10
116.965
20
-97.4505
11
116.965
21
-97.4505
0
LINE
8
BLACK
6
CONTINUOUS
10
116.965
20
-97.4505
11
117.089
21
-97.414
0
LINE
8
BLACK
6
CONTINUOUS
10
117.089
20
-97.414
11
117.198
21
-97.344
0
LINE
8
BLACK
6
CONTINUOUS
10
117.198
20
-97.344
11
117.283
21
-97.2461
0
LINE
8
BLACK
6
CONTINUOUS
10
117.283
20
-97.2461
11
117.337
21
-97.1282
0
LINE
8
BLACK
6
CONTINUOUS
10
117.337
20
-97.1282
11
117.347
21
-97.0539
0
LINE
8
BLACK
6
CONTINUOUS
10
117.347
20
-97.0539
11
117.355
21
-97
0
LINE
8
BLACK
6
CONTINUOUS
10
117.355
20
-97
11
117.355
21
-97
0
LINE
8
BLACK
6
CONTINUOUS
10
117.355
20
-97
11
117.337
21
-96.8718
0
LINE
8
BLACK
6
CONTINUOUS
10
117.337
20
-96.8718
11
117.336
21
-96.8697
0
LINE
8
BLACK
6
CONTINUOUS
10
117.336
20
-96.8697
11
117.283
21
-96.7539
0
LINE
8
BLACK
6
CONTINUOUS
10
117.283
20
-96.7539
11
117.198
21
-96.656
0
LINE
8
BLACK
6
CONTINUOUS
10
117.198
20
-96.656
11
117.198
21
-96.656
0
LINE
8
BLACK
6
CONTINUOUS
10
117.198
20
-96.656
11
117.198
21
-96.656
0
LINE
8
BLACK
6
CONTINUOUS
10
117.198
20
-96.656
11
117.089
21
-96.586
0
LINE
8
BLACK
6
CONTINUOUS
10
117.089
20
-96.586
11
117.089
21
-96.586
0
LINE
8
BLACK
6
CONTINUOUS
10
117.089
20
-96.586
11
117.089
21
-96.586
0
LINE
8
BLACK
6
CONTINUOUS
10
117.089
20
-96.586
11
117.089
21
-96.586
0
LINE
8
BLACK
6
CONTINUOUS
10
117.089
20
-96.586
11
116.965
21
-96.5495
0
LINE
8
BLACK
6
CONTINUOUS
10
116.965
20
-96.5495
11
116.965
21
-96.5495
0
LINE
8
BLACK
6
CONTINUOUS
10
116.965
20
-96.5495
11
116.835
21
-96.5495
0
LINE
8
BLACK
6
CONTINUOUS
10
116.835
20
-96.5495
11
116.835
21
-96.5495
0
LINE
8
BLACK
6
CONTINUOUS
10
116.835
20
-96.5495
11
116.711
21
-96.586
0
LINE
8
BLACK
6
CONTINUOUS
10
116.711
20
-96.586
11
116.711
21
-96.586
0
LINE
8
BLACK
6
CONTINUOUS
10
116.711
20
-96.586
11
116.602
21
-96.656
0
LINE
8
BLACK
6
CONTINUOUS
10
116.602
20
-96.656
11
116.517
21
-96.7539
0
LINE
8
BLACK
6
CONTINUOUS
10
116.517
20
-96.7539
11
116.463
21
-96.8718
0
LINE
8
BLACK
6
CONTINUOUS
10
116.463
20
-96.8718
11
116.445
21
-97
0
LINE
8
BLACK
6
CONTINUOUS
10
116.445
20
-97
11
116.445
21
-97
0
LINE
8
BLACK
6
CONTINUOUS
10
116.445
20
-97
11
116.463
21
-97.1282
0
LINE
8
BLACK
6
CONTINUOUS
10
122.238
20
-97.1282
11
122.288
21
-97.236
0
LINE
8
BLACK
6
CONTINUOUS
10
122.288
20
-97.236
11
122.292
21
-97.2461
0
LINE
8
BLACK
6
CONTINUOUS
10
122.292
20
-97.2461
11
122.37
21
-97.3364
0
LINE
8
BLACK
6
CONTINUOUS
10
122.37
20
-97.3364
11
122.377
21
-97.344
0
LINE
8
BLACK
6
CONTINUOUS
10
122.377
20
-97.344
11
122.449
21
-97.39
0
LINE
8
BLACK
6
CONTINUOUS
10
122.449
20
-97.39
11
122.486
21
-97.414
0
LINE
8
BLACK
6
CONTINUOUS
10
122.486
20
-97.414
11
122.61
21
-97.4505
0
LINE
8
BLACK
6
CONTINUOUS
10
122.61
20
-97.4505
11
122.61
21
-97.4505
0
LINE
8
BLACK
6
CONTINUOUS
10
122.61
20
-97.4505
11
122.74
21
-97.4505
0
LINE
8
BLACK
6
CONTINUOUS
10
122.74
20
-97.4505
11
122.74
21
-97.4505
0
LINE
8
BLACK
6
CONTINUOUS
10
122.74
20
-97.4505
11
122.864
21
-97.414
0
LINE
8
BLACK
6
CONTINUOUS
10
122.864
20
-97.414
11
122.973
21
-97.344
0
LINE
8
BLACK
6
CONTINUOUS
10
122.973
20
-97.344
11
123.011
21
-97.3
0
LINE
8
BLACK
6
CONTINUOUS
10
123.011
20
-97.3
11
123.058
21
-97.2461
0
LINE
8
BLACK
6
CONTINUOUS
10
123.058
20
-97.2461
11
123.112
21
-97.1282
0
LINE
8
BLACK
6
CONTINUOUS
10
123.112
20
-97.1282
11
123.122
21
-97.0539
0
LINE
8
BLACK
6
CONTINUOUS
10
123.122
20
-97.0539
11
123.13
21
-97
0
LINE
8
BLACK
6
CONTINUOUS
10
123.13
20
-97
11
123.13
21
-97
0
LINE
8
BLACK
6
CONTINUOUS
10
123.13
20
-97
11
123.112
21
-96.8718
0
LINE
8
BLACK
6
CONTINUOUS
10
123.112
20
-96.8718
11
123.111
21
-96.8697
0
LINE
8
BLACK
6
CONTINUOUS
10
123.111
20
-96.8697
11
123.058
21
-96.7539
0
LINE
8
BLACK
6
CONTINUOUS
10
123.058
20
-96.7539
11
122.973
21
-96.656
0
LINE
8
BLACK
6
CONTINUOUS
10
122.973
20
-96.656
11
122.973
21
-96.656
0
LINE
8
BLACK
6
CONTINUOUS
10
122.973
20
-96.656
11
122.973
21
-96.656
0
LINE
8
BLACK
6
CONTINUOUS
10
122.973
20
-96.656
11
122.964
21
-96.65
0
LINE
8
BLACK
6
CONTINUOUS
10
122.964
20
-96.65
11
122.864
21
-96.586
0
LINE
8
BLACK
6
CONTINUOUS
10
122.864
20
-96.586
11
122.864
21
-96.586
0
LINE
8
BLACK
6
CONTINUOUS
10
122.864
20
-96.586
11
122.864
21
-96.586
0
LINE
8
BLACK
6
CONTINUOUS
10
122.864
20
-96.586
11
122.864
21
-96.586
0
LINE
8
BLACK
6
CONTINUOUS
10
122.864
20
-96.586
11
122.74
21
-96.5495
0
LINE
8
BLACK
6
CONTINUOUS
10
122.74
20
-96.5495
11
122.74
21
-96.5495
0
LINE
8
BLACK
6
CONTINUOUS
10
122.74
20
-96.5495
11
122.61
21
-96.5495
0
LINE
8
BLACK
6
CONTINUOUS
10
122.61
20
-96.5495
11
122.61
21
-96.5495
0
LINE
8
BLACK
6
CONTINUOUS
10
122.61
20
-96.5495
11
122.486
21
-96.586
0
LINE
8
BLACK
6
CONTINUOUS
10
122.486
20
-96.586
11
122.486
21
-96.586
0
LINE
8
BLACK
6
CONTINUOUS
10
122.486
20
-96.586
11
122.377
21
-96.656
0
LINE
8
BLACK
6
CONTINUOUS
10
122.377
20
-96.656
11
122.292
21
-96.7539
0
LINE
8
BLACK
6
CONTINUOUS
10
122.292
20
-96.7539
11
122.238
21
-96.8718
0
LINE
8
BLACK
6
CONTINUOUS
10
122.238
20
-96.8718
11
122.22
21
-97
0
LINE
8
BLACK
6
CONTINUOUS
10
122.22
20
-97
11
122.22
21
-97
0
LINE
8
BLACK
6
CONTINUOUS
10
122.22
20
-97
11
122.238
21
-97.1282
0
LINE
8
BLACK
6
CONTINUOUS
10
176.763
20
-96.6282
11
176.813
21
-96.736
0
LINE
8
BLACK
6
CONTINUOUS
10
176.813
20
-96.736
11
176.817
21
-96.7461
0
LINE
8
BLACK
6
CONTINUOUS
10
176.817
20
-96.7461
11
176.869
21
-96.806
0
LINE
8
BLACK
6
CONTINUOUS
10
176.869
20
-96.806
11
176.902
21
-96.844
0
LINE
8
BLACK
6
CONTINUOUS
10
176.902
20
-96.844
11
177.008
21
-96.9119
0
LINE
8
BLACK
6
CONTINUOUS
10
177.008
20
-96.9119
11
177.011
21
-96.914
0
LINE
8
BLACK
6
CONTINUOUS
10
177.011
20
-96.914
11
177.135
21
-96.9505
0
LINE
8
BLACK
6
CONTINUOUS
10
177.135
20
-96.9505
11
177.135
21
-96.9505
0
LINE
8
BLACK
6
CONTINUOUS
10
177.135
20
-96.9505
11
177.265
21
-96.9505
0
LINE
8
BLACK
6
CONTINUOUS
10
177.265
20
-96.9505
11
177.265
21
-96.9505
0
LINE
8
BLACK
6
CONTINUOUS
10
177.265
20
-96.9505
11
177.389
21
-96.914
0
LINE
8
BLACK
6
CONTINUOUS
10
177.389
20
-96.914
11
177.498
21
-96.844
0
LINE
8
BLACK
6
CONTINUOUS
10
177.498
20
-96.844
11
177.583
21
-96.7461
0
LINE
8
BLACK
6
CONTINUOUS
10
177.583
20
-96.7461
11
177.637
21
-96.6282
0
LINE
8
BLACK
6
CONTINUOUS
10
177.637
20
-96.6282
11
177.645
21
-96.5718
0
LINE
8
BLACK
6
CONTINUOUS
10
177.645
20
-96.5718
11
177.655
21
-96.5
0
LINE
8
BLACK
6
CONTINUOUS
10
177.655
20
-96.5
11
177.655
21
-96.5
0
LINE
8
BLACK
6
CONTINUOUS
10
177.655
20
-96.5
11
177.637
21
-96.3718
0
LINE
8
BLACK
6
CONTINUOUS
10
177.637
20
-96.3718
11
177.629
21
-96.3539
0
LINE
8
BLACK
6
CONTINUOUS
10
177.629
20
-96.3539
11
177.583
21
-96.2539
0
LINE
8
BLACK
6
CONTINUOUS
10
177.583
20
-96.2539
11
177.498
21
-96.156
0
LINE
8
BLACK
6
CONTINUOUS
10
177.498
20
-96.156
11
177.498
21
-96.156
0
LINE
8
BLACK
6
CONTINUOUS
10
177.498
20
-96.156
11
177.498
21
-96.156
0
LINE
8
BLACK
6
CONTINUOUS
10
177.498
20
-96.156
11
177.389
21
-96.086
0
LINE
8
BLACK
6
CONTINUOUS
10
177.389
20
-96.086
11
177.389
21
-96.086
0
LINE
8
BLACK
6
CONTINUOUS
10
177.389
20
-96.086
11
177.389
21
-96.086
0
LINE
8
BLACK
6
CONTINUOUS
10
177.389
20
-96.086
11
177.389
21
-96.086
0
LINE
8
BLACK
6
CONTINUOUS
10
177.389
20
-96.086
11
177.265
21
-96.0495
0
LINE
8
BLACK
6
CONTINUOUS
10
177.265
20
-96.0495
11
177.265
21
-96.0495
0
LINE
8
BLACK
6
CONTINUOUS
10
177.265
20
-96.0495
11
177.135
21
-96.0495
0
LINE
8
BLACK
6
CONTINUOUS
10
177.135
20
-96.0495
11
177.135
21
-96.0495
0
LINE
8
BLACK
6
CONTINUOUS
10
177.135
20
-96.0495
11
177.011
21
-96.086
0
LINE
8
BLACK
6
CONTINUOUS
10
177.011
20
-96.086
11
177.011
21
-96.086
0
LINE
8
BLACK
6
CONTINUOUS
10
177.011
20
-96.086
11
176.902
21
-96.156
0
LINE
8
BLACK
6
CONTINUOUS
10
176.902
20
-96.156
11
176.817
21
-96.2539
0
LINE
8
BLACK
6
CONTINUOUS
10
176.817
20
-96.2539
11
176.763
21
-96.3718
0
LINE
8
BLACK
6
CONTINUOUS
10
176.763
20
-96.3718
11
176.745
21
-96.5
0
LINE
8
BLACK
6
CONTINUOUS
10
176.745
20
-96.5
11
176.745
21
-96.5
0
LINE
8
BLACK
6
CONTINUOUS
10
176.745
20
-96.5
11
176.763
21
-96.6282
0
LINE
8
BLACK
6
CONTINUOUS
10
178.063
20
-96.6282
11
178.113
21
-96.736
0
LINE
8
BLACK
6
CONTINUOUS
10
178.113
20
-96.736
11
178.117
21
-96.7461
0
LINE
8
BLACK
6
CONTINUOUS
10
178.117
20
-96.7461
11
178.169
21
-96.806
0
LINE
8
BLACK
6
CONTINUOUS
10
178.169
20
-96.806
11
178.202
21
-96.844
0
LINE
8
BLACK
6
CONTINUOUS
10
178.202
20
-96.844
11
178.308
21
-96.9119
0
LINE
8
BLACK
6
CONTINUOUS
10
178.308
20
-96.9119
11
178.311
21
-96.914
0
LINE
8
BLACK
6
CONTINUOUS
10
178.311
20
-96.914
11
178.435
21
-96.9505
0
LINE
8
BLACK
6
CONTINUOUS
10
178.435
20
-96.9505
11
178.435
21
-96.9505
0
LINE
8
BLACK
6
CONTINUOUS
10
178.435
20
-96.9505
11
178.565
21
-96.9505
0
LINE
8
BLACK
6
CONTINUOUS
10
178.565
20
-96.9505
11
178.565
21
-96.9505
0
LINE
8
BLACK
6
CONTINUOUS
10
178.565
20
-96.9505
11
178.689
21
-96.914
0
LINE
8
BLACK
6
CONTINUOUS
10
178.689
20
-96.914
11
178.798
21
-96.844
0
LINE
8
BLACK
6
CONTINUOUS
10
178.798
20
-96.844
11
178.883
21
-96.7461
0
LINE
8
BLACK
6
CONTINUOUS
10
178.883
20
-96.7461
11
178.937
21
-96.6282
0
LINE
8
BLACK
6
CONTINUOUS
10
178.937
20
-96.6282
11
178.945
21
-96.5718
0
LINE
8
BLACK
6
CONTINUOUS
10
178.945
20
-96.5718
11
178.955
21
-96.5
0
LINE
8
BLACK
6
CONTINUOUS
10
178.955
20
-96.5
11
178.955
21
-96.5
0
LINE
8
BLACK
6
CONTINUOUS
10
178.955
20
-96.5
11
178.937
21
-96.3718
0
LINE
8
BLACK
6
CONTINUOUS
10
178.937
20
-96.3718
11
178.929
21
-96.3539
0
LINE
8
BLACK
6
CONTINUOUS
10
178.929
20
-96.3539
11
178.883
21
-96.2539
0
LINE
8
BLACK
6
CONTINUOUS
10
178.883
20
-96.2539
11
178.798
21
-96.156
0
LINE
8
BLACK
6
CONTINUOUS
10
178.798
20
-96.156
11
178.798
21
-96.156
0
LINE
8
BLACK
6
CONTINUOUS
10
178.798
20
-96.156
11
178.798
21
-96.156
0
LINE
8
BLACK
6
CONTINUOUS
10
178.798
20
-96.156
11
178.689
21
-96.086
0
LINE
8
BLACK
6
CONTINUOUS
10
178.689
20
-96.086
11
178.689
21
-96.086
0
LINE
8
BLACK
6
CONTINUOUS
10
178.689
20
-96.086
11
178.689
21
-96.086
0
LINE
8
BLACK
6
CONTINUOUS
10
178.689
20
-96.086
11
178.689
21
-96.086
0
LINE
8
BLACK
6
CONTINUOUS
10
178.689
20
-96.086
11
178.565
21
-96.0495
0
LINE
8
BLACK
6
CONTINUOUS
10
178.565
20
-96.0495
11
178.565
21
-96.0495
0
LINE
8
BLACK
6
CONTINUOUS
10
178.565
20
-96.0495
11
178.435
21
-96.0495
0
LINE
8
BLACK
6
CONTINUOUS
10
178.435
20
-96.0495
11
178.435
21
-96.0495
0
LINE
8
BLACK
6
CONTINUOUS
10
178.435
20
-96.0495
11
178.311
21
-96.086
0
LINE
8
BLACK
6
CONTINUOUS
10
178.311
20
-96.086
11
178.311
21
-96.086
0
LINE
8
BLACK
6
CONTINUOUS
10
178.311
20
-96.086
11
178.202
21
-96.156
0
LINE
8
BLACK
6
CONTINUOUS
10
178.202
20
-96.156
11
178.117
21
-96.2539
0
LINE
8
BLACK
6
CONTINUOUS
10
178.117
20
-96.2539
11
178.063
21
-96.3718
0
LINE
8
BLACK
6
CONTINUOUS
10
178.063
20
-96.3718
11
178.045
21
-96.5
0
LINE
8
BLACK
6
CONTINUOUS
10
178.045
20
-96.5
11
178.045
21
-96.5
0
LINE
8
BLACK
6
CONTINUOUS
10
178.045
20
-96.5
11
178.063
21
-96.6282
0
LINE
8
BLACK
6
CONTINUOUS
10
168.303
20
-96.4382
11
168.344
21
-96.5282
0
LINE
8
BLACK
6
CONTINUOUS
10
168.344
20
-96.5282
11
168.357
21
-96.5561
0
LINE
8
BLACK
6
CONTINUOUS
10
168.357
20
-96.5561
11
168.439
21
-96.6505
0
LINE
8
BLACK
6
CONTINUOUS
10
168.439
20
-96.6505
11
168.442
21
-96.654
0
LINE
8
BLACK
6
CONTINUOUS
10
168.442
20
-96.654
11
168.513
21
-96.6995
0
LINE
8
BLACK
6
CONTINUOUS
10
168.513
20
-96.6995
11
168.551
21
-96.724
0
LINE
8
BLACK
6
CONTINUOUS
10
168.551
20
-96.724
11
168.675
21
-96.7605
0
LINE
8
BLACK
6
CONTINUOUS
10
168.675
20
-96.7605
11
168.675
21
-96.7605
0
LINE
8
BLACK
6
CONTINUOUS
10
168.675
20
-96.7605
11
168.805
21
-96.7605
0
LINE
8
BLACK
6
CONTINUOUS
10
168.805
20
-96.7605
11
168.805
21
-96.7605
0
LINE
8
BLACK
6
CONTINUOUS
10
168.805
20
-96.7605
11
168.929
21
-96.724
0
LINE
8
BLACK
6
CONTINUOUS
10
168.929
20
-96.724
11
169.038
21
-96.654
0
LINE
8
BLACK
6
CONTINUOUS
10
169.038
20
-96.654
11
169.123
21
-96.5561
0
LINE
8
BLACK
6
CONTINUOUS
10
169.123
20
-96.5561
11
169.148
21
-96.5
0
LINE
8
BLACK
6
CONTINUOUS
10
169.148
20
-96.5
11
169.177
21
-96.4382
0
LINE
8
BLACK
6
CONTINUOUS
10
169.177
20
-96.4382
11
169.19
21
-96.3432
0
LINE
8
BLACK
6
CONTINUOUS
10
169.19
20
-96.3432
11
169.217
21
-96.2883
0
LINE
8
BLACK
6
CONTINUOUS
10
169.217
20
-96.2883
11
169.271
21
-96.2598
0
LINE
8
BLACK
6
CONTINUOUS
10
169.271
20
-96.2598
11
169.332
21
-96.2685
0
LINE
8
BLACK
6
CONTINUOUS
10
169.332
20
-96.2685
11
169.342
21
-96.274
0
LINE
8
BLACK
6
CONTINUOUS
10
169.342
20
-96.274
11
169.411
21
-96.3188
0
LINE
8
BLACK
6
CONTINUOUS
10
169.411
20
-96.3188
11
169.411
21
-96.3188
0
LINE
8
BLACK
6
CONTINUOUS
10
169.411
20
-96.3188
11
169.536
21
-96.3552
0
LINE
8
BLACK
6
CONTINUOUS
10
169.536
20
-96.3552
11
169.536
21
-96.3552
0
LINE
8
BLACK
6
CONTINUOUS
10
169.536
20
-96.3552
11
169.665
21
-96.3552
0
LINE
8
BLACK
6
CONTINUOUS
10
169.665
20
-96.3552
11
169.665
21
-96.3552
0
LINE
8
BLACK
6
CONTINUOUS
10
169.665
20
-96.3552
11
169.79
21
-96.3188
0
LINE
8
BLACK
6
CONTINUOUS
10
169.79
20
-96.3188
11
169.899
21
-96.2487
0
LINE
8
BLACK
6
CONTINUOUS
10
169.899
20
-96.2487
11
169.983
21
-96.1508
0
LINE
8
BLACK
6
CONTINUOUS
10
169.983
20
-96.1508
11
170.037
21
-96.033
0
LINE
8
BLACK
6
CONTINUOUS
10
170.037
20
-96.033
11
170.049
21
-95.9505
0
LINE
8
BLACK
6
CONTINUOUS
10
170.049
20
-95.9505
11
170.056
21
-95.9048
0
LINE
8
BLACK
6
CONTINUOUS
10
170.056
20
-95.9048
11
170.056
21
-95.9047
0
LINE
8
BLACK
6
CONTINUOUS
10
170.056
20
-95.9047
11
170.037
21
-95.7765
0
LINE
8
BLACK
6
CONTINUOUS
10
170.037
20
-95.7765
11
170.015
21
-95.7282
0
LINE
8
BLACK
6
CONTINUOUS
10
170.015
20
-95.7282
11
169.983
21
-95.6587
0
LINE
8
BLACK
6
CONTINUOUS
10
169.983
20
-95.6587
11
169.933
21
-95.6
0
LINE
8
BLACK
6
CONTINUOUS
10
169.933
20
-95.6
11
169.899
21
-95.5608
0
LINE
8
BLACK
6
CONTINUOUS
10
169.899
20
-95.5608
11
169.899
21
-95.5608
0
LINE
8
BLACK
6
CONTINUOUS
10
169.899
20
-95.5608
11
169.899
21
-95.5608
0
LINE
8
BLACK
6
CONTINUOUS
10
169.899
20
-95.5608
11
169.79
21
-95.4907
0
LINE
8
BLACK
6
CONTINUOUS
10
169.79
20
-95.4907
11
169.79
21
-95.4907
0
LINE
8
BLACK
6
CONTINUOUS
10
169.79
20
-95.4907
11
169.79
21
-95.4907
0
LINE
8
BLACK
6
CONTINUOUS
10
169.79
20
-95.4907
11
169.79
21
-95.4907
0
LINE
8
BLACK
6
CONTINUOUS
10
169.79
20
-95.4907
11
169.665
21
-95.4543
0
LINE
8
BLACK
6
CONTINUOUS
10
169.665
20
-95.4543
11
169.665
21
-95.4543
0
LINE
8
BLACK
6
CONTINUOUS
10
169.665
20
-95.4543
11
169.536
21
-95.4543
0
LINE
8
BLACK
6
CONTINUOUS
10
169.536
20
-95.4543
11
169.536
21
-95.4543
0
LINE
8
BLACK
6
CONTINUOUS
10
169.536
20
-95.4543
11
169.411
21
-95.4907
0
LINE
8
BLACK
6
CONTINUOUS
10
169.411
20
-95.4907
11
169.411
21
-95.4907
0
LINE
8
BLACK
6
CONTINUOUS
10
169.411
20
-95.4907
11
169.302
21
-95.5608
0
LINE
8
BLACK
6
CONTINUOUS
10
169.302
20
-95.5608
11
169.218
21
-95.6587
0
LINE
8
BLACK
6
CONTINUOUS
10
169.218
20
-95.6587
11
169.164
21
-95.7765
0
LINE
8
BLACK
6
CONTINUOUS
10
169.164
20
-95.7765
11
169.15
21
-95.8715
0
LINE
8
BLACK
6
CONTINUOUS
10
169.15
20
-95.8715
11
169.123
21
-95.9264
0
LINE
8
BLACK
6
CONTINUOUS
10
169.123
20
-95.9264
11
169.069
21
-95.955
0
LINE
8
BLACK
6
CONTINUOUS
10
169.069
20
-95.955
11
169.008
21
-95.9463
0
LINE
8
BLACK
6
CONTINUOUS
10
169.008
20
-95.9463
11
168.999
21
-95.9407
0
LINE
8
BLACK
6
CONTINUOUS
10
168.999
20
-95.9407
11
168.929
21
-95.896
0
LINE
8
BLACK
6
CONTINUOUS
10
168.929
20
-95.896
11
168.929
21
-95.896
0
LINE
8
BLACK
6
CONTINUOUS
10
168.929
20
-95.896
11
168.929
21
-95.896
0
LINE
8
BLACK
6
CONTINUOUS
10
168.929
20
-95.896
11
168.915
21
-95.8919
0
LINE
8
BLACK
6
CONTINUOUS
10
168.915
20
-95.8919
11
168.805
21
-95.8595
0
LINE
8
BLACK
6
CONTINUOUS
10
168.805
20
-95.8595
11
168.805
21
-95.8595
0
LINE
8
BLACK
6
CONTINUOUS
10
168.805
20
-95.8595
11
168.675
21
-95.8595
0
LINE
8
BLACK
6
CONTINUOUS
10
168.675
20
-95.8595
11
168.675
21
-95.8595
0
LINE
8
BLACK
6
CONTINUOUS
10
168.675
20
-95.8595
11
168.551
21
-95.896
0
LINE
8
BLACK
6
CONTINUOUS
10
168.551
20
-95.896
11
168.551
21
-95.896
0
LINE
8
BLACK
6
CONTINUOUS
10
168.551
20
-95.896
11
168.442
21
-95.966
0
LINE
8
BLACK
6
CONTINUOUS
10
168.442
20
-95.966
11
168.357
21
-96.0639
0
LINE
8
BLACK
6
CONTINUOUS
10
168.357
20
-96.0639
11
168.303
21
-96.1818
0
LINE
8
BLACK
6
CONTINUOUS
10
168.303
20
-96.1818
11
168.285
21
-96.31
0
LINE
8
BLACK
6
CONTINUOUS
10
168.285
20
-96.31
11
168.285
21
-96.31
0
LINE
8
BLACK
6
CONTINUOUS
10
168.285
20
-96.31
11
168.303
21
-96.4382
0
LINE
8
BLACK
6
CONTINUOUS
10
165.663
20
-96.3282
11
165.702
21
-96.414
0
LINE
8
BLACK
6
CONTINUOUS
10
165.702
20
-96.414
11
165.717
21
-96.4461
0
LINE
8
BLACK
6
CONTINUOUS
10
165.717
20
-96.4461
11
165.764
21
-96.5
0
LINE
8
BLACK
6
CONTINUOUS
10
165.764
20
-96.5
11
165.802
21
-96.544
0
LINE
8
BLACK
6
CONTINUOUS
10
165.802
20
-96.544
11
165.889
21
-96.6
0
LINE
8
BLACK
6
CONTINUOUS
10
165.889
20
-96.6
11
165.911
21
-96.614
0
LINE
8
BLACK
6
CONTINUOUS
10
165.911
20
-96.614
11
166.035
21
-96.6505
0
LINE
8
BLACK
6
CONTINUOUS
10
166.035
20
-96.6505
11
166.035
21
-96.6505
0
LINE
8
BLACK
6
CONTINUOUS
10
166.035
20
-96.6505
11
166.165
21
-96.6505
0
LINE
8
BLACK
6
CONTINUOUS
10
166.165
20
-96.6505
11
166.165
21
-96.6505
0
LINE
8
BLACK
6
CONTINUOUS
10
166.165
20
-96.6505
11
166.289
21
-96.614
0
LINE
8
BLACK
6
CONTINUOUS
10
166.289
20
-96.614
11
166.398
21
-96.544
0
LINE
8
BLACK
6
CONTINUOUS
10
166.398
20
-96.544
11
166.483
21
-96.4461
0
LINE
8
BLACK
6
CONTINUOUS
10
166.483
20
-96.4461
11
166.537
21
-96.3282
0
LINE
8
BLACK
6
CONTINUOUS
10
166.537
20
-96.3282
11
166.539
21
-96.31
0
LINE
8
BLACK
6
CONTINUOUS
10
166.539
20
-96.31
11
166.548
21
-96.2495
0
LINE
8
BLACK
6
CONTINUOUS
10
166.548
20
-96.2495
11
166.555
21
-96.2
0
LINE
8
BLACK
6
CONTINUOUS
10
166.555
20
-96.2
11
166.555
21
-96.2
0
LINE
8
BLACK
6
CONTINUOUS
10
166.555
20
-96.2
11
166.537
21
-96.0718
0
LINE
8
BLACK
6
CONTINUOUS
10
166.537
20
-96.0718
11
166.535
21
-96.0677
0
LINE
8
BLACK
6
CONTINUOUS
10
166.535
20
-96.0677
11
166.483
21
-95.9539
0
LINE
8
BLACK
6
CONTINUOUS
10
166.483
20
-95.9539
11
166.398
21
-95.856
0
LINE
8
BLACK
6
CONTINUOUS
10
166.398
20
-95.856
11
166.398
21
-95.856
0
LINE
8
BLACK
6
CONTINUOUS
10
166.398
20
-95.856
11
166.398
21
-95.856
0
LINE
8
BLACK
6
CONTINUOUS
10
166.398
20
-95.856
11
166.289
21
-95.786
0
LINE
8
BLACK
6
CONTINUOUS
10
166.289
20
-95.786
11
166.289
21
-95.786
0
LINE
8
BLACK
6
CONTINUOUS
10
166.289
20
-95.786
11
166.289
21
-95.786
0
LINE
8
BLACK
6
CONTINUOUS
10
166.289
20
-95.786
11
166.289
21
-95.786
0
LINE
8
BLACK
6
CONTINUOUS
10
166.289
20
-95.786
11
166.165
21
-95.7495
0
LINE
8
BLACK
6
CONTINUOUS
10
166.165
20
-95.7495
11
166.165
21
-95.7495
0
LINE
8
BLACK
6
CONTINUOUS
10
166.165
20
-95.7495
11
166.035
21
-95.7495
0
LINE
8
BLACK
6
CONTINUOUS
10
166.035
20
-95.7495
11
166.035
21
-95.7495
0
LINE
8
BLACK
6
CONTINUOUS
10
166.035
20
-95.7495
11
165.911
21
-95.786
0
LINE
8
BLACK
6
CONTINUOUS
10
165.911
20
-95.786
11
165.911
21
-95.786
0
LINE
8
BLACK
6
CONTINUOUS
10
165.911
20
-95.786
11
165.802
21
-95.856
0
LINE
8
BLACK
6
CONTINUOUS
10
165.802
20
-95.856
11
165.717
21
-95.9539
0
LINE
8
BLACK
6
CONTINUOUS
10
165.717
20
-95.9539
11
165.663
21
-96.0718
0
LINE
8
BLACK
6
CONTINUOUS
10
165.663
20
-96.0718
11
165.645
21
-96.2
0
LINE
8
BLACK
6
CONTINUOUS
10
165.645
20
-96.2
11
165.645
21
-96.2
0
LINE
8
BLACK
6
CONTINUOUS
10
165.645
20
-96.2
11
165.663
21
-96.3282
0
LINE
8
BLACK
6
CONTINUOUS
10
170.713
20
-95.7282
11
170.746
21
-95.8
0
LINE
8
BLACK
6
CONTINUOUS
10
170.746
20
-95.8
11
170.767
21
-95.8461
0
LINE
8
BLACK
6
CONTINUOUS
10
170.767
20
-95.8461
11
170.837
21
-95.9264
0
LINE
8
BLACK
6
CONTINUOUS
10
170.837
20
-95.9264
11
170.852
21
-95.944
0
LINE
8
BLACK
6
CONTINUOUS
10
170.852
20
-95.944
11
170.944
21
-96.0032
0
LINE
8
BLACK
6
CONTINUOUS
10
170.944
20
-96.0032
11
170.961
21
-96.014
0
LINE
8
BLACK
6
CONTINUOUS
10
170.961
20
-96.014
11
171.085
21
-96.0505
0
LINE
8
BLACK
6
CONTINUOUS
10
171.085
20
-96.0505
11
171.085
21
-96.0505
0
LINE
8
BLACK
6
CONTINUOUS
10
171.085
20
-96.0505
11
171.215
21
-96.0505
0
LINE
8
BLACK
6
CONTINUOUS
10
171.215
20
-96.0505
11
171.215
21
-96.0505
0
LINE
8
BLACK
6
CONTINUOUS
10
171.215
20
-96.0505
11
171.339
21
-96.014
0
LINE
8
BLACK
6
CONTINUOUS
10
171.339
20
-96.014
11
171.448
21
-95.944
0
LINE
8
BLACK
6
CONTINUOUS
10
171.448
20
-95.944
11
171.533
21
-95.8461
0
LINE
8
BLACK
6
CONTINUOUS
10
171.533
20
-95.8461
11
171.587
21
-95.7282
0
LINE
8
BLACK
6
CONTINUOUS
10
171.587
20
-95.7282
11
171.598
21
-95.6468
0
LINE
8
BLACK
6
CONTINUOUS
10
171.598
20
-95.6468
11
171.605
21
-95.6
0
LINE
8
BLACK
6
CONTINUOUS
10
171.605
20
-95.6
11
171.605
21
-95.6
0
LINE
8
BLACK
6
CONTINUOUS
10
171.605
20
-95.6
11
171.587
21
-95.4718
0
LINE
8
BLACK
6
CONTINUOUS
10
171.587
20
-95.4718
11
171.556
21
-95.4039
0
LINE
8
BLACK
6
CONTINUOUS
10
171.556
20
-95.4039
11
171.533
21
-95.3539
0
LINE
8
BLACK
6
CONTINUOUS
10
171.533
20
-95.3539
11
171.448
21
-95.256
0
LINE
8
BLACK
6
CONTINUOUS
10
171.448
20
-95.256
11
171.448
21
-95.256
0
LINE
8
BLACK
6
CONTINUOUS
10
171.448
20
-95.256
11
171.448
21
-95.256
0
LINE
8
BLACK
6
CONTINUOUS
10
171.448
20
-95.256
11
171.339
21
-95.186
0
LINE
8
BLACK
6
CONTINUOUS
10
171.339
20
-95.186
11
171.339
21
-95.186
0
LINE
8
BLACK
6
CONTINUOUS
10
171.339
20
-95.186
11
171.339
21
-95.186
0
LINE
8
BLACK
6
CONTINUOUS
10
171.339
20
-95.186
11
171.339
21
-95.186
0
LINE
8
BLACK
6
CONTINUOUS
10
171.339
20
-95.186
11
171.215
21
-95.1495
0
LINE
8
BLACK
6
CONTINUOUS
10
171.215
20
-95.1495
11
171.215
21
-95.1495
0
LINE
8
BLACK
6
CONTINUOUS
10
171.215
20
-95.1495
11
171.085
21
-95.1495
0
LINE
8
BLACK
6
CONTINUOUS
10
171.085
20
-95.1495
11
171.085
21
-95.1495
0
LINE
8
BLACK
6
CONTINUOUS
10
171.085
20
-95.1495
11
170.961
21
-95.186
0
LINE
8
BLACK
6
CONTINUOUS
10
170.961
20
-95.186
11
170.961
21
-95.186
0
LINE
8
BLACK
6
CONTINUOUS
10
170.961
20
-95.186
11
170.852
21
-95.256
0
LINE
8
BLACK
6
CONTINUOUS
10
170.852
20
-95.256
11
170.767
21
-95.3539
0
LINE
8
BLACK
6
CONTINUOUS
10
170.767
20
-95.3539
11
170.713
21
-95.4718
0
LINE
8
BLACK
6
CONTINUOUS
10
170.713
20
-95.4718
11
170.695
21
-95.6
0
LINE
8
BLACK
6
CONTINUOUS
10
170.695
20
-95.6
11
170.695
21
-95.6
0
LINE
8
BLACK
6
CONTINUOUS
10
170.695
20
-95.6
11
170.713
21
-95.7282
0
LINE
8
BLACK
6
CONTINUOUS
10
149.013
20
-95.6282
11
149.059
21
-95.7282
0
LINE
8
BLACK
6
CONTINUOUS
10
149.059
20
-95.7282
11
149.067
21
-95.7461
0
LINE
8
BLACK
6
CONTINUOUS
10
149.067
20
-95.7461
11
149.114
21
-95.8
0
LINE
8
BLACK
6
CONTINUOUS
10
149.114
20
-95.8
11
149.152
21
-95.844
0
LINE
8
BLACK
6
CONTINUOUS
10
149.152
20
-95.844
11
149.239
21
-95.8997
0
LINE
8
BLACK
6
CONTINUOUS
10
149.239
20
-95.8997
11
149.277
21
-95.947
0
LINE
8
BLACK
6
CONTINUOUS
10
149.277
20
-95.947
11
149.281
21
-96.0081
0
LINE
8
BLACK
6
CONTINUOUS
10
149.281
20
-96.0081
11
149.255
21
-96.0494
0
LINE
8
BLACK
6
CONTINUOUS
10
149.255
20
-96.0494
11
149.257
21
-96.0507
0
LINE
8
BLACK
6
CONTINUOUS
10
149.257
20
-96.0507
11
149.252
21
-96.056
0
LINE
8
BLACK
6
CONTINUOUS
10
149.252
20
-96.056
11
149.252
21
-96.056
0
LINE
8
BLACK
6
CONTINUOUS
10
149.252
20
-96.056
11
149.245
21
-96.064
0
LINE
8
BLACK
6
CONTINUOUS
10
149.245
20
-96.064
11
149.167
21
-96.1539
0
LINE
8
BLACK
6
CONTINUOUS
10
149.167
20
-96.1539
11
149.113
21
-96.2718
0
LINE
8
BLACK
6
CONTINUOUS
10
149.113
20
-96.2718
11
149.095
21
-96.4
0
LINE
8
BLACK
6
CONTINUOUS
10
149.095
20
-96.4
11
149.095
21
-96.4
0
LINE
8
BLACK
6
CONTINUOUS
10
149.095
20
-96.4
11
149.113
21
-96.5282
0
LINE
8
BLACK
6
CONTINUOUS
10
149.113
20
-96.5282
11
149.152
21
-96.614
0
LINE
8
BLACK
6
CONTINUOUS
10
149.152
20
-96.614
11
149.167
21
-96.6461
0
LINE
8
BLACK
6
CONTINUOUS
10
149.167
20
-96.6461
11
149.252
21
-96.744
0
LINE
8
BLACK
6
CONTINUOUS
10
149.252
20
-96.744
11
149.252
21
-96.744
0
LINE
8
BLACK
6
CONTINUOUS
10
149.252
20
-96.744
11
149.361
21
-96.814
0
LINE
8
BLACK
6
CONTINUOUS
10
149.361
20
-96.814
11
149.361
21
-96.814
0
LINE
8
BLACK
6
CONTINUOUS
10
149.361
20
-96.814
11
149.485
21
-96.8505
0
LINE
8
BLACK
6
CONTINUOUS
10
149.485
20
-96.8505
11
149.485
21
-96.8505
0
LINE
8
BLACK
6
CONTINUOUS
10
149.485
20
-96.8505
11
149.615
21
-96.8505
0
LINE
8
BLACK
6
CONTINUOUS
10
149.615
20
-96.8505
11
149.615
21
-96.8505
0
LINE
8
BLACK
6
CONTINUOUS
10
149.615
20
-96.8505
11
149.739
21
-96.814
0
LINE
8
BLACK
6
CONTINUOUS
10
149.739
20
-96.814
11
149.848
21
-96.744
0
LINE
8
BLACK
6
CONTINUOUS
10
149.848
20
-96.744
11
149.933
21
-96.6461
0
LINE
8
BLACK
6
CONTINUOUS
10
149.933
20
-96.6461
11
149.987
21
-96.5282
0
LINE
8
BLACK
6
CONTINUOUS
10
149.987
20
-96.5282
11
149.998
21
-96.4505
0
LINE
8
BLACK
6
CONTINUOUS
10
149.998
20
-96.4505
11
149.998
21
-96.45
0
LINE
8
BLACK
6
CONTINUOUS
10
149.998
20
-96.45
11
150.005
21
-96.4
0
LINE
8
BLACK
6
CONTINUOUS
10
150.005
20
-96.4
11
150.005
21
-96.4
0
LINE
8
BLACK
6
CONTINUOUS
10
150.005
20
-96.4
11
149.987
21
-96.2718
0
LINE
8
BLACK
6
CONTINUOUS
10
149.987
20
-96.2718
11
149.975
21
-96.2461
0
LINE
8
BLACK
6
CONTINUOUS
10
149.975
20
-96.2461
11
149.933
21
-96.1539
0
LINE
8
BLACK
6
CONTINUOUS
10
149.933
20
-96.1539
11
149.848
21
-96.056
0
LINE
8
BLACK
6
CONTINUOUS
10
149.848
20
-96.056
11
149.848
21
-96.056
0
LINE
8
BLACK
6
CONTINUOUS
10
149.848
20
-96.056
11
149.848
21
-96.056
0
LINE
8
BLACK
6
CONTINUOUS
10
149.848
20
-96.056
11
149.761
21
-96.0003
0
LINE
8
BLACK
6
CONTINUOUS
10
149.761
20
-96.0003
11
149.723
21
-95.953
0
LINE
8
BLACK
6
CONTINUOUS
10
149.723
20
-95.953
11
149.719
21
-95.8919
0
LINE
8
BLACK
6
CONTINUOUS
10
149.719
20
-95.8919
11
149.745
21
-95.8506
0
LINE
8
BLACK
6
CONTINUOUS
10
149.745
20
-95.8506
11
149.743
21
-95.8493
0
LINE
8
BLACK
6
CONTINUOUS
10
149.743
20
-95.8493
11
149.748
21
-95.844
0
LINE
8
BLACK
6
CONTINUOUS
10
149.748
20
-95.844
11
149.833
21
-95.7461
0
LINE
8
BLACK
6
CONTINUOUS
10
149.833
20
-95.7461
11
149.887
21
-95.6282
0
LINE
8
BLACK
6
CONTINUOUS
10
149.887
20
-95.6282
11
149.901
21
-95.531
0
LINE
8
BLACK
6
CONTINUOUS
10
149.901
20
-95.531
11
149.905
21
-95.5
0
LINE
8
BLACK
6
CONTINUOUS
10
149.905
20
-95.5
11
149.905
21
-95.5
0
LINE
8
BLACK
6
CONTINUOUS
10
149.905
20
-95.5
11
149.887
21
-95.3718
0
LINE
8
BLACK
6
CONTINUOUS
10
149.887
20
-95.3718
11
149.866
21
-95.3255
0
LINE
8
BLACK
6
CONTINUOUS
10
149.866
20
-95.3255
11
149.833
21
-95.2539
0
LINE
8
BLACK
6
CONTINUOUS
10
149.833
20
-95.2539
11
149.748
21
-95.156
0
LINE
8
BLACK
6
CONTINUOUS
10
149.748
20
-95.156
11
149.748
21
-95.156
0
LINE
8
BLACK
6
CONTINUOUS
10
149.748
20
-95.156
11
149.748
21
-95.156
0
LINE
8
BLACK
6
CONTINUOUS
10
149.748
20
-95.156
11
149.639
21
-95.086
0
LINE
8
BLACK
6
CONTINUOUS
10
149.639
20
-95.086
11
149.639
21
-95.086
0
LINE
8
BLACK
6
CONTINUOUS
10
149.639
20
-95.086
11
149.639
21
-95.086
0
LINE
8
BLACK
6
CONTINUOUS
10
149.639
20
-95.086
11
149.639
21
-95.086
0
LINE
8
BLACK
6
CONTINUOUS
10
149.639
20
-95.086
11
149.515
21
-95.0495
0
LINE
8
BLACK
6
CONTINUOUS
10
149.515
20
-95.0495
11
149.515
21
-95.0495
0
LINE
8
BLACK
6
CONTINUOUS
10
149.515
20
-95.0495
11
149.385
21
-95.0495
0
LINE
8
BLACK
6
CONTINUOUS
10
149.385
20
-95.0495
11
149.385
21
-95.0495
0
LINE
8
BLACK
6
CONTINUOUS
10
149.385
20
-95.0495
11
149.261
21
-95.086
0
LINE
8
BLACK
6
CONTINUOUS
10
149.261
20
-95.086
11
149.261
21
-95.086
0
LINE
8
BLACK
6
CONTINUOUS
10
149.261
20
-95.086
11
149.152
21
-95.156
0
LINE
8
BLACK
6
CONTINUOUS
10
149.152
20
-95.156
11
149.067
21
-95.2539
0
LINE
8
BLACK
6
CONTINUOUS
10
149.067
20
-95.2539
11
149.013
21
-95.3718
0
LINE
8
BLACK
6
CONTINUOUS
10
149.013
20
-95.3718
11
148.995
21
-95.5
0
LINE
8
BLACK
6
CONTINUOUS
10
148.995
20
-95.5
11
148.995
21
-95.5
0
LINE
8
BLACK
6
CONTINUOUS
10
148.995
20
-95.5
11
149.013
21
-95.6282
0
LINE
8
BLACK
6
CONTINUOUS
10
122.313
20
-95.0032
11
122.34
21
-95.0614
0
LINE
8
BLACK
6
CONTINUOUS
10
122.34
20
-95.0614
11
122.367
21
-95.1211
0
LINE
8
BLACK
6
CONTINUOUS
10
122.367
20
-95.1211
11
122.42
21
-95.1825
0
LINE
8
BLACK
6
CONTINUOUS
10
122.42
20
-95.1825
11
122.452
21
-95.219
0
LINE
8
BLACK
6
CONTINUOUS
10
122.452
20
-95.219
11
122.561
21
-95.289
0
LINE
8
BLACK
6
CONTINUOUS
10
122.561
20
-95.289
11
122.561
21
-95.289
0
LINE
8
BLACK
6
CONTINUOUS
10
122.561
20
-95.289
11
122.685
21
-95.3255
0
LINE
8
BLACK
6
CONTINUOUS
10
122.685
20
-95.3255
11
122.685
21
-95.3255
0
LINE
8
BLACK
6
CONTINUOUS
10
122.685
20
-95.3255
11
122.815
21
-95.3255
0
LINE
8
BLACK
6
CONTINUOUS
10
122.815
20
-95.3255
11
122.815
21
-95.3255
0
LINE
8
BLACK
6
CONTINUOUS
10
122.815
20
-95.3255
11
122.939
21
-95.289
0
LINE
8
BLACK
6
CONTINUOUS
10
122.939
20
-95.289
11
123.048
21
-95.219
0
LINE
8
BLACK
6
CONTINUOUS
10
123.048
20
-95.219
11
123.133
21
-95.1211
0
LINE
8
BLACK
6
CONTINUOUS
10
123.133
20
-95.1211
11
123.187
21
-95.0032
0
LINE
8
BLACK
6
CONTINUOUS
10
123.187
20
-95.0032
11
123.195
21
-94.944
0
LINE
8
BLACK
6
CONTINUOUS
10
123.195
20
-94.944
11
123.205
21
-94.875
0
LINE
8
BLACK
6
CONTINUOUS
10
123.205
20
-94.875
11
123.205
21
-94.875
0
LINE
8
BLACK
6
CONTINUOUS
10
123.205
20
-94.875
11
123.187
21
-94.7468
0
LINE
8
BLACK
6
CONTINUOUS
10
123.187
20
-94.7468
11
123.144
21
-94.654
0
LINE
8
BLACK
6
CONTINUOUS
10
123.144
20
-94.654
11
123.133
21
-94.6289
0
LINE
8
BLACK
6
CONTINUOUS
10
123.133
20
-94.6289
11
123.087
21
-94.5755
0
LINE
8
BLACK
6
CONTINUOUS
10
123.087
20
-94.5755
11
123.048
21
-94.531
0
LINE
8
BLACK
6
CONTINUOUS
10
123.048
20
-94.531
11
123.048
21
-94.531
0
LINE
8
BLACK
6
CONTINUOUS
10
123.048
20
-94.531
11
123.048
21
-94.531
0
LINE
8
BLACK
6
CONTINUOUS
10
123.048
20
-94.531
11
122.939
21
-94.461
0
LINE
8
BLACK
6
CONTINUOUS
10
122.939
20
-94.461
11
122.939
21
-94.461
0
LINE
8
BLACK
6
CONTINUOUS
10
122.939
20
-94.461
11
122.939
21
-94.461
0
LINE
8
BLACK
6
CONTINUOUS
10
122.939
20
-94.461
11
122.939
21
-94.461
0
LINE
8
BLACK
6
CONTINUOUS
10
122.939
20
-94.461
11
122.815
21
-94.4245
0
LINE
8
BLACK
6
CONTINUOUS
10
122.815
20
-94.4245
11
122.815
21
-94.4245
0
LINE
8
BLACK
6
CONTINUOUS
10
122.815
20
-94.4245
11
122.685
21
-94.4245
0
LINE
8
BLACK
6
CONTINUOUS
10
122.685
20
-94.4245
11
122.685
21
-94.4245
0
LINE
8
BLACK
6
CONTINUOUS
10
122.685
20
-94.4245
11
122.561
21
-94.461
0
LINE
8
BLACK
6
CONTINUOUS
10
122.561
20
-94.461
11
122.561
21
-94.461
0
LINE
8
BLACK
6
CONTINUOUS
10
122.561
20
-94.461
11
122.452
21
-94.531
0
LINE
8
BLACK
6
CONTINUOUS
10
122.452
20
-94.531
11
122.367
21
-94.6289
0
LINE
8
BLACK
6
CONTINUOUS
10
122.367
20
-94.6289
11
122.313
21
-94.7468
0
LINE
8
BLACK
6
CONTINUOUS
10
122.313
20
-94.7468
11
122.295
21
-94.875
0
LINE
8
BLACK
6
CONTINUOUS
10
122.295
20
-94.875
11
122.295
21
-94.875
0
LINE
8
BLACK
6
CONTINUOUS
10
122.295
20
-94.875
11
122.313
21
-95.0032
0
LINE
8
BLACK
6
CONTINUOUS
10
163.374
20
-94.7391
11
163.411
21
-94.8187
0
LINE
8
BLACK
6
CONTINUOUS
10
163.411
20
-94.8187
11
163.428
21
-94.857
0
LINE
8
BLACK
6
CONTINUOUS
10
163.428
20
-94.857
11
163.503
21
-94.944
0
LINE
8
BLACK
6
CONTINUOUS
10
163.503
20
-94.944
11
163.513
21
-94.9549
0
LINE
8
BLACK
6
CONTINUOUS
10
163.513
20
-94.9549
11
163.605
21
-95.014
0
LINE
8
BLACK
6
CONTINUOUS
10
163.605
20
-95.014
11
163.622
21
-95.0249
0
LINE
8
BLACK
6
CONTINUOUS
10
163.622
20
-95.0249
11
163.746
21
-95.0614
0
LINE
8
BLACK
6
CONTINUOUS
10
163.746
20
-95.0614
11
163.746
21
-95.0614
0
LINE
8
BLACK
6
CONTINUOUS
10
163.746
20
-95.0614
11
163.876
21
-95.0614
0
LINE
8
BLACK
6
CONTINUOUS
10
163.876
20
-95.0614
11
163.876
21
-95.0614
0
LINE
8
BLACK
6
CONTINUOUS
10
163.876
20
-95.0614
11
164
21
-95.0249
0
LINE
8
BLACK
6
CONTINUOUS
10
164
20
-95.0249
11
164.109
21
-94.9549
0
LINE
8
BLACK
6
CONTINUOUS
10
164.109
20
-94.9549
11
164.125
21
-94.9364
0
LINE
8
BLACK
6
CONTINUOUS
10
164.125
20
-94.9364
11
164.194
21
-94.857
0
LINE
8
BLACK
6
CONTINUOUS
10
164.194
20
-94.857
11
164.248
21
-94.7391
0
LINE
8
BLACK
6
CONTINUOUS
10
164.248
20
-94.7391
11
164.266
21
-94.6109
0
LINE
8
BLACK
6
CONTINUOUS
10
164.266
20
-94.6109
11
164.266
21
-94.6079
0
LINE
8
BLACK
6
CONTINUOUS
10
164.266
20
-94.6079
11
164.248
21
-94.4827
0
LINE
8
BLACK
6
CONTINUOUS
10
164.248
20
-94.4827
11
164.223
21
-94.4282
0
LINE
8
BLACK
6
CONTINUOUS
10
164.223
20
-94.4282
11
164.194
21
-94.3648
0
LINE
8
BLACK
6
CONTINUOUS
10
164.194
20
-94.3648
11
164.109
21
-94.2669
0
LINE
8
BLACK
6
CONTINUOUS
10
164.109
20
-94.2669
11
164.109
21
-94.2669
0
LINE
8
BLACK
6
CONTINUOUS
10
164.109
20
-94.2669
11
164.109
21
-94.2669
0
LINE
8
BLACK
6
CONTINUOUS
10
164.109
20
-94.2669
11
164
21
-94.1969
0
LINE
8
BLACK
6
CONTINUOUS
10
164
20
-94.1969
11
164
21
-94.1969
0
LINE
8
BLACK
6
CONTINUOUS
10
164
20
-94.1969
11
164
21
-94.1969
0
LINE
8
BLACK
6
CONTINUOUS
10
164
20
-94.1969
11
164
21
-94.1969
0
LINE
8
BLACK
6
CONTINUOUS
10
164
20
-94.1969
11
163.876
21
-94.1604
0
LINE
8
BLACK
6
CONTINUOUS
10
163.876
20
-94.1604
11
163.876
21
-94.1604
0
LINE
8
BLACK
6
CONTINUOUS
10
163.876
20
-94.1604
11
163.746
21
-94.1604
0
LINE
8
BLACK
6
CONTINUOUS
10
163.746
20
-94.1604
11
163.746
21
-94.1604
0
LINE
8
BLACK
6
CONTINUOUS
10
163.746
20
-94.1604
11
163.622
21
-94.1969
0
LINE
8
BLACK
6
CONTINUOUS
10
163.622
20
-94.1969
11
163.622
21
-94.1969
0
LINE
8
BLACK
6
CONTINUOUS
10
163.622
20
-94.1969
11
163.513
21
-94.2669
0
LINE
8
BLACK
6
CONTINUOUS
10
163.513
20
-94.2669
11
163.428
21
-94.3648
0
LINE
8
BLACK
6
CONTINUOUS
10
163.428
20
-94.3648
11
163.374
21
-94.4827
0
LINE
8
BLACK
6
CONTINUOUS
10
163.374
20
-94.4827
11
163.356
21
-94.6109
0
LINE
8
BLACK
6
CONTINUOUS
10
163.356
20
-94.6109
11
163.356
21
-94.6109
0
LINE
8
BLACK
6
CONTINUOUS
10
163.356
20
-94.6109
11
163.374
21
-94.7391
0
LINE
8
BLACK
6
CONTINUOUS
10
155.013
20
-94.7282
11
155.055
21
-94.8187
0
LINE
8
BLACK
6
CONTINUOUS
10
155.055
20
-94.8187
11
155.067
21
-94.8461
0
LINE
8
BLACK
6
CONTINUOUS
10
155.067
20
-94.8461
11
155.145
21
-94.9364
0
LINE
8
BLACK
6
CONTINUOUS
10
155.145
20
-94.9364
11
155.152
21
-94.944
0
LINE
8
BLACK
6
CONTINUOUS
10
155.152
20
-94.944
11
155.244
21
-95.0032
0
LINE
8
BLACK
6
CONTINUOUS
10
155.244
20
-95.0032
11
155.261
21
-95.014
0
LINE
8
BLACK
6
CONTINUOUS
10
155.261
20
-95.014
11
155.385
21
-95.0505
0
LINE
8
BLACK
6
CONTINUOUS
10
155.385
20
-95.0505
11
155.385
21
-95.0505
0
LINE
8
BLACK
6
CONTINUOUS
10
155.385
20
-95.0505
11
155.515
21
-95.0505
0
LINE
8
BLACK
6
CONTINUOUS
10
155.515
20
-95.0505
11
155.515
21
-95.0505
0
LINE
8
BLACK
6
CONTINUOUS
10
155.515
20
-95.0505
11
155.639
21
-95.014
0
LINE
8
BLACK
6
CONTINUOUS
10
155.639
20
-95.014
11
155.748
21
-94.944
0
LINE
8
BLACK
6
CONTINUOUS
10
155.748
20
-94.944
11
155.833
21
-94.8461
0
LINE
8
BLACK
6
CONTINUOUS
10
155.833
20
-94.8461
11
155.887
21
-94.7282
0
LINE
8
BLACK
6
CONTINUOUS
10
155.887
20
-94.7282
11
155.897
21
-94.654
0
LINE
8
BLACK
6
CONTINUOUS
10
155.897
20
-94.654
11
155.905
21
-94.6
0
LINE
8
BLACK
6
CONTINUOUS
10
155.905
20
-94.6
11
155.905
21
-94.6
0
LINE
8
BLACK
6
CONTINUOUS
10
155.905
20
-94.6
11
155.887
21
-94.4748
0
LINE
8
BLACK
6
CONTINUOUS
10
155.887
20
-94.4748
11
155.887
21
-94.4718
0
LINE
8
BLACK
6
CONTINUOUS
10
155.887
20
-94.4718
11
155.867
21
-94.4282
0
LINE
8
BLACK
6
CONTINUOUS
10
155.867
20
-94.4282
11
155.833
21
-94.3539
0
LINE
8
BLACK
6
CONTINUOUS
10
155.833
20
-94.3539
11
155.748
21
-94.256
0
LINE
8
BLACK
6
CONTINUOUS
10
155.748
20
-94.256
11
155.748
21
-94.256
0
LINE
8
BLACK
6
CONTINUOUS
10
155.748
20
-94.256
11
155.748
21
-94.256
0
LINE
8
BLACK
6
CONTINUOUS
10
155.748
20
-94.256
11
155.639
21
-94.186
0
LINE
8
BLACK
6
CONTINUOUS
10
155.639
20
-94.186
11
155.639
21
-94.186
0
LINE
8
BLACK
6
CONTINUOUS
10
155.639
20
-94.186
11
155.639
21
-94.186
0
LINE
8
BLACK
6
CONTINUOUS
10
155.639
20
-94.186
11
155.632
21
-94.1839
0
LINE
8
BLACK
6
CONTINUOUS
10
155.632
20
-94.1839
11
155.515
21
-94.1495
0
LINE
8
BLACK
6
CONTINUOUS
10
155.515
20
-94.1495
11
155.515
21
-94.1495
0
LINE
8
BLACK
6
CONTINUOUS
10
155.515
20
-94.1495
11
155.385
21
-94.1495
0
LINE
8
BLACK
6
CONTINUOUS
10
155.385
20
-94.1495
11
155.385
21
-94.1495
0
LINE
8
BLACK
6
CONTINUOUS
10
155.385
20
-94.1495
11
155.261
21
-94.186
0
LINE
8
BLACK
6
CONTINUOUS
10
155.261
20
-94.186
11
155.261
21
-94.186
0
LINE
8
BLACK
6
CONTINUOUS
10
155.261
20
-94.186
11
155.152
21
-94.256
0
LINE
8
BLACK
6
CONTINUOUS
10
155.152
20
-94.256
11
155.067
21
-94.3539
0
LINE
8
BLACK
6
CONTINUOUS
10
155.067
20
-94.3539
11
155.013
21
-94.4718
0
LINE
8
BLACK
6
CONTINUOUS
10
155.013
20
-94.4718
11
154.995
21
-94.6
0
LINE
8
BLACK
6
CONTINUOUS
10
154.995
20
-94.6
11
154.995
21
-94.6
0
LINE
8
BLACK
6
CONTINUOUS
10
154.995
20
-94.6
11
155.013
21
-94.7282
0
LINE
8
BLACK
6
CONTINUOUS
10
139.363
20
-94.7037
11
139.385
21
-94.7505
0
LINE
8
BLACK
6
CONTINUOUS
10
139.385
20
-94.7505
11
139.417
21
-94.8216
0
LINE
8
BLACK
6
CONTINUOUS
10
139.417
20
-94.8216
11
139.475
21
-94.8888
0
LINE
8
BLACK
6
CONTINUOUS
10
139.475
20
-94.8888
11
139.502
21
-94.9195
0
LINE
8
BLACK
6
CONTINUOUS
10
139.502
20
-94.9195
11
139.611
21
-94.9895
0
LINE
8
BLACK
6
CONTINUOUS
10
139.611
20
-94.9895
11
139.611
21
-94.9895
0
LINE
8
BLACK
6
CONTINUOUS
10
139.611
20
-94.9895
11
139.735
21
-95.026
0
LINE
8
BLACK
6
CONTINUOUS
10
139.735
20
-95.026
11
139.735
21
-95.026
0
LINE
8
BLACK
6
CONTINUOUS
10
139.735
20
-95.026
11
139.865
21
-95.026
0
LINE
8
BLACK
6
CONTINUOUS
10
139.865
20
-95.026
11
139.865
21
-95.026
0
LINE
8
BLACK
6
CONTINUOUS
10
139.865
20
-95.026
11
139.989
21
-94.9895
0
LINE
8
BLACK
6
CONTINUOUS
10
139.989
20
-94.9895
11
140.098
21
-94.9195
0
LINE
8
BLACK
6
CONTINUOUS
10
140.098
20
-94.9195
11
140.183
21
-94.8216
0
LINE
8
BLACK
6
CONTINUOUS
10
140.183
20
-94.8216
11
140.237
21
-94.7037
0
LINE
8
BLACK
6
CONTINUOUS
10
140.237
20
-94.7037
11
140.25
21
-94.6079
0
LINE
8
BLACK
6
CONTINUOUS
10
140.25
20
-94.6079
11
140.255
21
-94.5755
0
LINE
8
BLACK
6
CONTINUOUS
10
140.255
20
-94.5755
11
140.255
21
-94.5755
0
LINE
8
BLACK
6
CONTINUOUS
10
140.255
20
-94.5755
11
140.237
21
-94.4473
0
LINE
8
BLACK
6
CONTINUOUS
10
140.237
20
-94.4473
11
140.228
21
-94.4282
0
LINE
8
BLACK
6
CONTINUOUS
10
140.228
20
-94.4282
11
140.183
21
-94.3294
0
LINE
8
BLACK
6
CONTINUOUS
10
140.183
20
-94.3294
11
140.098
21
-94.2315
0
LINE
8
BLACK
6
CONTINUOUS
10
140.098
20
-94.2315
11
140.098
21
-94.2315
0
LINE
8
BLACK
6
CONTINUOUS
10
140.098
20
-94.2315
11
140.098
21
-94.2315
0
LINE
8
BLACK
6
CONTINUOUS
10
140.098
20
-94.2315
11
139.989
21
-94.1615
0
LINE
8
BLACK
6
CONTINUOUS
10
139.989
20
-94.1615
11
139.989
21
-94.1615
0
LINE
8
BLACK
6
CONTINUOUS
10
139.989
20
-94.1615
11
139.989
21
-94.1615
0
LINE
8
BLACK
6
CONTINUOUS
10
139.989
20
-94.1615
11
139.989
21
-94.1615
0
LINE
8
BLACK
6
CONTINUOUS
10
139.989
20
-94.1615
11
139.95
21
-94.15
0
LINE
8
BLACK
6
CONTINUOUS
10
139.95
20
-94.15
11
139.865
21
-94.125
0
LINE
8
BLACK
6
CONTINUOUS
10
139.865
20
-94.125
11
139.865
21
-94.125
0
LINE
8
BLACK
6
CONTINUOUS
10
139.865
20
-94.125
11
139.735
21
-94.125
0
LINE
8
BLACK
6
CONTINUOUS
10
139.735
20
-94.125
11
139.735
21
-94.125
0
LINE
8
BLACK
6
CONTINUOUS
10
139.735
20
-94.125
11
139.611
21
-94.1615
0
LINE
8
BLACK
6
CONTINUOUS
10
139.611
20
-94.1615
11
139.611
21
-94.1615
0
LINE
8
BLACK
6
CONTINUOUS
10
139.611
20
-94.1615
11
139.502
21
-94.2315
0
LINE
8
BLACK
6
CONTINUOUS
10
139.502
20
-94.2315
11
139.417
21
-94.3294
0
LINE
8
BLACK
6
CONTINUOUS
10
139.417
20
-94.3294
11
139.363
21
-94.4473
0
LINE
8
BLACK
6
CONTINUOUS
10
139.363
20
-94.4473
11
139.345
21
-94.5755
0
LINE
8
BLACK
6
CONTINUOUS
10
139.345
20
-94.5755
11
139.345
21
-94.5755
0
LINE
8
BLACK
6
CONTINUOUS
10
139.345
20
-94.5755
11
139.363
21
-94.7037
0
LINE
8
BLACK
6
CONTINUOUS
10
159.788
20
-94.603
11
159.834
21
-94.7037
0
LINE
8
BLACK
6
CONTINUOUS
10
159.834
20
-94.7037
11
159.842
21
-94.7208
0
LINE
8
BLACK
6
CONTINUOUS
10
159.842
20
-94.7208
11
159.918
21
-94.8082
0
LINE
8
BLACK
6
CONTINUOUS
10
159.918
20
-94.8082
11
159.927
21
-94.8187
0
LINE
8
BLACK
6
CONTINUOUS
10
159.927
20
-94.8187
11
160.014
21
-94.875
0
LINE
8
BLACK
6
CONTINUOUS
10
160.014
20
-94.875
11
160.036
21
-94.8888
0
LINE
8
BLACK
6
CONTINUOUS
10
160.036
20
-94.8888
11
160.16
21
-94.9252
0
LINE
8
BLACK
6
CONTINUOUS
10
160.16
20
-94.9252
11
160.16
21
-94.9252
0
LINE
8
BLACK
6
CONTINUOUS
10
160.16
20
-94.9252
11
160.29
21
-94.9252
0
LINE
8
BLACK
6
CONTINUOUS
10
160.29
20
-94.9252
11
160.29
21
-94.9252
0
LINE
8
BLACK
6
CONTINUOUS
10
160.29
20
-94.9252
11
160.414
21
-94.8888
0
LINE
8
BLACK
6
CONTINUOUS
10
160.414
20
-94.8888
11
160.468
21
-94.854
0
LINE
8
BLACK
6
CONTINUOUS
10
160.468
20
-94.854
11
160.523
21
-94.8187
0
LINE
8
BLACK
6
CONTINUOUS
10
160.523
20
-94.8187
11
160.608
21
-94.7208
0
LINE
8
BLACK
6
CONTINUOUS
10
160.608
20
-94.7208
11
160.619
21
-94.6963
0
LINE
8
BLACK
6
CONTINUOUS
10
160.619
20
-94.6963
11
160.629
21
-94.6748
0
LINE
8
BLACK
6
CONTINUOUS
10
160.629
20
-94.6748
11
160.665
21
-94.6355
0
LINE
8
BLACK
6
CONTINUOUS
10
160.665
20
-94.6355
11
160.663
21
-94.6325
0
LINE
8
BLACK
6
CONTINUOUS
10
160.663
20
-94.6325
11
160.662
21
-94.5987
0
LINE
8
BLACK
6
CONTINUOUS
10
160.662
20
-94.5987
11
160.663
21
-94.5925
0
LINE
8
BLACK
6
CONTINUOUS
10
160.663
20
-94.5925
11
160.677
21
-94.494
0
LINE
8
BLACK
6
CONTINUOUS
10
160.677
20
-94.494
11
160.68
21
-94.4748
0
LINE
8
BLACK
6
CONTINUOUS
10
160.68
20
-94.4748
11
160.68
21
-94.4747
0
LINE
8
BLACK
6
CONTINUOUS
10
160.68
20
-94.4747
11
160.661
21
-94.3465
0
LINE
8
BLACK
6
CONTINUOUS
10
160.661
20
-94.3465
11
160.654
21
-94.3294
0
LINE
8
BLACK
6
CONTINUOUS
10
160.654
20
-94.3294
11
160.608
21
-94.2287
0
LINE
8
BLACK
6
CONTINUOUS
10
160.608
20
-94.2287
11
160.523
21
-94.1308
0
LINE
8
BLACK
6
CONTINUOUS
10
160.523
20
-94.1308
11
160.523
21
-94.1308
0
LINE
8
BLACK
6
CONTINUOUS
10
160.523
20
-94.1308
11
160.523
21
-94.1308
0
LINE
8
BLACK
6
CONTINUOUS
10
160.523
20
-94.1308
11
160.414
21
-94.0607
0
LINE
8
BLACK
6
CONTINUOUS
10
160.414
20
-94.0607
11
160.414
21
-94.0607
0
LINE
8
BLACK
6
CONTINUOUS
10
160.414
20
-94.0607
11
160.414
21
-94.0607
0
LINE
8
BLACK
6
CONTINUOUS
10
160.414
20
-94.0607
11
160.391
21
-94.0539
0
LINE
8
BLACK
6
CONTINUOUS
10
160.391
20
-94.0539
11
160.29
21
-94.0242
0
LINE
8
BLACK
6
CONTINUOUS
10
160.29
20
-94.0242
11
160.29
21
-94.0242
0
LINE
8
BLACK
6
CONTINUOUS
10
160.29
20
-94.0242
11
160.16
21
-94.0242
0
LINE
8
BLACK
6
CONTINUOUS
10
160.16
20
-94.0242
11
160.16
21
-94.0242
0
LINE
8
BLACK
6
CONTINUOUS
10
160.16
20
-94.0242
11
160.036
21
-94.0607
0
LINE
8
BLACK
6
CONTINUOUS
10
160.036
20
-94.0607
11
160.036
21
-94.0607
0
LINE
8
BLACK
6
CONTINUOUS
10
160.036
20
-94.0607
11
159.927
21
-94.1308
0
LINE
8
BLACK
6
CONTINUOUS
10
159.927
20
-94.1308
11
159.842
21
-94.2287
0
LINE
8
BLACK
6
CONTINUOUS
10
159.842
20
-94.2287
11
159.788
21
-94.3465
0
LINE
8
BLACK
6
CONTINUOUS
10
159.788
20
-94.3465
11
159.77
21
-94.4747
0
LINE
8
BLACK
6
CONTINUOUS
10
159.77
20
-94.4747
11
159.77
21
-94.4748
0
LINE
8
BLACK
6
CONTINUOUS
10
159.77
20
-94.4748
11
159.788
21
-94.603
0
LINE
8
BLACK
6
CONTINUOUS
10
111.203
20
-94.5582
11
111.247
21
-94.654
0
LINE
8
BLACK
6
CONTINUOUS
10
111.247
20
-94.654
11
111.257
21
-94.6761
0
LINE
8
BLACK
6
CONTINUOUS
10
111.257
20
-94.6761
11
111.322
21
-94.7505
0
LINE
8
BLACK
6
CONTINUOUS
10
111.322
20
-94.7505
11
111.342
21
-94.774
0
LINE
8
BLACK
6
CONTINUOUS
10
111.342
20
-94.774
11
111.416
21
-94.8216
0
LINE
8
BLACK
6
CONTINUOUS
10
111.416
20
-94.8216
11
111.451
21
-94.844
0
LINE
8
BLACK
6
CONTINUOUS
10
111.451
20
-94.844
11
111.575
21
-94.8805
0
LINE
8
BLACK
6
CONTINUOUS
10
111.575
20
-94.8805
11
111.575
21
-94.8805
0
LINE
8
BLACK
6
CONTINUOUS
10
111.575
20
-94.8805
11
111.705
21
-94.8805
0
LINE
8
BLACK
6
CONTINUOUS
10
111.705
20
-94.8805
11
111.705
21
-94.8805
0
LINE
8
BLACK
6
CONTINUOUS
10
111.705
20
-94.8805
11
111.723
21
-94.875
0
LINE
8
BLACK
6
CONTINUOUS
10
111.723
20
-94.875
11
111.829
21
-94.844
0
LINE
8
BLACK
6
CONTINUOUS
10
111.829
20
-94.844
11
111.938
21
-94.774
0
LINE
8
BLACK
6
CONTINUOUS
10
111.938
20
-94.774
11
112.023
21
-94.6761
0
LINE
8
BLACK
6
CONTINUOUS
10
112.023
20
-94.6761
11
112.077
21
-94.5582
0
LINE
8
BLACK
6
CONTINUOUS
10
112.077
20
-94.5582
11
112.084
21
-94.51
0
LINE
8
BLACK
6
CONTINUOUS
10
112.084
20
-94.51
11
112.095
21
-94.43
0
LINE
8
BLACK
6
CONTINUOUS
10
112.095
20
-94.43
11
112.095
21
-94.43
0
LINE
8
BLACK
6
CONTINUOUS
10
112.095
20
-94.43
11
112.077
21
-94.3018
0
LINE
8
BLACK
6
CONTINUOUS
10
112.077
20
-94.3018
11
112.061
21
-94.2669
0
LINE
8
BLACK
6
CONTINUOUS
10
112.061
20
-94.2669
11
112.023
21
-94.1839
0
LINE
8
BLACK
6
CONTINUOUS
10
112.023
20
-94.1839
11
111.938
21
-94.086
0
LINE
8
BLACK
6
CONTINUOUS
10
111.938
20
-94.086
11
111.938
21
-94.086
0
LINE
8
BLACK
6
CONTINUOUS
10
111.938
20
-94.086
11
111.938
21
-94.086
0
LINE
8
BLACK
6
CONTINUOUS
10
111.938
20
-94.086
11
111.829
21
-94.016
0
LINE
8
BLACK
6
CONTINUOUS
10
111.829
20
-94.016
11
111.829
21
-94.016
0
LINE
8
BLACK
6
CONTINUOUS
10
111.829
20
-94.016
11
111.829
21
-94.016
0
LINE
8
BLACK
6
CONTINUOUS
10
111.829
20
-94.016
11
111.829
21
-94.016
0
LINE
8
BLACK
6
CONTINUOUS
10
111.829
20
-94.016
11
111.705
21
-93.9795
0
LINE
8
BLACK
6
CONTINUOUS
10
111.705
20
-93.9795
11
111.705
21
-93.9795
0
LINE
8
BLACK
6
CONTINUOUS
10
111.705
20
-93.9795
11
111.575
21
-93.9795
0
LINE
8
BLACK
6
CONTINUOUS
10
111.575
20
-93.9795
11
111.575
21
-93.9795
0
LINE
8
BLACK
6
CONTINUOUS
10
111.575
20
-93.9795
11
111.451
21
-94.016
0
LINE
8
BLACK
6
CONTINUOUS
10
111.451
20
-94.016
11
111.451
21
-94.016
0
LINE
8
BLACK
6
CONTINUOUS
10
111.451
20
-94.016
11
111.342
21
-94.086
0
LINE
8
BLACK
6
CONTINUOUS
10
111.342
20
-94.086
11
111.257
21
-94.1839
0
LINE
8
BLACK
6
CONTINUOUS
10
111.257
20
-94.1839
11
111.203
21
-94.3018
0
LINE
8
BLACK
6
CONTINUOUS
10
111.203
20
-94.3018
11
111.185
21
-94.43
0
LINE
8
BLACK
6
CONTINUOUS
10
111.185
20
-94.43
11
111.185
21
-94.43
0
LINE
8
BLACK
6
CONTINUOUS
10
111.185
20
-94.43
11
111.203
21
-94.5582
0
LINE
8
BLACK
6
CONTINUOUS
10
112.833
20
-93.9282
11
112.876
21
-94.0218
0
LINE
8
BLACK
6
CONTINUOUS
10
112.876
20
-94.0218
11
112.887
21
-94.0461
0
LINE
8
BLACK
6
CONTINUOUS
10
112.887
20
-94.0461
11
112.972
21
-94.144
0
LINE
8
BLACK
6
CONTINUOUS
10
112.972
20
-94.144
11
112.972
21
-94.144
0
LINE
8
BLACK
6
CONTINUOUS
10
112.972
20
-94.144
11
113.06
21
-94.2005
0
LINE
8
BLACK
6
CONTINUOUS
10
113.06
20
-94.2005
11
113.081
21
-94.214
0
LINE
8
BLACK
6
CONTINUOUS
10
113.081
20
-94.214
11
113.205
21
-94.2505
0
LINE
8
BLACK
6
CONTINUOUS
10
113.205
20
-94.2505
11
113.205
21
-94.2505
0
LINE
8
BLACK
6
CONTINUOUS
10
113.205
20
-94.2505
11
113.335
21
-94.2505
0
LINE
8
BLACK
6
CONTINUOUS
10
113.335
20
-94.2505
11
113.335
21
-94.2505
0
LINE
8
BLACK
6
CONTINUOUS
10
113.335
20
-94.2505
11
113.459
21
-94.214
0
LINE
8
BLACK
6
CONTINUOUS
10
113.459
20
-94.214
11
113.568
21
-94.144
0
LINE
8
BLACK
6
CONTINUOUS
10
113.568
20
-94.144
11
113.653
21
-94.0461
0
LINE
8
BLACK
6
CONTINUOUS
10
113.653
20
-94.0461
11
113.707
21
-93.9282
0
LINE
8
BLACK
6
CONTINUOUS
10
113.707
20
-93.9282
11
113.716
21
-93.864
0
LINE
8
BLACK
6
CONTINUOUS
10
113.716
20
-93.864
11
113.725
21
-93.8
0
LINE
8
BLACK
6
CONTINUOUS
10
113.725
20
-93.8
11
113.725
21
-93.8
0
LINE
8
BLACK
6
CONTINUOUS
10
113.725
20
-93.8
11
113.707
21
-93.6718
0
LINE
8
BLACK
6
CONTINUOUS
10
113.707
20
-93.6718
11
113.682
21
-93.6175
0
LINE
8
BLACK
6
CONTINUOUS
10
113.682
20
-93.6175
11
113.653
21
-93.5539
0
LINE
8
BLACK
6
CONTINUOUS
10
113.653
20
-93.5539
11
113.568
21
-93.456
0
LINE
8
BLACK
6
CONTINUOUS
10
113.568
20
-93.456
11
113.568
21
-93.456
0
LINE
8
BLACK
6
CONTINUOUS
10
113.568
20
-93.456
11
113.568
21
-93.456
0
LINE
8
BLACK
6
CONTINUOUS
10
113.568
20
-93.456
11
113.459
21
-93.386
0
LINE
8
BLACK
6
CONTINUOUS
10
113.459
20
-93.386
11
113.459
21
-93.386
0
LINE
8
BLACK
6
CONTINUOUS
10
113.459
20
-93.386
11
113.459
21
-93.386
0
LINE
8
BLACK
6
CONTINUOUS
10
113.459
20
-93.386
11
113.459
21
-93.386
0
LINE
8
BLACK
6
CONTINUOUS
10
113.459
20
-93.386
11
113.335
21
-93.3495
0
LINE
8
BLACK
6
CONTINUOUS
10
113.335
20
-93.3495
11
113.335
21
-93.3495
0
LINE
8
BLACK
6
CONTINUOUS
10
113.335
20
-93.3495
11
113.205
21
-93.3495
0
LINE
8
BLACK
6
CONTINUOUS
10
113.205
20
-93.3495
11
113.205
21
-93.3495
0
LINE
8
BLACK
6
CONTINUOUS
10
113.205
20
-93.3495
11
113.081
21
-93.386
0
LINE
8
BLACK
6
CONTINUOUS
10
113.081
20
-93.386
11
113.081
21
-93.386
0
LINE
8
BLACK
6
CONTINUOUS
10
113.081
20
-93.386
11
112.972
21
-93.456
0
LINE
8
BLACK
6
CONTINUOUS
10
112.972
20
-93.456
11
112.887
21
-93.5539
0
LINE
8
BLACK
6
CONTINUOUS
10
112.887
20
-93.5539
11
112.833
21
-93.6718
0
LINE
8
BLACK
6
CONTINUOUS
10
112.833
20
-93.6718
11
112.815
21
-93.8
0
LINE
8
BLACK
6
CONTINUOUS
10
112.815
20
-93.8
11
112.815
21
-93.8
0
LINE
8
BLACK
6
CONTINUOUS
10
112.815
20
-93.8
11
112.833
21
-93.9282
0
LINE
8
BLACK
6
CONTINUOUS
10
135.101
20
-92.9657
11
135.137
21
-93.046
0
LINE
8
BLACK
6
CONTINUOUS
10
135.137
20
-93.046
11
135.155
21
-93.0836
0
LINE
8
BLACK
6
CONTINUOUS
10
135.155
20
-93.0836
11
135.233
21
-93.1739
0
LINE
8
BLACK
6
CONTINUOUS
10
135.233
20
-93.1739
11
135.239
21
-93.1815
0
LINE
8
BLACK
6
CONTINUOUS
10
135.239
20
-93.1815
11
135.348
21
-93.2515
0
LINE
8
BLACK
6
CONTINUOUS
10
135.348
20
-93.2515
11
135.348
21
-93.2515
0
LINE
8
BLACK
6
CONTINUOUS
10
135.348
20
-93.2515
11
135.473
21
-93.288
0
LINE
8
BLACK
6
CONTINUOUS
10
135.473
20
-93.288
11
135.473
21
-93.288
0
LINE
8
BLACK
6
CONTINUOUS
10
135.473
20
-93.288
11
135.602
21
-93.288
0
LINE
8
BLACK
6
CONTINUOUS
10
135.602
20
-93.288
11
135.602
21
-93.288
0
LINE
8
BLACK
6
CONTINUOUS
10
135.602
20
-93.288
11
135.727
21
-93.2515
0
LINE
8
BLACK
6
CONTINUOUS
10
135.727
20
-93.2515
11
135.836
21
-93.1815
0
LINE
8
BLACK
6
CONTINUOUS
10
135.836
20
-93.1815
11
135.92
21
-93.0836
0
LINE
8
BLACK
6
CONTINUOUS
10
135.92
20
-93.0836
11
135.974
21
-92.9657
0
LINE
8
BLACK
6
CONTINUOUS
10
135.974
20
-92.9657
11
135.987
21
-92.8793
0
LINE
8
BLACK
6
CONTINUOUS
10
135.987
20
-92.8793
11
135.993
21
-92.8375
0
LINE
8
BLACK
6
CONTINUOUS
10
135.993
20
-92.8375
11
135.993
21
-92.8375
0
LINE
8
BLACK
6
CONTINUOUS
10
135.993
20
-92.8375
11
135.974
21
-92.7093
0
LINE
8
BLACK
6
CONTINUOUS
10
135.974
20
-92.7093
11
135.97
21
-92.7
0
LINE
8
BLACK
6
CONTINUOUS
10
135.97
20
-92.7
11
135.939
21
-92.6317
0
LINE
8
BLACK
6
CONTINUOUS
10
135.939
20
-92.6317
11
135.92
21
-92.5914
0
LINE
8
BLACK
6
CONTINUOUS
10
135.92
20
-92.5914
11
135.836
21
-92.4935
0
LINE
8
BLACK
6
CONTINUOUS
10
135.836
20
-92.4935
11
135.836
21
-92.4935
0
LINE
8
BLACK
6
CONTINUOUS
10
135.836
20
-92.4935
11
135.836
21
-92.4935
0
LINE
8
BLACK
6
CONTINUOUS
10
135.836
20
-92.4935
11
135.727
21
-92.4235
0
LINE
8
BLACK
6
CONTINUOUS
10
135.727
20
-92.4235
11
135.727
21
-92.4235
0
LINE
8
BLACK
6
CONTINUOUS
10
135.727
20
-92.4235
11
135.727
21
-92.4235
0
LINE
8
BLACK
6
CONTINUOUS
10
135.727
20
-92.4235
11
135.727
21
-92.4235
0
LINE
8
BLACK
6
CONTINUOUS
10
135.727
20
-92.4235
11
135.602
21
-92.387
0
LINE
8
BLACK
6
CONTINUOUS
10
135.602
20
-92.387
11
135.602
21
-92.387
0
LINE
8
BLACK
6
CONTINUOUS
10
135.602
20
-92.387
11
135.473
21
-92.387
0
LINE
8
BLACK
6
CONTINUOUS
10
135.473
20
-92.387
11
135.473
21
-92.387
0
LINE
8
BLACK
6
CONTINUOUS
10
135.473
20
-92.387
11
135.348
21
-92.4235
0
LINE
8
BLACK
6
CONTINUOUS
10
135.348
20
-92.4235
11
135.348
21
-92.4235
0
LINE
8
BLACK
6
CONTINUOUS
10
135.348
20
-92.4235
11
135.239
21
-92.4935
0
LINE
8
BLACK
6
CONTINUOUS
10
135.239
20
-92.4935
11
135.155
21
-92.5914
0
LINE
8
BLACK
6
CONTINUOUS
10
135.155
20
-92.5914
11
135.101
21
-92.7093
0
LINE
8
BLACK
6
CONTINUOUS
10
135.101
20
-92.7093
11
135.082
21
-92.8375
0
LINE
8
BLACK
6
CONTINUOUS
10
135.082
20
-92.8375
11
135.082
21
-92.8375
0
LINE
8
BLACK
6
CONTINUOUS
10
135.082
20
-92.8375
11
135.101
21
-92.9657
0
LINE
8
BLACK
6
CONTINUOUS
10
130.163
20
-92.1782
11
130.213
21
-92.286
0
LINE
8
BLACK
6
CONTINUOUS
10
130.213
20
-92.286
11
130.217
21
-92.2961
0
LINE
8
BLACK
6
CONTINUOUS
10
130.217
20
-92.2961
11
130.269
21
-92.356
0
LINE
8
BLACK
6
CONTINUOUS
10
130.269
20
-92.356
11
130.302
21
-92.394
0
LINE
8
BLACK
6
CONTINUOUS
10
130.302
20
-92.394
11
130.41
21
-92.4631
0
LINE
8
BLACK
6
CONTINUOUS
10
130.41
20
-92.4631
11
130.411
21
-92.464
0
LINE
8
BLACK
6
CONTINUOUS
10
130.411
20
-92.464
11
130.535
21
-92.5005
0
LINE
8
BLACK
6
CONTINUOUS
10
130.535
20
-92.5005
11
130.535
21
-92.5005
0
LINE
8
BLACK
6
CONTINUOUS
10
130.535
20
-92.5005
11
130.665
21
-92.5005
0
LINE
8
BLACK
6
CONTINUOUS
10
130.665
20
-92.5005
11
130.665
21
-92.5005
0
LINE
8
BLACK
6
CONTINUOUS
10
130.665
20
-92.5005
11
130.789
21
-92.464
0
LINE
8
BLACK
6
CONTINUOUS
10
130.789
20
-92.464
11
130.898
21
-92.394
0
LINE
8
BLACK
6
CONTINUOUS
10
130.898
20
-92.394
11
130.983
21
-92.2961
0
LINE
8
BLACK
6
CONTINUOUS
10
130.983
20
-92.2961
11
131.037
21
-92.1782
0
LINE
8
BLACK
6
CONTINUOUS
10
131.037
20
-92.1782
11
131.055
21
-92.05
0
LINE
8
BLACK
6
CONTINUOUS
10
131.055
20
-92.05
11
131.052
21
-92.0282
0
LINE
8
BLACK
6
CONTINUOUS
10
131.052
20
-92.0282
11
131.048
21
-92
0
LINE
8
BLACK
6
CONTINUOUS
10
131.048
20
-92
11
131.037
21
-91.9218
0
LINE
8
BLACK
6
CONTINUOUS
10
131.037
20
-91.9218
11
131.026
21
-91.899
0
LINE
8
BLACK
6
CONTINUOUS
10
131.026
20
-91.899
11
130.983
21
-91.8039
0
LINE
8
BLACK
6
CONTINUOUS
10
130.983
20
-91.8039
11
130.898
21
-91.706
0
LINE
8
BLACK
6
CONTINUOUS
10
130.898
20
-91.706
11
130.898
21
-91.706
0
LINE
8
BLACK
6
CONTINUOUS
10
130.898
20
-91.706
11
130.898
21
-91.706
0
LINE
8
BLACK
6
CONTINUOUS
10
130.898
20
-91.706
11
130.789
21
-91.636
0
LINE
8
BLACK
6
CONTINUOUS
10
130.789
20
-91.636
11
130.789
21
-91.636
0
LINE
8
BLACK
6
CONTINUOUS
10
130.789
20
-91.636
11
130.789
21
-91.636
0
LINE
8
BLACK
6
CONTINUOUS
10
130.789
20
-91.636
11
130.789
21
-91.636
0
LINE
8
BLACK
6
CONTINUOUS
10
130.789
20
-91.636
11
130.665
21
-91.5995
0
LINE
8
BLACK
6
CONTINUOUS
10
130.665
20
-91.5995
11
130.665
21
-91.5995
0
LINE
8
BLACK
6
CONTINUOUS
10
130.665
20
-91.5995
11
130.535
21
-91.5995
0
LINE
8
BLACK
6
CONTINUOUS
10
130.535
20
-91.5995
11
130.535
21
-91.5995
0
LINE
8
BLACK
6
CONTINUOUS
10
130.535
20
-91.5995
11
130.411
21
-91.636
0
LINE
8
BLACK
6
CONTINUOUS
10
130.411
20
-91.636
11
130.411
21
-91.636
0
LINE
8
BLACK
6
CONTINUOUS
10
130.411
20
-91.636
11
130.302
21
-91.706
0
LINE
8
BLACK
6
CONTINUOUS
10
130.302
20
-91.706
11
130.217
21
-91.8039
0
LINE
8
BLACK
6
CONTINUOUS
10
130.217
20
-91.8039
11
130.163
21
-91.9218
0
LINE
8
BLACK
6
CONTINUOUS
10
130.163
20
-91.9218
11
130.145
21
-92.05
0
LINE
8
BLACK
6
CONTINUOUS
10
130.145
20
-92.05
11
130.145
21
-92.05
0
LINE
8
BLACK
6
CONTINUOUS
10
130.145
20
-92.05
11
130.163
21
-92.1782
0
LINE
8
BLACK
6
CONTINUOUS
10
131.663
20
-92.1282
11
131.69
21
-92.1862
0
LINE
8
BLACK
6
CONTINUOUS
10
131.69
20
-92.1862
11
131.717
21
-92.2461
0
LINE
8
BLACK
6
CONTINUOUS
10
131.717
20
-92.2461
11
131.802
21
-92.344
0
LINE
8
BLACK
6
CONTINUOUS
10
131.802
20
-92.344
11
131.802
21
-92.344
0
LINE
8
BLACK
6
CONTINUOUS
10
131.802
20
-92.344
11
131.911
21
-92.414
0
LINE
8
BLACK
6
CONTINUOUS
10
131.911
20
-92.414
11
131.911
21
-92.414
0
LINE
8
BLACK
6
CONTINUOUS
10
131.911
20
-92.414
11
132.035
21
-92.4505
0
LINE
8
BLACK
6
CONTINUOUS
10
132.035
20
-92.4505
11
132.035
21
-92.4505
0
LINE
8
BLACK
6
CONTINUOUS
10
132.035
20
-92.4505
11
132.165
21
-92.4505
0
LINE
8
BLACK
6
CONTINUOUS
10
132.165
20
-92.4505
11
132.165
21
-92.4505
0
LINE
8
BLACK
6
CONTINUOUS
10
132.165
20
-92.4505
11
132.289
21
-92.414
0
LINE
8
BLACK
6
CONTINUOUS
10
132.289
20
-92.414
11
132.398
21
-92.344
0
LINE
8
BLACK
6
CONTINUOUS
10
132.398
20
-92.344
11
132.483
21
-92.2461
0
LINE
8
BLACK
6
CONTINUOUS
10
132.483
20
-92.2461
11
132.537
21
-92.1282
0
LINE
8
BLACK
6
CONTINUOUS
10
132.537
20
-92.1282
11
132.555
21
-92
0
LINE
8
BLACK
6
CONTINUOUS
10
132.555
20
-92
11
132.551
21
-91.969
0
LINE
8
BLACK
6
CONTINUOUS
10
132.551
20
-91.969
11
132.541
21
-91.9
0
LINE
8
BLACK
6
CONTINUOUS
10
132.541
20
-91.9
11
132.537
21
-91.8718
0
LINE
8
BLACK
6
CONTINUOUS
10
132.537
20
-91.8718
11
132.51
21
-91.814
0
LINE
8
BLACK
6
CONTINUOUS
10
132.51
20
-91.814
11
132.483
21
-91.7539
0
LINE
8
BLACK
6
CONTINUOUS
10
132.483
20
-91.7539
11
132.398
21
-91.656
0
LINE
8
BLACK
6
CONTINUOUS
10
132.398
20
-91.656
11
132.398
21
-91.656
0
LINE
8
BLACK
6
CONTINUOUS
10
132.398
20
-91.656
11
132.398
21
-91.656
0
LINE
8
BLACK
6
CONTINUOUS
10
132.398
20
-91.656
11
132.289
21
-91.586
0
LINE
8
BLACK
6
CONTINUOUS
10
132.289
20
-91.586
11
132.289
21
-91.586
0
LINE
8
BLACK
6
CONTINUOUS
10
132.289
20
-91.586
11
132.289
21
-91.586
0
LINE
8
BLACK
6
CONTINUOUS
10
132.289
20
-91.586
11
132.289
21
-91.586
0
LINE
8
BLACK
6
CONTINUOUS
10
132.289
20
-91.586
11
132.165
21
-91.5495
0
LINE
8
BLACK
6
CONTINUOUS
10
132.165
20
-91.5495
11
132.165
21
-91.5495
0
LINE
8
BLACK
6
CONTINUOUS
10
132.165
20
-91.5495
11
132.035
21
-91.5495
0
LINE
8
BLACK
6
CONTINUOUS
10
132.035
20
-91.5495
11
132.035
21
-91.5495
0
LINE
8
BLACK
6
CONTINUOUS
10
132.035
20
-91.5495
11
131.911
21
-91.586
0
LINE
8
BLACK
6
CONTINUOUS
10
131.911
20
-91.586
11
131.911
21
-91.586
0
LINE
8
BLACK
6
CONTINUOUS
10
131.911
20
-91.586
11
131.802
21
-91.656
0
LINE
8
BLACK
6
CONTINUOUS
10
131.802
20
-91.656
11
131.717
21
-91.7539
0
LINE
8
BLACK
6
CONTINUOUS
10
131.717
20
-91.7539
11
131.663
21
-91.8718
0
LINE
8
BLACK
6
CONTINUOUS
10
131.663
20
-91.8718
11
131.645
21
-92
0
LINE
8
BLACK
6
CONTINUOUS
10
131.645
20
-92
11
131.645
21
-92
0
LINE
8
BLACK
6
CONTINUOUS
10
131.645
20
-92
11
131.663
21
-92.1282
0
LINE
8
BLACK
6
CONTINUOUS
10
162.583
20
-92.0282
11
162.629
21
-92.1282
0
LINE
8
BLACK
6
CONTINUOUS
10
162.629
20
-92.1282
11
162.637
21
-92.1461
0
LINE
8
BLACK
6
CONTINUOUS
10
162.637
20
-92.1461
11
162.672
21
-92.1862
0
LINE
8
BLACK
6
CONTINUOUS
10
162.672
20
-92.1862
11
162.722
21
-92.244
0
LINE
8
BLACK
6
CONTINUOUS
10
162.722
20
-92.244
11
162.803
21
-92.2961
0
LINE
8
BLACK
6
CONTINUOUS
10
162.803
20
-92.2961
11
162.831
21
-92.314
0
LINE
8
BLACK
6
CONTINUOUS
10
162.831
20
-92.314
11
162.955
21
-92.3505
0
LINE
8
BLACK
6
CONTINUOUS
10
162.955
20
-92.3505
11
162.955
21
-92.3505
0
LINE
8
BLACK
6
CONTINUOUS
10
162.955
20
-92.3505
11
163.085
21
-92.3505
0
LINE
8
BLACK
6
CONTINUOUS
10
163.085
20
-92.3505
11
163.085
21
-92.3505
0
LINE
8
BLACK
6
CONTINUOUS
10
163.085
20
-92.3505
11
163.209
21
-92.314
0
LINE
8
BLACK
6
CONTINUOUS
10
163.209
20
-92.314
11
163.318
21
-92.244
0
LINE
8
BLACK
6
CONTINUOUS
10
163.318
20
-92.244
11
163.403
21
-92.1461
0
LINE
8
BLACK
6
CONTINUOUS
10
163.403
20
-92.1461
11
163.457
21
-92.0282
0
LINE
8
BLACK
6
CONTINUOUS
10
163.457
20
-92.0282
11
163.463
21
-91.9855
0
LINE
8
BLACK
6
CONTINUOUS
10
163.463
20
-91.9855
11
163.475
21
-91.9
0
LINE
8
BLACK
6
CONTINUOUS
10
163.475
20
-91.9
11
163.475
21
-91.9
0
LINE
8
BLACK
6
CONTINUOUS
10
163.475
20
-91.9
11
163.456
21
-91.7648
0
LINE
8
BLACK
6
CONTINUOUS
10
163.456
20
-91.7648
11
163.459
21
-91.7643
0
LINE
8
BLACK
6
CONTINUOUS
10
163.459
20
-91.7643
11
163.46
21
-91.7162
0
LINE
8
BLACK
6
CONTINUOUS
10
163.46
20
-91.7162
11
163.497
21
-91.6678
0
LINE
8
BLACK
6
CONTINUOUS
10
163.497
20
-91.6678
11
163.553
21
-91.6505
0
LINE
8
BLACK
6
CONTINUOUS
10
163.553
20
-91.6505
11
163.665
21
-91.6505
0
LINE
8
BLACK
6
CONTINUOUS
10
163.665
20
-91.6505
11
163.665
21
-91.6505
0
LINE
8
BLACK
6
CONTINUOUS
10
163.665
20
-91.6505
11
163.789
21
-91.614
0
LINE
8
BLACK
6
CONTINUOUS
10
163.789
20
-91.614
11
163.898
21
-91.544
0
LINE
8
BLACK
6
CONTINUOUS
10
163.898
20
-91.544
11
163.983
21
-91.4461
0
LINE
8
BLACK
6
CONTINUOUS
10
163.983
20
-91.4461
11
164.004
21
-91.4
0
LINE
8
BLACK
6
CONTINUOUS
10
164.004
20
-91.4
11
164.037
21
-91.3282
0
LINE
8
BLACK
6
CONTINUOUS
10
164.037
20
-91.3282
11
164.048
21
-91.2505
0
LINE
8
BLACK
6
CONTINUOUS
10
164.048
20
-91.2505
11
164.055
21
-91.2
0
LINE
8
BLACK
6
CONTINUOUS
10
164.055
20
-91.2
11
164.055
21
-91.2
0
LINE
8
BLACK
6
CONTINUOUS
10
164.055
20
-91.2
11
164.037
21
-91.0718
0
LINE
8
BLACK
6
CONTINUOUS
10
164.037
20
-91.0718
11
164.017
21
-91.028
0
LINE
8
BLACK
6
CONTINUOUS
10
164.017
20
-91.028
11
163.983
21
-90.9539
0
LINE
8
BLACK
6
CONTINUOUS
10
163.983
20
-90.9539
11
163.898
21
-90.856
0
LINE
8
BLACK
6
CONTINUOUS
10
163.898
20
-90.856
11
163.898
21
-90.856
0
LINE
8
BLACK
6
CONTINUOUS
10
163.898
20
-90.856
11
163.898
21
-90.856
0
LINE
8
BLACK
6
CONTINUOUS
10
163.898
20
-90.856
11
163.789
21
-90.786
0
LINE
8
BLACK
6
CONTINUOUS
10
163.789
20
-90.786
11
163.789
21
-90.786
0
LINE
8
BLACK
6
CONTINUOUS
10
163.789
20
-90.786
11
163.789
21
-90.786
0
LINE
8
BLACK
6
CONTINUOUS
10
163.789
20
-90.786
11
163.779
21
-90.783
0
LINE
8
BLACK
6
CONTINUOUS
10
163.779
20
-90.783
11
163.665
21
-90.7495
0
LINE
8
BLACK
6
CONTINUOUS
10
163.665
20
-90.7495
11
163.665
21
-90.7495
0
LINE
8
BLACK
6
CONTINUOUS
10
163.665
20
-90.7495
11
163.535
21
-90.7495
0
LINE
8
BLACK
6
CONTINUOUS
10
163.535
20
-90.7495
11
163.535
21
-90.7495
0
LINE
8
BLACK
6
CONTINUOUS
10
163.535
20
-90.7495
11
163.411
21
-90.786
0
LINE
8
BLACK
6
CONTINUOUS
10
163.411
20
-90.786
11
163.411
21
-90.786
0
LINE
8
BLACK
6
CONTINUOUS
10
163.411
20
-90.786
11
163.302
21
-90.856
0
LINE
8
BLACK
6
CONTINUOUS
10
163.302
20
-90.856
11
163.217
21
-90.9539
0
LINE
8
BLACK
6
CONTINUOUS
10
163.217
20
-90.9539
11
163.163
21
-91.0718
0
LINE
8
BLACK
6
CONTINUOUS
10
163.163
20
-91.0718
11
163.145
21
-91.2
0
LINE
8
BLACK
6
CONTINUOUS
10
163.145
20
-91.2
11
163.145
21
-91.2
0
LINE
8
BLACK
6
CONTINUOUS
10
163.145
20
-91.2
11
163.164
21
-91.3352
0
LINE
8
BLACK
6
CONTINUOUS
10
163.164
20
-91.3352
11
163.161
21
-91.3357
0
LINE
8
BLACK
6
CONTINUOUS
10
163.161
20
-91.3357
11
163.16
21
-91.3838
0
LINE
8
BLACK
6
CONTINUOUS
10
163.16
20
-91.3838
11
163.123
21
-91.4322
0
LINE
8
BLACK
6
CONTINUOUS
10
163.123
20
-91.4322
11
163.067
21
-91.4495
0
LINE
8
BLACK
6
CONTINUOUS
10
163.067
20
-91.4495
11
162.955
21
-91.4495
0
LINE
8
BLACK
6
CONTINUOUS
10
162.955
20
-91.4495
11
162.831
21
-91.486
0
LINE
8
BLACK
6
CONTINUOUS
10
162.831
20
-91.486
11
162.831
21
-91.486
0
LINE
8
BLACK
6
CONTINUOUS
10
162.831
20
-91.486
11
162.722
21
-91.556
0
LINE
8
BLACK
6
CONTINUOUS
10
162.722
20
-91.556
11
162.637
21
-91.6539
0
LINE
8
BLACK
6
CONTINUOUS
10
162.637
20
-91.6539
11
162.583
21
-91.7718
0
LINE
8
BLACK
6
CONTINUOUS
10
162.583
20
-91.7718
11
162.565
21
-91.9
0
LINE
8
BLACK
6
CONTINUOUS
10
162.565
20
-91.9
11
162.565
21
-91.9
0
LINE
8
BLACK
6
CONTINUOUS
10
162.565
20
-91.9
11
162.583
21
-92.0282
0
LINE
8
BLACK
6
CONTINUOUS
10
166.013
20
-91.5282
11
166.063
21
-91.636
0
LINE
8
BLACK
6
CONTINUOUS
10
166.063
20
-91.636
11
166.067
21
-91.6461
0
LINE
8
BLACK
6
CONTINUOUS
10
166.067
20
-91.6461
11
166.128
21
-91.7162
0
LINE
8
BLACK
6
CONTINUOUS
10
166.128
20
-91.7162
11
166.152
21
-91.744
0
LINE
8
BLACK
6
CONTINUOUS
10
166.152
20
-91.744
11
166.241
21
-91.8011
0
LINE
8
BLACK
6
CONTINUOUS
10
166.241
20
-91.8011
11
166.261
21
-91.814
0
LINE
8
BLACK
6
CONTINUOUS
10
166.261
20
-91.814
11
166.385
21
-91.8505
0
LINE
8
BLACK
6
CONTINUOUS
10
166.385
20
-91.8505
11
166.385
21
-91.8505
0
LINE
8
BLACK
6
CONTINUOUS
10
166.385
20
-91.8505
11
166.515
21
-91.8505
0
LINE
8
BLACK
6
CONTINUOUS
10
166.515
20
-91.8505
11
166.515
21
-91.8505
0
LINE
8
BLACK
6
CONTINUOUS
10
166.515
20
-91.8505
11
166.639
21
-91.814
0
LINE
8
BLACK
6
CONTINUOUS
10
166.639
20
-91.814
11
166.748
21
-91.744
0
LINE
8
BLACK
6
CONTINUOUS
10
166.748
20
-91.744
11
166.774
21
-91.714
0
LINE
8
BLACK
6
CONTINUOUS
10
166.774
20
-91.714
11
166.775
21
-91.7127
0
LINE
8
BLACK
6
CONTINUOUS
10
166.775
20
-91.7127
11
166.828
21
-91.6811
0
LINE
8
BLACK
6
CONTINUOUS
10
166.828
20
-91.6811
11
166.889
21
-91.6863
0
LINE
8
BLACK
6
CONTINUOUS
10
166.889
20
-91.6863
11
166.925
21
-91.7127
0
LINE
8
BLACK
6
CONTINUOUS
10
166.925
20
-91.7127
11
166.926
21
-91.714
0
LINE
8
BLACK
6
CONTINUOUS
10
166.926
20
-91.714
11
166.952
21
-91.744
0
LINE
8
BLACK
6
CONTINUOUS
10
166.952
20
-91.744
11
167.061
21
-91.814
0
LINE
8
BLACK
6
CONTINUOUS
10
167.061
20
-91.814
11
167.185
21
-91.8505
0
LINE
8
BLACK
6
CONTINUOUS
10
167.185
20
-91.8505
11
167.185
21
-91.8505
0
LINE
8
BLACK
6
CONTINUOUS
10
167.185
20
-91.8505
11
167.315
21
-91.8505
0
LINE
8
BLACK
6
CONTINUOUS
10
167.315
20
-91.8505
11
167.315
21
-91.8505
0
LINE
8
BLACK
6
CONTINUOUS
10
167.315
20
-91.8505
11
167.439
21
-91.814
0
LINE
8
BLACK
6
CONTINUOUS
10
167.439
20
-91.814
11
167.548
21
-91.744
0
LINE
8
BLACK
6
CONTINUOUS
10
167.548
20
-91.744
11
167.633
21
-91.6461
0
LINE
8
BLACK
6
CONTINUOUS
10
167.633
20
-91.6461
11
167.687
21
-91.5282
0
LINE
8
BLACK
6
CONTINUOUS
10
167.687
20
-91.5282
11
167.699
21
-91.4461
0
LINE
8
BLACK
6
CONTINUOUS
10
167.699
20
-91.4461
11
167.705
21
-91.4
0
LINE
8
BLACK
6
CONTINUOUS
10
167.705
20
-91.4
11
167.705
21
-91.4
0
LINE
8
BLACK
6
CONTINUOUS
10
167.705
20
-91.4
11
167.691
21
-91.3
0
LINE
8
BLACK
6
CONTINUOUS
10
167.691
20
-91.3
11
167.687
21
-91.2718
0
LINE
8
BLACK
6
CONTINUOUS
10
167.687
20
-91.2718
11
167.66
21
-91.214
0
LINE
8
BLACK
6
CONTINUOUS
10
167.66
20
-91.214
11
167.633
21
-91.1539
0
LINE
8
BLACK
6
CONTINUOUS
10
167.633
20
-91.1539
11
167.548
21
-91.056
0
LINE
8
BLACK
6
CONTINUOUS
10
167.548
20
-91.056
11
167.548
21
-91.056
0
LINE
8
BLACK
6
CONTINUOUS
10
167.548
20
-91.056
11
167.548
21
-91.056
0
LINE
8
BLACK
6
CONTINUOUS
10
167.548
20
-91.056
11
167.439
21
-90.986
0
LINE
8
BLACK
6
CONTINUOUS
10
167.439
20
-90.986
11
167.439
21
-90.986
0
LINE
8
BLACK
6
CONTINUOUS
10
167.439
20
-90.986
11
167.439
21
-90.986
0
LINE
8
BLACK
6
CONTINUOUS
10
167.439
20
-90.986
11
167.439
21
-90.986
0
LINE
8
BLACK
6
CONTINUOUS
10
167.439
20
-90.986
11
167.315
21
-90.9495
0
LINE
8
BLACK
6
CONTINUOUS
10
167.315
20
-90.9495
11
167.315
21
-90.9495
0
LINE
8
BLACK
6
CONTINUOUS
10
167.315
20
-90.9495
11
167.185
21
-90.9495
0
LINE
8
BLACK
6
CONTINUOUS
10
167.185
20
-90.9495
11
167.185
21
-90.9495
0
LINE
8
BLACK
6
CONTINUOUS
10
167.185
20
-90.9495
11
167.061
21
-90.986
0
LINE
8
BLACK
6
CONTINUOUS
10
167.061
20
-90.986
11
167.061
21
-90.986
0
LINE
8
BLACK
6
CONTINUOUS
10
167.061
20
-90.986
11
166.952
21
-91.056
0
LINE
8
BLACK
6
CONTINUOUS
10
166.952
20
-91.056
11
166.952
21
-91.056
0
LINE
8
BLACK
6
CONTINUOUS
10
166.952
20
-91.056
11
166.925
21
-91.0873
0
LINE
8
BLACK
6
CONTINUOUS
10
166.925
20
-91.0873
11
166.872
21
-91.1189
0
LINE
8
BLACK
6
CONTINUOUS
10
166.872
20
-91.1189
11
166.811
21
-91.1137
0
LINE
8
BLACK
6
CONTINUOUS
10
166.811
20
-91.1137
11
166.775
21
-91.0873
0
LINE
8
BLACK
6
CONTINUOUS
10
166.775
20
-91.0873
11
166.748
21
-91.056
0
LINE
8
BLACK
6
CONTINUOUS
10
166.748
20
-91.056
11
166.748
21
-91.056
0
LINE
8
BLACK
6
CONTINUOUS
10
166.748
20
-91.056
11
166.639
21
-90.986
0
LINE
8
BLACK
6
CONTINUOUS
10
166.639
20
-90.986
11
166.639
21
-90.986
0
LINE
8
BLACK
6
CONTINUOUS
10
166.639
20
-90.986
11
166.639
21
-90.986
0
LINE
8
BLACK
6
CONTINUOUS
10
166.639
20
-90.986
11
166.639
21
-90.986
0
LINE
8
BLACK
6
CONTINUOUS
10
166.639
20
-90.986
11
166.515
21
-90.9495
0
LINE
8
BLACK
6
CONTINUOUS
10
166.515
20
-90.9495
11
166.515
21
-90.9495
0
LINE
8
BLACK
6
CONTINUOUS
10
166.515
20
-90.9495
11
166.385
21
-90.9495
0
LINE
8
BLACK
6
CONTINUOUS
10
166.385
20
-90.9495
11
166.385
21
-90.9495
0
LINE
8
BLACK
6
CONTINUOUS
10
166.385
20
-90.9495
11
166.261
21
-90.986
0
LINE
8
BLACK
6
CONTINUOUS
10
166.261
20
-90.986
11
166.261
21
-90.986
0
LINE
8
BLACK
6
CONTINUOUS
10
166.261
20
-90.986
11
166.152
21
-91.056
0
LINE
8
BLACK
6
CONTINUOUS
10
166.152
20
-91.056
11
166.067
21
-91.1539
0
LINE
8
BLACK
6
CONTINUOUS
10
166.067
20
-91.1539
11
166.013
21
-91.2718
0
LINE
8
BLACK
6
CONTINUOUS
10
166.013
20
-91.2718
11
165.995
21
-91.4
0
LINE
8
BLACK
6
CONTINUOUS
10
165.995
20
-91.4
11
165.995
21
-91.4
0
LINE
8
BLACK
6
CONTINUOUS
10
165.995
20
-91.4
11
166.013
21
-91.5282
0
LINE
8
BLACK
6
CONTINUOUS
10
114.413
20
-90.9282
11
114.459
21
-91.028
0
LINE
8
BLACK
6
CONTINUOUS
10
114.459
20
-91.028
11
114.467
21
-91.0461
0
LINE
8
BLACK
6
CONTINUOUS
10
114.467
20
-91.0461
11
114.533
21
-91.1218
0
LINE
8
BLACK
6
CONTINUOUS
10
114.533
20
-91.1218
11
114.552
21
-91.144
0
LINE
8
BLACK
6
CONTINUOUS
10
114.552
20
-91.144
11
114.656
21
-91.211
0
LINE
8
BLACK
6
CONTINUOUS
10
114.656
20
-91.211
11
114.661
21
-91.214
0
LINE
8
BLACK
6
CONTINUOUS
10
114.661
20
-91.214
11
114.785
21
-91.2505
0
LINE
8
BLACK
6
CONTINUOUS
10
114.785
20
-91.2505
11
114.785
21
-91.2505
0
LINE
8
BLACK
6
CONTINUOUS
10
114.785
20
-91.2505
11
114.915
21
-91.2505
0
LINE
8
BLACK
6
CONTINUOUS
10
114.915
20
-91.2505
11
114.915
21
-91.2505
0
LINE
8
BLACK
6
CONTINUOUS
10
114.915
20
-91.2505
11
115.039
21
-91.214
0
LINE
8
BLACK
6
CONTINUOUS
10
115.039
20
-91.214
11
115.148
21
-91.144
0
LINE
8
BLACK
6
CONTINUOUS
10
115.148
20
-91.144
11
115.233
21
-91.0461
0
LINE
8
BLACK
6
CONTINUOUS
10
115.233
20
-91.0461
11
115.287
21
-90.9282
0
LINE
8
BLACK
6
CONTINUOUS
10
115.287
20
-90.9282
11
115.301
21
-90.8309
0
LINE
8
BLACK
6
CONTINUOUS
10
115.301
20
-90.8309
11
115.305
21
-90.8
0
LINE
8
BLACK
6
CONTINUOUS
10
115.305
20
-90.8
11
115.305
21
-90.8
0
LINE
8
BLACK
6
CONTINUOUS
10
115.305
20
-90.8
11
115.287
21
-90.6718
0
LINE
8
BLACK
6
CONTINUOUS
10
115.287
20
-90.6718
11
115.258
21
-90.6086
0
LINE
8
BLACK
6
CONTINUOUS
10
115.258
20
-90.6086
11
115.233
21
-90.5539
0
LINE
8
BLACK
6
CONTINUOUS
10
115.233
20
-90.5539
11
115.148
21
-90.456
0
LINE
8
BLACK
6
CONTINUOUS
10
115.148
20
-90.456
11
115.148
21
-90.456
0
LINE
8
BLACK
6
CONTINUOUS
10
115.148
20
-90.456
11
115.148
21
-90.456
0
LINE
8
BLACK
6
CONTINUOUS
10
115.148
20
-90.456
11
115.039
21
-90.386
0
LINE
8
BLACK
6
CONTINUOUS
10
115.039
20
-90.386
11
115.039
21
-90.386
0
LINE
8
BLACK
6
CONTINUOUS
10
115.039
20
-90.386
11
115.039
21
-90.386
0
LINE
8
BLACK
6
CONTINUOUS
10
115.039
20
-90.386
11
115.039
21
-90.386
0
LINE
8
BLACK
6
CONTINUOUS
10
115.039
20
-90.386
11
114.915
21
-90.3495
0
LINE
8
BLACK
6
CONTINUOUS
10
114.915
20
-90.3495
11
114.915
21
-90.3495
0
LINE
8
BLACK
6
CONTINUOUS
10
114.915
20
-90.3495
11
114.785
21
-90.3495
0
LINE
8
BLACK
6
CONTINUOUS
10
114.785
20
-90.3495
11
114.785
21
-90.3495
0
LINE
8
BLACK
6
CONTINUOUS
10
114.785
20
-90.3495
11
114.661
21
-90.386
0
LINE
8
BLACK
6
CONTINUOUS
10
114.661
20
-90.386
11
114.661
21
-90.386
0
LINE
8
BLACK
6
CONTINUOUS
10
114.661
20
-90.386
11
114.552
21
-90.456
0
LINE
8
BLACK
6
CONTINUOUS
10
114.552
20
-90.456
11
114.467
21
-90.5539
0
LINE
8
BLACK
6
CONTINUOUS
10
114.467
20
-90.5539
11
114.413
21
-90.6718
0
LINE
8
BLACK
6
CONTINUOUS
10
114.413
20
-90.6718
11
114.395
21
-90.8
0
LINE
8
BLACK
6
CONTINUOUS
10
114.395
20
-90.8
11
114.395
21
-90.8
0
LINE
8
BLACK
6
CONTINUOUS
10
114.395
20
-90.8
11
114.413
21
-90.9282
0
LINE
8
BLACK
6
CONTINUOUS
10
118.263
20
-90.8282
11
118.309
21
-90.9282
0
LINE
8
BLACK
6
CONTINUOUS
10
118.309
20
-90.9282
11
118.317
21
-90.9461
0
LINE
8
BLACK
6
CONTINUOUS
10
118.317
20
-90.9461
11
118.402
21
-91.044
0
LINE
8
BLACK
6
CONTINUOUS
10
118.402
20
-91.044
11
118.402
21
-91.044
0
LINE
8
BLACK
6
CONTINUOUS
10
118.402
20
-91.044
11
118.496
21
-91.1045
0
LINE
8
BLACK
6
CONTINUOUS
10
118.496
20
-91.1045
11
118.511
21
-91.114
0
LINE
8
BLACK
6
CONTINUOUS
10
118.511
20
-91.114
11
118.635
21
-91.1505
0
LINE
8
BLACK
6
CONTINUOUS
10
118.635
20
-91.1505
11
118.635
21
-91.1505
0
LINE
8
BLACK
6
CONTINUOUS
10
118.635
20
-91.1505
11
118.765
21
-91.1505
0
LINE
8
BLACK
6
CONTINUOUS
10
118.765
20
-91.1505
11
118.765
21
-91.1505
0
LINE
8
BLACK
6
CONTINUOUS
10
118.765
20
-91.1505
11
118.794
21
-91.142
0
LINE
8
BLACK
6
CONTINUOUS
10
118.794
20
-91.142
11
118.855
21
-91.1438
0
LINE
8
BLACK
6
CONTINUOUS
10
118.855
20
-91.1438
11
118.903
21
-91.1811
0
LINE
8
BLACK
6
CONTINUOUS
10
118.903
20
-91.1811
11
118.92
21
-91.2229
0
LINE
8
BLACK
6
CONTINUOUS
10
118.92
20
-91.2229
11
118.938
21
-91.3532
0
LINE
8
BLACK
6
CONTINUOUS
10
118.938
20
-91.3532
11
118.981
21
-91.4461
0
LINE
8
BLACK
6
CONTINUOUS
10
118.981
20
-91.4461
11
118.992
21
-91.4711
0
LINE
8
BLACK
6
CONTINUOUS
10
118.992
20
-91.4711
11
119.066
21
-91.556
0
LINE
8
BLACK
6
CONTINUOUS
10
119.066
20
-91.556
11
119.077
21
-91.569
0
LINE
8
BLACK
6
CONTINUOUS
10
119.077
20
-91.569
11
119.186
21
-91.639
0
LINE
8
BLACK
6
CONTINUOUS
10
119.186
20
-91.639
11
119.186
21
-91.639
0
LINE
8
BLACK
6
CONTINUOUS
10
119.186
20
-91.639
11
119.31
21
-91.6755
0
LINE
8
BLACK
6
CONTINUOUS
10
119.31
20
-91.6755
11
119.31
21
-91.6755
0
LINE
8
BLACK
6
CONTINUOUS
10
119.31
20
-91.6755
11
119.44
21
-91.6755
0
LINE
8
BLACK
6
CONTINUOUS
10
119.44
20
-91.6755
11
119.44
21
-91.6755
0
LINE
8
BLACK
6
CONTINUOUS
10
119.44
20
-91.6755
11
119.564
21
-91.639
0
LINE
8
BLACK
6
CONTINUOUS
10
119.564
20
-91.639
11
119.673
21
-91.569
0
LINE
8
BLACK
6
CONTINUOUS
10
119.673
20
-91.569
11
119.758
21
-91.4711
0
LINE
8
BLACK
6
CONTINUOUS
10
119.758
20
-91.4711
11
119.812
21
-91.3532
0
LINE
8
BLACK
6
CONTINUOUS
10
119.812
20
-91.3532
11
119.827
21
-91.25
0
LINE
8
BLACK
6
CONTINUOUS
10
119.827
20
-91.25
11
119.83
21
-91.225
0
LINE
8
BLACK
6
CONTINUOUS
10
119.83
20
-91.225
11
119.828
21
-91.211
0
LINE
8
BLACK
6
CONTINUOUS
10
119.828
20
-91.211
11
119.812
21
-91.0968
0
LINE
8
BLACK
6
CONTINUOUS
10
119.812
20
-91.0968
11
119.793
21
-91.056
0
LINE
8
BLACK
6
CONTINUOUS
10
119.793
20
-91.056
11
119.758
21
-90.9789
0
LINE
8
BLACK
6
CONTINUOUS
10
119.758
20
-90.9789
11
119.673
21
-90.881
0
LINE
8
BLACK
6
CONTINUOUS
10
119.673
20
-90.881
11
119.673
21
-90.881
0
LINE
8
BLACK
6
CONTINUOUS
10
119.673
20
-90.881
11
119.673
21
-90.881
0
LINE
8
BLACK
6
CONTINUOUS
10
119.673
20
-90.881
11
119.564
21
-90.811
0
LINE
8
BLACK
6
CONTINUOUS
10
119.564
20
-90.811
11
119.564
21
-90.811
0
LINE
8
BLACK
6
CONTINUOUS
10
119.564
20
-90.811
11
119.564
21
-90.811
0
LINE
8
BLACK
6
CONTINUOUS
10
119.564
20
-90.811
11
119.564
21
-90.811
0
LINE
8
BLACK
6
CONTINUOUS
10
119.564
20
-90.811
11
119.44
21
-90.7745
0
LINE
8
BLACK
6
CONTINUOUS
10
119.44
20
-90.7745
11
119.44
21
-90.7745
0
LINE
8
BLACK
6
CONTINUOUS
10
119.44
20
-90.7745
11
119.31
21
-90.7745
0
LINE
8
BLACK
6
CONTINUOUS
10
119.31
20
-90.7745
11
119.31
21
-90.7745
0
LINE
8
BLACK
6
CONTINUOUS
10
119.31
20
-90.7745
11
119.281
21
-90.783
0
LINE
8
BLACK
6
CONTINUOUS
10
119.281
20
-90.783
11
119.22
21
-90.7812
0
LINE
8
BLACK
6
CONTINUOUS
10
119.22
20
-90.7812
11
119.172
21
-90.7439
0
LINE
8
BLACK
6
CONTINUOUS
10
119.172
20
-90.7439
11
119.155
21
-90.7021
0
LINE
8
BLACK
6
CONTINUOUS
10
119.155
20
-90.7021
11
119.137
21
-90.5718
0
LINE
8
BLACK
6
CONTINUOUS
10
119.137
20
-90.5718
11
119.127
21
-90.55
0
LINE
8
BLACK
6
CONTINUOUS
10
119.127
20
-90.55
11
119.083
21
-90.4539
0
LINE
8
BLACK
6
CONTINUOUS
10
119.083
20
-90.4539
11
119.083
21
-90.4539
0
LINE
8
BLACK
6
CONTINUOUS
10
119.083
20
-90.4539
11
118.998
21
-90.356
0
LINE
8
BLACK
6
CONTINUOUS
10
118.998
20
-90.356
11
118.998
21
-90.356
0
LINE
8
BLACK
6
CONTINUOUS
10
118.998
20
-90.356
11
118.998
21
-90.356
0
LINE
8
BLACK
6
CONTINUOUS
10
118.998
20
-90.356
11
118.889
21
-90.286
0
LINE
8
BLACK
6
CONTINUOUS
10
118.889
20
-90.286
11
118.889
21
-90.286
0
LINE
8
BLACK
6
CONTINUOUS
10
118.889
20
-90.286
11
118.889
21
-90.286
0
LINE
8
BLACK
6
CONTINUOUS
10
118.889
20
-90.286
11
118.889
21
-90.286
0
LINE
8
BLACK
6
CONTINUOUS
10
118.889
20
-90.286
11
118.765
21
-90.2495
0
LINE
8
BLACK
6
CONTINUOUS
10
118.765
20
-90.2495
11
118.765
21
-90.2495
0
LINE
8
BLACK
6
CONTINUOUS
10
118.765
20
-90.2495
11
118.635
21
-90.2495
0
LINE
8
BLACK
6
CONTINUOUS
10
118.635
20
-90.2495
11
118.635
21
-90.2495
0
LINE
8
BLACK
6
CONTINUOUS
10
118.635
20
-90.2495
11
118.511
21
-90.286
0
LINE
8
BLACK
6
CONTINUOUS
10
118.511
20
-90.286
11
118.511
21
-90.286
0
LINE
8
BLACK
6
CONTINUOUS
10
118.511
20
-90.286
11
118.402
21
-90.356
0
LINE
8
BLACK
6
CONTINUOUS
10
118.402
20
-90.356
11
118.317
21
-90.4539
0
LINE
8
BLACK
6
CONTINUOUS
10
118.317
20
-90.4539
11
118.263
21
-90.5718
0
LINE
8
BLACK
6
CONTINUOUS
10
118.263
20
-90.5718
11
118.245
21
-90.7
0
LINE
8
BLACK
6
CONTINUOUS
10
118.245
20
-90.7
11
118.245
21
-90.7
0
LINE
8
BLACK
6
CONTINUOUS
10
118.245
20
-90.7
11
118.263
21
-90.8282
0
LINE
8
BLACK
6
CONTINUOUS
10
135.453
20
-90.6782
11
135.503
21
-90.786
0
LINE
8
BLACK
6
CONTINUOUS
10
135.503
20
-90.786
11
135.507
21
-90.7961
0
LINE
8
BLACK
6
CONTINUOUS
10
135.507
20
-90.7961
11
135.585
21
-90.886
0
LINE
8
BLACK
6
CONTINUOUS
10
135.585
20
-90.886
11
135.592
21
-90.894
0
LINE
8
BLACK
6
CONTINUOUS
10
135.592
20
-90.894
11
135.701
21
-90.964
0
LINE
8
BLACK
6
CONTINUOUS
10
135.701
20
-90.964
11
135.701
21
-90.964
0
LINE
8
BLACK
6
CONTINUOUS
10
135.701
20
-90.964
11
135.825
21
-91.0005
0
LINE
8
BLACK
6
CONTINUOUS
10
135.825
20
-91.0005
11
135.825
21
-91.0005
0
LINE
8
BLACK
6
CONTINUOUS
10
135.825
20
-91.0005
11
135.955
21
-91.0005
0
LINE
8
BLACK
6
CONTINUOUS
10
135.955
20
-91.0005
11
135.955
21
-91.0005
0
LINE
8
BLACK
6
CONTINUOUS
10
135.955
20
-91.0005
11
136.079
21
-90.964
0
LINE
8
BLACK
6
CONTINUOUS
10
136.079
20
-90.964
11
136.188
21
-90.894
0
LINE
8
BLACK
6
CONTINUOUS
10
136.188
20
-90.894
11
136.273
21
-90.7961
0
LINE
8
BLACK
6
CONTINUOUS
10
136.273
20
-90.7961
11
136.327
21
-90.6782
0
LINE
8
BLACK
6
CONTINUOUS
10
136.327
20
-90.6782
11
136.337
21
-90.6086
0
LINE
8
BLACK
6
CONTINUOUS
10
136.337
20
-90.6086
11
136.345
21
-90.55
0
LINE
8
BLACK
6
CONTINUOUS
10
136.345
20
-90.55
11
136.345
21
-90.55
0
LINE
8
BLACK
6
CONTINUOUS
10
136.345
20
-90.55
11
136.327
21
-90.4218
0
LINE
8
BLACK
6
CONTINUOUS
10
136.327
20
-90.4218
11
136.31
21
-90.386
0
LINE
8
BLACK
6
CONTINUOUS
10
136.31
20
-90.386
11
136.273
21
-90.3039
0
LINE
8
BLACK
6
CONTINUOUS
10
136.273
20
-90.3039
11
136.188
21
-90.206
0
LINE
8
BLACK
6
CONTINUOUS
10
136.188
20
-90.206
11
136.188
21
-90.206
0
LINE
8
BLACK
6
CONTINUOUS
10
136.188
20
-90.206
11
136.188
21
-90.206
0
LINE
8
BLACK
6
CONTINUOUS
10
136.188
20
-90.206
11
136.079
21
-90.136
0
LINE
8
BLACK
6
CONTINUOUS
10
136.079
20
-90.136
11
136.079
21
-90.136
0
LINE
8
BLACK
6
CONTINUOUS
10
136.079
20
-90.136
11
136.079
21
-90.136
0
LINE
8
BLACK
6
CONTINUOUS
10
136.079
20
-90.136
11
136.079
21
-90.136
0
LINE
8
BLACK
6
CONTINUOUS
10
136.079
20
-90.136
11
135.955
21
-90.0995
0
LINE
8
BLACK
6
CONTINUOUS
10
135.955
20
-90.0995
11
135.955
21
-90.0995
0
LINE
8
BLACK
6
CONTINUOUS
10
135.955
20
-90.0995
11
135.825
21
-90.0995
0
LINE
8
BLACK
6
CONTINUOUS
10
135.825
20
-90.0995
11
135.825
21
-90.0995
0
LINE
8
BLACK
6
CONTINUOUS
10
135.825
20
-90.0995
11
135.701
21
-90.136
0
LINE
8
BLACK
6
CONTINUOUS
10
135.701
20
-90.136
11
135.701
21
-90.136
0
LINE
8
BLACK
6
CONTINUOUS
10
135.701
20
-90.136
11
135.592
21
-90.206
0
LINE
8
BLACK
6
CONTINUOUS
10
135.592
20
-90.206
11
135.507
21
-90.3039
0
LINE
8
BLACK
6
CONTINUOUS
10
135.507
20
-90.3039
11
135.453
21
-90.4218
0
LINE
8
BLACK
6
CONTINUOUS
10
135.453
20
-90.4218
11
135.435
21
-90.55
0
LINE
8
BLACK
6
CONTINUOUS
10
135.435
20
-90.55
11
135.435
21
-90.55
0
LINE
8
BLACK
6
CONTINUOUS
10
135.435
20
-90.55
11
135.453
21
-90.6782
0
LINE
8
BLACK
6
CONTINUOUS
10
112.321
20
-90.214
11
112.335
21
-90.281
0
LINE
8
BLACK
6
CONTINUOUS
10
112.335
20
-90.281
11
112.335
21
-90.2811
0
LINE
8
BLACK
6
CONTINUOUS
10
112.335
20
-90.2811
11
112.412
21
-90.4547
0
LINE
8
BLACK
6
CONTINUOUS
10
112.412
20
-90.4547
11
112.412
21
-90.4547
0
LINE
8
BLACK
6
CONTINUOUS
10
112.412
20
-90.4547
11
112.412
21
-90.4547
0
LINE
8
BLACK
6
CONTINUOUS
10
112.412
20
-90.4547
11
112.524
21
-90.6086
0
LINE
8
BLACK
6
CONTINUOUS
10
112.524
20
-90.6086
11
112.665
21
-90.7358
0
LINE
8
BLACK
6
CONTINUOUS
10
112.665
20
-90.7358
11
112.744
21
-90.7812
0
LINE
8
BLACK
6
CONTINUOUS
10
112.744
20
-90.7812
11
112.83
21
-90.8308
0
LINE
8
BLACK
6
CONTINUOUS
10
112.83
20
-90.8308
11
112.83
21
-90.8309
0
LINE
8
BLACK
6
CONTINUOUS
10
112.83
20
-90.8309
11
112.83
21
-90.8309
0
LINE
8
BLACK
6
CONTINUOUS
10
112.83
20
-90.8309
11
113.011
21
-90.8896
0
LINE
8
BLACK
6
CONTINUOUS
10
113.011
20
-90.8896
11
113.153
21
-90.9045
0
LINE
8
BLACK
6
CONTINUOUS
10
113.153
20
-90.9045
11
113.153
21
-90.9045
0
LINE
8
BLACK
6
CONTINUOUS
10
113.153
20
-90.9045
11
113.247
21
-90.9045
0
LINE
8
BLACK
6
CONTINUOUS
10
113.247
20
-90.9045
11
113.247
21
-90.9045
0
LINE
8
BLACK
6
CONTINUOUS
10
113.247
20
-90.9045
11
113.389
21
-90.8896
0
LINE
8
BLACK
6
CONTINUOUS
10
113.389
20
-90.8896
11
113.57
21
-90.8309
0
LINE
8
BLACK
6
CONTINUOUS
10
113.57
20
-90.8309
11
113.623
21
-90.8
0
LINE
8
BLACK
6
CONTINUOUS
10
113.623
20
-90.8
11
113.735
21
-90.7358
0
LINE
8
BLACK
6
CONTINUOUS
10
113.735
20
-90.7358
11
113.876
21
-90.6086
0
LINE
8
BLACK
6
CONTINUOUS
10
113.876
20
-90.6086
11
113.988
21
-90.4547
0
LINE
8
BLACK
6
CONTINUOUS
10
113.988
20
-90.4547
11
114.065
21
-90.281
0
LINE
8
BLACK
6
CONTINUOUS
10
114.065
20
-90.281
11
114.105
21
-90.0951
0
LINE
8
BLACK
6
CONTINUOUS
10
114.105
20
-90.0951
11
114.105
21
-89.9049
0
LINE
8
BLACK
6
CONTINUOUS
10
114.105
20
-89.9049
11
114.065
21
-89.719
0
LINE
8
BLACK
6
CONTINUOUS
10
114.065
20
-89.719
11
114.057
21
-89.7
0
LINE
8
BLACK
6
CONTINUOUS
10
114.057
20
-89.7
11
113.988
21
-89.5453
0
LINE
8
BLACK
6
CONTINUOUS
10
113.988
20
-89.5453
11
113.988
21
-89.5453
0
LINE
8
BLACK
6
CONTINUOUS
10
113.988
20
-89.5453
11
113.988
21
-89.5453
0
LINE
8
BLACK
6
CONTINUOUS
10
113.988
20
-89.5453
11
113.876
21
-89.3914
0
LINE
8
BLACK
6
CONTINUOUS
10
113.876
20
-89.3914
11
113.735
21
-89.2642
0
LINE
8
BLACK
6
CONTINUOUS
10
113.735
20
-89.2642
11
113.684
21
-89.2352
0
LINE
8
BLACK
6
CONTINUOUS
10
113.684
20
-89.2352
11
113.57
21
-89.1691
0
LINE
8
BLACK
6
CONTINUOUS
10
113.57
20
-89.1691
11
113.57
21
-89.1691
0
LINE
8
BLACK
6
CONTINUOUS
10
113.57
20
-89.1691
11
113.389
21
-89.1104
0
LINE
8
BLACK
6
CONTINUOUS
10
113.389
20
-89.1104
11
113.389
21
-89.1104
0
LINE
8
BLACK
6
CONTINUOUS
10
113.389
20
-89.1104
11
113.389
21
-89.1104
0
LINE
8
BLACK
6
CONTINUOUS
10
113.389
20
-89.1104
11
113.273
21
-89.0982
0
LINE
8
BLACK
6
CONTINUOUS
10
113.273
20
-89.0982
11
113.247
21
-89.0955
0
LINE
8
BLACK
6
CONTINUOUS
10
113.247
20
-89.0955
11
113.247
21
-89.0955
0
LINE
8
BLACK
6
CONTINUOUS
10
113.247
20
-89.0955
11
113.153
21
-89.0955
0
LINE
8
BLACK
6
CONTINUOUS
10
113.153
20
-89.0955
11
113.153
21
-89.0955
0
LINE
8
BLACK
6
CONTINUOUS
10
113.153
20
-89.0955
11
113.11
21
-89.1
0
LINE
8
BLACK
6
CONTINUOUS
10
113.11
20
-89.1
11
113.011
21
-89.1104
0
LINE
8
BLACK
6
CONTINUOUS
10
113.011
20
-89.1104
11
113.011
21
-89.1104
0
LINE
8
BLACK
6
CONTINUOUS
10
113.011
20
-89.1104
11
113.011
21
-89.1104
0
LINE
8
BLACK
6
CONTINUOUS
10
113.011
20
-89.1104
11
112.83
21
-89.1691
0
LINE
8
BLACK
6
CONTINUOUS
10
112.83
20
-89.1691
11
112.83
21
-89.1691
0
LINE
8
BLACK
6
CONTINUOUS
10
112.83
20
-89.1691
11
112.665
21
-89.2642
0
LINE
8
BLACK
6
CONTINUOUS
10
112.665
20
-89.2642
11
112.524
21
-89.3914
0
LINE
8
BLACK
6
CONTINUOUS
10
112.524
20
-89.3914
11
112.457
21
-89.484
0
LINE
8
BLACK
6
CONTINUOUS
10
112.457
20
-89.484
11
112.421
21
-89.534
0
LINE
8
BLACK
6
CONTINUOUS
10
112.421
20
-89.534
11
112.412
21
-89.5453
0
LINE
8
BLACK
6
CONTINUOUS
10
112.412
20
-89.5453
11
112.412
21
-89.5453
0
LINE
8
BLACK
6
CONTINUOUS
10
112.412
20
-89.5453
11
112.335
21
-89.7189
0
LINE
8
BLACK
6
CONTINUOUS
10
112.335
20
-89.7189
11
112.335
21
-89.719
0
LINE
8
BLACK
6
CONTINUOUS
10
112.335
20
-89.719
11
112.321
21
-89.7863
0
LINE
8
BLACK
6
CONTINUOUS
10
112.321
20
-89.7863
11
112.295
21
-89.9049
0
LINE
8
BLACK
6
CONTINUOUS
10
112.295
20
-89.9049
11
112.295
21
-90.0951
0
LINE
8
BLACK
6
CONTINUOUS
10
112.295
20
-90.0951
11
112.321
21
-90.214
0
LINE
8
BLACK
6
CONTINUOUS
10
115.671
20
-90.214
11
115.685
21
-90.281
0
LINE
8
BLACK
6
CONTINUOUS
10
115.685
20
-90.281
11
115.685
21
-90.2811
0
LINE
8
BLACK
6
CONTINUOUS
10
115.685
20
-90.2811
11
115.762
21
-90.4547
0
LINE
8
BLACK
6
CONTINUOUS
10
115.762
20
-90.4547
11
115.762
21
-90.4547
0
LINE
8
BLACK
6
CONTINUOUS
10
115.762
20
-90.4547
11
115.762
21
-90.4547
0
LINE
8
BLACK
6
CONTINUOUS
10
115.762
20
-90.4547
11
115.874
21
-90.6086
0
LINE
8
BLACK
6
CONTINUOUS
10
115.874
20
-90.6086
11
116.015
21
-90.7358
0
LINE
8
BLACK
6
CONTINUOUS
10
116.015
20
-90.7358
11
116.094
21
-90.7812
0
LINE
8
BLACK
6
CONTINUOUS
10
116.094
20
-90.7812
11
116.18
21
-90.8308
0
LINE
8
BLACK
6
CONTINUOUS
10
116.18
20
-90.8308
11
116.18
21
-90.8309
0
LINE
8
BLACK
6
CONTINUOUS
10
116.18
20
-90.8309
11
116.18
21
-90.8309
0
LINE
8
BLACK
6
CONTINUOUS
10
116.18
20
-90.8309
11
116.361
21
-90.8896
0
LINE
8
BLACK
6
CONTINUOUS
10
116.361
20
-90.8896
11
116.503
21
-90.9045
0
LINE
8
BLACK
6
CONTINUOUS
10
116.503
20
-90.9045
11
116.503
21
-90.9045
0
LINE
8
BLACK
6
CONTINUOUS
10
116.503
20
-90.9045
11
116.597
21
-90.9045
0
LINE
8
BLACK
6
CONTINUOUS
10
116.597
20
-90.9045
11
116.597
21
-90.9045
0
LINE
8
BLACK
6
CONTINUOUS
10
116.597
20
-90.9045
11
116.739
21
-90.8896
0
LINE
8
BLACK
6
CONTINUOUS
10
116.739
20
-90.8896
11
116.92
21
-90.8309
0
LINE
8
BLACK
6
CONTINUOUS
10
116.92
20
-90.8309
11
117.085
21
-90.7358
0
LINE
8
BLACK
6
CONTINUOUS
10
117.085
20
-90.7358
11
117.124
21
-90.7
0
LINE
8
BLACK
6
CONTINUOUS
10
117.124
20
-90.7
11
117.226
21
-90.6086
0
LINE
8
BLACK
6
CONTINUOUS
10
117.226
20
-90.6086
11
117.338
21
-90.4547
0
LINE
8
BLACK
6
CONTINUOUS
10
117.338
20
-90.4547
11
117.415
21
-90.281
0
LINE
8
BLACK
6
CONTINUOUS
10
117.415
20
-90.281
11
117.454
21
-90.0951
0
LINE
8
BLACK
6
CONTINUOUS
10
117.454
20
-90.0951
11
117.454
21
-89.9049
0
LINE
8
BLACK
6
CONTINUOUS
10
117.454
20
-89.9049
11
117.432
21
-89.8
0
LINE
8
BLACK
6
CONTINUOUS
10
117.432
20
-89.8
11
117.415
21
-89.719
0
LINE
8
BLACK
6
CONTINUOUS
10
117.415
20
-89.719
11
117.407
21
-89.7
0
LINE
8
BLACK
6
CONTINUOUS
10
117.407
20
-89.7
11
117.338
21
-89.5453
0
LINE
8
BLACK
6
CONTINUOUS
10
117.338
20
-89.5453
11
117.338
21
-89.5453
0
LINE
8
BLACK
6
CONTINUOUS
10
117.338
20
-89.5453
11
117.338
21
-89.5453
0
LINE
8
BLACK
6
CONTINUOUS
10
117.338
20
-89.5453
11
117.226
21
-89.3914
0
LINE
8
BLACK
6
CONTINUOUS
10
117.226
20
-89.3914
11
117.085
21
-89.2642
0
LINE
8
BLACK
6
CONTINUOUS
10
117.085
20
-89.2642
11
117.034
21
-89.2352
0
LINE
8
BLACK
6
CONTINUOUS
10
117.034
20
-89.2352
11
116.956
21
-89.19
0
LINE
8
BLACK
6
CONTINUOUS
10
116.956
20
-89.19
11
116.92
21
-89.1691
0
LINE
8
BLACK
6
CONTINUOUS
10
116.92
20
-89.1691
11
116.92
21
-89.1691
0
LINE
8
BLACK
6
CONTINUOUS
10
116.92
20
-89.1691
11
116.739
21
-89.1104
0
LINE
8
BLACK
6
CONTINUOUS
10
116.739
20
-89.1104
11
116.739
21
-89.1104
0
LINE
8
BLACK
6
CONTINUOUS
10
116.739
20
-89.1104
11
116.739
21
-89.1104
0
LINE
8
BLACK
6
CONTINUOUS
10
116.739
20
-89.1104
11
116.623
21
-89.0982
0
LINE
8
BLACK
6
CONTINUOUS
10
116.623
20
-89.0982
11
116.597
21
-89.0955
0
LINE
8
BLACK
6
CONTINUOUS
10
116.597
20
-89.0955
11
116.597
21
-89.0955
0
LINE
8
BLACK
6
CONTINUOUS
10
116.597
20
-89.0955
11
116.503
21
-89.0955
0
LINE
8
BLACK
6
CONTINUOUS
10
116.503
20
-89.0955
11
116.503
21
-89.0955
0
LINE
8
BLACK
6
CONTINUOUS
10
116.503
20
-89.0955
11
116.46
21
-89.1
0
LINE
8
BLACK
6
CONTINUOUS
10
116.46
20
-89.1
11
116.361
21
-89.1104
0
LINE
8
BLACK
6
CONTINUOUS
10
116.361
20
-89.1104
11
116.361
21
-89.1104
0
LINE
8
BLACK
6
CONTINUOUS
10
116.361
20
-89.1104
11
116.361
21
-89.1104
0
LINE
8
BLACK
6
CONTINUOUS
10
116.361
20
-89.1104
11
116.18
21
-89.1691
0
LINE
8
BLACK
6
CONTINUOUS
10
116.18
20
-89.1691
11
116.18
21
-89.1691
0
LINE
8
BLACK
6
CONTINUOUS
10
116.18
20
-89.1691
11
116.015
21
-89.2642
0
LINE
8
BLACK
6
CONTINUOUS
10
116.015
20
-89.2642
11
115.874
21
-89.3914
0
LINE
8
BLACK
6
CONTINUOUS
10
115.874
20
-89.3914
11
115.807
21
-89.484
0
LINE
8
BLACK
6
CONTINUOUS
10
115.807
20
-89.484
11
115.771
21
-89.534
0
LINE
8
BLACK
6
CONTINUOUS
10
115.771
20
-89.534
11
115.762
21
-89.5453
0
LINE
8
BLACK
6
CONTINUOUS
10
115.762
20
-89.5453
11
115.762
21
-89.5453
0
LINE
8
BLACK
6
CONTINUOUS
10
115.762
20
-89.5453
11
115.685
21
-89.7189
0
LINE
8
BLACK
6
CONTINUOUS
10
115.685
20
-89.7189
11
115.685
21
-89.719
0
LINE
8
BLACK
6
CONTINUOUS
10
115.685
20
-89.719
11
115.671
21
-89.7863
0
LINE
8
BLACK
6
CONTINUOUS
10
115.671
20
-89.7863
11
115.645
21
-89.9049
0
LINE
8
BLACK
6
CONTINUOUS
10
115.645
20
-89.9049
11
115.645
21
-90.0951
0
LINE
8
BLACK
6
CONTINUOUS
10
115.645
20
-90.0951
11
115.671
21
-90.214
0
LINE
8
BLACK
6
CONTINUOUS
10
102.015
20
-90.3489
11
102.075
21
-90.6931
0
LINE
8
BLACK
6
CONTINUOUS
10
102.075
20
-90.6931
11
102.075
21
-90.6931
0
LINE
8
BLACK
6
CONTINUOUS
10
102.075
20
-90.6931
11
102.176
21
-91.028
0
LINE
8
BLACK
6
CONTINUOUS
10
102.176
20
-91.028
11
102.176
21
-91.028
0
LINE
8
BLACK
6
CONTINUOUS
10
102.176
20
-91.028
11
102.256
21
-91.214
0
LINE
8
BLACK
6
CONTINUOUS
10
102.256
20
-91.214
11
102.314
21
-91.3489
0
LINE
8
BLACK
6
CONTINUOUS
10
102.314
20
-91.3489
11
102.489
21
-91.6516
0
LINE
8
BLACK
6
CONTINUOUS
10
102.489
20
-91.6516
11
102.698
21
-91.932
0
LINE
8
BLACK
6
CONTINUOUS
10
102.698
20
-91.932
11
102.937
21
-92.1862
0
LINE
8
BLACK
6
CONTINUOUS
10
102.937
20
-92.1862
11
103.205
21
-92.4108
0
LINE
8
BLACK
6
CONTINUOUS
10
103.205
20
-92.4108
11
103.391
21
-92.5331
0
LINE
8
BLACK
6
CONTINUOUS
10
103.391
20
-92.5331
11
103.48
21
-92.5914
0
LINE
8
BLACK
6
CONTINUOUS
10
103.48
20
-92.5914
11
103.497
21
-92.6029
0
LINE
8
BLACK
6
CONTINUOUS
10
103.497
20
-92.6029
11
103.81
21
-92.7598
0
LINE
8
BLACK
6
CONTINUOUS
10
103.81
20
-92.7598
11
104.138
21
-92.8793
0
LINE
8
BLACK
6
CONTINUOUS
10
104.138
20
-92.8793
11
104.138
21
-92.8793
0
LINE
8
BLACK
6
CONTINUOUS
10
104.138
20
-92.8793
11
104.138
21
-92.8793
0
LINE
8
BLACK
6
CONTINUOUS
10
104.138
20
-92.8793
11
104.478
21
-92.9599
0
LINE
8
BLACK
6
CONTINUOUS
10
104.478
20
-92.9599
11
104.478
21
-92.9599
0
LINE
8
BLACK
6
CONTINUOUS
10
104.478
20
-92.9599
11
104.478
21
-92.9599
0
LINE
8
BLACK
6
CONTINUOUS
10
104.478
20
-92.9599
11
104.825
21
-93.0005
0
LINE
8
BLACK
6
CONTINUOUS
10
104.825
20
-93.0005
11
104.825
21
-93.0005
0
LINE
8
BLACK
6
CONTINUOUS
10
104.825
20
-93.0005
11
105.175
21
-93.0005
0
LINE
8
BLACK
6
CONTINUOUS
10
105.175
20
-93.0005
11
105.175
21
-93.0005
0
LINE
8
BLACK
6
CONTINUOUS
10
105.175
20
-93.0005
11
105.522
21
-92.9599
0
LINE
8
BLACK
6
CONTINUOUS
10
105.522
20
-92.9599
11
105.522
21
-92.9599
0
LINE
8
BLACK
6
CONTINUOUS
10
105.522
20
-92.9599
11
105.522
21
-92.9599
0
LINE
8
BLACK
6
CONTINUOUS
10
105.522
20
-92.9599
11
105.777
21
-92.8995
0
LINE
8
BLACK
6
CONTINUOUS
10
105.777
20
-92.8995
11
105.862
21
-92.8793
0
LINE
8
BLACK
6
CONTINUOUS
10
105.862
20
-92.8793
11
105.977
21
-92.8375
0
LINE
8
BLACK
6
CONTINUOUS
10
105.977
20
-92.8375
11
106.19
21
-92.7598
0
LINE
8
BLACK
6
CONTINUOUS
10
106.19
20
-92.7598
11
106.503
21
-92.6029
0
LINE
8
BLACK
6
CONTINUOUS
10
106.503
20
-92.6029
11
106.795
21
-92.4108
0
LINE
8
BLACK
6
CONTINUOUS
10
106.795
20
-92.4108
11
107.063
21
-92.1862
0
LINE
8
BLACK
6
CONTINUOUS
10
107.063
20
-92.1862
11
107.191
21
-92.05
0
LINE
8
BLACK
6
CONTINUOUS
10
107.191
20
-92.05
11
107.302
21
-91.932
0
LINE
8
BLACK
6
CONTINUOUS
10
107.302
20
-91.932
11
107.511
21
-91.6516
0
LINE
8
BLACK
6
CONTINUOUS
10
107.511
20
-91.6516
11
107.567
21
-91.555
0
LINE
8
BLACK
6
CONTINUOUS
10
107.567
20
-91.555
11
107.686
21
-91.3489
0
LINE
8
BLACK
6
CONTINUOUS
10
107.686
20
-91.3489
11
107.824
21
-91.028
0
LINE
8
BLACK
6
CONTINUOUS
10
107.824
20
-91.028
11
107.925
21
-90.6931
0
LINE
8
BLACK
6
CONTINUOUS
10
107.925
20
-90.6931
11
107.985
21
-90.3489
0
LINE
8
BLACK
6
CONTINUOUS
10
107.985
20
-90.3489
11
108
21
-90.0951
0
LINE
8
BLACK
6
CONTINUOUS
10
108
20
-90.0951
11
108.006
21
-90
0
LINE
8
BLACK
6
CONTINUOUS
10
108.006
20
-90
11
107.985
21
-89.6511
0
LINE
8
BLACK
6
CONTINUOUS
10
107.985
20
-89.6511
11
107.925
21
-89.3069
0
LINE
8
BLACK
6
CONTINUOUS
10
107.925
20
-89.3069
11
107.824
21
-88.972
0
LINE
8
BLACK
6
CONTINUOUS
10
107.824
20
-88.972
11
107.739
21
-88.775
0
LINE
8
BLACK
6
CONTINUOUS
10
107.739
20
-88.775
11
107.686
21
-88.6511
0
LINE
8
BLACK
6
CONTINUOUS
10
107.686
20
-88.6511
11
107.511
21
-88.3484
0
LINE
8
BLACK
6
CONTINUOUS
10
107.511
20
-88.3484
11
107.337
21
-88.115
0
LINE
8
BLACK
6
CONTINUOUS
10
107.337
20
-88.115
11
107.302
21
-88.068
0
LINE
8
BLACK
6
CONTINUOUS
10
107.302
20
-88.068
11
107.063
21
-87.8138
0
LINE
8
BLACK
6
CONTINUOUS
10
107.063
20
-87.8138
11
106.795
21
-87.5892
0
LINE
8
BLACK
6
CONTINUOUS
10
106.795
20
-87.5892
11
106.7
21
-87.5269
0
LINE
8
BLACK
6
CONTINUOUS
10
106.7
20
-87.5269
11
106.503
21
-87.3971
0
LINE
8
BLACK
6
CONTINUOUS
10
106.503
20
-87.3971
11
106.19
21
-87.2402
0
LINE
8
BLACK
6
CONTINUOUS
10
106.19
20
-87.2402
11
106.19
21
-87.2402
0
LINE
8
BLACK
6
CONTINUOUS
10
106.19
20
-87.2402
11
106.19
21
-87.2402
0
LINE
8
BLACK
6
CONTINUOUS
10
106.19
20
-87.2402
11
105.862
21
-87.1207
0
LINE
8
BLACK
6
CONTINUOUS
10
105.862
20
-87.1207
11
105.862
21
-87.1207
0
LINE
8
BLACK
6
CONTINUOUS
10
105.862
20
-87.1207
11
105.862
21
-87.1207
0
LINE
8
BLACK
6
CONTINUOUS
10
105.862
20
-87.1207
11
105.522
21
-87.0401
0
LINE
8
BLACK
6
CONTINUOUS
10
105.522
20
-87.0401
11
105.409
21
-87.0269
0
LINE
8
BLACK
6
CONTINUOUS
10
105.409
20
-87.0269
11
105.175
21
-86.9995
0
LINE
8
BLACK
6
CONTINUOUS
10
105.175
20
-86.9995
11
104.825
21
-86.9995
0
LINE
8
BLACK
6
CONTINUOUS
10
104.825
20
-86.9995
11
104.634
21
-87.0219
0
LINE
8
BLACK
6
CONTINUOUS
10
104.634
20
-87.0219
11
104.478
21
-87.0401
0
LINE
8
BLACK
6
CONTINUOUS
10
104.478
20
-87.0401
11
104.138
21
-87.1207
0
LINE
8
BLACK
6
CONTINUOUS
10
104.138
20
-87.1207
11
103.941
21
-87.1923
0
LINE
8
BLACK
6
CONTINUOUS
10
103.941
20
-87.1923
11
103.81
21
-87.2402
0
LINE
8
BLACK
6
CONTINUOUS
10
103.81
20
-87.2402
11
103.81
21
-87.2402
0
LINE
8
BLACK
6
CONTINUOUS
10
103.81
20
-87.2402
11
103.81
21
-87.2402
0
LINE
8
BLACK
6
CONTINUOUS
10
103.81
20
-87.2402
11
103.497
21
-87.3971
0
LINE
8
BLACK
6
CONTINUOUS
10
103.497
20
-87.3971
11
103.205
21
-87.5891
0
LINE
8
BLACK
6
CONTINUOUS
10
103.205
20
-87.5891
11
102.937
21
-87.8138
0
LINE
8
BLACK
6
CONTINUOUS
10
102.937
20
-87.8138
11
102.698
21
-88.068
0
LINE
8
BLACK
6
CONTINUOUS
10
102.698
20
-88.068
11
102.489
21
-88.3484
0
LINE
8
BLACK
6
CONTINUOUS
10
102.489
20
-88.3484
11
102.489
21
-88.3484
0
LINE
8
BLACK
6
CONTINUOUS
10
102.489
20
-88.3484
11
102.314
21
-88.6511
0
LINE
8
BLACK
6
CONTINUOUS
10
102.314
20
-88.6511
11
102.314
21
-88.6511
0
LINE
8
BLACK
6
CONTINUOUS
10
102.314
20
-88.6511
11
102.176
21
-88.972
0
LINE
8
BLACK
6
CONTINUOUS
10
102.176
20
-88.972
11
102.176
21
-88.972
0
LINE
8
BLACK
6
CONTINUOUS
10
102.176
20
-88.972
11
102.075
21
-89.3069
0
LINE
8
BLACK
6
CONTINUOUS
10
102.075
20
-89.3069
11
102.075
21
-89.3069
0
LINE
8
BLACK
6
CONTINUOUS
10
102.075
20
-89.3069
11
102.015
21
-89.6511
0
LINE
8
BLACK
6
CONTINUOUS
10
102.015
20
-89.6511
11
101.994
21
-90
0
LINE
8
BLACK
6
CONTINUOUS
10
101.994
20
-90
11
102.015
21
-90.3489
0
LINE
8
BLACK
6
CONTINUOUS
10
178.015
20
-90.3489
11
178.075
21
-90.6931
0
LINE
8
BLACK
6
CONTINUOUS
10
178.075
20
-90.6931
11
178.075
21
-90.6931
0
LINE
8
BLACK
6
CONTINUOUS
10
178.075
20
-90.6931
11
178.176
21
-91.028
0
LINE
8
BLACK
6
CONTINUOUS
10
178.176
20
-91.028
11
178.176
21
-91.028
0
LINE
8
BLACK
6
CONTINUOUS
10
178.176
20
-91.028
11
178.256
21
-91.214
0
LINE
8
BLACK
6
CONTINUOUS
10
178.256
20
-91.214
11
178.314
21
-91.3489
0
LINE
8
BLACK
6
CONTINUOUS
10
178.314
20
-91.3489
11
178.489
21
-91.6516
0
LINE
8
BLACK
6
CONTINUOUS
10
178.489
20
-91.6516
11
178.698
21
-91.932
0
LINE
8
BLACK
6
CONTINUOUS
10
178.698
20
-91.932
11
178.937
21
-92.1862
0
LINE
8
BLACK
6
CONTINUOUS
10
178.937
20
-92.1862
11
179.205
21
-92.4108
0
LINE
8
BLACK
6
CONTINUOUS
10
179.205
20
-92.4108
11
179.391
21
-92.5331
0
LINE
8
BLACK
6
CONTINUOUS
10
179.391
20
-92.5331
11
179.48
21
-92.5914
0
LINE
8
BLACK
6
CONTINUOUS
10
179.48
20
-92.5914
11
179.497
21
-92.6029
0
LINE
8
BLACK
6
CONTINUOUS
10
179.497
20
-92.6029
11
179.81
21
-92.7598
0
LINE
8
BLACK
6
CONTINUOUS
10
179.81
20
-92.7598
11
180.138
21
-92.8793
0
LINE
8
BLACK
6
CONTINUOUS
10
180.138
20
-92.8793
11
180.138
21
-92.8793
0
LINE
8
BLACK
6
CONTINUOUS
10
180.138
20
-92.8793
11
180.138
21
-92.8793
0
LINE
8
BLACK
6
CONTINUOUS
10
180.138
20
-92.8793
11
180.478
21
-92.9599
0
LINE
8
BLACK
6
CONTINUOUS
10
180.478
20
-92.9599
11
180.478
21
-92.9599
0
LINE
8
BLACK
6
CONTINUOUS
10
180.478
20
-92.9599
11
180.478
21
-92.9599
0
LINE
8
BLACK
6
CONTINUOUS
10
180.478
20
-92.9599
11
180.825
21
-93.0005
0
LINE
8
BLACK
6
CONTINUOUS
10
180.825
20
-93.0005
11
180.825
21
-93.0005
0
LINE
8
BLACK
6
CONTINUOUS
10
180.825
20
-93.0005
11
181.175
21
-93.0005
0
LINE
8
BLACK
6
CONTINUOUS
10
181.175
20
-93.0005
11
181.175
21
-93.0005
0
LINE
8
BLACK
6
CONTINUOUS
10
181.175
20
-93.0005
11
181.522
21
-92.9599
0
LINE
8
BLACK
6
CONTINUOUS
10
181.522
20
-92.9599
11
181.522
21
-92.9599
0
LINE
8
BLACK
6
CONTINUOUS
10
181.522
20
-92.9599
11
181.522
21
-92.9599
0
LINE
8
BLACK
6
CONTINUOUS
10
181.522
20
-92.9599
11
181.777
21
-92.8995
0
LINE
8
BLACK
6
CONTINUOUS
10
181.777
20
-92.8995
11
181.862
21
-92.8793
0
LINE
8
BLACK
6
CONTINUOUS
10
181.862
20
-92.8793
11
182.19
21
-92.7598
0
LINE
8
BLACK
6
CONTINUOUS
10
182.19
20
-92.7598
11
182.503
21
-92.6029
0
LINE
8
BLACK
6
CONTINUOUS
10
182.503
20
-92.6029
11
182.795
21
-92.4108
0
LINE
8
BLACK
6
CONTINUOUS
10
182.795
20
-92.4108
11
183.063
21
-92.1862
0
LINE
8
BLACK
6
CONTINUOUS
10
183.063
20
-92.1862
11
183.302
21
-91.932
0
LINE
8
BLACK
6
CONTINUOUS
10
183.302
20
-91.932
11
183.511
21
-91.6516
0
LINE
8
BLACK
6
CONTINUOUS
10
183.511
20
-91.6516
11
183.686
21
-91.3489
0
LINE
8
BLACK
6
CONTINUOUS
10
183.686
20
-91.3489
11
183.824
21
-91.028
0
LINE
8
BLACK
6
CONTINUOUS
10
183.824
20
-91.028
11
183.925
21
-90.6931
0
LINE
8
BLACK
6
CONTINUOUS
10
183.925
20
-90.6931
11
183.985
21
-90.3489
0
LINE
8
BLACK
6
CONTINUOUS
10
183.985
20
-90.3489
11
184.006
21
-90
0
LINE
8
BLACK
6
CONTINUOUS
10
184.006
20
-90
11
183.985
21
-89.6511
0
LINE
8
BLACK
6
CONTINUOUS
10
183.985
20
-89.6511
11
183.925
21
-89.3069
0
LINE
8
BLACK
6
CONTINUOUS
10
183.925
20
-89.3069
11
183.824
21
-88.972
0
LINE
8
BLACK
6
CONTINUOUS
10
183.824
20
-88.972
11
183.686
21
-88.6511
0
LINE
8
BLACK
6
CONTINUOUS
10
183.686
20
-88.6511
11
183.511
21
-88.3484
0
LINE
8
BLACK
6
CONTINUOUS
10
183.511
20
-88.3484
11
183.302
21
-88.068
0
LINE
8
BLACK
6
CONTINUOUS
10
183.302
20
-88.068
11
183.063
21
-87.8138
0
LINE
8
BLACK
6
CONTINUOUS
10
183.063
20
-87.8138
11
182.795
21
-87.5892
0
LINE
8
BLACK
6
CONTINUOUS
10
182.795
20
-87.5892
11
182.7
21
-87.5269
0
LINE
8
BLACK
6
CONTINUOUS
10
182.7
20
-87.5269
11
182.503
21
-87.3971
0
LINE
8
BLACK
6
CONTINUOUS
10
182.503
20
-87.3971
11
182.19
21
-87.2402
0
LINE
8
BLACK
6
CONTINUOUS
10
182.19
20
-87.2402
11
182.19
21
-87.2402
0
LINE
8
BLACK
6
CONTINUOUS
10
182.19
20
-87.2402
11
182.19
21
-87.2402
0
LINE
8
BLACK
6
CONTINUOUS
10
182.19
20
-87.2402
11
181.862
21
-87.1207
0
LINE
8
BLACK
6
CONTINUOUS
10
181.862
20
-87.1207
11
181.862
21
-87.1207
0
LINE
8
BLACK
6
CONTINUOUS
10
181.862
20
-87.1207
11
181.862
21
-87.1207
0
LINE
8
BLACK
6
CONTINUOUS
10
181.862
20
-87.1207
11
181.522
21
-87.0401
0
LINE
8
BLACK
6
CONTINUOUS
10
181.522
20
-87.0401
11
181.409
21
-87.0269
0
LINE
8
BLACK
6
CONTINUOUS
10
181.409
20
-87.0269
11
181.175
21
-86.9995
0
LINE
8
BLACK
6
CONTINUOUS
10
181.175
20
-86.9995
11
180.825
21
-86.9995
0
LINE
8
BLACK
6
CONTINUOUS
10
180.825
20
-86.9995
11
180.634
21
-87.0219
0
LINE
8
BLACK
6
CONTINUOUS
10
180.634
20
-87.0219
11
180.478
21
-87.0401
0
LINE
8
BLACK
6
CONTINUOUS
10
180.478
20
-87.0401
11
180.138
21
-87.1207
0
LINE
8
BLACK
6
CONTINUOUS
10
180.138
20
-87.1207
11
179.941
21
-87.1923
0
LINE
8
BLACK
6
CONTINUOUS
10
179.941
20
-87.1923
11
179.81
21
-87.2402
0
LINE
8
BLACK
6
CONTINUOUS
10
179.81
20
-87.2402
11
179.81
21
-87.2402
0
LINE
8
BLACK
6
CONTINUOUS
10
179.81
20
-87.2402
11
179.81
21
-87.2402
0
LINE
8
BLACK
6
CONTINUOUS
10
179.81
20
-87.2402
11
179.497
21
-87.3971
0
LINE
8
BLACK
6
CONTINUOUS
10
179.497
20
-87.3971
11
179.205
21
-87.5891
0
LINE
8
BLACK
6
CONTINUOUS
10
179.205
20
-87.5891
11
178.937
21
-87.8138
0
LINE
8
BLACK
6
CONTINUOUS
10
178.937
20
-87.8138
11
178.698
21
-88.068
0
LINE
8
BLACK
6
CONTINUOUS
10
178.698
20
-88.068
11
178.489
21
-88.3484
0
LINE
8
BLACK
6
CONTINUOUS
10
178.489
20
-88.3484
11
178.489
21
-88.3484
0
LINE
8
BLACK
6
CONTINUOUS
10
178.489
20
-88.3484
11
178.314
21
-88.6511
0
LINE
8
BLACK
6
CONTINUOUS
10
178.314
20
-88.6511
11
178.314
21
-88.6511
0
LINE
8
BLACK
6
CONTINUOUS
10
178.314
20
-88.6511
11
178.176
21
-88.972
0
LINE
8
BLACK
6
CONTINUOUS
10
178.176
20
-88.972
11
178.176
21
-88.972
0
LINE
8
BLACK
6
CONTINUOUS
10
178.176
20
-88.972
11
178.075
21
-89.3069
0
LINE
8
BLACK
6
CONTINUOUS
10
178.075
20
-89.3069
11
178.075
21
-89.3069
0
LINE
8
BLACK
6
CONTINUOUS
10
178.075
20
-89.3069
11
178.015
21
-89.6511
0
LINE
8
BLACK
6
CONTINUOUS
10
178.015
20
-89.6511
11
177.994
21
-90
0
LINE
8
BLACK
6
CONTINUOUS
10
177.994
20
-90
11
178.015
21
-90.3489
0
LINE
8
BLACK
6
CONTINUOUS
10
119.763
20
-89.9282
11
119.796
21
-90
0
LINE
8
BLACK
6
CONTINUOUS
10
119.796
20
-90
11
119.817
21
-90.0461
0
LINE
8
BLACK
6
CONTINUOUS
10
119.817
20
-90.0461
11
119.895
21
-90.136
0
LINE
8
BLACK
6
CONTINUOUS
10
119.895
20
-90.136
11
119.902
21
-90.144
0
LINE
8
BLACK
6
CONTINUOUS
10
119.902
20
-90.144
11
120.011
21
-90.214
0
LINE
8
BLACK
6
CONTINUOUS
10
120.011
20
-90.214
11
120.011
21
-90.214
0
LINE
8
BLACK
6
CONTINUOUS
10
120.011
20
-90.214
11
120.135
21
-90.2505
0
LINE
8
BLACK
6
CONTINUOUS
10
120.135
20
-90.2505
11
120.135
21
-90.2505
0
LINE
8
BLACK
6
CONTINUOUS
10
120.135
20
-90.2505
11
120.265
21
-90.2505
0
LINE
8
BLACK
6
CONTINUOUS
10
120.265
20
-90.2505
11
120.265
21
-90.2505
0
LINE
8
BLACK
6
CONTINUOUS
10
120.265
20
-90.2505
11
120.389
21
-90.214
0
LINE
8
BLACK
6
CONTINUOUS
10
120.389
20
-90.214
11
120.498
21
-90.144
0
LINE
8
BLACK
6
CONTINUOUS
10
120.498
20
-90.144
11
120.583
21
-90.0461
0
LINE
8
BLACK
6
CONTINUOUS
10
120.583
20
-90.0461
11
120.637
21
-89.9282
0
LINE
8
BLACK
6
CONTINUOUS
10
120.637
20
-89.9282
11
120.655
21
-89.8005
0
LINE
8
BLACK
6
CONTINUOUS
10
120.655
20
-89.8005
11
120.655
21
-89.8
0
LINE
8
BLACK
6
CONTINUOUS
10
120.655
20
-89.8
11
120.655
21
-89.8
0
LINE
8
BLACK
6
CONTINUOUS
10
120.655
20
-89.8
11
120.637
21
-89.6718
0
LINE
8
BLACK
6
CONTINUOUS
10
120.637
20
-89.6718
11
120.61
21
-89.6122
0
LINE
8
BLACK
6
CONTINUOUS
10
120.61
20
-89.6122
11
120.583
21
-89.5539
0
LINE
8
BLACK
6
CONTINUOUS
10
120.583
20
-89.5539
11
120.498
21
-89.456
0
LINE
8
BLACK
6
CONTINUOUS
10
120.498
20
-89.456
11
120.498
21
-89.456
0
LINE
8
BLACK
6
CONTINUOUS
10
120.498
20
-89.456
11
120.498
21
-89.456
0
LINE
8
BLACK
6
CONTINUOUS
10
120.498
20
-89.456
11
120.389
21
-89.386
0
LINE
8
BLACK
6
CONTINUOUS
10
120.389
20
-89.386
11
120.389
21
-89.386
0
LINE
8
BLACK
6
CONTINUOUS
10
120.389
20
-89.386
11
120.389
21
-89.386
0
LINE
8
BLACK
6
CONTINUOUS
10
120.389
20
-89.386
11
120.389
21
-89.386
0
LINE
8
BLACK
6
CONTINUOUS
10
120.389
20
-89.386
11
120.265
21
-89.3495
0
LINE
8
BLACK
6
CONTINUOUS
10
120.265
20
-89.3495
11
120.265
21
-89.3495
0
LINE
8
BLACK
6
CONTINUOUS
10
120.265
20
-89.3495
11
120.135
21
-89.3495
0
LINE
8
BLACK
6
CONTINUOUS
10
120.135
20
-89.3495
11
120.135
21
-89.3495
0
LINE
8
BLACK
6
CONTINUOUS
10
120.135
20
-89.3495
11
120.011
21
-89.386
0
LINE
8
BLACK
6
CONTINUOUS
10
120.011
20
-89.386
11
120.011
21
-89.386
0
LINE
8
BLACK
6
CONTINUOUS
10
120.011
20
-89.386
11
119.902
21
-89.456
0
LINE
8
BLACK
6
CONTINUOUS
10
119.902
20
-89.456
11
119.817
21
-89.5539
0
LINE
8
BLACK
6
CONTINUOUS
10
119.817
20
-89.5539
11
119.763
21
-89.6718
0
LINE
8
BLACK
6
CONTINUOUS
10
119.763
20
-89.6718
11
119.745
21
-89.8
0
LINE
8
BLACK
6
CONTINUOUS
10
119.745
20
-89.8
11
119.745
21
-89.8
0
LINE
8
BLACK
6
CONTINUOUS
10
119.745
20
-89.8
11
119.763
21
-89.9282
0
LINE
8
BLACK
6
CONTINUOUS
10
141.426
20
-89.7405
11
141.466
21
-89.8283
0
LINE
8
BLACK
6
CONTINUOUS
10
141.466
20
-89.8283
11
141.479
21
-89.8583
0
LINE
8
BLACK
6
CONTINUOUS
10
141.479
20
-89.8583
11
141.54
21
-89.9282
0
LINE
8
BLACK
6
CONTINUOUS
10
141.54
20
-89.9282
11
141.564
21
-89.9562
0
LINE
8
BLACK
6
CONTINUOUS
10
141.564
20
-89.9562
11
141.673
21
-90.0263
0
LINE
8
BLACK
6
CONTINUOUS
10
141.673
20
-90.0263
11
141.673
21
-90.0263
0
LINE
8
BLACK
6
CONTINUOUS
10
141.673
20
-90.0263
11
141.797
21
-90.0627
0
LINE
8
BLACK
6
CONTINUOUS
10
141.797
20
-90.0627
11
141.797
21
-90.0627
0
LINE
8
BLACK
6
CONTINUOUS
10
141.797
20
-90.0627
11
141.927
21
-90.0627
0
LINE
8
BLACK
6
CONTINUOUS
10
141.927
20
-90.0627
11
141.927
21
-90.0627
0
LINE
8
BLACK
6
CONTINUOUS
10
141.927
20
-90.0627
11
142.051
21
-90.0263
0
LINE
8
BLACK
6
CONTINUOUS
10
142.051
20
-90.0263
11
142.16
21
-89.9562
0
LINE
8
BLACK
6
CONTINUOUS
10
142.16
20
-89.9562
11
142.245
21
-89.8583
0
LINE
8
BLACK
6
CONTINUOUS
10
142.245
20
-89.8583
11
142.299
21
-89.7405
0
LINE
8
BLACK
6
CONTINUOUS
10
142.299
20
-89.7405
11
142.313
21
-89.6405
0
LINE
8
BLACK
6
CONTINUOUS
10
142.313
20
-89.6405
11
142.317
21
-89.6123
0
LINE
8
BLACK
6
CONTINUOUS
10
142.317
20
-89.6123
11
142.317
21
-89.6122
0
LINE
8
BLACK
6
CONTINUOUS
10
142.317
20
-89.6122
11
142.299
21
-89.484
0
LINE
8
BLACK
6
CONTINUOUS
10
142.299
20
-89.484
11
142.285
21
-89.4539
0
LINE
8
BLACK
6
CONTINUOUS
10
142.285
20
-89.4539
11
142.245
21
-89.3662
0
LINE
8
BLACK
6
CONTINUOUS
10
142.245
20
-89.3662
11
142.16
21
-89.2683
0
LINE
8
BLACK
6
CONTINUOUS
10
142.16
20
-89.2683
11
142.16
21
-89.2683
0
LINE
8
BLACK
6
CONTINUOUS
10
142.16
20
-89.2683
11
142.16
21
-89.2683
0
LINE
8
BLACK
6
CONTINUOUS
10
142.16
20
-89.2683
11
142.051
21
-89.1982
0
LINE
8
BLACK
6
CONTINUOUS
10
142.051
20
-89.1982
11
142.051
21
-89.1982
0
LINE
8
BLACK
6
CONTINUOUS
10
142.051
20
-89.1982
11
142.051
21
-89.1982
0
LINE
8
BLACK
6
CONTINUOUS
10
142.051
20
-89.1982
11
142.051
21
-89.1982
0
LINE
8
BLACK
6
CONTINUOUS
10
142.051
20
-89.1982
11
141.927
21
-89.1617
0
LINE
8
BLACK
6
CONTINUOUS
10
141.927
20
-89.1617
11
141.927
21
-89.1617
0
LINE
8
BLACK
6
CONTINUOUS
10
141.927
20
-89.1617
11
141.797
21
-89.1617
0
LINE
8
BLACK
6
CONTINUOUS
10
141.797
20
-89.1617
11
141.797
21
-89.1617
0
LINE
8
BLACK
6
CONTINUOUS
10
141.797
20
-89.1617
11
141.673
21
-89.1982
0
LINE
8
BLACK
6
CONTINUOUS
10
141.673
20
-89.1982
11
141.673
21
-89.1982
0
LINE
8
BLACK
6
CONTINUOUS
10
141.673
20
-89.1982
11
141.564
21
-89.2683
0
LINE
8
BLACK
6
CONTINUOUS
10
141.564
20
-89.2683
11
141.479
21
-89.3662
0
LINE
8
BLACK
6
CONTINUOUS
10
141.479
20
-89.3662
11
141.426
21
-89.484
0
LINE
8
BLACK
6
CONTINUOUS
10
141.426
20
-89.484
11
141.407
21
-89.6122
0
LINE
8
BLACK
6
CONTINUOUS
10
141.407
20
-89.6122
11
141.407
21
-89.6123
0
LINE
8
BLACK
6
CONTINUOUS
10
141.407
20
-89.6123
11
141.426
21
-89.7405
0
LINE
8
BLACK
6
CONTINUOUS
10
162.213
20
-89.5787
11
162.246
21
-89.6511
0
LINE
8
BLACK
6
CONTINUOUS
10
162.246
20
-89.6511
11
162.267
21
-89.6966
0
LINE
8
BLACK
6
CONTINUOUS
10
162.267
20
-89.6966
11
162.326
21
-89.764
0
LINE
8
BLACK
6
CONTINUOUS
10
162.326
20
-89.764
11
162.352
21
-89.7945
0
LINE
8
BLACK
6
CONTINUOUS
10
162.352
20
-89.7945
11
162.461
21
-89.8645
0
LINE
8
BLACK
6
CONTINUOUS
10
162.461
20
-89.8645
11
162.461
21
-89.8645
0
LINE
8
BLACK
6
CONTINUOUS
10
162.461
20
-89.8645
11
162.585
21
-89.901
0
LINE
8
BLACK
6
CONTINUOUS
10
162.585
20
-89.901
11
162.585
21
-89.901
0
LINE
8
BLACK
6
CONTINUOUS
10
162.585
20
-89.901
11
162.715
21
-89.901
0
LINE
8
BLACK
6
CONTINUOUS
10
162.715
20
-89.901
11
162.715
21
-89.901
0
LINE
8
BLACK
6
CONTINUOUS
10
162.715
20
-89.901
11
162.839
21
-89.8645
0
LINE
8
BLACK
6
CONTINUOUS
10
162.839
20
-89.8645
11
162.948
21
-89.7945
0
LINE
8
BLACK
6
CONTINUOUS
10
162.948
20
-89.7945
11
163.033
21
-89.6966
0
LINE
8
BLACK
6
CONTINUOUS
10
163.033
20
-89.6966
11
163.087
21
-89.5787
0
LINE
8
BLACK
6
CONTINUOUS
10
163.087
20
-89.5787
11
163.101
21
-89.4782
0
LINE
8
BLACK
6
CONTINUOUS
10
163.101
20
-89.4782
11
163.105
21
-89.4505
0
LINE
8
BLACK
6
CONTINUOUS
10
163.105
20
-89.4505
11
163.105
21
-89.4505
0
LINE
8
BLACK
6
CONTINUOUS
10
163.105
20
-89.4505
11
163.091
21
-89.35
0
LINE
8
BLACK
6
CONTINUOUS
10
163.091
20
-89.35
11
163.087
21
-89.3223
0
LINE
8
BLACK
6
CONTINUOUS
10
163.087
20
-89.3223
11
163.062
21
-89.2683
0
LINE
8
BLACK
6
CONTINUOUS
10
163.062
20
-89.2683
11
163.033
21
-89.2044
0
LINE
8
BLACK
6
CONTINUOUS
10
163.033
20
-89.2044
11
162.948
21
-89.1065
0
LINE
8
BLACK
6
CONTINUOUS
10
162.948
20
-89.1065
11
162.948
21
-89.1065
0
LINE
8
BLACK
6
CONTINUOUS
10
162.948
20
-89.1065
11
162.948
21
-89.1065
0
LINE
8
BLACK
6
CONTINUOUS
10
162.948
20
-89.1065
11
162.839
21
-89.0365
0
LINE
8
BLACK
6
CONTINUOUS
10
162.839
20
-89.0365
11
162.839
21
-89.0365
0
LINE
8
BLACK
6
CONTINUOUS
10
162.839
20
-89.0365
11
162.839
21
-89.0365
0
LINE
8
BLACK
6
CONTINUOUS
10
162.839
20
-89.0365
11
162.839
21
-89.0365
0
LINE
8
BLACK
6
CONTINUOUS
10
162.839
20
-89.0365
11
162.715
21
-89
0
LINE
8
BLACK
6
CONTINUOUS
10
162.715
20
-89
11
162.715
21
-89
0
LINE
8
BLACK
6
CONTINUOUS
10
162.715
20
-89
11
162.585
21
-89
0
LINE
8
BLACK
6
CONTINUOUS
10
162.585
20
-89
11
162.585
21
-89
0
LINE
8
BLACK
6
CONTINUOUS
10
162.585
20
-89
11
162.461
21
-89.0365
0
LINE
8
BLACK
6
CONTINUOUS
10
162.461
20
-89.0365
11
162.461
21
-89.0365
0
LINE
8
BLACK
6
CONTINUOUS
10
162.461
20
-89.0365
11
162.352
21
-89.1065
0
LINE
8
BLACK
6
CONTINUOUS
10
162.352
20
-89.1065
11
162.267
21
-89.2044
0
LINE
8
BLACK
6
CONTINUOUS
10
162.267
20
-89.2044
11
162.213
21
-89.3223
0
LINE
8
BLACK
6
CONTINUOUS
10
162.213
20
-89.3223
11
162.195
21
-89.4505
0
LINE
8
BLACK
6
CONTINUOUS
10
162.195
20
-89.4505
11
162.195
21
-89.4505
0
LINE
8
BLACK
6
CONTINUOUS
10
162.195
20
-89.4505
11
162.213
21
-89.5787
0
LINE
8
BLACK
6
CONTINUOUS
10
176.663
20
-89.4782
11
176.694
21
-89.5453
0
LINE
8
BLACK
6
CONTINUOUS
10
176.694
20
-89.5453
11
176.717
21
-89.5961
0
LINE
8
BLACK
6
CONTINUOUS
10
176.717
20
-89.5961
11
176.782
21
-89.6707
0
LINE
8
BLACK
6
CONTINUOUS
10
176.782
20
-89.6707
11
176.802
21
-89.694
0
LINE
8
BLACK
6
CONTINUOUS
10
176.802
20
-89.694
11
176.911
21
-89.764
0
LINE
8
BLACK
6
CONTINUOUS
10
176.911
20
-89.764
11
176.911
21
-89.764
0
LINE
8
BLACK
6
CONTINUOUS
10
176.911
20
-89.764
11
177.035
21
-89.8005
0
LINE
8
BLACK
6
CONTINUOUS
10
177.035
20
-89.8005
11
177.035
21
-89.8005
0
LINE
8
BLACK
6
CONTINUOUS
10
177.035
20
-89.8005
11
177.165
21
-89.8005
0
LINE
8
BLACK
6
CONTINUOUS
10
177.165
20
-89.8005
11
177.165
21
-89.8005
0
LINE
8
BLACK
6
CONTINUOUS
10
177.165
20
-89.8005
11
177.289
21
-89.764
0
LINE
8
BLACK
6
CONTINUOUS
10
177.289
20
-89.764
11
177.398
21
-89.694
0
LINE
8
BLACK
6
CONTINUOUS
10
177.398
20
-89.694
11
177.483
21
-89.5961
0
LINE
8
BLACK
6
CONTINUOUS
10
177.483
20
-89.5961
11
177.537
21
-89.4782
0
LINE
8
BLACK
6
CONTINUOUS
10
177.537
20
-89.4782
11
177.549
21
-89.3914
0
LINE
8
BLACK
6
CONTINUOUS
10
177.549
20
-89.3914
11
177.555
21
-89.35
0
LINE
8
BLACK
6
CONTINUOUS
10
177.555
20
-89.35
11
177.555
21
-89.35
0
LINE
8
BLACK
6
CONTINUOUS
10
177.555
20
-89.35
11
177.537
21
-89.2218
0
LINE
8
BLACK
6
CONTINUOUS
10
177.537
20
-89.2218
11
177.537
21
-89.2218
0
LINE
8
BLACK
6
CONTINUOUS
10
177.537
20
-89.2218
11
177.483
21
-89.1039
0
LINE
8
BLACK
6
CONTINUOUS
10
177.483
20
-89.1039
11
177.398
21
-89.006
0
LINE
8
BLACK
6
CONTINUOUS
10
177.398
20
-89.006
11
177.398
21
-89.006
0
LINE
8
BLACK
6
CONTINUOUS
10
177.398
20
-89.006
11
177.398
21
-89.006
0
LINE
8
BLACK
6
CONTINUOUS
10
177.398
20
-89.006
11
177.289
21
-88.936
0
LINE
8
BLACK
6
CONTINUOUS
10
177.289
20
-88.936
11
177.289
21
-88.936
0
LINE
8
BLACK
6
CONTINUOUS
10
177.289
20
-88.936
11
177.289
21
-88.936
0
LINE
8
BLACK
6
CONTINUOUS
10
177.289
20
-88.936
11
177.289
21
-88.936
0
LINE
8
BLACK
6
CONTINUOUS
10
177.289
20
-88.936
11
177.165
21
-88.8995
0
LINE
8
BLACK
6
CONTINUOUS
10
177.165
20
-88.8995
11
177.165
21
-88.8995
0
LINE
8
BLACK
6
CONTINUOUS
10
177.165
20
-88.8995
11
177.035
21
-88.8995
0
LINE
8
BLACK
6
CONTINUOUS
10
177.035
20
-88.8995
11
177.035
21
-88.8995
0
LINE
8
BLACK
6
CONTINUOUS
10
177.035
20
-88.8995
11
176.911
21
-88.936
0
LINE
8
BLACK
6
CONTINUOUS
10
176.911
20
-88.936
11
176.911
21
-88.936
0
LINE
8
BLACK
6
CONTINUOUS
10
176.911
20
-88.936
11
176.802
21
-89.006
0
LINE
8
BLACK
6
CONTINUOUS
10
176.802
20
-89.006
11
176.717
21
-89.1039
0
LINE
8
BLACK
6
CONTINUOUS
10
176.717
20
-89.1039
11
176.663
21
-89.2218
0
LINE
8
BLACK
6
CONTINUOUS
10
176.663
20
-89.2218
11
176.645
21
-89.35
0
LINE
8
BLACK
6
CONTINUOUS
10
176.645
20
-89.35
11
176.645
21
-89.35
0
LINE
8
BLACK
6
CONTINUOUS
10
176.645
20
-89.35
11
176.663
21
-89.4782
0
LINE
8
BLACK
6
CONTINUOUS
10
121.473
20
-89.3182
11
121.496
21
-89.3685
0
LINE
8
BLACK
6
CONTINUOUS
10
121.496
20
-89.3685
11
121.527
21
-89.4361
0
LINE
8
BLACK
6
CONTINUOUS
10
121.527
20
-89.4361
11
121.544
21
-89.456
0
LINE
8
BLACK
6
CONTINUOUS
10
121.544
20
-89.456
11
121.612
21
-89.534
0
LINE
8
BLACK
6
CONTINUOUS
10
121.612
20
-89.534
11
121.721
21
-89.604
0
LINE
8
BLACK
6
CONTINUOUS
10
121.721
20
-89.604
11
121.721
21
-89.604
0
LINE
8
BLACK
6
CONTINUOUS
10
121.721
20
-89.604
11
121.845
21
-89.6405
0
LINE
8
BLACK
6
CONTINUOUS
10
121.845
20
-89.6405
11
121.845
21
-89.6405
0
LINE
8
BLACK
6
CONTINUOUS
10
121.845
20
-89.6405
11
121.975
21
-89.6405
0
LINE
8
BLACK
6
CONTINUOUS
10
121.975
20
-89.6405
11
121.975
21
-89.6405
0
LINE
8
BLACK
6
CONTINUOUS
10
121.975
20
-89.6405
11
122.099
21
-89.604
0
LINE
8
BLACK
6
CONTINUOUS
10
122.099
20
-89.604
11
122.208
21
-89.534
0
LINE
8
BLACK
6
CONTINUOUS
10
122.208
20
-89.534
11
122.293
21
-89.4361
0
LINE
8
BLACK
6
CONTINUOUS
10
122.293
20
-89.4361
11
122.347
21
-89.3182
0
LINE
8
BLACK
6
CONTINUOUS
10
122.347
20
-89.3182
11
122.354
21
-89.2642
0
LINE
8
BLACK
6
CONTINUOUS
10
122.354
20
-89.2642
11
122.365
21
-89.19
0
LINE
8
BLACK
6
CONTINUOUS
10
122.365
20
-89.19
11
122.365
21
-89.19
0
LINE
8
BLACK
6
CONTINUOUS
10
122.365
20
-89.19
11
122.352
21
-89.1
0
LINE
8
BLACK
6
CONTINUOUS
10
122.352
20
-89.1
11
122.347
21
-89.0618
0
LINE
8
BLACK
6
CONTINUOUS
10
122.347
20
-89.0618
11
122.328
21
-89.0211
0
LINE
8
BLACK
6
CONTINUOUS
10
122.328
20
-89.0211
11
122.293
21
-88.9439
0
LINE
8
BLACK
6
CONTINUOUS
10
122.293
20
-88.9439
11
122.208
21
-88.846
0
LINE
8
BLACK
6
CONTINUOUS
10
122.208
20
-88.846
11
122.208
21
-88.846
0
LINE
8
BLACK
6
CONTINUOUS
10
122.208
20
-88.846
11
122.208
21
-88.846
0
LINE
8
BLACK
6
CONTINUOUS
10
122.208
20
-88.846
11
122.099
21
-88.776
0
LINE
8
BLACK
6
CONTINUOUS
10
122.099
20
-88.776
11
122.099
21
-88.776
0
LINE
8
BLACK
6
CONTINUOUS
10
122.099
20
-88.776
11
122.099
21
-88.776
0
LINE
8
BLACK
6
CONTINUOUS
10
122.099
20
-88.776
11
122.096
21
-88.775
0
LINE
8
BLACK
6
CONTINUOUS
10
122.096
20
-88.775
11
121.975
21
-88.7395
0
LINE
8
BLACK
6
CONTINUOUS
10
121.975
20
-88.7395
11
121.975
21
-88.7395
0
LINE
8
BLACK
6
CONTINUOUS
10
121.975
20
-88.7395
11
121.845
21
-88.7395
0
LINE
8
BLACK
6
CONTINUOUS
10
121.845
20
-88.7395
11
121.845
21
-88.7395
0
LINE
8
BLACK
6
CONTINUOUS
10
121.845
20
-88.7395
11
121.721
21
-88.776
0
LINE
8
BLACK
6
CONTINUOUS
10
121.721
20
-88.776
11
121.721
21
-88.776
0
LINE
8
BLACK
6
CONTINUOUS
10
121.721
20
-88.776
11
121.612
21
-88.846
0
LINE
8
BLACK
6
CONTINUOUS
10
121.612
20
-88.846
11
121.527
21
-88.9439
0
LINE
8
BLACK
6
CONTINUOUS
10
121.527
20
-88.9439
11
121.473
21
-89.0618
0
LINE
8
BLACK
6
CONTINUOUS
10
121.473
20
-89.0618
11
121.455
21
-89.19
0
LINE
8
BLACK
6
CONTINUOUS
10
121.455
20
-89.19
11
121.455
21
-89.19
0
LINE
8
BLACK
6
CONTINUOUS
10
121.455
20
-89.19
11
121.473
21
-89.3182
0
LINE
8
BLACK
6
CONTINUOUS
10
168.613
20
-88.9282
11
168.656
21
-89.0211
0
LINE
8
BLACK
6
CONTINUOUS
10
168.656
20
-89.0211
11
168.667
21
-89.0461
0
LINE
8
BLACK
6
CONTINUOUS
10
168.667
20
-89.0461
11
168.73
21
-89.119
0
LINE
8
BLACK
6
CONTINUOUS
10
168.73
20
-89.119
11
168.752
21
-89.144
0
LINE
8
BLACK
6
CONTINUOUS
10
168.752
20
-89.144
11
168.791
21
-89.1691
0
LINE
8
BLACK
6
CONTINUOUS
10
168.791
20
-89.1691
11
168.861
21
-89.214
0
LINE
8
BLACK
6
CONTINUOUS
10
168.861
20
-89.214
11
168.985
21
-89.2505
0
LINE
8
BLACK
6
CONTINUOUS
10
168.985
20
-89.2505
11
168.985
21
-89.2505
0
LINE
8
BLACK
6
CONTINUOUS
10
168.985
20
-89.2505
11
169.115
21
-89.2505
0
LINE
8
BLACK
6
CONTINUOUS
10
169.115
20
-89.2505
11
169.115
21
-89.2505
0
LINE
8
BLACK
6
CONTINUOUS
10
169.115
20
-89.2505
11
169.239
21
-89.214
0
LINE
8
BLACK
6
CONTINUOUS
10
169.239
20
-89.214
11
169.348
21
-89.144
0
LINE
8
BLACK
6
CONTINUOUS
10
169.348
20
-89.144
11
169.433
21
-89.0461
0
LINE
8
BLACK
6
CONTINUOUS
10
169.433
20
-89.0461
11
169.487
21
-88.9282
0
LINE
8
BLACK
6
CONTINUOUS
10
169.487
20
-88.9282
11
169.497
21
-88.8539
0
LINE
8
BLACK
6
CONTINUOUS
10
169.497
20
-88.8539
11
169.505
21
-88.8
0
LINE
8
BLACK
6
CONTINUOUS
10
169.505
20
-88.8
11
169.505
21
-88.8
0
LINE
8
BLACK
6
CONTINUOUS
10
169.505
20
-88.8
11
169.487
21
-88.6718
0
LINE
8
BLACK
6
CONTINUOUS
10
169.487
20
-88.6718
11
169.487
21
-88.6718
0
LINE
8
BLACK
6
CONTINUOUS
10
169.487
20
-88.6718
11
169.433
21
-88.5539
0
LINE
8
BLACK
6
CONTINUOUS
10
169.433
20
-88.5539
11
169.348
21
-88.456
0
LINE
8
BLACK
6
CONTINUOUS
10
169.348
20
-88.456
11
169.348
21
-88.456
0
LINE
8
BLACK
6
CONTINUOUS
10
169.348
20
-88.456
11
169.348
21
-88.456
0
LINE
8
BLACK
6
CONTINUOUS
10
169.348
20
-88.456
11
169.239
21
-88.386
0
LINE
8
BLACK
6
CONTINUOUS
10
169.239
20
-88.386
11
169.239
21
-88.386
0
LINE
8
BLACK
6
CONTINUOUS
10
169.239
20
-88.386
11
169.239
21
-88.386
0
LINE
8
BLACK
6
CONTINUOUS
10
169.239
20
-88.386
11
169.239
21
-88.386
0
LINE
8
BLACK
6
CONTINUOUS
10
169.239
20
-88.386
11
169.115
21
-88.3495
0
LINE
8
BLACK
6
CONTINUOUS
10
169.115
20
-88.3495
11
169.115
21
-88.3495
0
LINE
8
BLACK
6
CONTINUOUS
10
169.115
20
-88.3495
11
168.985
21
-88.3495
0
LINE
8
BLACK
6
CONTINUOUS
10
168.985
20
-88.3495
11
168.985
21
-88.3495
0
LINE
8
BLACK
6
CONTINUOUS
10
168.985
20
-88.3495
11
168.861
21
-88.386
0
LINE
8
BLACK
6
CONTINUOUS
10
168.861
20
-88.386
11
168.861
21
-88.386
0
LINE
8
BLACK
6
CONTINUOUS
10
168.861
20
-88.386
11
168.752
21
-88.456
0
LINE
8
BLACK
6
CONTINUOUS
10
168.752
20
-88.456
11
168.667
21
-88.5539
0
LINE
8
BLACK
6
CONTINUOUS
10
168.667
20
-88.5539
11
168.613
21
-88.6718
0
LINE
8
BLACK
6
CONTINUOUS
10
168.613
20
-88.6718
11
168.595
21
-88.8
0
LINE
8
BLACK
6
CONTINUOUS
10
168.595
20
-88.8
11
168.595
21
-88.8
0
LINE
8
BLACK
6
CONTINUOUS
10
168.595
20
-88.8
11
168.613
21
-88.9282
0
LINE
8
BLACK
6
CONTINUOUS
10
109.713
20
-88.9032
11
109.745
21
-88.972
0
LINE
8
BLACK
6
CONTINUOUS
10
109.745
20
-88.972
11
109.767
21
-89.0211
0
LINE
8
BLACK
6
CONTINUOUS
10
109.767
20
-89.0211
11
109.841
21
-89.1065
0
LINE
8
BLACK
6
CONTINUOUS
10
109.841
20
-89.1065
11
109.852
21
-89.119
0
LINE
8
BLACK
6
CONTINUOUS
10
109.852
20
-89.119
11
109.93
21
-89.1691
0
LINE
8
BLACK
6
CONTINUOUS
10
109.93
20
-89.1691
11
109.961
21
-89.189
0
LINE
8
BLACK
6
CONTINUOUS
10
109.961
20
-89.189
11
110.085
21
-89.2255
0
LINE
8
BLACK
6
CONTINUOUS
10
110.085
20
-89.2255
11
110.085
21
-89.2255
0
LINE
8
BLACK
6
CONTINUOUS
10
110.085
20
-89.2255
11
110.215
21
-89.2255
0
LINE
8
BLACK
6
CONTINUOUS
10
110.215
20
-89.2255
11
110.215
21
-89.2255
0
LINE
8
BLACK
6
CONTINUOUS
10
110.215
20
-89.2255
11
110.339
21
-89.189
0
LINE
8
BLACK
6
CONTINUOUS
10
110.339
20
-89.189
11
110.448
21
-89.119
0
LINE
8
BLACK
6
CONTINUOUS
10
110.448
20
-89.119
11
110.533
21
-89.0211
0
LINE
8
BLACK
6
CONTINUOUS
10
110.533
20
-89.0211
11
110.587
21
-88.9032
0
LINE
8
BLACK
6
CONTINUOUS
10
110.587
20
-88.9032
11
110.605
21
-88.775
0
LINE
8
BLACK
6
CONTINUOUS
10
110.605
20
-88.775
11
110.594
21
-88.7005
0
LINE
8
BLACK
6
CONTINUOUS
10
110.594
20
-88.7005
11
110.587
21
-88.6468
0
LINE
8
BLACK
6
CONTINUOUS
10
110.587
20
-88.6468
11
110.563
21
-88.594
0
LINE
8
BLACK
6
CONTINUOUS
10
110.563
20
-88.594
11
110.533
21
-88.5289
0
LINE
8
BLACK
6
CONTINUOUS
10
110.533
20
-88.5289
11
110.448
21
-88.431
0
LINE
8
BLACK
6
CONTINUOUS
10
110.448
20
-88.431
11
110.448
21
-88.431
0
LINE
8
BLACK
6
CONTINUOUS
10
110.448
20
-88.431
11
110.448
21
-88.431
0
LINE
8
BLACK
6
CONTINUOUS
10
110.448
20
-88.431
11
110.339
21
-88.361
0
LINE
8
BLACK
6
CONTINUOUS
10
110.339
20
-88.361
11
110.339
21
-88.361
0
LINE
8
BLACK
6
CONTINUOUS
10
110.339
20
-88.361
11
110.339
21
-88.361
0
LINE
8
BLACK
6
CONTINUOUS
10
110.339
20
-88.361
11
110.339
21
-88.361
0
LINE
8
BLACK
6
CONTINUOUS
10
110.339
20
-88.361
11
110.215
21
-88.3245
0
LINE
8
BLACK
6
CONTINUOUS
10
110.215
20
-88.3245
11
110.215
21
-88.3245
0
LINE
8
BLACK
6
CONTINUOUS
10
110.215
20
-88.3245
11
110.085
21
-88.3245
0
LINE
8
BLACK
6
CONTINUOUS
10
110.085
20
-88.3245
11
110.085
21
-88.3245
0
LINE
8
BLACK
6
CONTINUOUS
10
110.085
20
-88.3245
11
109.961
21
-88.361
0
LINE
8
BLACK
6
CONTINUOUS
10
109.961
20
-88.361
11
109.961
21
-88.361
0
LINE
8
BLACK
6
CONTINUOUS
10
109.961
20
-88.361
11
109.852
21
-88.431
0
LINE
8
BLACK
6
CONTINUOUS
10
109.852
20
-88.431
11
109.767
21
-88.5289
0
LINE
8
BLACK
6
CONTINUOUS
10
109.767
20
-88.5289
11
109.713
21
-88.6468
0
LINE
8
BLACK
6
CONTINUOUS
10
109.713
20
-88.6468
11
109.695
21
-88.775
0
LINE
8
BLACK
6
CONTINUOUS
10
109.695
20
-88.775
11
109.695
21
-88.775
0
LINE
8
BLACK
6
CONTINUOUS
10
109.695
20
-88.775
11
109.713
21
-88.9032
0
LINE
8
BLACK
6
CONTINUOUS
10
139.263
20
-88.3782
11
139.3
21
-88.459
0
LINE
8
BLACK
6
CONTINUOUS
10
139.3
20
-88.459
11
139.317
21
-88.4961
0
LINE
8
BLACK
6
CONTINUOUS
10
139.317
20
-88.4961
11
139.377
21
-88.5655
0
LINE
8
BLACK
6
CONTINUOUS
10
139.377
20
-88.5655
11
139.402
21
-88.594
0
LINE
8
BLACK
6
CONTINUOUS
10
139.402
20
-88.594
11
139.491
21
-88.6511
0
LINE
8
BLACK
6
CONTINUOUS
10
139.491
20
-88.6511
11
139.511
21
-88.664
0
LINE
8
BLACK
6
CONTINUOUS
10
139.511
20
-88.664
11
139.635
21
-88.7005
0
LINE
8
BLACK
6
CONTINUOUS
10
139.635
20
-88.7005
11
139.635
21
-88.7005
0
LINE
8
BLACK
6
CONTINUOUS
10
139.635
20
-88.7005
11
139.765
21
-88.7005
0
LINE
8
BLACK
6
CONTINUOUS
10
139.765
20
-88.7005
11
139.765
21
-88.7005
0
LINE
8
BLACK
6
CONTINUOUS
10
139.765
20
-88.7005
11
139.889
21
-88.664
0
LINE
8
BLACK
6
CONTINUOUS
10
139.889
20
-88.664
11
139.998
21
-88.594
0
LINE
8
BLACK
6
CONTINUOUS
10
139.998
20
-88.594
11
140.083
21
-88.4961
0
LINE
8
BLACK
6
CONTINUOUS
10
140.083
20
-88.4961
11
140.137
21
-88.3782
0
LINE
8
BLACK
6
CONTINUOUS
10
140.137
20
-88.3782
11
140.155
21
-88.25
0
LINE
8
BLACK
6
CONTINUOUS
10
140.155
20
-88.25
11
140.137
21
-88.1218
0
LINE
8
BLACK
6
CONTINUOUS
10
140.137
20
-88.1218
11
140.083
21
-88.0039
0
LINE
8
BLACK
6
CONTINUOUS
10
140.083
20
-88.0039
11
139.998
21
-87.906
0
LINE
8
BLACK
6
CONTINUOUS
10
139.998
20
-87.906
11
139.998
21
-87.906
0
LINE
8
BLACK
6
CONTINUOUS
10
139.998
20
-87.906
11
139.998
21
-87.906
0
LINE
8
BLACK
6
CONTINUOUS
10
139.998
20
-87.906
11
139.889
21
-87.836
0
LINE
8
BLACK
6
CONTINUOUS
10
139.889
20
-87.836
11
139.889
21
-87.836
0
LINE
8
BLACK
6
CONTINUOUS
10
139.889
20
-87.836
11
139.889
21
-87.836
0
LINE
8
BLACK
6
CONTINUOUS
10
139.889
20
-87.836
11
139.889
21
-87.836
0
LINE
8
BLACK
6
CONTINUOUS
10
139.889
20
-87.836
11
139.765
21
-87.7995
0
LINE
8
BLACK
6
CONTINUOUS
10
139.765
20
-87.7995
11
139.765
21
-87.7995
0
LINE
8
BLACK
6
CONTINUOUS
10
139.765
20
-87.7995
11
139.635
21
-87.7995
0
LINE
8
BLACK
6
CONTINUOUS
10
139.635
20
-87.7995
11
139.635
21
-87.7995
0
LINE
8
BLACK
6
CONTINUOUS
10
139.635
20
-87.7995
11
139.511
21
-87.836
0
LINE
8
BLACK
6
CONTINUOUS
10
139.511
20
-87.836
11
139.511
21
-87.836
0
LINE
8
BLACK
6
CONTINUOUS
10
139.511
20
-87.836
11
139.402
21
-87.906
0
LINE
8
BLACK
6
CONTINUOUS
10
139.402
20
-87.906
11
139.317
21
-88.0039
0
LINE
8
BLACK
6
CONTINUOUS
10
139.317
20
-88.0039
11
139.263
21
-88.1218
0
LINE
8
BLACK
6
CONTINUOUS
10
139.263
20
-88.1218
11
139.245
21
-88.25
0
LINE
8
BLACK
6
CONTINUOUS
10
139.245
20
-88.25
11
139.245
21
-88.25
0
LINE
8
BLACK
6
CONTINUOUS
10
139.245
20
-88.25
11
139.263
21
-88.3782
0
LINE
8
BLACK
6
CONTINUOUS
10
126.298
20
-88.2432
11
126.335
21
-88.3245
0
LINE
8
BLACK
6
CONTINUOUS
10
126.335
20
-88.3245
11
126.352
21
-88.3611
0
LINE
8
BLACK
6
CONTINUOUS
10
126.352
20
-88.3611
11
126.434
21
-88.456
0
LINE
8
BLACK
6
CONTINUOUS
10
126.434
20
-88.456
11
126.437
21
-88.459
0
LINE
8
BLACK
6
CONTINUOUS
10
126.437
20
-88.459
11
126.546
21
-88.5289
0
LINE
8
BLACK
6
CONTINUOUS
10
126.546
20
-88.5289
11
126.546
21
-88.529
0
LINE
8
BLACK
6
CONTINUOUS
10
126.546
20
-88.529
11
126.67
21
-88.5655
0
LINE
8
BLACK
6
CONTINUOUS
10
126.67
20
-88.5655
11
126.67
21
-88.5655
0
LINE
8
BLACK
6
CONTINUOUS
10
126.67
20
-88.5655
11
126.8
21
-88.5655
0
LINE
8
BLACK
6
CONTINUOUS
10
126.8
20
-88.5655
11
126.8
21
-88.5655
0
LINE
8
BLACK
6
CONTINUOUS
10
126.8
20
-88.5655
11
126.924
21
-88.529
0
LINE
8
BLACK
6
CONTINUOUS
10
126.924
20
-88.529
11
127.033
21
-88.459
0
LINE
8
BLACK
6
CONTINUOUS
10
127.033
20
-88.459
11
127.118
21
-88.3611
0
LINE
8
BLACK
6
CONTINUOUS
10
127.118
20
-88.3611
11
127.169
21
-88.25
0
LINE
8
BLACK
6
CONTINUOUS
10
127.169
20
-88.25
11
127.172
21
-88.2432
0
LINE
8
BLACK
6
CONTINUOUS
10
127.172
20
-88.2432
11
127.19
21
-88.115
0
LINE
8
BLACK
6
CONTINUOUS
10
127.19
20
-88.115
11
127.181
21
-88.0534
0
LINE
8
BLACK
6
CONTINUOUS
10
127.181
20
-88.0534
11
127.172
21
-87.9868
0
LINE
8
BLACK
6
CONTINUOUS
10
127.172
20
-87.9868
11
127.118
21
-87.8689
0
LINE
8
BLACK
6
CONTINUOUS
10
127.118
20
-87.8689
11
127.118
21
-87.8689
0
LINE
8
BLACK
6
CONTINUOUS
10
127.118
20
-87.8689
11
127.033
21
-87.771
0
LINE
8
BLACK
6
CONTINUOUS
10
127.033
20
-87.771
11
127.033
21
-87.771
0
LINE
8
BLACK
6
CONTINUOUS
10
127.033
20
-87.771
11
127.033
21
-87.771
0
LINE
8
BLACK
6
CONTINUOUS
10
127.033
20
-87.771
11
126.924
21
-87.701
0
LINE
8
BLACK
6
CONTINUOUS
10
126.924
20
-87.701
11
126.924
21
-87.701
0
LINE
8
BLACK
6
CONTINUOUS
10
126.924
20
-87.701
11
126.924
21
-87.701
0
LINE
8
BLACK
6
CONTINUOUS
10
126.924
20
-87.701
11
126.924
21
-87.701
0
LINE
8
BLACK
6
CONTINUOUS
10
126.924
20
-87.701
11
126.8
21
-87.6645
0
LINE
8
BLACK
6
CONTINUOUS
10
126.8
20
-87.6645
11
126.8
21
-87.6645
0
LINE
8
BLACK
6
CONTINUOUS
10
126.8
20
-87.6645
11
126.67
21
-87.6645
0
LINE
8
BLACK
6
CONTINUOUS
10
126.67
20
-87.6645
11
126.67
21
-87.6645
0
LINE
8
BLACK
6
CONTINUOUS
10
126.67
20
-87.6645
11
126.546
21
-87.701
0
LINE
8
BLACK
6
CONTINUOUS
10
126.546
20
-87.701
11
126.546
21
-87.701
0
LINE
8
BLACK
6
CONTINUOUS
10
126.546
20
-87.701
11
126.437
21
-87.771
0
LINE
8
BLACK
6
CONTINUOUS
10
126.437
20
-87.771
11
126.352
21
-87.8689
0
LINE
8
BLACK
6
CONTINUOUS
10
126.352
20
-87.8689
11
126.298
21
-87.9868
0
LINE
8
BLACK
6
CONTINUOUS
10
126.298
20
-87.9868
11
126.28
21
-88.115
0
LINE
8
BLACK
6
CONTINUOUS
10
126.28
20
-88.115
11
126.28
21
-88.115
0
LINE
8
BLACK
6
CONTINUOUS
10
126.28
20
-88.115
11
126.298
21
-88.2432
0
LINE
8
BLACK
6
CONTINUOUS
10
172.443
20
-86.4182
11
172.493
21
-86.5261
0
LINE
8
BLACK
6
CONTINUOUS
10
172.493
20
-86.5261
11
172.497
21
-86.5361
0
LINE
8
BLACK
6
CONTINUOUS
10
172.497
20
-86.5361
11
172.573
21
-86.624
0
LINE
8
BLACK
6
CONTINUOUS
10
172.573
20
-86.624
11
172.582
21
-86.634
0
LINE
8
BLACK
6
CONTINUOUS
10
172.582
20
-86.634
11
172.691
21
-86.704
0
LINE
8
BLACK
6
CONTINUOUS
10
172.691
20
-86.704
11
172.691
21
-86.704
0
LINE
8
BLACK
6
CONTINUOUS
10
172.691
20
-86.704
11
172.815
21
-86.7405
0
LINE
8
BLACK
6
CONTINUOUS
10
172.815
20
-86.7405
11
172.815
21
-86.7405
0
LINE
8
BLACK
6
CONTINUOUS
10
172.815
20
-86.7405
11
172.945
21
-86.7405
0
LINE
8
BLACK
6
CONTINUOUS
10
172.945
20
-86.7405
11
172.945
21
-86.7405
0
LINE
8
BLACK
6
CONTINUOUS
10
172.945
20
-86.7405
11
173.069
21
-86.704
0
LINE
8
BLACK
6
CONTINUOUS
10
173.069
20
-86.704
11
173.178
21
-86.634
0
LINE
8
BLACK
6
CONTINUOUS
10
173.178
20
-86.634
11
173.263
21
-86.5361
0
LINE
8
BLACK
6
CONTINUOUS
10
173.263
20
-86.5361
11
173.317
21
-86.4182
0
LINE
8
BLACK
6
CONTINUOUS
10
173.317
20
-86.4182
11
173.335
21
-86.29
0
LINE
8
BLACK
6
CONTINUOUS
10
173.335
20
-86.29
11
173.335
21
-86.29
0
LINE
8
BLACK
6
CONTINUOUS
10
173.335
20
-86.29
11
173.334
21
-86.28
0
LINE
8
BLACK
6
CONTINUOUS
10
173.334
20
-86.28
11
173.317
21
-86.1618
0
LINE
8
BLACK
6
CONTINUOUS
10
173.317
20
-86.1618
11
173.301
21
-86.1284
0
LINE
8
BLACK
6
CONTINUOUS
10
173.301
20
-86.1284
11
173.263
21
-86.0439
0
LINE
8
BLACK
6
CONTINUOUS
10
173.263
20
-86.0439
11
173.178
21
-85.946
0
LINE
8
BLACK
6
CONTINUOUS
10
173.178
20
-85.946
11
173.178
21
-85.946
0
LINE
8
BLACK
6
CONTINUOUS
10
173.178
20
-85.946
11
173.178
21
-85.946
0
LINE
8
BLACK
6
CONTINUOUS
10
173.178
20
-85.946
11
173.069
21
-85.876
0
LINE
8
BLACK
6
CONTINUOUS
10
173.069
20
-85.876
11
173.069
21
-85.876
0
LINE
8
BLACK
6
CONTINUOUS
10
173.069
20
-85.876
11
173.069
21
-85.876
0
LINE
8
BLACK
6
CONTINUOUS
10
173.069
20
-85.876
11
173.069
21
-85.876
0
LINE
8
BLACK
6
CONTINUOUS
10
173.069
20
-85.876
11
172.945
21
-85.8395
0
LINE
8
BLACK
6
CONTINUOUS
10
172.945
20
-85.8395
11
172.945
21
-85.8395
0
LINE
8
BLACK
6
CONTINUOUS
10
172.945
20
-85.8395
11
172.815
21
-85.8395
0
LINE
8
BLACK
6
CONTINUOUS
10
172.815
20
-85.8395
11
172.815
21
-85.8395
0
LINE
8
BLACK
6
CONTINUOUS
10
172.815
20
-85.8395
11
172.691
21
-85.876
0
LINE
8
BLACK
6
CONTINUOUS
10
172.691
20
-85.876
11
172.691
21
-85.876
0
LINE
8
BLACK
6
CONTINUOUS
10
172.691
20
-85.876
11
172.582
21
-85.946
0
LINE
8
BLACK
6
CONTINUOUS
10
172.582
20
-85.946
11
172.497
21
-86.0439
0
LINE
8
BLACK
6
CONTINUOUS
10
172.497
20
-86.0439
11
172.443
21
-86.1618
0
LINE
8
BLACK
6
CONTINUOUS
10
172.443
20
-86.1618
11
172.425
21
-86.29
0
LINE
8
BLACK
6
CONTINUOUS
10
172.425
20
-86.29
11
172.425
21
-86.29
0
LINE
8
BLACK
6
CONTINUOUS
10
172.425
20
-86.29
11
172.443
21
-86.4182
0
LINE
8
BLACK
6
CONTINUOUS
10
173.713
20
-86.4182
11
173.763
21
-86.5261
0
LINE
8
BLACK
6
CONTINUOUS
10
173.763
20
-86.5261
11
173.767
21
-86.5361
0
LINE
8
BLACK
6
CONTINUOUS
10
173.767
20
-86.5361
11
173.843
21
-86.624
0
LINE
8
BLACK
6
CONTINUOUS
10
173.843
20
-86.624
11
173.852
21
-86.634
0
LINE
8
BLACK
6
CONTINUOUS
10
173.852
20
-86.634
11
173.961
21
-86.704
0
LINE
8
BLACK
6
CONTINUOUS
10
173.961
20
-86.704
11
173.961
21
-86.704
0
LINE
8
BLACK
6
CONTINUOUS
10
173.961
20
-86.704
11
174.085
21
-86.7405
0
LINE
8
BLACK
6
CONTINUOUS
10
174.085
20
-86.7405
11
174.085
21
-86.7405
0
LINE
8
BLACK
6
CONTINUOUS
10
174.085
20
-86.7405
11
174.215
21
-86.7405
0
LINE
8
BLACK
6
CONTINUOUS
10
174.215
20
-86.7405
11
174.215
21
-86.7405
0
LINE
8
BLACK
6
CONTINUOUS
10
174.215
20
-86.7405
11
174.339
21
-86.704
0
LINE
8
BLACK
6
CONTINUOUS
10
174.339
20
-86.704
11
174.448
21
-86.634
0
LINE
8
BLACK
6
CONTINUOUS
10
174.448
20
-86.634
11
174.533
21
-86.5361
0
LINE
8
BLACK
6
CONTINUOUS
10
174.533
20
-86.5361
11
174.587
21
-86.4182
0
LINE
8
BLACK
6
CONTINUOUS
10
174.587
20
-86.4182
11
174.605
21
-86.29
0
LINE
8
BLACK
6
CONTINUOUS
10
174.605
20
-86.29
11
174.604
21
-86.28
0
LINE
8
BLACK
6
CONTINUOUS
10
174.604
20
-86.28
11
174.587
21
-86.1618
0
LINE
8
BLACK
6
CONTINUOUS
10
174.587
20
-86.1618
11
174.571
21
-86.1284
0
LINE
8
BLACK
6
CONTINUOUS
10
174.571
20
-86.1284
11
174.533
21
-86.0439
0
LINE
8
BLACK
6
CONTINUOUS
10
174.533
20
-86.0439
11
174.448
21
-85.946
0
LINE
8
BLACK
6
CONTINUOUS
10
174.448
20
-85.946
11
174.448
21
-85.946
0
LINE
8
BLACK
6
CONTINUOUS
10
174.448
20
-85.946
11
174.448
21
-85.946
0
LINE
8
BLACK
6
CONTINUOUS
10
174.448
20
-85.946
11
174.339
21
-85.876
0
LINE
8
BLACK
6
CONTINUOUS
10
174.339
20
-85.876
11
174.339
21
-85.876
0
LINE
8
BLACK
6
CONTINUOUS
10
174.339
20
-85.876
11
174.339
21
-85.876
0
LINE
8
BLACK
6
CONTINUOUS
10
174.339
20
-85.876
11
174.339
21
-85.876
0
LINE
8
BLACK
6
CONTINUOUS
10
174.339
20
-85.876
11
174.215
21
-85.8395
0
LINE
8
BLACK
6
CONTINUOUS
10
174.215
20
-85.8395
11
174.215
21
-85.8395
0
LINE
8
BLACK
6
CONTINUOUS
10
174.215
20
-85.8395
11
174.085
21
-85.8395
0
LINE
8
BLACK
6
CONTINUOUS
10
174.085
20
-85.8395
11
174.085
21
-85.8395
0
LINE
8
BLACK
6
CONTINUOUS
10
174.085
20
-85.8395
11
173.961
21
-85.876
0
LINE
8
BLACK
6
CONTINUOUS
10
173.961
20
-85.876
11
173.961
21
-85.876
0
LINE
8
BLACK
6
CONTINUOUS
10
173.961
20
-85.876
11
173.852
21
-85.946
0
LINE
8
BLACK
6
CONTINUOUS
10
173.852
20
-85.946
11
173.767
21
-86.0439
0
LINE
8
BLACK
6
CONTINUOUS
10
173.767
20
-86.0439
11
173.713
21
-86.1618
0
LINE
8
BLACK
6
CONTINUOUS
10
173.713
20
-86.1618
11
173.695
21
-86.29
0
LINE
8
BLACK
6
CONTINUOUS
10
173.695
20
-86.29
11
173.695
21
-86.29
0
LINE
8
BLACK
6
CONTINUOUS
10
173.695
20
-86.29
11
173.713
21
-86.4182
0
LINE
8
BLACK
6
CONTINUOUS
10
171.173
20
-86.4082
11
171.227
21
-86.5261
0
LINE
8
BLACK
6
CONTINUOUS
10
171.227
20
-86.5261
11
171.227
21
-86.5261
0
LINE
8
BLACK
6
CONTINUOUS
10
171.227
20
-86.5261
11
171.312
21
-86.624
0
LINE
8
BLACK
6
CONTINUOUS
10
171.312
20
-86.624
11
171.312
21
-86.624
0
LINE
8
BLACK
6
CONTINUOUS
10
171.312
20
-86.624
11
171.374
21
-86.6641
0
LINE
8
BLACK
6
CONTINUOUS
10
171.374
20
-86.6641
11
171.421
21
-86.694
0
LINE
8
BLACK
6
CONTINUOUS
10
171.421
20
-86.694
11
171.545
21
-86.7305
0
LINE
8
BLACK
6
CONTINUOUS
10
171.545
20
-86.7305
11
171.545
21
-86.7305
0
LINE
8
BLACK
6
CONTINUOUS
10
171.545
20
-86.7305
11
171.675
21
-86.7305
0
LINE
8
BLACK
6
CONTINUOUS
10
171.675
20
-86.7305
11
171.675
21
-86.7305
0
LINE
8
BLACK
6
CONTINUOUS
10
171.675
20
-86.7305
11
171.799
21
-86.694
0
LINE
8
BLACK
6
CONTINUOUS
10
171.799
20
-86.694
11
171.908
21
-86.624
0
LINE
8
BLACK
6
CONTINUOUS
10
171.908
20
-86.624
11
171.993
21
-86.5261
0
LINE
8
BLACK
6
CONTINUOUS
10
171.993
20
-86.5261
11
172.047
21
-86.4082
0
LINE
8
BLACK
6
CONTINUOUS
10
172.047
20
-86.4082
11
172.064
21
-86.29
0
LINE
8
BLACK
6
CONTINUOUS
10
172.064
20
-86.29
11
172.065
21
-86.28
0
LINE
8
BLACK
6
CONTINUOUS
10
172.065
20
-86.28
11
172.056
21
-86.2193
0
LINE
8
BLACK
6
CONTINUOUS
10
172.056
20
-86.2193
11
172.047
21
-86.1518
0
LINE
8
BLACK
6
CONTINUOUS
10
172.047
20
-86.1518
11
172.041
21
-86.1395
0
LINE
8
BLACK
6
CONTINUOUS
10
172.041
20
-86.1395
11
171.993
21
-86.0339
0
LINE
8
BLACK
6
CONTINUOUS
10
171.993
20
-86.0339
11
171.908
21
-85.936
0
LINE
8
BLACK
6
CONTINUOUS
10
171.908
20
-85.936
11
171.908
21
-85.936
0
LINE
8
BLACK
6
CONTINUOUS
10
171.908
20
-85.936
11
171.908
21
-85.936
0
LINE
8
BLACK
6
CONTINUOUS
10
171.908
20
-85.936
11
171.799
21
-85.866
0
LINE
8
BLACK
6
CONTINUOUS
10
171.799
20
-85.866
11
171.799
21
-85.866
0
LINE
8
BLACK
6
CONTINUOUS
10
171.799
20
-85.866
11
171.799
21
-85.866
0
LINE
8
BLACK
6
CONTINUOUS
10
171.799
20
-85.866
11
171.799
21
-85.866
0
LINE
8
BLACK
6
CONTINUOUS
10
171.799
20
-85.866
11
171.675
21
-85.8295
0
LINE
8
BLACK
6
CONTINUOUS
10
171.675
20
-85.8295
11
171.675
21
-85.8295
0
LINE
8
BLACK
6
CONTINUOUS
10
171.675
20
-85.8295
11
171.545
21
-85.8295
0
LINE
8
BLACK
6
CONTINUOUS
10
171.545
20
-85.8295
11
171.545
21
-85.8295
0
LINE
8
BLACK
6
CONTINUOUS
10
171.545
20
-85.8295
11
171.421
21
-85.866
0
LINE
8
BLACK
6
CONTINUOUS
10
171.421
20
-85.866
11
171.421
21
-85.866
0
LINE
8
BLACK
6
CONTINUOUS
10
171.421
20
-85.866
11
171.312
21
-85.936
0
LINE
8
BLACK
6
CONTINUOUS
10
171.312
20
-85.936
11
171.227
21
-86.0339
0
LINE
8
BLACK
6
CONTINUOUS
10
171.227
20
-86.0339
11
171.173
21
-86.1518
0
LINE
8
BLACK
6
CONTINUOUS
10
171.173
20
-86.1518
11
171.155
21
-86.28
0
LINE
8
BLACK
6
CONTINUOUS
10
171.155
20
-86.28
11
171.155
21
-86.28
0
LINE
8
BLACK
6
CONTINUOUS
10
171.155
20
-86.28
11
171.173
21
-86.4082
0
CIRCLE
8
BLACK
10
177
20
-140.55
40
0.15
0
CIRCLE
8
BLACK
10
136.8
20
-121
40
0.15
0
CIRCLE
8
BLACK
10
148.2
20
-98.75
40
0.15
0
CIRCLE
8
BLACK
10
122.8
20
-116.1
40
0.15
0
CIRCLE
8
BLACK
10
165.5
20
-95.4
40
0.15
0
CIRCLE
8
BLACK
10
150.75
20
-122.8
40
0.15
0
CIRCLE
8
BLACK
10
131
20
-144.43
40
0.15
0
CIRCLE
8
BLACK
10
124.1
20
-129.7
40
0.15
0
CIRCLE
8
BLACK
10
122.2
20
-91.2
40
0.15
0
CIRCLE
8
BLACK
10
127.65
20
-114.25
40
0.15
0
CIRCLE
8
BLACK
10
133.3
20
-110.7
40
0.15
0
CIRCLE
8
BLACK
10
108.55
20
-121.1
40
0.15
0
CIRCLE
8
BLACK
10
126.05
20
-131.35
40
0.15
0
CIRCLE
8
BLACK
10
143.8
20
-129.5
40
0.15
0
CIRCLE
8
BLACK
10
146.1
20
-90.6
40
0.15
0
CIRCLE
8
BLACK
10
128.65
20
-103.3
40
0.15
0
CIRCLE
8
BLACK
10
137.05
20
-134.35
40
0.15
0
CIRCLE
8
BLACK
10
119.975
20
-116.125
40
0.15
0
CIRCLE
8
BLACK
10
133.45
20
-132.5
40
0.15
0
CIRCLE
8
BLACK
10
111
20
-144.43
40
0.15
0
CIRCLE
8
BLACK
10
146.4
20
-100.15
40
0.15
0
CIRCLE
8
BLACK
10
100.56
20
-123.5
40
0.15
0
CIRCLE
8
BLACK
10
126
20
-144.43
40
0.15
0
CIRCLE
8
BLACK
10
142.775
20
-134.5
40
0.15
0
CIRCLE
8
BLACK
10
114.46
20
-120.66
40
0.15
0
CIRCLE
8
BLACK
10
154.25
20
-107.75
40
0.15
0
CIRCLE
8
BLACK
10
115.525
20
-98.375
40
0.15
0
CIRCLE
8
BLACK
10
158.1
20
-120.4
40
0.15
0
CIRCLE
8
BLACK
10
138
20
-134.9
40
0.15
0
CIRCLE
8
BLACK
10
140
20
-110.9
40
0.15
0
CIRCLE
8
BLACK
10
177.2
20
-95.61
40
0.15
0
CIRCLE
8
BLACK
10
133.95
20
-140.6
40
0.15
0
CIRCLE
8
BLACK
10
144.9
20
-131.45
40
0.15
0
CIRCLE
8
BLACK
10
122
20
-124.4
40
0.15
0
CIRCLE
8
BLACK
10
153.4
20
-110.2
40
0.15
0
CIRCLE
8
BLACK
10
184.7
20
-92.5
40
0.15
0
CIRCLE
8
BLACK
10
127.9
20
-123.6
40
0.15
0
CIRCLE
8
BLACK
10
178.51
20
-95.57
40
0.15
0
CIRCLE
8
BLACK
10
136.75
20
-96.35
40
0.15
0
CIRCLE
8
BLACK
10
136
20
-130.8
40
0.15
0
CIRCLE
8
BLACK
10
125.15
20
-102.15
40
0.15
0
CIRCLE
8
BLACK
10
174.4
20
-117
40
0.15
0
CIRCLE
8
BLACK
10
150
20
-91
40
0.15
0
CIRCLE
8
BLACK
10
100.56
20
-118.5
40
0.15
0
CIRCLE
8
BLACK
10
137.05
20
-133.05
40
0.15
0
CIRCLE
8
BLACK
10
184.7
20
-107.5
40
0.15
0
CIRCLE
8
BLACK
10
132.1
20
-116.95
40
0.15
0
CIRCLE
8
BLACK
10
183
20
-119
40
0.15
0
CIRCLE
8
BLACK
10
113.5
20
-85.56
40
0.15
0
CIRCLE
8
BLACK
10
136.4
20
-112.3
40
0.15
0
CIRCLE
8
BLACK
10
127.4
20
-137.6
40
0.15
0
CIRCLE
8
BLACK
10
184.1
20
-143.5
40
0.15
0
CIRCLE
8
BLACK
10
123.2
20
-114.3
40
0.15
0
CIRCLE
8
BLACK
10
139.5
20
-140.1
40
0.15
0
CIRCLE
8
BLACK
10
163
20
-112
40
0.15
0
CIRCLE
8
BLACK
10
124.411
20
-89.0389
40
0.15
0
CIRCLE
8
BLACK
10
184.7
20
-137.5
40
0.15
0
CIRCLE
8
BLACK
10
123.5
20
-85.56
40
0.15
0
CIRCLE
8
BLACK
10
154.9
20
-142.4
40
0.15
0
CIRCLE
8
BLACK
10
141.8
20
-90.7
40
0.15
0
CIRCLE
8
BLACK
10
156
20
-144.43
40
0.15
0
CIRCLE
8
BLACK
10
128.6
20
-114.95
40
0.15
0
CIRCLE
8
BLACK
10
116
20
-85.56
40
0.15
0
CIRCLE
8
BLACK
10
142.5
20
-114
40
0.15
0
CIRCLE
8
BLACK
10
128.7
20
-110.7
40
0.15
0
CIRCLE
8
BLACK
10
124.35
20
-141.25
40
0.15
0
CIRCLE
8
BLACK
10
152.85
20
-104.6
40
0.15
0
CIRCLE
8
BLACK
10
125.375
20
-96.5505
40
0.15
0
CIRCLE
8
BLACK
10
118.075
20
-100.8
40
0.15
0
CIRCLE
8
BLACK
10
131.9
20
-139.8
40
0.15
0
CIRCLE
8
BLACK
10
127.65
20
-88.55
40
0.15
0
CIRCLE
8
BLACK
10
153.2
20
-87.15
40
0.15
0
CIRCLE
8
BLACK
10
126
20
-85.56
40
0.15
0
CIRCLE
8
BLACK
10
129
20
-100.45
40
0.15
0
CIRCLE
8
BLACK
10
125.41
20
-98.76
40
0.15
0
CIRCLE
8
BLACK
10
132.35
20
-135.6
40
0.15
0
CIRCLE
8
BLACK
10
173.9
20
-106.4
40
0.15
0
CIRCLE
8
BLACK
10
143.8
20
-131.5
40
0.15
0
CIRCLE
8
BLACK
10
136.85
20
-113.4
40
0.15
0
CIRCLE
8
BLACK
10
143.5
20
-144.43
40
0.15
0
CIRCLE
8
BLACK
10
156
20
-101.15
40
0.15
0
CIRCLE
8
BLACK
10
124.4
20
-105.8
40
0.15
0
CIRCLE
8
BLACK
10
105.85
20
-111.25
40
0.15
0
CIRCLE
8
BLACK
10
141.46
20
-122.51
40
0.15
0
CIRCLE
8
BLACK
10
105.85
20
-108.75
40
0.15
0
CIRCLE
8
BLACK
10
130.25
20
-135.3
40
0.15
0
CIRCLE
8
BLACK
10
131.7
20
-113.65
40
0.15
0
CIRCLE
8
BLACK
10
170.75
20
-106.1
40
0.15
0
CIRCLE
8
BLACK
10
125
20
-118.037
40
0.15
0
CIRCLE
8
BLACK
10
136
20
-144.43
40
0.15
0
CIRCLE
8
BLACK
10
163.4
20
-140.4
40
0.15
0
CIRCLE
8
BLACK
10
159.3
20
-92.8
40
0.15
0
CIRCLE
8
BLACK
10
163.025
20
-141.55
40
0.15
0
CIRCLE
8
BLACK
10
100.56
20
-131
40
0.15
0
CIRCLE
8
BLACK
10
172.8
20
-129.85
40
0.15
0
CIRCLE
8
BLACK
10
168.5
20
-144.43
40
0.15
0
CIRCLE
8
BLACK
10
118
20
-114.2
40
0.15
0
CIRCLE
8
BLACK
10
115.625
20
-110.825
40
0.15
0
CIRCLE
8
BLACK
10
100.56
20
-101
40
0.15
0
CIRCLE
8
BLACK
10
137.05
20
-135.55
40
0.15
0
CIRCLE
8
BLACK
10
138.2
20
-112.3
40
0.15
0
CIRCLE
8
BLACK
10
147
20
-134.25
40
0.15
0
CIRCLE
8
BLACK
10
129.8
20
-123.6
40
0.15
0
CIRCLE
8
BLACK
10
137.95
20
-113.4
40
0.15
0
CIRCLE
8
BLACK
10
133.6
20
-112.35
40
0.15
0
CIRCLE
8
BLACK
10
136.75
20
-90.3
40
0.15
0
CIRCLE
8
BLACK
10
108.65
20
-116.2
40
0.15
0
CIRCLE
8
BLACK
10
149.686
20
-134.814
40
0.15
0
CIRCLE
8
BLACK
10
138
20
-121
40
0.15
0
CIRCLE
8
BLACK
10
178.8
20
-99.95
40
0.15
0
CIRCLE
8
BLACK
10
132.7
20
-140.6
40
0.15
0
CIRCLE
8
BLACK
10
128.5
20
-85.56
40
0.15
0
CIRCLE
8
BLACK
10
163.5
20
-144.43
40
0.15
0
CIRCLE
8
BLACK
10
169.1
20
-112.9
40
0.15
0
CIRCLE
8
BLACK
10
108.6
20
-106.3
40
0.15
0
CIRCLE
8
BLACK
10
100.56
20
-96
40
0.15
0
CIRCLE
8
BLACK
10
154
20
-129.2
40
0.15
0
CIRCLE
8
BLACK
10
144.6
20
-125.4
40
0.15
0
CIRCLE
8
BLACK
10
182.6
20
-85.6
40
0.15
0
CIRCLE
8
BLACK
10
174.4
20
-112.25
40
0.15
0
CIRCLE
8
BLACK
10
132.35
20
-136.75
40
0.15
0
CIRCLE
8
BLACK
10
168.22
20
-88.06
40
0.15
0
CIRCLE
8
BLACK
10
132.6
20
-132.5
40
0.15
0
CIRCLE
8
BLACK
10
179.45
20
-105
40
0.15
0
CIRCLE
8
BLACK
10
148.95
20
-98.35
40
0.15
0
CIRCLE
8
BLACK
10
178.275
20
-121.9
40
0.15
0
CIRCLE
8
BLACK
10
131.7
20
-110.7
40
0.15
0
CIRCLE
8
BLACK
10
152
20
-101
40
0.15
0
CIRCLE
8
BLACK
10
120.75
20
-94.4
40
0.15
0
CIRCLE
8
BLACK
10
144.475
20
-90.05
40
0.15
0
CIRCLE
8
BLACK
10
184.7
20
-135
40
0.15
0
CIRCLE
8
BLACK
10
150.4
20
-129.6
40
0.15
0
CIRCLE
8
BLACK
10
136
20
-131.85
40
0.15
0
CIRCLE
8
BLACK
10
118.5
20
-85.56
40
0.15
0
CIRCLE
8
BLACK
10
106
20
-85.56
40
0.15
0
CIRCLE
8
BLACK
10
149.5
20
-100.15
40
0.15
0
CIRCLE
8
BLACK
10
136
20
-128.6
40
0.15
0
CIRCLE
8
BLACK
10
175.4
20
-87.5
40
0.15
0
CIRCLE
8
BLACK
10
184.6
20
-87.5
40
0.15
0
CIRCLE
8
BLACK
10
140.35
20
-93.95
40
0.15
0
CIRCLE
8
BLACK
10
174.4
20
-113.25
40
0.15
0
CIRCLE
8
BLACK
10
124.59
20
-137.9
40
0.15
0
CIRCLE
8
BLACK
10
103
20
-143.5
40
0.15
0
CIRCLE
8
BLACK
10
179.5
20
-119
40
0.15
0
CIRCLE
8
BLACK
10
118.125
20
-105.975
40
0.15
0
CIRCLE
8
BLACK
10
177.5
20
-85.6
40
0.15
0
CIRCLE
8
BLACK
10
154.3
20
-133.8
40
0.15
0
CIRCLE
8
BLACK
10
142.7
20
-132.5
40
0.15
0
CIRCLE
8
BLACK
10
161.4
20
-120.4
40
0.15
0
CIRCLE
8
BLACK
10
158
20
-117
40
0.15
0
CIRCLE
8
BLACK
10
100.56
20
-108.5
40
0.15
0
CIRCLE
8
BLACK
10
127.45
20
-134.55
40
0.15
0
CIRCLE
8
BLACK
10
173.5
20
-144.43
40
0.15
0
CIRCLE
8
BLACK
10
132.22
20
-93.69
40
0.15
0
CIRCLE
8
BLACK
10
124.9
20
-132.9
40
0.15
0
CIRCLE
8
BLACK
10
100.56
20
-116
40
0.15
0
CIRCLE
8
BLACK
10
175.55
20
-131
40
0.15
0
CIRCLE
8
BLACK
10
100.56
20
-138.5
40
0.15
0
CIRCLE
8
BLACK
10
136.4
20
-110.7
40
0.15
0
CIRCLE
8
BLACK
10
144.9
20
-133.55
40
0.15
0
CIRCLE
8
BLACK
10
162.9
20
-139.55
40
0.15
0
CIRCLE
8
BLACK
10
171
20
-144.43
40
0.15
0
CIRCLE
8
BLACK
10
116
20
-144.43
40
0.15
0
CIRCLE
8
BLACK
10
156.95
20
-89.17
40
0.15
0
CIRCLE
8
BLACK
10
100.56
20
-93.5
40
0.15
0
CIRCLE
8
BLACK
10
135.95
20
-135.55
40
0.15
0
CIRCLE
8
BLACK
10
158.05
20
-95.7
40
0.15
0
CIRCLE
8
BLACK
10
135.9
20
-133.05
40
0.15
0
CIRCLE
8
BLACK
10
130.55
20
-140.65
40
0.15
0
CIRCLE
8
BLACK
10
184.7
20
-130
40
0.15
0
CIRCLE
8
BLACK
10
176.65
20
-112.3
40
0.15
0
CIRCLE
8
BLACK
10
138.5
20
-144.43
40
0.15
0
CIRCLE
8
BLACK
10
125.375
20
-95.7
40
0.15
0
CIRCLE
8
BLACK
10
177.05
20
-134.5
40
0.15
0
CIRCLE
8
BLACK
10
184.7
20
-122.5
40
0.15
0
CIRCLE
8
BLACK
10
153.7
20
-91.3
40
0.15
0
CIRCLE
8
BLACK
10
134.35
20
-132.5
40
0.15
0
CIRCLE
8
BLACK
10
127.2
20
-111.7
40
0.15
0
CIRCLE
8
BLACK
10
137.75
20
-103
40
0.15
0
CIRCLE
8
BLACK
10
116.73
20
-91.35
40
0.15
0
CIRCLE
8
BLACK
10
175.1
20
-135.5
40
0.15
0
CIRCLE
8
BLACK
10
143.75
20
-113
40
0.15
0
CIRCLE
8
BLACK
10
153.65
20
-120.5
40
0.15
0
CIRCLE
8
BLACK
10
158.5
20
-144.43
40
0.15
0
CIRCLE
8
BLACK
10
184.7
20
-100
40
0.15
0
CIRCLE
8
BLACK
10
136.11
20
-91.46
40
0.15
0
CIRCLE
8
BLACK
10
130.6
20
-115.27
40
0.15
0
CIRCLE
8
BLACK
10
124.05
20
-118.037
40
0.15
0
CIRCLE
8
BLACK
10
151
20
-144.43
40
0.15
0
CIRCLE
8
BLACK
10
159.75
20
-126.95
40
0.15
0
CIRCLE
8
BLACK
10
128.9
20
-119.2
40
0.15
0
CIRCLE
8
BLACK
10
147.4
20
-140.2
40
0.15
0
CIRCLE
8
BLACK
10
160.3
20
-95.55
40
0.15
0
CIRCLE
8
BLACK
10
108.5
20
-85.56
40
0.15
0
CIRCLE
8
BLACK
10
155.05
20
-104.75
40
0.15
0
CIRCLE
8
BLACK
10
118.2
20
-123.5
40
0.15
0
CIRCLE
8
BLACK
10
166.75
20
-126.95
40
0.15
0
CIRCLE
8
BLACK
10
158
20
-132
40
0.15
0
CIRCLE
8
BLACK
10
148.5
20
-89.85
40
0.15
0
CIRCLE
8
BLACK
10
163.6
20
-102.1
40
0.15
0
CIRCLE
8
BLACK
10
176.65
20
-111.3
40
0.15
0
CIRCLE
8
BLACK
10
100.56
20
-103.5
40
0.15
0
CIRCLE
8
BLACK
10
106
20
-144.43
40
0.15
0
CIRCLE
8
BLACK
10
136
20
-85.56
40
0.15
0
CIRCLE
8
BLACK
10
133.95
20
-139.2
40
0.15
0
CIRCLE
8
BLACK
10
151.35
20
-89.9
40
0.15
0
CIRCLE
8
BLACK
10
161.46
20
-97.08
40
0.15
0
CIRCLE
8
BLACK
10
134.65
20
-135.55
40
0.15
0
CIRCLE
8
BLACK
10
167.47
20
-97.13
40
0.15
0
CIRCLE
8
BLACK
10
100.56
20
-111
40
0.15
0
CIRCLE
8
BLACK
10
130.3
20
-134.3
40
0.15
0
CIRCLE
8
BLACK
10
180.57
20
-100.04
40
0.15
0
CIRCLE
8
BLACK
10
174.4
20
-111.25
40
0.15
0
CIRCLE
8
BLACK
10
163.65
20
-132.53
40
0.15
0
CIRCLE
8
BLACK
10
130.45
20
-97.7
40
0.15
0
CIRCLE
8
BLACK
10
150.75
20
-110.95
40
0.15
0
CIRCLE
8
BLACK
10
179.75
20
-102.5
40
0.15
0
CIRCLE
8
BLACK
10
159.5
20
-103.3
40
0.15
0
CIRCLE
8
BLACK
10
184.7
20
-112.5
40
0.15
0
CIRCLE
8
BLACK
10
162.4
20
-138.65
40
0.15
0
CIRCLE
8
BLACK
10
100.56
20
-133.5
40
0.15
0
CIRCLE
8
BLACK
10
149.5
20
-111.8
40
0.15
0
CIRCLE
8
BLACK
10
120.975
20
-116.65
40
0.15
0
CIRCLE
8
BLACK
10
140.75
20
-104.75
40
0.15
0
CIRCLE
8
BLACK
10
130.6
20
-95.1
40
0.15
0
CIRCLE
8
BLACK
10
166.25
20
-100.4
40
0.15
0
CIRCLE
8
BLACK
10
113.5
20
-144.43
40
0.15
0
CIRCLE
8
BLACK
10
181
20
-144.43
40
0.15
0
CIRCLE
8
BLACK
10
124.1
20
-127.7
40
0.15
0
CIRCLE
8
BLACK
10
151
20
-85.56
40
0.15
0
CIRCLE
8
BLACK
10
141.56
20
-117.26
40
0.15
0
CIRCLE
8
BLACK
10
108.55
20
-118.65
40
0.15
0
CIRCLE
8
BLACK
10
100.56
20
-126
40
0.15
0
CIRCLE
8
BLACK
10
124.1
20
-123.6
40
0.15
0
CIRCLE
8
BLACK
10
112.69
20
-97.81
40
0.15
0
CIRCLE
8
BLACK
10
173.12
20
-99.68
40
0.15
0
CIRCLE
8
BLACK
10
131.7
20
-123.6
40
0.15
0
CIRCLE
8
BLACK
10
139.1
20
-124.4
40
0.15
0
CIRCLE
8
BLACK
10
179
20
-128
40
0.15
0
CIRCLE
8
BLACK
10
120.7
20
-113.4
40
0.15
0
CIRCLE
8
BLACK
10
127.2
20
-110.7
40
0.15
0
CIRCLE
8
BLACK
10
161
20
-144.43
40
0.15
0
CIRCLE
8
BLACK
10
124.1
20
-125.8
40
0.15
0
CIRCLE
8
BLACK
10
108
20
-133
40
0.15
0
CIRCLE
8
BLACK
10
159.5
20
-141.75
40
0.15
0
CIRCLE
8
BLACK
10
100.56
20
-128.5
40
0.15
0
CIRCLE
8
BLACK
10
178.25
20
-120.275
40
0.15
0
CIRCLE
8
BLACK
10
136.7
20
-95.05
40
0.15
0
CIRCLE
8
BLACK
10
147.8
20
-128.65
40
0.15
0
CIRCLE
8
BLACK
10
124.8
20
-116.1
40
0.15
0
CIRCLE
8
BLACK
10
152.2
20
-138.7
40
0.15
0
CIRCLE
8
BLACK
10
130.2
20
-110.7
40
0.15
0
CIRCLE
8
BLACK
10
141.46
20
-120.76
40
0.15
0
CIRCLE
8
BLACK
10
127.45
20
-135.6
40
0.15
0
CIRCLE
8
BLACK
10
135.7
20
-121
40
0.15
0
CIRCLE
8
BLACK
10
144.75
20
-99.5
40
0.15
0
CIRCLE
8
BLACK
10
172.9
20
-101.5
40
0.15
0
CIRCLE
8
BLACK
10
116.6
20
-127.8
40
0.15
0
CIRCLE
8
BLACK
10
122.1
20
-118.037
40
0.15
0
CIRCLE
8
BLACK
10
110
20
-141.5
40
0.15
0
CIRCLE
8
BLACK
10
124.04
20
-100.64
40
0.15
0
CIRCLE
8
BLACK
10
136
20
-129.7
40
0.15
0
CIRCLE
8
BLACK
10
181
20
-110
40
0.15
0
CIRCLE
8
BLACK
10
136.1
20
-124.4
40
0.15
0
CIRCLE
8
BLACK
10
128.9
20
-117.8
40
0.15
0
CIRCLE
8
BLACK
10
119.7
20
-123.5
40
0.15
0
CIRCLE
8
BLACK
10
132.65
20
-142.1
40
0.15
0
CIRCLE
8
BLACK
10
184.7
20
-95
40
0.15
0
CIRCLE
8
BLACK
10
100.56
20
-91
40
0.15
0
CIRCLE
8
BLACK
10
181.4
20
-131.3
40
0.15
0
CIRCLE
8
BLACK
10
140
20
-112.3
40
0.15
0
CIRCLE
8
BLACK
10
180
20
-121.1
40
0.15
0
CIRCLE
8
BLACK
10
147.8
20
-104.35
40
0.15
0
CIRCLE
8
BLACK
10
153.5
20
-144.43
40
0.15
0
CIRCLE
8
BLACK
10
139.2
20
-121
40
0.15
0
CIRCLE
8
BLACK
10
144.9
20
-134.55
40
0.15
0
CIRCLE
8
BLACK
10
100.56
20
-121
40
0.15
0
CIRCLE
8
BLACK
10
115.5
20
-123.5
40
0.15
0
CIRCLE
8
BLACK
10
112.92
20
-91.44
40
0.15
0
CIRCLE
8
BLACK
10
128.5
20
-134.35
40
0.15
0
CIRCLE
8
BLACK
10
184.7
20
-140
40
0.15
0
CIRCLE
8
BLACK
10
143.8
20
-134.5
40
0.15
0
CIRCLE
8
BLACK
10
134
20
-104.55
40
0.15
0
CIRCLE
8
BLACK
10
126.5
20
-114.25
40
0.15
0
CIRCLE
8
BLACK
10
165.75
20
-126.95
40
0.15
0
CIRCLE
8
BLACK
10
101.06
20
-141.23
40
0.15
0
CIRCLE
8
BLACK
10
140.5
20
-90.675
40
0.15
0
CIRCLE
8
BLACK
10
129.1
20
-104.05
40
0.15
0
CIRCLE
8
BLACK
10
169.1
20
-118.65
40
0.15
0
CIRCLE
8
BLACK
10
121
20
-118.025
40
0.15
0
CIRCLE
8
BLACK
10
128.3
20
-113.55
40
0.15
0
CIRCLE
8
BLACK
10
129.68
20
-93.71
40
0.15
0
CIRCLE
8
BLACK
10
117.4
20
-94.45
40
0.15
0
CIRCLE
8
BLACK
10
106.55
20
-135.5
40
0.15
0
CIRCLE
8
BLACK
10
135.95
20
-136.8
40
0.15
0
CIRCLE
8
BLACK
10
141.46
20
-119.01
40
0.15
0
CIRCLE
8
BLACK
10
184.7
20
-97.5
40
0.15
0
CIRCLE
8
BLACK
10
166
20
-144.43
40
0.15
0
CIRCLE
8
BLACK
10
134.65
20
-136.8
40
0.15
0
CIRCLE
8
BLACK
10
125.4
20
-134.3
40
0.15
0
CIRCLE
8
BLACK
10
128.5
20
-144.43
40
0.15
0
CIRCLE
8
BLACK
10
144.2
20
-141.6
40
0.15
0
CIRCLE
8
BLACK
10
169.65
20
-135.1
40
0.15
0
CIRCLE
8
BLACK
10
184.7
20
-105
40
0.15
0
CIRCLE
8
BLACK
10
174.9
20
-126
40
0.15
0
CIRCLE
8
BLACK
10
163.6
20
-126
40
0.15
0
CIRCLE
8
BLACK
10
128.65
20
-105.9
40
0.15
0
CIRCLE
8
BLACK
10
130.832
20
-100.5
40
0.15
0
CIRCLE
8
BLACK
10
133.5
20
-135.55
40
0.15
0
CIRCLE
8
BLACK
10
103.17
20
-86.36
40
0.15
0
CIRCLE
8
BLACK
10
167.45
20
-95.82
40
0.15
0
CIRCLE
8
BLACK
10
141
20
-85.56
40
0.15
0
CIRCLE
8
BLACK
10
133.75
20
-96.3
40
0.15
0
CIRCLE
8
BLACK
10
184.7
20
-125
40
0.15
0
CIRCLE
8
BLACK
10
162.4
20
-140.4
40
0.15
0
CIRCLE
8
BLACK
10
142.75
20
-133.5
40
0.15
0
CIRCLE
8
BLACK
10
148.8
20
-138.2
40
0.15
0
CIRCLE
8
BLACK
10
121
20
-144.43
40
0.15
0
CIRCLE
8
BLACK
10
127.45
20
-133.6
40
0.15
0
CIRCLE
8
BLACK
10
131
20
-85.56
40
0.15
0
CIRCLE
8
BLACK
10
146
20
-144.43
40
0.15
0
CIRCLE
8
BLACK
10
117
20
-138.7
40
0.15
0
CIRCLE
8
BLACK
10
172.54
20
-94.16
40
0.15
0
CIRCLE
8
BLACK
10
138.8
20
-88.7
40
0.15
0
CIRCLE
8
BLACK
10
169.1
20
-120.3
40
0.15
0
CIRCLE
8
BLACK
10
148.5
20
-85.56
40
0.15
0
CIRCLE
8
BLACK
10
143.8
20
-137.9
40
0.15
0
CIRCLE
8
BLACK
10
153.4
20
-107.75
40
0.15
0
CIRCLE
8
BLACK
10
141
20
-144.43
40
0.15
0
CIRCLE
8
BLACK
10
134.8
20
-113.5
40
0.15
0
CIRCLE
8
BLACK
10
174.4
20
-115.2
40
0.15
0
CIRCLE
8
BLACK
10
148.2
20
-133.5
40
0.15
0
CIRCLE
8
BLACK
10
128.5
20
-135.25
40
0.15
0
CIRCLE
8
BLACK
10
176
20
-144.43
40
0.15
0
CIRCLE
8
BLACK
10
131.65
20
-115.27
40
0.15
0
CIRCLE
8
BLACK
10
169.45
20
-87.18
40
0.15
0
CIRCLE
8
BLACK
10
121
20
-85.56
40
0.15
0
CIRCLE
8
BLACK
10
121.25
20
-130.75
40
0.15
0
CIRCLE
8
BLACK
10
169.1
20
-115.05
40
0.15
0
CIRCLE
8
BLACK
10
163
20
-117
40
0.15
0
CIRCLE
8
BLACK
10
100.56
20
-113.5
40
0.15
0
CIRCLE
8
BLACK
10
115.575
20
-113.375
40
0.15
0
CIRCLE
8
BLACK
10
133.7
20
-114.4
40
0.15
0
CIRCLE
8
BLACK
10
164.6
20
-120.4
40
0.15
0
CIRCLE
8
BLACK
10
131.15
20
-142.1
40
0.15
0
CIRCLE
8
BLACK
10
144.8
20
-105.05
40
0.15
0
CIRCLE
8
BLACK
10
109
20
-102
40
0.15
0
CIRCLE
8
BLACK
10
143.5
20
-85.56
40
0.15
0
CIRCLE
8
BLACK
10
126
20
-123.6
40
0.15
0
CIRCLE
8
BLACK
10
133.95
20
-142.05
40
0.15
0
CIRCLE
8
BLACK
10
111
20
-85.56
40
0.15
0
CIRCLE
8
BLACK
10
116.6
20
-129.4
40
0.15
0
CIRCLE
8
BLACK
10
135.85
20
-113.4
40
0.15
0
CIRCLE
8
BLACK
10
139.05
20
-113.4
40
0.15
0
CIRCLE
8
BLACK
10
129
20
-140.7
40
0.15
0
CIRCLE
8
BLACK
10
184.7
20
-127.5
40
0.15
0
CIRCLE
8
BLACK
10
184.7
20
-102.5
40
0.15
0
CIRCLE
8
BLACK
10
115.5
20
-94.45
40
0.15
0
CIRCLE
8
BLACK
10
136.7
20
-93.65
40
0.15
0
CIRCLE
8
BLACK
10
131.8
20
-132.5
40
0.15
0
CIRCLE
8
BLACK
10
163.4
20
-138.65
40
0.15
0
CIRCLE
8
BLACK
10
134.9
20
-112.3
40
0.15
0
CIRCLE
8
BLACK
10
155.45
20
-107.55
40
0.15
0
CIRCLE
8
BLACK
10
163.74
20
-99.58
40
0.15
0
CIRCLE
8
BLACK
10
180
20
-85.6
40
0.15
0
CIRCLE
8
BLACK
10
184.7
20
-132.5
40
0.15
0
CIRCLE
8
BLACK
10
175.65
20
-90.25
40
0.15
0
CIRCLE
8
BLACK
10
100.56
20
-106
40
0.15
0
CIRCLE
8
BLACK
10
125.7
20
-110.7
40
0.15
0
CIRCLE
8
BLACK
10
108.5
20
-144.43
40
0.15
0
CIRCLE
8
BLACK
10
128.9
20
-120.7
40
0.15
0
CIRCLE
8
BLACK
10
104.525
20
-127.9
40
0.15
0
CIRCLE
8
BLACK
10
133.45
20
-136.75
40
0.15
0
CIRCLE
8
BLACK
10
103.95
20
-123.54
40
0.15
0
CIRCLE
8
BLACK
10
120.75
20
-98.325
40
0.15
0
CIRCLE
8
BLACK
10
138.2
20
-110.9
40
0.15
0
CIRCLE
8
BLACK
10
129.35
20
-114.35
40
0.15
0
CIRCLE
8
BLACK
10
158
20
-112
40
0.15
0
CIRCLE
8
BLACK
10
144.9
20
-130.55
40
0.15
0
CIRCLE
8
BLACK
10
141.56
20
-115.51
40
0.15
0
CIRCLE
8
BLACK
10
108.5
20
-123.6
40
0.15
0
CIRCLE
8
BLACK
10
131.25
20
-106.15
40
0.15
0
CIRCLE
8
BLACK
10
178.5
20
-144.43
40
0.15
0
CIRCLE
8
BLACK
10
138.5
20
-85.56
40
0.15
0
CIRCLE
8
BLACK
10
150.85
20
-119.25
40
0.15
0
CIRCLE
8
BLACK
10
133.5
20
-123.6
40
0.15
0
CIRCLE
8
BLACK
10
182.57
20
-100.08
40
0.15
0
CIRCLE
8
BLACK
10
148.5
20
-144.43
40
0.15
0
CIRCLE
8
BLACK
10
184.7
20
-120
40
0.15
0
CIRCLE
8
BLACK
10
169.1
20
-116.6
40
0.15
0
CIRCLE
8
BLACK
10
121.5
20
-135.25
40
0.15
0
CIRCLE
8
BLACK
10
105.85
20
-113.85
40
0.15
0
CIRCLE
8
BLACK
10
100.56
20
-136
40
0.15
0
CIRCLE
8
BLACK
10
123.5
20
-144.43
40
0.15
0
CIRCLE
8
BLACK
10
122.5
20
-126.8
40
0.15
0
CIRCLE
8
BLACK
10
143.8
20
-130.5
40
0.15
0
CIRCLE
8
BLACK
10
141
20
-97.75
40
0.15
0
CIRCLE
8
BLACK
10
124.1
20
-110.7
40
0.15
0
CIRCLE
8
BLACK
10
170.38
20
-85.58
40
0.15
0
CIRCLE
8
BLACK
10
123.2
20
-120.287
40
0.15
0
CIRCLE
8
BLACK
10
101.17
20
-88.54
40
0.15
0
CIRCLE
8
BLACK
10
146
20
-85.56
40
0.15
0
CIRCLE
8
BLACK
10
179.5
20
-113.5
40
0.15
0
CIRCLE
8
BLACK
10
143.8
20
-133.5
40
0.15
0
CIRCLE
8
BLACK
10
164.7
20
-134.5
40
0.15
0
CIRCLE
8
BLACK
10
118
20
-97.74
40
0.15
0
CIRCLE
8
BLACK
10
170.8
20
-126.1
40
0.15
0
CIRCLE
8
BLACK
10
134.9
20
-110.7
40
0.15
0
CIRCLE
8
BLACK
10
114.9
20
-89.6
40
0.15
0
CIRCLE
8
BLACK
10
144.2
20
-139.6
40
0.15
0
CIRCLE
8
BLACK
10
103.99
20
-121.32
40
0.15
0
CIRCLE
8
BLACK
10
123.05
20
-118.037
40
0.15
0
CIRCLE
8
BLACK
10
127.28
20
-132.62
40
0.15
0
CIRCLE
8
BLACK
10
184.7
20
-110
40
0.15
0
CIRCLE
8
BLACK
10
179.62
20
-99.95
40
0.15
0
CIRCLE
8
BLACK
10
142.85
20
-109.95
40
0.15
0
CIRCLE
8
BLACK
10
100.56
20
-98.5
40
0.15
0
CIRCLE
8
BLACK
10
168.15
20
-91.4
40
0.15
0
CIRCLE
8
BLACK
10
153.35
20
-118.9
40
0.15
0
CIRCLE
8
BLACK
10
115.65
20
-134.7
40
0.15
0
CIRCLE
8
BLACK
10
184.7
20
-90
40
0.15
0
CIRCLE
8
BLACK
10
133.95
20
-137.9
40
0.15
0
CIRCLE
8
BLACK
10
156.95
20
-90.2
40
0.15
0
CIRCLE
8
BLACK
10
182.85
20
-103.4
40
0.15
0
CIRCLE
8
BLACK
10
135.95
20
-134.3
40
0.15
0
CIRCLE
8
BLACK
10
169.1
20
-111.2
40
0.15
0
CIRCLE
8
BLACK
10
133.5
20
-144.43
40
0.15
0
CIRCLE
8
BLACK
10
132.65
20
-124.35
40
0.15
0
CIRCLE
8
BLACK
10
120.7
20
-110.8
40
0.15
0
CIRCLE
8
BLACK
10
145.75
20
-98.25
40
0.15
0
CIRCLE
8
BLACK
10
144.2
20
-140.6
40
0.15
0
CIRCLE
8
BLACK
10
104
20
-120.35
40
0.15
0
CIRCLE
8
BLACK
10
139.5
20
-138.4
40
0.15
0
CIRCLE
8
BLACK
10
133.5
20
-85.56
40
0.15
0
CIRCLE
8
BLACK
10
118.5
20
-144.43
40
0.15
0
CIRCLE
8
BLACK
10
143.8
20
-132.5
40
0.15
0
CIRCLE
8
BLACK
10
160
20
-133.1
40
0.15
0
CIRCLE
8
BLACK
10
163.76
20
-130.85
40
0.15
0
CIRCLE
8
BLACK
10
183
20
-113.5
40
0.15
0
CIRCLE
8
BLACK
10
114.46
20
-119.18
40
0.15
0
CIRCLE
8
BLACK
10
146.936
20
-132.064
40
0.15
0
CIRCLE
8
BLACK
10
131.35
20
-89.1
40
0.15
0
CIRCLE
8
BLACK
10
174.4
20
-114.25
40
0.15
0
CIRCLE
8
BLACK
10
147.4
20
-136.7
40
0.15
0
CIRCLE
8
BLACK
10
116.8
20
-123.5
40
0.15
0
CIRCLE
8
BLACK
10
144.9
20
-132.45
40
0.15
0
CIRCLE
8
BLACK
10
134.7
20
-93.9
40
0.15
0
CIRCLE
8
BLACK
10
149.75
20
-92.9
40
0.15
0
CIRCLE
8
BLACK
10
171.6
20
-131.05
40
0.15
0
CIRCLE
8
BLACK
10
173
20
-131.05
40
0.15
0
CIRCLE
8
BLACK
10
153.35
20
-119.7
40
0.15
0
CIRCLE
8
BLACK
10
174.22
20
-120.56
40
0.15
0
CIRCLE
8
BLACK
10
174.21
20
-119.68
40
0.15
0
CIRCLE
8
BLACK
10
176.92
20
-119.52
40
0.15
0
CIRCLE
8
BLACK
10
174.2
20
-118.8
40
0.15
0
CIRCLE
8
BLACK
10
109.15
20
-138.35
40
0.25
0
CIRCLE
8
BLACK
10
109.15
20
-137.1
40
0.25
0
CIRCLE
8
BLACK
10
166.625
20
-105.612
40
0.15
0
CIRCLE
8
BLACK
10
172.95
20
-100.6
40
0.15
0
CIRCLE
8
BLACK
10
170.3
20
-100.6
40
0.15
0
CIRCLE
8
BLACK
10
168.99
20
-129.9
40
0.15
0
CIRCLE
8
BLACK
10
167.72
20
-129.88
40
0.15
0
CIRCLE
8
BLACK
10
171.53
20
-129.95
40
0.15
0
CIRCLE
8
BLACK
10
157.05
20
-92.8771
40
0.15
0
CIRCLE
8
BLACK
10
160.225
20
-94.4747
40
0.15
0
CIRCLE
8
BLACK
10
152.9
20
-94.6
40
0.15
0
CIRCLE
8
BLACK
10
152.93
20
-99.58
40
0.15
0
CIRCLE
8
BLACK
10
133.969
20
-134.8
40
0.15
0
CIRCLE
8
BLACK
10
140.025
20
-126.425
40
0.15
0
CIRCLE
8
BLACK
10
133.15
20
-125.65
40
0.25
0
CIRCLE
8
BLACK
10
167.25
20
-142.15
40
0.25
0
CIRCLE
8
BLACK
10
102.08
20
-119.11
40
0.15
0
CIRCLE
8
BLACK
10
166.45
20
-91.4
40
0.15
0
CIRCLE
8
BLACK
10
104.75
20
-124.05
40
0.15
0
CIRCLE
8
BLACK
10
167.25
20
-91.4
40
0.15
0
CIRCLE
8
BLACK
10
163.43
20
-130.04
40
0.15
0
CIRCLE
8
BLACK
10
154.375
20
-120.875
40
0.15
0
CIRCLE
8
BLACK
10
163.42
20
-131.67
40
0.15
0
CIRCLE
8
BLACK
10
153.85
20
-122.2
40
0.15
0
CIRCLE
8
BLACK
10
153.35
20
-123.25
40
0.15
0
CIRCLE
8
BLACK
10
163.35
20
-133.4
40
0.15
0
CIRCLE
8
BLACK
10
181.3
20
-102.95
40
0.15
0
CIRCLE
8
BLACK
10
161.254
20
-94.854
40
0.15
0
CIRCLE
8
BLACK
10
162.65
20
-89.4505
40
0.15
0
CIRCLE
8
BLACK
10
177.1
20
-89.35
40
0.15
0
CIRCLE
8
BLACK
10
174.85
20
-93.75
40
0.15
0
CIRCLE
8
BLACK
10
163.6
20
-91.2
40
0.15
0
CIRCLE
8
BLACK
10
176.15
20
-104.25
40
0.15
0
CIRCLE
8
BLACK
10
176.8
20
-110.25
40
0.15
0
CIRCLE
8
BLACK
10
156.675
20
-107.325
40
0.15
0
CIRCLE
8
BLACK
10
154.2
20
-93.7
40
0.15
0
CIRCLE
8
BLACK
10
176.75
20
-124.25
40
0.15
0
CIRCLE
8
BLACK
10
153.6
20
-101.17
40
0.15
0
CIRCLE
8
BLACK
10
174.15
20
-86.29
40
0.15
0
CIRCLE
8
BLACK
10
163.75
20
-96.6
40
0.15
0
CIRCLE
8
BLACK
10
172.88
20
-86.29
40
0.15
0
CIRCLE
8
BLACK
10
162.3
20
-96.45
40
0.15
0
CIRCLE
8
BLACK
10
166.964
20
-94.9364
40
0.15
0
CIRCLE
8
BLACK
10
171.61
20
-86.28
40
0.15
0
CIRCLE
8
BLACK
10
163.775
20
-93.325
40
0.15
0
CIRCLE
8
BLACK
10
170.34
20
-93.35
40
0.15
0
CIRCLE
8
BLACK
10
171.601
20
-93.3714
40
0.15
0
CIRCLE
8
BLACK
10
163.9
20
-95.8
40
0.15
0
CIRCLE
8
BLACK
10
163.811
20
-94.6109
40
0.15
0
CIRCLE
8
BLACK
10
172.83
20
-93.39
40
0.15
0
CIRCLE
8
BLACK
10
160.8
20
-101.25
40
0.15
0
CIRCLE
8
BLACK
10
169.6
20
-95.9047
40
0.15
0
CIRCLE
8
BLACK
10
160.4
20
-98.9
40
0.15
0
CIRCLE
8
BLACK
10
171.15
20
-95.6
40
0.15
0
CIRCLE
8
BLACK
10
174.05
20
-93.45
40
0.15
0
CIRCLE
8
BLACK
10
163.02
20
-91.9
40
0.15
0
CIRCLE
8
BLACK
10
162.95
20
-93.0457
40
0.15
0
CIRCLE
8
BLACK
10
174.1
20
-94.3
40
0.15
0
CIRCLE
8
BLACK
10
117
20
-114.3
40
0.15
0
CIRCLE
8
BLACK
10
178.5
20
-96.5
40
0.15
0
CIRCLE
8
BLACK
10
154.35
20
-100.35
40
0.15
0
CIRCLE
8
BLACK
10
155.45
20
-94.6
40
0.15
0
CIRCLE
8
BLACK
10
114.1
20
-114.2
40
0.15
0
CIRCLE
8
BLACK
10
146.8
20
-107.4
40
0.15
0
CIRCLE
8
BLACK
10
154.9
20
-92.7
40
0.15
0
CIRCLE
8
BLACK
10
132.85
20
-96.7
40
0.15
0
CIRCLE
8
BLACK
10
134.02
20
-105.61
40
0.15
0
CIRCLE
8
BLACK
10
132.05
20
-105.6
40
0.15
0
CIRCLE
8
BLACK
10
132.05
20
-96.5
40
0.15
0
CIRCLE
8
BLACK
10
129.67
20
-137.27
40
0.15
0
CIRCLE
8
BLACK
10
127.13
20
-139.13
40
0.15
0
CIRCLE
8
BLACK
10
156.775
20
-139.95
40
0.15
0
CIRCLE
8
BLACK
10
151.35
20
-98.85
40
0.15
0
CIRCLE
8
BLACK
10
126.55
20
-143.3
40
0.15
0
CIRCLE
8
BLACK
10
110.15
20
-88.775
40
0.15
0
CIRCLE
8
BLACK
10
152.921
20
-90.55
40
0.15
0
CIRCLE
8
BLACK
10
140.25
20
-116.4
40
0.25
0
CIRCLE
8
BLACK
10
135.3
20
-117.15
40
0.15
0
CIRCLE
8
BLACK
10
140.25
20
-117.95
40
0.25
0
CIRCLE
8
BLACK
10
130.97
20
-111.94
40
0.15
0
CIRCLE
8
BLACK
10
116.65
20
-117.387
40
0.15
0
CIRCLE
8
BLACK
10
169.05
20
-91.3
40
0.15
0
CIRCLE
8
BLACK
10
172.2
20
-141.1
40
0.15
0
CIRCLE
8
BLACK
10
139.7
20
-88.25
40
0.15
0
CIRCLE
8
BLACK
10
135.23
20
-97.65
40
0.15
0
CIRCLE
8
BLACK
10
173.89
20
-99.05
40
0.15
0
CIRCLE
8
BLACK
10
118.8
20
-95.875
40
0.15
0
CIRCLE
8
BLACK
10
160.1
20
-102.45
40
0.15
0
CIRCLE
8
BLACK
10
126.735
20
-88.115
40
0.15
0
CIRCLE
8
BLACK
10
126.1
20
-102.15
40
0.15
0
CIRCLE
8
BLACK
10
113.1
20
-125.9
40
0.15
0
CIRCLE
8
BLACK
10
113.45
20
-96
40
0.15
0
CIRCLE
8
BLACK
10
143
20
-98.5
40
0.15
0
CIRCLE
8
BLACK
10
169.05
20
-88.8
40
0.15
0
CIRCLE
8
BLACK
10
126.25
20
-97.95
40
0.15
0
CIRCLE
8
BLACK
10
113.2
20
-101.1
40
0.15
0
CIRCLE
8
BLACK
10
174.695
20
-91.3
40
0.15
0
CIRCLE
8
BLACK
10
122.1
20
-114.3
40
0.15
0
CIRCLE
8
BLACK
10
119.225
20
-114.25
40
0.15
0
CIRCLE
8
BLACK
10
158.8
20
-98.9
40
0.15
0
CIRCLE
8
BLACK
10
177.15
20
-100.1
40
0.15
0
CIRCLE
8
BLACK
10
156.8
20
-101.15
40
0.15
0
CIRCLE
8
BLACK
10
177.2
20
-96.5
40
0.15
0
CIRCLE
8
BLACK
10
145.4
20
-139.6
40
0.15
0
CIRCLE
8
BLACK
10
140.6
20
-138.25
40
0.15
0
CIRCLE
8
BLACK
10
137.84
20
-122.21
40
0.25
0
CIRCLE
8
BLACK
10
136.11
20
-122.2
40
0.25
0
CIRCLE
8
BLACK
10
127.8
20
-117.2
40
0.15
0
CIRCLE
8
BLACK
10
114.85
20
-90.8
40
0.15
0
CIRCLE
8
BLACK
10
119.375
20
-91.225
40
0.15
0
CIRCLE
8
BLACK
10
127.67
20
-122.23
40
0.25
0
CIRCLE
8
BLACK
10
132.8
20
-113.9
40
0.15
0
CIRCLE
8
BLACK
10
125.73
20
-122.2
40
0.25
0
CIRCLE
8
BLACK
10
125.85
20
-105.55
40
0.15
0
CIRCLE
8
BLACK
10
128
20
-97.3
40
0.15
0
CIRCLE
8
BLACK
10
144.85
20
-138
40
0.15
0
CIRCLE
8
BLACK
10
139.75
20
-127.9
40
0.15
0
CIRCLE
8
BLACK
10
133.6
20
-97.15
40
0.15
0
CIRCLE
8
BLACK
10
136.98
20
-106.47
40
0.15
0
CIRCLE
8
BLACK
10
137.05
20
-104.9
40
0.15
0
CIRCLE
8
BLACK
10
134.35
20
-97.45
40
0.15
0
CIRCLE
8
BLACK
10
141.925
20
-133.675
40
0.15
0
CIRCLE
8
BLACK
10
141.93
20
-134.49
40
0.15
0
CIRCLE
8
BLACK
10
141.1
20
-134.5
40
0.15
0
CIRCLE
8
BLACK
10
137.34
20
-136.46
40
0.15
0
CIRCLE
8
BLACK
10
141.11
20
-133.67
40
0.15
0
CIRCLE
8
BLACK
10
138.2
20
-136.46
40
0.15
0
CIRCLE
8
BLACK
10
138.2
20
-137.27
40
0.15
0
CIRCLE
8
BLACK
10
137.34
20
-137.26
40
0.15
0
CIRCLE
8
BLACK
10
116.9
20
-97
40
0.15
0
CIRCLE
8
BLACK
10
122.675
20
-97
40
0.15
0
CIRCLE
8
BLACK
10
163.34
20
-97.39
40
0.15
0
CIRCLE
8
BLACK
10
166.25
20
-139.9
40
0.15
0
CIRCLE
8
BLACK
10
164.696
20
-99.6
40
0.15
0
CIRCLE
8
BLACK
10
168.74
20
-96.31
40
0.15
0
CIRCLE
8
BLACK
10
166.1
20
-96.2
40
0.15
0
CIRCLE
8
BLACK
10
165.626
20
-138.474
40
0.15
0
CIRCLE
8
BLACK
10
135.537
20
-92.8375
40
0.15
0
CIRCLE
8
BLACK
10
111.64
20
-94.43
40
0.15
0
CIRCLE
8
BLACK
10
113.27
20
-93.8
40
0.15
0
CIRCLE
8
BLACK
10
129.625
20
-95.775
40
0.15
0
CIRCLE
8
BLACK
10
111.1
20
-103.675
40
0.15
0
CIRCLE
8
BLACK
10
122.75
20
-94.875
40
0.15
0
CIRCLE
8
BLACK
10
127.11
20
-105.52
40
0.15
0
CIRCLE
8
BLACK
10
128.95
20
-96.65
40
0.15
0
CIRCLE
8
BLACK
10
141.8
20
-100.95
40
0.15
0
CIRCLE
8
BLACK
10
161.35
20
-98.2495
40
0.15
0
CIRCLE
8
BLACK
10
139.1
20
-100.35
40
0.15
0
CIRCLE
8
BLACK
10
166.35
20
-97.8
40
0.15
0
CIRCLE
8
BLACK
10
152.55
20
-101.65
40
0.15
0
CIRCLE
8
BLACK
10
135.8
20
-101.25
40
0.15
0
CIRCLE
8
BLACK
10
151.938
20
-102.366
40
0.15
0
CIRCLE
8
BLACK
10
135.1
20
-101.7
40
0.15
0
CIRCLE
8
BLACK
10
142.375
20
-103.05
40
0.15
0
CIRCLE
8
BLACK
10
159.25
20
-101.5
40
0.15
0
CIRCLE
8
BLACK
10
159.6
20
-98.9
40
0.15
0
CIRCLE
8
BLACK
10
152.5
20
-103.05
40
0.15
0
CIRCLE
8
BLACK
10
151.97
20
-103.8
40
0.15
0
CIRCLE
8
BLACK
10
137.25
20
-103.8
40
0.15
0
CIRCLE
8
BLACK
10
135.89
20
-90.55
40
0.15
0
CIRCLE
8
BLACK
10
118.7
20
-90.7
40
0.15
0
CIRCLE
8
BLACK
10
123.6
20
-91.25
40
0.15
0
CIRCLE
8
BLACK
10
134.9
20
-91.25
40
0.15
0
CIRCLE
8
BLACK
10
113.964
20
-91.555
40
0.15
0
CIRCLE
8
BLACK
10
130.6
20
-92.05
40
0.15
0
CIRCLE
8
BLACK
10
130.07
20
-89.8
40
0.15
0
CIRCLE
8
BLACK
10
120.2
20
-89.8
40
0.15
0
CIRCLE
8
BLACK
10
129.52
20
-89.1
40
0.15
0
CIRCLE
8
BLACK
10
121.91
20
-89.19
40
0.15
0
CIRCLE
8
BLACK
10
141.862
20
-89.6122
40
0.15
0
CIRCLE
8
BLACK
10
134.55
20
-89.7
40
0.15
0
CIRCLE
8
BLACK
10
140.55
20
-95.65
40
0.15
0
CIRCLE
8
BLACK
10
149.55
20
-96.4
40
0.15
0
CIRCLE
8
BLACK
10
149.45
20
-95.5
40
0.15
0
CIRCLE
8
BLACK
10
139.8
20
-94.5755
40
0.15
0
CIRCLE
8
BLACK
10
132.1
20
-92
40
0.15
0
CIRCLE
8
BLACK
10
149.9
20
-94.15
40
0.15
0
CIRCLE
8
BLACK
10
130.05
20
-106.65
40
0.15
0
CIRCLE
8
BLACK
10
141.44
20
-111.33
40
0.15
0
CIRCLE
8
BLACK
10
136.8
20
-108.6
40
0.15
0
CIRCLE
8
BLACK
10
123.4
20
-107.249
40
0.15
0
CIRCLE
8
BLACK
10
129.951
20
-107.8
40
0.15
0
CIRCLE
8
BLACK
10
136.2
20
-109.3
40
0.15
  0
ENDSEC
  0
EOF
